run_id,timestamp_utc,dataset,dataset_hash,pca_hash,arm,ansatz_level,R,dilution,socket_params_nominal,socket_params_effective,head_params,seed,init_seed,init_spec_id,backend,shots,session_id,calibration_set_id,repeat_index,eval_subset_id,n_eval,split,accuracy,auc,macro_f1,train_accuracy,theta_displacement,grad_rms_start,grad_rms_end,epochs_run,best_epoch,wall_seconds,git_commit,env_hash,lr_selected,lr_grid,g1_margin,patience,max_epochs,feature_scale,rff_width,rff_omega_seed,used_feature_cache,ridge_accuracy,ridge_alpha_selected
a7_20260822T081428Z,2026-08-22T08:15:15+00:00,hyperplanes_n_features20_n_hyperplanes3_dim_hyperplanes5_seed33,5d05157a8a23e9156d9012fe5bfc8926359e808f10eae8c6681f7702f3b4462c,536dc33fc72f70f24b5e4a66498bcb9f9e3efe2f2c171de6faeab9c91f3265a1,D_best,,2.0,linear,192,,33,3,0x7735a7384fa3a634,RFF-int-spectrum-U0-2pi,pennylane,,,,0,test_full,1200,test,0.8008333333333333,0.8602641780089808,0.7992371290909459,0.8330952525138855,0.0,0.0666638166662428,0.023485284749047,38,8,11.076986810000108,unknown,56488e26fdba,0.03,0.001 0.003 0.01 0.03,0.0716666666666667,30,300,1.0,32.0,0x7735a7384fa3a634,True,0.8125,1e-06
a7_20260822T081428Z,2026-08-22T08:15:15+00:00,hyperplanes_n_features20_n_hyperplanes3_dim_hyperplanes5_seed33,5d05157a8a23e9156d9012fe5bfc8926359e808f10eae8c6681f7702f3b4462c,536dc33fc72f70f24b5e4a66498bcb9f9e3efe2f2c171de6faeab9c91f3265a1,D_best,,2.0,linear,192,,33,3,0x7735a7384fa3a634,RFF-int-spectrum-U0-2pi,pennylane,,,,0,val_full,600,val,0.82,0.8527791074350725,0.8146431881371641,0.8330952525138855,0.0,0.0666638166662428,0.023485284749047,38,8,11.076986810000108,unknown,56488e26fdba,0.03,0.001 0.003 0.01 0.03,0.0716666666666667,30,300,1.0,32.0,0x7735a7384fa3a634,True,0.82,1e-06
a7_20260822T081428Z,2026-08-22T08:15:16+00:00,hyperplanes_n_features20_n_hyperplanes3_dim_hyperplanes5_seed33,5d05157a8a23e9156d9012fe5bfc8926359e808f10eae8c6681f7702f3b4462c,536dc33fc72f70f24b5e4a66498bcb9f9e3efe2f2c171de6faeab9c91f3265a1,D_best,,2.0,linear,768,,129,1,0x8c1cd5484ddd2802,RFF-int-spectrum-U0-2pi,pennylane,,,,0,test_full,1200,test,0.8216666666666667,0.8842483931915417,0.821595304788582,0.8547618985176086,0.0,0.0788385389249181,0.030803467357535,70,40,11.720425112000155,unknown,56488e26fdba,0.01,0.001 0.003 0.01 0.03,0.0716666666666667,30,300,1.0,128.0,0x8c1cd5484ddd2802,True,0.8241666666666667,1e-06
a7_20260822T081428Z,2026-08-22T08:15:16+00:00,hyperplanes_n_features20_n_hyperplanes3_dim_hyperplanes5_seed33,5d05157a8a23e9156d9012fe5bfc8926359e808f10eae8c6681f7702f3b4462c,536dc33fc72f70f24b5e4a66498bcb9f9e3efe2f2c171de6faeab9c91f3265a1,D_best,,2.0,linear,768,,129,1,0x8c1cd5484ddd2802,RFF-int-spectrum-U0-2pi,pennylane,,,,0,val_full,600,val,0.845,0.8709020271398515,0.8425396825396825,0.8547618985176086,0.0,0.0788385389249181,0.030803467357535,70,40,11.720425112000155,unknown,56488e26fdba,0.01,0.001 0.003 0.01 0.03,0.0716666666666667,30,300,1.0,128.0,0x8c1cd5484ddd2802,True,0.8333333333333334,1e-06
a7_20260822T081428Z,2026-08-22T08:15:16+00:00,hyperplanes_n_features20_n_hyperplanes3_dim_hyperplanes5_seed33,5d05157a8a23e9156d9012fe5bfc8926359e808f10eae8c6681f7702f3b4462c,536dc33fc72f70f24b5e4a66498bcb9f9e3efe2f2c171de6faeab9c91f3265a1,D_best,,2.0,linear,192,,33,1,0xebbfbc7ed33e45eb,RFF-int-spectrum-U0-2pi,pennylane,,,,0,test_full,1200,test,0.81,0.8599209084642454,0.8099741353684251,0.8342857360839844,0.0,0.0834437016136725,0.0861703723028264,77,47,11.790808532000028,unknown,56488e26fdba,0.03,0.001 0.003 0.01 0.03,0.0716666666666667,30,300,1.0,32.0,0xebbfbc7ed33e45eb,True,0.8008333333333333,1e-06
a7_20260822T081428Z,2026-08-22T08:15:16+00:00,hyperplanes_n_features20_n_hyperplanes3_dim_hyperplanes5_seed33,5d05157a8a23e9156d9012fe5bfc8926359e808f10eae8c6681f7702f3b4462c,536dc33fc72f70f24b5e4a66498bcb9f9e3efe2f2c171de6faeab9c91f3265a1,D_best,,2.0,linear,192,,33,1,0xebbfbc7ed33e45eb,RFF-int-spectrum-U0-2pi,pennylane,,,,0,val_full,600,val,0.825,0.8546715499103872,0.8231722891329548,0.8342857360839844,0.0,0.0834437016136725,0.0861703723028264,77,47,11.790808532000028,unknown,56488e26fdba,0.03,0.001 0.003 0.01 0.03,0.0716666666666667,30,300,1.0,32.0,0xebbfbc7ed33e45eb,True,0.8,1e-06
a7_20260822T081428Z,2026-08-22T08:15:16+00:00,hyperplanes_n_features20_n_hyperplanes3_dim_hyperplanes5_seed33,5d05157a8a23e9156d9012fe5bfc8926359e808f10eae8c6681f7702f3b4462c,536dc33fc72f70f24b5e4a66498bcb9f9e3efe2f2c171de6faeab9c91f3265a1,D_best,,2.0,linear,192,,33,2,0xd5a39cfa401411b8,RFF-int-spectrum-U0-2pi,pennylane,,,,0,test_full,1200,test,0.8141666666666667,0.8693454714932782,0.8141200676002804,0.8461904525756836,0.0,0.108316597334933,0.0766504136480554,74,44,11.74590760700039,unknown,56488e26fdba,0.03,0.001 0.003 0.01 0.03,0.0716666666666667,30,300,1.0,32.0,0xd5a39cfa401411b8,True,0.805,1e-06
a7_20260822T081428Z,2026-08-22T08:15:16+00:00,hyperplanes_n_features20_n_hyperplanes3_dim_hyperplanes5_seed33,5d05157a8a23e9156d9012fe5bfc8926359e808f10eae8c6681f7702f3b4462c,536dc33fc72f70f24b5e4a66498bcb9f9e3efe2f2c171de6faeab9c91f3265a1,D_best,,2.0,linear,192,,33,2,0xd5a39cfa401411b8,RFF-int-spectrum-U0-2pi,pennylane,,,,0,val_full,600,val,0.8266666666666667,0.8561409758323966,0.8249158249158249,0.8461904525756836,0.0,0.108316597334933,0.0766504136480554,74,44,11.74590760700039,unknown,56488e26fdba,0.03,0.001 0.003 0.01 0.03,0.0716666666666667,30,300,1.0,32.0,0xd5a39cfa401411b8,True,0.8033333333333333,1e-06
a7_20260822T081428Z,2026-08-22T08:15:16+00:00,hyperplanes_n_features20_n_hyperplanes3_dim_hyperplanes5_seed33,5d05157a8a23e9156d9012fe5bfc8926359e808f10eae8c6681f7702f3b4462c,536dc33fc72f70f24b5e4a66498bcb9f9e3efe2f2c171de6faeab9c91f3265a1,D_best,,2.0,linear,768,,129,3,0x78af1d83bb727726,RFF-int-spectrum-U0-2pi,pennylane,,,,0,test_full,1200,test,0.8216666666666667,0.8797579810169152,0.8215695211837556,0.852142870426178,0.0,0.0775889506417357,0.0242741778501548,70,40,11.74244225199982,unknown,56488e26fdba,0.01,0.001 0.003 0.01 0.03,0.0716666666666667,30,300,1.0,128.0,0x78af1d83bb727726,True,0.8208333333333333,1e-06
a7_20260822T081428Z,2026-08-22T08:15:16+00:00,hyperplanes_n_features20_n_hyperplanes3_dim_hyperplanes5_seed33,5d05157a8a23e9156d9012fe5bfc8926359e808f10eae8c6681f7702f3b4462c,536dc33fc72f70f24b5e4a66498bcb9f9e3efe2f2c171de6faeab9c91f3265a1,D_best,,2.0,linear,768,,129,3,0x78af1d83bb727726,RFF-int-spectrum-U0-2pi,pennylane,,,,0,val_full,600,val,0.85,0.8731618260956685,0.847683090566506,0.852142870426178,0.0,0.0775889506417357,0.0242741778501548,70,40,11.74244225199982,unknown,56488e26fdba,0.01,0.001 0.003 0.01 0.03,0.0716666666666667,30,300,1.0,128.0,0x78af1d83bb727726,True,0.8333333333333334,1e-06
a7_20260822T081428Z,2026-08-22T08:15:16+00:00,hyperplanes_n_features20_n_hyperplanes3_dim_hyperplanes5_seed33,5d05157a8a23e9156d9012fe5bfc8926359e808f10eae8c6681f7702f3b4462c,536dc33fc72f70f24b5e4a66498bcb9f9e3efe2f2c171de6faeab9c91f3265a1,D_best,,2.0,linear,3072,,513,1,0x767dfcd7c4647a26,RFF-int-spectrum-U0-2pi,pennylane,,,,0,test_full,1200,test,0.8291666666666667,0.8797161188773132,0.8290801384867756,0.8564285635948181,0.0,0.1130969473076896,0.0158652711048218,70,40,12.04309505900028,unknown,56488e26fdba,0.001,0.001 0.003 0.01 0.03,0.0716666666666667,30,300,1.0,512.0,0x767dfcd7c4647a26,True,0.8425,0.0001
a7_20260822T081428Z,2026-08-22T08:15:16+00:00,hyperplanes_n_features20_n_hyperplanes3_dim_hyperplanes5_seed33,5d05157a8a23e9156d9012fe5bfc8926359e808f10eae8c6681f7702f3b4462c,536dc33fc72f70f24b5e4a66498bcb9f9e3efe2f2c171de6faeab9c91f3265a1,D_best,,2.0,linear,3072,,513,1,0x767dfcd7c4647a26,RFF-int-spectrum-U0-2pi,pennylane,,,,0,val_full,600,val,0.8483333333333334,0.8666273335485523,0.8457936402585922,0.8564285635948181,0.0,0.1130969473076896,0.0158652711048218,70,40,12.04309505900028,unknown,56488e26fdba,0.001,0.001 0.003 0.01 0.03,0.0716666666666667,30,300,1.0,512.0,0x767dfcd7c4647a26,True,0.8483333333333334,0.0001
a7_20260822T081428Z,2026-08-22T08:15:16+00:00,hyperplanes_n_features20_n_hyperplanes3_dim_hyperplanes5_seed33,5d05157a8a23e9156d9012fe5bfc8926359e808f10eae8c6681f7702f3b4462c,536dc33fc72f70f24b5e4a66498bcb9f9e3efe2f2c171de6faeab9c91f3265a1,D_best,,2.0,linear,768,,129,2,0xd8c4a76812405ef6,RFF-int-spectrum-U0-2pi,pennylane,,,,0,test_full,1200,test,0.8233333333333334,0.8843293266614386,0.8231166512310915,0.8559523820877075,0.0,0.0955100156707402,0.0290084774947697,88,58,12.101833976999842,unknown,56488e26fdba,0.01,0.001 0.003 0.01 0.03,0.0716666666666667,30,300,1.0,128.0,0xd8c4a76812405ef6,True,0.8275,0.01
a7_20260822T081428Z,2026-08-22T08:15:16+00:00,hyperplanes_n_features20_n_hyperplanes3_dim_hyperplanes5_seed33,5d05157a8a23e9156d9012fe5bfc8926359e808f10eae8c6681f7702f3b4462c,536dc33fc72f70f24b5e4a66498bcb9f9e3efe2f2c171de6faeab9c91f3265a1,D_best,,2.0,linear,768,,129,2,0xd8c4a76812405ef6,RFF-int-spectrum-U0-2pi,pennylane,,,,0,val_full,600,val,0.8466666666666667,0.8779151963130768,0.8431372549019608,0.8559523820877075,0.0,0.0955100156707402,0.0290084774947697,88,58,12.101833976999842,unknown,56488e26fdba,0.01,0.001 0.003 0.01 0.03,0.0716666666666667,30,300,1.0,128.0,0xd8c4a76812405ef6,True,0.8416666666666667,0.01
a7_20260822T081428Z,2026-08-22T08:15:17+00:00,hyperplanes_n_features20_n_hyperplanes3_dim_hyperplanes5_seed33,5d05157a8a23e9156d9012fe5bfc8926359e808f10eae8c6681f7702f3b4462c,536dc33fc72f70f24b5e4a66498bcb9f9e3efe2f2c171de6faeab9c91f3265a1,D_best,,2.0,linear,3072,,513,3,0x2ea20278ff0b06a0,RFF-int-spectrum-U0-2pi,pennylane,,,,0,test_full,1200,test,0.8258333333333333,0.887245722387035,0.8257577073382545,0.8573809266090393,0.0,0.0749581889317622,0.0292145571887336,119,89,13.102395369000078,unknown,56488e26fdba,0.001,0.001 0.003 0.01 0.03,0.0716666666666667,30,300,1.0,512.0,0x2ea20278ff0b06a0,True,0.8358333333333333,0.0001
a7_20260822T081428Z,2026-08-22T08:15:17+00:00,hyperplanes_n_features20_n_hyperplanes3_dim_hyperplanes5_seed33,5d05157a8a23e9156d9012fe5bfc8926359e808f10eae8c6681f7702f3b4462c,536dc33fc72f70f24b5e4a66498bcb9f9e3efe2f2c171de6faeab9c91f3265a1,D_best,,2.0,linear,3072,,513,3,0x2ea20278ff0b06a0,RFF-int-spectrum-U0-2pi,pennylane,,,,0,val_full,600,val,0.8533333333333334,0.8750987966292261,0.8509417769546954,0.8573809266090393,0.0,0.0749581889317622,0.0292145571887336,119,89,13.102395369000078,unknown,56488e26fdba,0.001,0.001 0.003 0.01 0.03,0.0716666666666667,30,300,1.0,512.0,0x2ea20278ff0b06a0,True,0.8433333333333334,0.0001
a7_20260822T081428Z,2026-08-22T08:15:18+00:00,hyperplanes_n_features20_n_hyperplanes3_dim_hyperplanes5_seed33,5d05157a8a23e9156d9012fe5bfc8926359e808f10eae8c6681f7702f3b4462c,536dc33fc72f70f24b5e4a66498bcb9f9e3efe2f2c171de6faeab9c91f3265a1,D_best,,2.0,linear,3072,,513,2,0x1b8ef9557b42386b,RFF-int-spectrum-U0-2pi,pennylane,,,,0,test_full,1200,test,0.8333333333333334,0.8896932621490906,0.8332425431623884,0.8611904978752136,0.0,0.061817502605429,0.0227488422278548,153,123,13.919597101999898,unknown,56488e26fdba,0.001,0.001 0.003 0.01 0.03,0.0716666666666667,30,300,1.0,512.0,0x1b8ef9557b42386b,True,0.8316666666666667,0.01
a7_20260822T081428Z,2026-08-22T08:15:18+00:00,hyperplanes_n_features20_n_hyperplanes3_dim_hyperplanes5_seed33,5d05157a8a23e9156d9012fe5bfc8926359e808f10eae8c6681f7702f3b4462c,536dc33fc72f70f24b5e4a66498bcb9f9e3efe2f2c171de6faeab9c91f3265a1,D_best,,2.0,linear,3072,,513,2,0x1b8ef9557b42386b,RFF-int-spectrum-U0-2pi,pennylane,,,,0,val_full,600,val,0.8566666666666667,0.8785942492012779,0.8542026921642424,0.8611904978752136,0.0,0.061817502605429,0.0227488422278548,153,123,13.919597101999898,unknown,56488e26fdba,0.001,0.001 0.003 0.01 0.03,0.0716666666666667,30,300,1.0,512.0,0x1b8ef9557b42386b,True,0.85,0.01
a7_20260822T081428Z,2026-08-22T08:15:15+00:00,hyperplanes_n_features20_n_hyperplanes3_dim_hyperplanes5_seed33,5d05157a8a23e9156d9012fe5bfc8926359e808f10eae8c6681f7702f3b4462c,536dc33fc72f70f24b5e4a66498bcb9f9e3efe2f2c171de6faeab9c91f3265a1,E,,,linear,0,,6,3,,,pennylane,,,,0,test_full,1200,test,0.7733333333333333,0.8194011481389488,0.7732930298719772,0.7871428728103638,0.0,0.050602402333451,0.018424905127846,38,8,11.06943070999978,unknown,56488e26fdba,0.1,0.001 0.003 0.01 0.03 0.1,0.0716666666666667,30,300,1.0,,,True,0.7758333333333334,1e-06
a7_20260822T081428Z,2026-08-22T08:15:15+00:00,hyperplanes_n_features20_n_hyperplanes3_dim_hyperplanes5_seed33,5d05157a8a23e9156d9012fe5bfc8926359e808f10eae8c6681f7702f3b4462c,536dc33fc72f70f24b5e4a66498bcb9f9e3efe2f2c171de6faeab9c91f3265a1,E,,,linear,0,,6,3,,,pennylane,,,,0,val_full,600,val,0.7683333333333333,0.8129598913515379,0.7657507351887898,0.7871428728103638,0.0,0.050602402333451,0.018424905127846,38,8,11.06943070999978,unknown,56488e26fdba,0.1,0.001 0.003 0.01 0.03 0.1,0.0716666666666667,30,300,1.0,,,True,0.76,1e-06
a7_20260822T081428Z,2026-08-22T08:15:17+00:00,hyperplanes_n_features20_n_hyperplanes3_dim_hyperplanes5_seed33,5d05157a8a23e9156d9012fe5bfc8926359e808f10eae8c6681f7702f3b4462c,536dc33fc72f70f24b5e4a66498bcb9f9e3efe2f2c171de6faeab9c91f3265a1,E,,,h2,0,,15,3,,,pennylane,,,,0,test_full,1200,test,0.815,0.8803468417806479,0.813953488372093,0.8445237874984741,0.0,0.0111422086386562,0.1104278951966981,63,33,1.6176784360000056,unknown,56488e26fdba,0.03,0.001 0.003 0.01 0.03 0.1,0.0716666666666667,30,300,1.0,,,True,0.7758333333333334,1e-06
a7_20260822T081428Z,2026-08-22T08:15:17+00:00,hyperplanes_n_features20_n_hyperplanes3_dim_hyperplanes5_seed33,5d05157a8a23e9156d9012fe5bfc8926359e808f10eae8c6681f7702f3b4462c,536dc33fc72f70f24b5e4a66498bcb9f9e3efe2f2c171de6faeab9c91f3265a1,E,,,h2,0,,15,3,,,pennylane,,,,0,val_full,600,val,0.8433333333333334,0.8821008337878905,0.8384805718475072,0.8445237874984741,0.0,0.0111422086386562,0.1104278951966981,63,33,1.6176784360000056,unknown,56488e26fdba,0.03,0.001 0.003 0.01 0.03 0.1,0.0716666666666667,30,300,1.0,,,True,0.76,1e-06
a7_20260822T081428Z,2026-08-22T08:15:18+00:00,hyperplanes_n_features20_n_hyperplanes3_dim_hyperplanes5_seed33,5d05157a8a23e9156d9012fe5bfc8926359e808f10eae8c6681f7702f3b4462c,536dc33fc72f70f24b5e4a66498bcb9f9e3efe2f2c171de6faeab9c91f3265a1,E,,,h4,0,,29,3,,,pennylane,,,,0,test_full,1200,test,0.8183333333333334,0.886952687409822,0.8173954561065027,0.8459523916244507,0.0,0.0069151767763506,0.0493580301802394,48,18,1.264741196000159,unknown,56488e26fdba,0.01,0.001 0.003 0.01 0.03 0.1,0.0716666666666667,30,300,1.0,,,True,0.7758333333333334,1e-06
a7_20260822T081428Z,2026-08-22T08:15:18+00:00,hyperplanes_n_features20_n_hyperplanes3_dim_hyperplanes5_seed33,5d05157a8a23e9156d9012fe5bfc8926359e808f10eae8c6681f7702f3b4462c,536dc33fc72f70f24b5e4a66498bcb9f9e3efe2f2c171de6faeab9c91f3265a1,E,,,h4,0,,29,3,,,pennylane,,,,0,val_full,600,val,0.845,0.8907838051452172,0.8410143172590641,0.8459523916244507,0.0,0.0069151767763506,0.0493580301802394,48,18,1.264741196000159,unknown,56488e26fdba,0.01,0.001 0.003 0.01 0.03 0.1,0.0716666666666667,30,300,1.0,,,True,0.76,1e-06
a7_20260822T081428Z,2026-08-22T08:15:20+00:00,hyperplanes_n_features20_n_hyperplanes3_dim_hyperplanes5_seed33,5d05157a8a23e9156d9012fe5bfc8926359e808f10eae8c6681f7702f3b4462c,536dc33fc72f70f24b5e4a66498bcb9f9e3efe2f2c171de6faeab9c91f3265a1,E,,,h42,0,,295,3,,,pennylane,,,,0,test_full,1200,test,0.93,0.9876255515336894,0.9299764643116158,0.9523809552192688,0.0,0.006541156216178,0.0195501356881478,82,52,2.173522291000154,unknown,56488e26fdba,0.03,0.001 0.003 0.01 0.03 0.1,0.0716666666666667,30,300,1.0,,,True,0.7758333333333334,1e-06
a7_20260822T081428Z,2026-08-22T08:15:20+00:00,hyperplanes_n_features20_n_hyperplanes3_dim_hyperplanes5_seed33,5d05157a8a23e9156d9012fe5bfc8926359e808f10eae8c6681f7702f3b4462c,536dc33fc72f70f24b5e4a66498bcb9f9e3efe2f2c171de6faeab9c91f3265a1,E,,,h42,0,,295,3,,,pennylane,,,,0,val_full,600,val,0.9466666666666668,0.9866527145417504,0.9462937062937062,0.9523809552192688,0.0,0.006541156216178,0.0195501356881478,82,52,2.173522291000154,unknown,56488e26fdba,0.03,0.001 0.003 0.01 0.03 0.1,0.0716666666666667,30,300,1.0,,,True,0.76,1e-06
a7_20260822T081428Z,2026-08-22T08:15:15+00:00,hyperplanes_n_features20_n_hyperplanes3_dim_hyperplanes5_seed33,5d05157a8a23e9156d9012fe5bfc8926359e808f10eae8c6681f7702f3b4462c,536dc33fc72f70f24b5e4a66498bcb9f9e3efe2f2c171de6faeab9c91f3265a1,E,,,linear,0,,6,1,,,pennylane,,,,0,test_full,1200,test,0.7725,0.8204588648662225,0.7724303067814517,0.7871428728103638,0.0,0.0389906391129225,0.0606662756372775,35,5,10.940083739999864,unknown,56488e26fdba,0.1,0.001 0.003 0.01 0.03 0.1,0.0716666666666667,30,300,1.0,,,True,0.7758333333333334,1e-06
a7_20260822T081428Z,2026-08-22T08:15:15+00:00,hyperplanes_n_features20_n_hyperplanes3_dim_hyperplanes5_seed33,5d05157a8a23e9156d9012fe5bfc8926359e808f10eae8c6681f7702f3b4462c,536dc33fc72f70f24b5e4a66498bcb9f9e3efe2f2c171de6faeab9c91f3265a1,E,,,linear,0,,6,1,,,pennylane,,,,0,val_full,600,val,0.77,0.8136834722979818,0.7675176046451555,0.7871428728103638,0.0,0.0389906391129225,0.0606662756372775,35,5,10.940083739999864,unknown,56488e26fdba,0.1,0.001 0.003 0.01 0.03 0.1,0.0716666666666667,30,300,1.0,,,True,0.76,1e-06
a7_20260822T081428Z,2026-08-22T08:15:17+00:00,hyperplanes_n_features20_n_hyperplanes3_dim_hyperplanes5_seed33,5d05157a8a23e9156d9012fe5bfc8926359e808f10eae8c6681f7702f3b4462c,536dc33fc72f70f24b5e4a66498bcb9f9e3efe2f2c171de6faeab9c91f3265a1,E,,,h2,0,,15,1,,,pennylane,,,,0,test_full,1200,test,0.8241666666666667,0.8831739316084272,0.8235135442202428,0.8502380847930908,0.0,0.0307567859913093,0.0218699929383661,96,66,2.505272843000057,unknown,56488e26fdba,0.03,0.001 0.003 0.01 0.03 0.1,0.0716666666666667,30,300,1.0,,,True,0.7758333333333334,1e-06
a7_20260822T081428Z,2026-08-22T08:15:17+00:00,hyperplanes_n_features20_n_hyperplanes3_dim_hyperplanes5_seed33,5d05157a8a23e9156d9012fe5bfc8926359e808f10eae8c6681f7702f3b4462c,536dc33fc72f70f24b5e4a66498bcb9f9e3efe2f2c171de6faeab9c91f3265a1,E,,,h2,0,,15,1,,,pennylane,,,,0,val_full,600,val,0.8466666666666667,0.8865814696485623,0.8428084883416296,0.8502380847930908,0.0,0.0307567859913093,0.0218699929383661,96,66,2.505272843000057,unknown,56488e26fdba,0.03,0.001 0.003 0.01 0.03 0.1,0.0716666666666667,30,300,1.0,,,True,0.76,1e-06
a7_20260822T081428Z,2026-08-22T08:15:20+00:00,hyperplanes_n_features20_n_hyperplanes3_dim_hyperplanes5_seed33,5d05157a8a23e9156d9012fe5bfc8926359e808f10eae8c6681f7702f3b4462c,536dc33fc72f70f24b5e4a66498bcb9f9e3efe2f2c171de6faeab9c91f3265a1,E,,,h4,0,,29,1,,,pennylane,,,,0,test_full,1200,test,0.8283333333333334,0.8970540216957517,0.8276049643075327,0.8530952334403992,0.0,0.0281750048990804,0.0620773960276851,92,62,2.3699713859996336,unknown,56488e26fdba,0.01,0.001 0.003 0.01 0.03 0.1,0.0716666666666667,30,300,1.0,,,True,0.7758333333333334,1e-06
a7_20260822T081428Z,2026-08-22T08:15:20+00:00,hyperplanes_n_features20_n_hyperplanes3_dim_hyperplanes5_seed33,5d05157a8a23e9156d9012fe5bfc8926359e808f10eae8c6681f7702f3b4462c,536dc33fc72f70f24b5e4a66498bcb9f9e3efe2f2c171de6faeab9c91f3265a1,E,,,h4,0,,29,1,,,pennylane,,,,0,val_full,600,val,0.8483333333333334,0.901025258541038,0.8442629730940041,0.8530952334403992,0.0,0.0281750048990804,0.0620773960276851,92,62,2.3699713859996336,unknown,56488e26fdba,0.01,0.001 0.003 0.01 0.03 0.1,0.0716666666666667,30,300,1.0,,,True,0.76,1e-06
a7_20260822T081428Z,2026-08-22T08:15:22+00:00,hyperplanes_n_features20_n_hyperplanes3_dim_hyperplanes5_seed33,5d05157a8a23e9156d9012fe5bfc8926359e808f10eae8c6681f7702f3b4462c,536dc33fc72f70f24b5e4a66498bcb9f9e3efe2f2c171de6faeab9c91f3265a1,E,,,h42,0,,295,1,,,pennylane,,,,0,test_full,1200,test,0.94,0.9887725741587804,0.9396755887215692,0.9607142806053162,0.0,0.0077375863665929,0.0358740572546376,94,64,2.5082608630000323,unknown,56488e26fdba,0.03,0.001 0.003 0.01 0.03 0.1,0.0716666666666667,30,300,1.0,,,True,0.7758333333333334,1e-06
a7_20260822T081428Z,2026-08-22T08:15:22+00:00,hyperplanes_n_features20_n_hyperplanes3_dim_hyperplanes5_seed33,5d05157a8a23e9156d9012fe5bfc8926359e808f10eae8c6681f7702f3b4462c,536dc33fc72f70f24b5e4a66498bcb9f9e3efe2f2c171de6faeab9c91f3265a1,E,,,h42,0,,295,1,,,pennylane,,,,0,val_full,600,val,0.9433333333333334,0.9869978069931316,0.943171688357996,0.9607142806053162,0.0,0.0077375863665929,0.0358740572546376,94,64,2.5082608630000323,unknown,56488e26fdba,0.03,0.001 0.003 0.01 0.03 0.1,0.0716666666666667,30,300,1.0,,,True,0.76,1e-06
a7_20260822T081428Z,2026-08-22T08:15:16+00:00,hyperplanes_n_features20_n_hyperplanes3_dim_hyperplanes5_seed33,5d05157a8a23e9156d9012fe5bfc8926359e808f10eae8c6681f7702f3b4462c,536dc33fc72f70f24b5e4a66498bcb9f9e3efe2f2c171de6faeab9c91f3265a1,D_matched,,2.0,linear,30,,6,3,0x0e4dbf97e6e6ab66,RFF-int-spectrum-U0-2pi,pennylane,,,,0,test_full,1200,test,0.665,0.7203664890781678,0.6639835502394744,0.6823809742927551,0.0,0.1142663096667308,0.0326947804865931,61,31,11.504678960000092,unknown,56488e26fdba,0.03,0.001 0.003 0.01 0.03,0.0716666666666667,30,300,1.0,,0x0e4dbf97e6e6ab66,True,0.67,1.0
a7_20260822T081428Z,2026-08-22T08:15:16+00:00,hyperplanes_n_features20_n_hyperplanes3_dim_hyperplanes5_seed33,5d05157a8a23e9156d9012fe5bfc8926359e808f10eae8c6681f7702f3b4462c,536dc33fc72f70f24b5e4a66498bcb9f9e3efe2f2c171de6faeab9c91f3265a1,D_matched,,2.0,linear,30,,6,3,0x0e4dbf97e6e6ab66,RFF-int-spectrum-U0-2pi,pennylane,,,,0,val_full,600,val,0.6666666666666666,0.7033874720308134,0.6603222409674023,0.6823809742927551,0.0,0.1142663096667308,0.0326947804865931,61,31,11.504678960000092,unknown,56488e26fdba,0.03,0.001 0.003 0.01 0.03,0.0716666666666667,30,300,1.0,,0x0e4dbf97e6e6ab66,True,0.6566666666666666,1.0
a7_20260822T081428Z,2026-08-22T08:15:16+00:00,hyperplanes_n_features20_n_hyperplanes3_dim_hyperplanes5_seed33,5d05157a8a23e9156d9012fe5bfc8926359e808f10eae8c6681f7702f3b4462c,536dc33fc72f70f24b5e4a66498bcb9f9e3efe2f2c171de6faeab9c91f3265a1,D_matched,,2.0,h2,30,,15,3,0x0e4dbf97e6e6ab66,RFF-int-spectrum-U0-2pi,pennylane,,,,0,test_full,1200,test,0.6666666666666666,0.7175240497992013,0.6657744701829049,0.6788095235824585,0.0,0.0085407356420207,0.0309238493169254,37,7,0.92618947200026,unknown,56488e26fdba,0.01,0.001 0.003 0.01 0.03,0.0716666666666667,30,300,1.0,,0x0e4dbf97e6e6ab66,True,0.67,1.0
a7_20260822T081428Z,2026-08-22T08:15:16+00:00,hyperplanes_n_features20_n_hyperplanes3_dim_hyperplanes5_seed33,5d05157a8a23e9156d9012fe5bfc8926359e808f10eae8c6681f7702f3b4462c,536dc33fc72f70f24b5e4a66498bcb9f9e3efe2f2c171de6faeab9c91f3265a1,D_matched,,2.0,h2,30,,15,3,0x0e4dbf97e6e6ab66,RFF-int-spectrum-U0-2pi,pennylane,,,,0,val_full,600,val,0.6666666666666666,0.6991573064977569,0.6609364934052148,0.6788095235824585,0.0,0.0085407356420207,0.0309238493169254,37,7,0.92618947200026,unknown,56488e26fdba,0.01,0.001 0.003 0.01 0.03,0.0716666666666667,30,300,1.0,,0x0e4dbf97e6e6ab66,True,0.6566666666666666,1.0
a7_20260822T081428Z,2026-08-22T08:15:17+00:00,hyperplanes_n_features20_n_hyperplanes3_dim_hyperplanes5_seed33,5d05157a8a23e9156d9012fe5bfc8926359e808f10eae8c6681f7702f3b4462c,536dc33fc72f70f24b5e4a66498bcb9f9e3efe2f2c171de6faeab9c91f3265a1,D_matched,,2.0,h2,30,,15,3,0x0e4dbf97e6e6ab66,RFF-int-spectrum-U0-2pi,pennylane,,,,0,test_full,1200,test,0.6858333333333333,0.7187464242755758,0.6854661587589401,0.6795238256454468,0.0,0.0085407356420207,0.0667489995658211,33,3,0.8709621080001853,unknown,56488e26fdba,0.03,0.001 0.003 0.01 0.03,0.0716666666666667,30,300,1.0,,0x0e4dbf97e6e6ab66,True,0.67,1.0
a7_20260822T081428Z,2026-08-22T08:15:17+00:00,hyperplanes_n_features20_n_hyperplanes3_dim_hyperplanes5_seed33,5d05157a8a23e9156d9012fe5bfc8926359e808f10eae8c6681f7702f3b4462c,536dc33fc72f70f24b5e4a66498bcb9f9e3efe2f2c171de6faeab9c91f3265a1,D_matched,,2.0,h2,30,,15,3,0x0e4dbf97e6e6ab66,RFF-int-spectrum-U0-2pi,pennylane,,,,0,val_full,600,val,0.6633333333333333,0.7017621979049549,0.6615130256043613,0.6795238256454468,0.0,0.0085407356420207,0.0667489995658211,33,3,0.8709621080001853,unknown,56488e26fdba,0.03,0.001 0.003 0.01 0.03,0.0716666666666667,30,300,1.0,,0x0e4dbf97e6e6ab66,True,0.6566666666666666,1.0
a7_20260822T081428Z,2026-08-22T08:15:19+00:00,hyperplanes_n_features20_n_hyperplanes3_dim_hyperplanes5_seed33,5d05157a8a23e9156d9012fe5bfc8926359e808f10eae8c6681f7702f3b4462c,536dc33fc72f70f24b5e4a66498bcb9f9e3efe2f2c171de6faeab9c91f3265a1,D_matched,,2.0,h4,30,,29,3,0x0e4dbf97e6e6ab66,RFF-int-spectrum-U0-2pi,pennylane,,,,0,test_full,1200,test,0.6991666666666667,0.7613690594135394,0.6990360399478941,0.7178571224212646,0.0,0.0225825003951803,0.0244352585761542,60,30,1.5293942610001068,unknown,56488e26fdba,0.01,0.001 0.003 0.01 0.03,0.0716666666666667,30,300,1.0,,0x0e4dbf97e6e6ab66,True,0.67,1.0
a7_20260822T081428Z,2026-08-22T08:15:19+00:00,hyperplanes_n_features20_n_hyperplanes3_dim_hyperplanes5_seed33,5d05157a8a23e9156d9012fe5bfc8926359e808f10eae8c6681f7702f3b4462c,536dc33fc72f70f24b5e4a66498bcb9f9e3efe2f2c171de6faeab9c91f3265a1,D_matched,,2.0,h4,30,,29,3,0x0e4dbf97e6e6ab66,RFF-int-spectrum-U0-2pi,pennylane,,,,0,val_full,600,val,0.715,0.7569547260967817,0.7109525325460124,0.7178571224212646,0.0,0.0225825003951803,0.0244352585761542,60,30,1.5293942610001068,unknown,56488e26fdba,0.01,0.001 0.003 0.01 0.03,0.0716666666666667,30,300,1.0,,0x0e4dbf97e6e6ab66,True,0.6566666666666666,1.0
a7_20260822T081428Z,2026-08-22T08:15:23+00:00,hyperplanes_n_features20_n_hyperplanes3_dim_hyperplanes5_seed33,5d05157a8a23e9156d9012fe5bfc8926359e808f10eae8c6681f7702f3b4462c,536dc33fc72f70f24b5e4a66498bcb9f9e3efe2f2c171de6faeab9c91f3265a1,D_matched,,2.0,h42,30,,295,3,0x0e4dbf97e6e6ab66,RFF-int-spectrum-U0-2pi,pennylane,,,,0,test_full,1200,test,0.7158333333333333,0.7777957629933104,0.7156672751238744,0.7373809814453125,0.0,0.0086501886804575,0.0202820624817752,139,109,3.754357282000001,unknown,56488e26fdba,0.01,0.001 0.003 0.01 0.03,0.0716666666666667,30,300,1.0,,0x0e4dbf97e6e6ab66,True,0.67,1.0
a7_20260822T081428Z,2026-08-22T08:15:23+00:00,hyperplanes_n_features20_n_hyperplanes3_dim_hyperplanes5_seed33,5d05157a8a23e9156d9012fe5bfc8926359e808f10eae8c6681f7702f3b4462c,536dc33fc72f70f24b5e4a66498bcb9f9e3efe2f2c171de6faeab9c91f3265a1,D_matched,,2.0,h42,30,,295,3,0x0e4dbf97e6e6ab66,RFF-int-spectrum-U0-2pi,pennylane,,,,0,val_full,600,val,0.7333333333333333,0.7923767964288497,0.7277399008519472,0.7373809814453125,0.0,0.0086501886804575,0.0202820624817752,139,109,3.754357282000001,unknown,56488e26fdba,0.01,0.001 0.003 0.01 0.03,0.0716666666666667,30,300,1.0,,0x0e4dbf97e6e6ab66,True,0.6566666666666666,1.0
a7_20260822T081428Z,2026-08-22T08:15:16+00:00,hyperplanes_n_features20_n_hyperplanes3_dim_hyperplanes5_seed33,5d05157a8a23e9156d9012fe5bfc8926359e808f10eae8c6681f7702f3b4462c,536dc33fc72f70f24b5e4a66498bcb9f9e3efe2f2c171de6faeab9c91f3265a1,D_matched,,2.0,linear,30,,6,2,0xd7b676f707d89334,RFF-int-spectrum-U0-2pi,pennylane,,,,0,test_full,1200,test,0.6775,0.7619328028935111,0.6774890256682345,0.6888095140457153,0.0,0.0728205056927619,0.0410328357781226,65,35,11.539077690999877,unknown,56488e26fdba,0.03,0.001 0.003 0.01 0.03,0.0716666666666667,30,300,1.0,,0xd7b676f707d89334,True,0.6741666666666667,1e-06
a7_20260822T081428Z,2026-08-22T08:15:16+00:00,hyperplanes_n_features20_n_hyperplanes3_dim_hyperplanes5_seed33,5d05157a8a23e9156d9012fe5bfc8926359e808f10eae8c6681f7702f3b4462c,536dc33fc72f70f24b5e4a66498bcb9f9e3efe2f2c171de6faeab9c91f3265a1,D_matched,,2.0,linear,30,,6,2,0xd7b676f707d89334,RFF-int-spectrum-U0-2pi,pennylane,,,,0,val_full,600,val,0.69,0.7617860204161149,0.6891157068996256,0.6888095140457153,0.0,0.0728205056927619,0.0410328357781226,65,35,11.539077690999877,unknown,56488e26fdba,0.03,0.001 0.003 0.01 0.03,0.0716666666666667,30,300,1.0,,0xd7b676f707d89334,True,0.68,1e-06
a7_20260822T081428Z,2026-08-22T08:15:19+00:00,hyperplanes_n_features20_n_hyperplanes3_dim_hyperplanes5_seed33,5d05157a8a23e9156d9012fe5bfc8926359e808f10eae8c6681f7702f3b4462c,536dc33fc72f70f24b5e4a66498bcb9f9e3efe2f2c171de6faeab9c91f3265a1,D_matched,,2.0,h2,30,,15,2,0xd7b676f707d89334,RFF-int-spectrum-U0-2pi,pennylane,,,,0,test_full,1200,test,0.7266666666666667,0.796323945981095,0.7262644274503367,0.7280952334403992,0.0,0.0224408943130604,0.0482206439117506,116,86,2.975793261000036,unknown,56488e26fdba,0.01,0.001 0.003 0.01 0.03,0.0716666666666667,30,300,1.0,,0xd7b676f707d89334,True,0.6741666666666667,1e-06
a7_20260822T081428Z,2026-08-22T08:15:19+00:00,hyperplanes_n_features20_n_hyperplanes3_dim_hyperplanes5_seed33,5d05157a8a23e9156d9012fe5bfc8926359e808f10eae8c6681f7702f3b4462c,536dc33fc72f70f24b5e4a66498bcb9f9e3efe2f2c171de6faeab9c91f3265a1,D_matched,,2.0,h2,30,,15,2,0xd7b676f707d89334,RFF-int-spectrum-U0-2pi,pennylane,,,,0,val_full,600,val,0.73,0.7849517427168795,0.7268926452076965,0.7280952334403992,0.0,0.0224408943130604,0.0482206439117506,116,86,2.975793261000036,unknown,56488e26fdba,0.01,0.001 0.003 0.01 0.03,0.0716666666666667,30,300,1.0,,0xd7b676f707d89334,True,0.68,1e-06
a7_20260822T081428Z,2026-08-22T08:15:20+00:00,hyperplanes_n_features20_n_hyperplanes3_dim_hyperplanes5_seed33,5d05157a8a23e9156d9012fe5bfc8926359e808f10eae8c6681f7702f3b4462c,536dc33fc72f70f24b5e4a66498bcb9f9e3efe2f2c171de6faeab9c91f3265a1,D_matched,,2.0,h2,30,,15,2,0xd7b676f707d89334,RFF-int-spectrum-U0-2pi,pennylane,,,,0,test_full,1200,test,0.7158333333333333,0.7940187374936857,0.714890690679392,0.7242857217788696,0.0,0.0224408943130604,0.042032707471894,47,17,1.2156544119998216,unknown,56488e26fdba,0.03,0.001 0.003 0.01 0.03,0.0716666666666667,30,300,1.0,,0xd7b676f707d89334,True,0.6741666666666667,1e-06
a7_20260822T081428Z,2026-08-22T08:15:20+00:00,hyperplanes_n_features20_n_hyperplanes3_dim_hyperplanes5_seed33,5d05157a8a23e9156d9012fe5bfc8926359e808f10eae8c6681f7702f3b4462c,536dc33fc72f70f24b5e4a66498bcb9f9e3efe2f2c171de6faeab9c91f3265a1,D_matched,,2.0,h2,30,,15,2,0xd7b676f707d89334,RFF-int-spectrum-U0-2pi,pennylane,,,,0,val_full,600,val,0.735,0.7832596765036568,0.730080721142828,0.7242857217788696,0.0,0.0224408943130604,0.042032707471894,47,17,1.2156544119998216,unknown,56488e26fdba,0.03,0.001 0.003 0.01 0.03,0.0716666666666667,30,300,1.0,,0xd7b676f707d89334,True,0.68,1e-06
a7_20260822T081428Z,2026-08-22T08:15:22+00:00,hyperplanes_n_features20_n_hyperplanes3_dim_hyperplanes5_seed33,5d05157a8a23e9156d9012fe5bfc8926359e808f10eae8c6681f7702f3b4462c,536dc33fc72f70f24b5e4a66498bcb9f9e3efe2f2c171de6faeab9c91f3265a1,D_matched,,2.0,h4,30,,29,2,0xd7b676f707d89334,RFF-int-spectrum-U0-2pi,pennylane,,,,0,test_full,1200,test,0.7108333333333333,0.796443950781287,0.7077630185469421,0.7240476012229919,0.0,0.0184236460536461,0.0405424708985488,68,38,1.7559093930003655,unknown,56488e26fdba,0.01,0.001 0.003 0.01 0.03,0.0716666666666667,30,300,1.0,,0xd7b676f707d89334,True,0.6741666666666667,1e-06
a7_20260822T081428Z,2026-08-22T08:15:22+00:00,hyperplanes_n_features20_n_hyperplanes3_dim_hyperplanes5_seed33,5d05157a8a23e9156d9012fe5bfc8926359e808f10eae8c6681f7702f3b4462c,536dc33fc72f70f24b5e4a66498bcb9f9e3efe2f2c171de6faeab9c91f3265a1,D_matched,,2.0,h4,30,,29,2,0xd7b676f707d89334,RFF-int-spectrum-U0-2pi,pennylane,,,,0,val_full,600,val,0.7283333333333334,0.7800091282519398,0.7190615852625108,0.7240476012229919,0.0,0.0184236460536461,0.0405424708985488,68,38,1.7559093930003655,unknown,56488e26fdba,0.01,0.001 0.003 0.01 0.03,0.0716666666666667,30,300,1.0,,0xd7b676f707d89334,True,0.68,1e-06
a7_20260822T081428Z,2026-08-22T08:15:24+00:00,hyperplanes_n_features20_n_hyperplanes3_dim_hyperplanes5_seed33,5d05157a8a23e9156d9012fe5bfc8926359e808f10eae8c6681f7702f3b4462c,536dc33fc72f70f24b5e4a66498bcb9f9e3efe2f2c171de6faeab9c91f3265a1,D_matched,,2.0,h42,30,,295,2,0xd7b676f707d89334,RFF-int-spectrum-U0-2pi,pennylane,,,,0,test_full,1200,test,0.7325,0.8178550397829867,0.7321232983883587,0.756428599357605,0.0,0.0128500599614373,0.0203522695212258,81,51,2.1899234689999503,unknown,56488e26fdba,0.01,0.001 0.003 0.01 0.03,0.0716666666666667,30,300,1.0,,0xd7b676f707d89334,True,0.6741666666666667,1e-06
a7_20260822T081428Z,2026-08-22T08:15:24+00:00,hyperplanes_n_features20_n_hyperplanes3_dim_hyperplanes5_seed33,5d05157a8a23e9156d9012fe5bfc8926359e808f10eae8c6681f7702f3b4462c,536dc33fc72f70f24b5e4a66498bcb9f9e3efe2f2c171de6faeab9c91f3265a1,D_matched,,2.0,h42,30,,295,2,0xd7b676f707d89334,RFF-int-spectrum-U0-2pi,pennylane,,,,0,val_full,600,val,0.7466666666666667,0.8083289732942971,0.7425357965581101,0.756428599357605,0.0,0.0128500599614373,0.0203522695212258,81,51,2.1899234689999503,unknown,56488e26fdba,0.01,0.001 0.003 0.01 0.03,0.0716666666666667,30,300,1.0,,0xd7b676f707d89334,True,0.68,1e-06
a7_20260822T081428Z,2026-08-22T08:15:20+00:00,hyperplanes_n_features20_n_hyperplanes3_dim_hyperplanes5_seed33,5d05157a8a23e9156d9012fe5bfc8926359e808f10eae8c6681f7702f3b4462c,536dc33fc72f70f24b5e4a66498bcb9f9e3efe2f2c171de6faeab9c91f3265a1,B,L1,2.0,linear,35,35.0,6,2,0x68f1fd9add9ea051,U0-2pi,pennylane,,,,0,test_full,1200,test,0.715,0.7760347623207253,0.7142857142857142,0.732619047164917,0.0,0.0220610878875102,0.0191178238843108,67,37,2.975936798999556,unknown,56488e26fdba,0.03,0.001 0.003 0.01 0.03,0.0716666666666667,30,300,1.0,,,True,0.7241666666666666,1.0
a7_20260822T081428Z,2026-08-22T08:15:20+00:00,hyperplanes_n_features20_n_hyperplanes3_dim_hyperplanes5_seed33,5d05157a8a23e9156d9012fe5bfc8926359e808f10eae8c6681f7702f3b4462c,536dc33fc72f70f24b5e4a66498bcb9f9e3efe2f2c171de6faeab9c91f3265a1,B,L1,2.0,linear,35,35.0,6,2,0x68f1fd9add9ea051,U0-2pi,pennylane,,,,0,val_full,600,val,0.7333333333333333,0.7747548173793011,0.7274709302325582,0.732619047164917,0.0,0.0220610878875102,0.0191178238843108,67,37,2.975936798999556,unknown,56488e26fdba,0.03,0.001 0.003 0.01 0.03,0.0716666666666667,30,300,1.0,,,True,0.7366666666666667,1.0
a7_20260822T081428Z,2026-08-22T08:15:22+00:00,hyperplanes_n_features20_n_hyperplanes3_dim_hyperplanes5_seed33,5d05157a8a23e9156d9012fe5bfc8926359e808f10eae8c6681f7702f3b4462c,536dc33fc72f70f24b5e4a66498bcb9f9e3efe2f2c171de6faeab9c91f3265a1,B,L1,2.0,h2,35,35.0,15,2,0x68f1fd9add9ea051,U0-2pi,pennylane,,,,0,test_full,1200,test,0.7308333333333333,0.7841448541662597,0.7305487254245631,0.738095223903656,0.0,0.0076352848213042,0.0904300224354296,63,33,1.633317676000388,unknown,56488e26fdba,0.03,0.001 0.003 0.01 0.03,0.0716666666666667,30,300,1.0,,,True,0.7241666666666666,1.0
a7_20260822T081428Z,2026-08-22T08:15:22+00:00,hyperplanes_n_features20_n_hyperplanes3_dim_hyperplanes5_seed33,5d05157a8a23e9156d9012fe5bfc8926359e808f10eae8c6681f7702f3b4462c,536dc33fc72f70f24b5e4a66498bcb9f9e3efe2f2c171de6faeab9c91f3265a1,B,L1,2.0,h2,35,35.0,15,2,0x68f1fd9add9ea051,U0-2pi,pennylane,,,,0,val_full,600,val,0.745,0.7743985929133594,0.7397774785628233,0.738095223903656,0.0,0.0076352848213042,0.0904300224354296,63,33,1.633317676000388,unknown,56488e26fdba,0.03,0.001 0.003 0.01 0.03,0.0716666666666667,30,300,1.0,,,True,0.7366666666666667,1.0
a7_20260822T081428Z,2026-08-22T08:15:23+00:00,hyperplanes_n_features20_n_hyperplanes3_dim_hyperplanes5_seed33,5d05157a8a23e9156d9012fe5bfc8926359e808f10eae8c6681f7702f3b4462c,536dc33fc72f70f24b5e4a66498bcb9f9e3efe2f2c171de6faeab9c91f3265a1,B,L1,2.0,h4,35,35.0,29,2,0x68f1fd9add9ea051,U0-2pi,pennylane,,,,0,test_full,1200,test,0.7266666666666667,0.7827494495128642,0.7263922989442191,0.7366666793823242,0.0,0.0029350704111229,0.102788400905254,63,33,1.6549683590001223,unknown,56488e26fdba,0.01,0.001 0.003 0.01 0.03,0.0716666666666667,30,300,1.0,,,True,0.7241666666666666,1.0
a7_20260822T081428Z,2026-08-22T08:15:24+00:00,hyperplanes_n_features20_n_hyperplanes3_dim_hyperplanes5_seed33,5d05157a8a23e9156d9012fe5bfc8926359e808f10eae8c6681f7702f3b4462c,536dc33fc72f70f24b5e4a66498bcb9f9e3efe2f2c171de6faeab9c91f3265a1,B,L1,2.0,h4,35,35.0,29,2,0x68f1fd9add9ea051,U0-2pi,pennylane,,,,0,val_full,600,val,0.7483333333333333,0.7753559461655776,0.7431790801502374,0.7366666793823242,0.0,0.0029350704111229,0.102788400905254,63,33,1.6549683590001223,unknown,56488e26fdba,0.01,0.001 0.003 0.01 0.03,0.0716666666666667,30,300,1.0,,,True,0.7366666666666667,1.0
a7_20260822T081428Z,2026-08-22T08:15:25+00:00,hyperplanes_n_features20_n_hyperplanes3_dim_hyperplanes5_seed33,5d05157a8a23e9156d9012fe5bfc8926359e808f10eae8c6681f7702f3b4462c,536dc33fc72f70f24b5e4a66498bcb9f9e3efe2f2c171de6faeab9c91f3265a1,B,L1,2.0,h42,35,35.0,295,2,0x68f1fd9add9ea051,U0-2pi,pennylane,,,,0,test_full,1200,test,0.755,0.8234645664896364,0.7529238742208839,0.7569047808647156,0.0,0.0041210610771504,0.0350872717704682,63,33,1.628964822999933,unknown,56488e26fdba,0.01,0.001 0.003 0.01 0.03,0.0716666666666667,30,300,1.0,,,True,0.7241666666666666,1.0
a7_20260822T081428Z,2026-08-22T08:15:25+00:00,hyperplanes_n_features20_n_hyperplanes3_dim_hyperplanes5_seed33,5d05157a8a23e9156d9012fe5bfc8926359e808f10eae8c6681f7702f3b4462c,536dc33fc72f70f24b5e4a66498bcb9f9e3efe2f2c171de6faeab9c91f3265a1,B,L1,2.0,h42,35,35.0,295,2,0x68f1fd9add9ea051,U0-2pi,pennylane,,,,0,val_full,600,val,0.7766666666666666,0.8051674811590653,0.7676810873912089,0.7569047808647156,0.0,0.0041210610771504,0.0350872717704682,63,33,1.628964822999933,unknown,56488e26fdba,0.01,0.001 0.003 0.01 0.03,0.0716666666666667,30,300,1.0,,,True,0.7366666666666667,1.0
a7_20260822T081428Z,2026-08-22T08:15:15+00:00,hyperplanes_n_features20_n_hyperplanes3_dim_hyperplanes5_seed33,5d05157a8a23e9156d9012fe5bfc8926359e808f10eae8c6681f7702f3b4462c,536dc33fc72f70f24b5e4a66498bcb9f9e3efe2f2c171de6faeab9c91f3265a1,D_matched,,2.0,linear,30,,6,1,0x7d4f7004e22ea7b3,RFF-int-spectrum-U0-2pi,pennylane,,,,0,test_full,1200,test,0.6741666666666667,0.7313092523700948,0.6712515353155866,0.6752380728721619,0.0,0.1446979309054379,0.018868628913858,38,8,11.063460549999943,unknown,56488e26fdba,0.03,0.001 0.003 0.01 0.03,0.0716666666666667,30,300,1.0,,0x7d4f7004e22ea7b3,True,0.6708333333333333,1e-06
a7_20260822T081428Z,2026-08-22T08:15:15+00:00,hyperplanes_n_features20_n_hyperplanes3_dim_hyperplanes5_seed33,5d05157a8a23e9156d9012fe5bfc8926359e808f10eae8c6681f7702f3b4462c,536dc33fc72f70f24b5e4a66498bcb9f9e3efe2f2c171de6faeab9c91f3265a1,D_matched,,2.0,linear,30,,6,1,0x7d4f7004e22ea7b3,RFF-int-spectrum-U0-2pi,pennylane,,,,0,val_full,600,val,0.6633333333333333,0.7088198951364229,0.6633295925510283,0.6752380728721619,0.0,0.1446979309054379,0.018868628913858,38,8,11.063460549999943,unknown,56488e26fdba,0.03,0.001 0.003 0.01 0.03,0.0716666666666667,30,300,1.0,,0x7d4f7004e22ea7b3,True,0.655,1e-06
a7_20260822T081428Z,2026-08-22T08:15:17+00:00,hyperplanes_n_features20_n_hyperplanes3_dim_hyperplanes5_seed33,5d05157a8a23e9156d9012fe5bfc8926359e808f10eae8c6681f7702f3b4462c,536dc33fc72f70f24b5e4a66498bcb9f9e3efe2f2c171de6faeab9c91f3265a1,D_matched,,2.0,h2,30,,15,1,0x7d4f7004e22ea7b3,RFF-int-spectrum-U0-2pi,pennylane,,,,0,test_full,1200,test,0.6725,0.7373960074682058,0.6723577941815024,0.682619035243988,0.0,0.0278977156853798,0.130152951363696,78,48,2.016242264000084,unknown,56488e26fdba,0.01,0.001 0.003 0.01 0.03,0.0716666666666667,30,300,1.0,,0x7d4f7004e22ea7b3,True,0.6708333333333333,1e-06
a7_20260822T081428Z,2026-08-22T08:15:17+00:00,hyperplanes_n_features20_n_hyperplanes3_dim_hyperplanes5_seed33,5d05157a8a23e9156d9012fe5bfc8926359e808f10eae8c6681f7702f3b4462c,536dc33fc72f70f24b5e4a66498bcb9f9e3efe2f2c171de6faeab9c91f3265a1,D_matched,,2.0,h2,30,,15,1,0x7d4f7004e22ea7b3,RFF-int-spectrum-U0-2pi,pennylane,,,,0,val_full,600,val,0.6716666666666666,0.7066936803553339,0.669277194396179,0.682619035243988,0.0,0.0278977156853798,0.130152951363696,78,48,2.016242264000084,unknown,56488e26fdba,0.01,0.001 0.003 0.01 0.03,0.0716666666666667,30,300,1.0,,0x7d4f7004e22ea7b3,True,0.655,1e-06
a7_20260822T081428Z,2026-08-22T08:15:19+00:00,hyperplanes_n_features20_n_hyperplanes3_dim_hyperplanes5_seed33,5d05157a8a23e9156d9012fe5bfc8926359e808f10eae8c6681f7702f3b4462c,536dc33fc72f70f24b5e4a66498bcb9f9e3efe2f2c171de6faeab9c91f3265a1,D_matched,,2.0,h2,30,,15,1,0x7d4f7004e22ea7b3,RFF-int-spectrum-U0-2pi,pennylane,,,,0,test_full,1200,test,0.68,0.7493197402314696,0.6785714285714286,0.6861904859542847,0.0,0.0278977156853798,0.0886146621299689,68,38,1.7153720170003908,unknown,56488e26fdba,0.03,0.001 0.003 0.01 0.03,0.0716666666666667,30,300,1.0,,0x7d4f7004e22ea7b3,True,0.6708333333333333,1e-06
a7_20260822T081428Z,2026-08-22T08:15:19+00:00,hyperplanes_n_features20_n_hyperplanes3_dim_hyperplanes5_seed33,5d05157a8a23e9156d9012fe5bfc8926359e808f10eae8c6681f7702f3b4462c,536dc33fc72f70f24b5e4a66498bcb9f9e3efe2f2c171de6faeab9c91f3265a1,D_matched,,2.0,h2,30,,15,1,0x7d4f7004e22ea7b3,RFF-int-spectrum-U0-2pi,pennylane,,,,0,val_full,600,val,0.6866666666666666,0.7452661108080729,0.686384412638041,0.6861904859542847,0.0,0.0278977156853798,0.0886146621299689,68,38,1.7153720170003908,unknown,56488e26fdba,0.03,0.001 0.003 0.01 0.03,0.0716666666666667,30,300,1.0,,0x7d4f7004e22ea7b3,True,0.655,1e-06
a7_20260822T081428Z,2026-08-22T08:15:23+00:00,hyperplanes_n_features20_n_hyperplanes3_dim_hyperplanes5_seed33,5d05157a8a23e9156d9012fe5bfc8926359e808f10eae8c6681f7702f3b4462c,536dc33fc72f70f24b5e4a66498bcb9f9e3efe2f2c171de6faeab9c91f3265a1,D_matched,,2.0,h4,30,,29,1,0x7d4f7004e22ea7b3,RFF-int-spectrum-U0-2pi,pennylane,,,,0,test_full,1200,test,0.7016666666666667,0.7867598424867227,0.7015472855808991,0.7276190519332886,0.0,0.0313174528414431,0.1547145884156924,171,141,4.431688336999741,unknown,56488e26fdba,0.01,0.001 0.003 0.01 0.03,0.0716666666666667,30,300,1.0,,0x7d4f7004e22ea7b3,True,0.6708333333333333,1e-06
a7_20260822T081428Z,2026-08-22T08:15:23+00:00,hyperplanes_n_features20_n_hyperplanes3_dim_hyperplanes5_seed33,5d05157a8a23e9156d9012fe5bfc8926359e808f10eae8c6681f7702f3b4462c,536dc33fc72f70f24b5e4a66498bcb9f9e3efe2f2c171de6faeab9c91f3265a1,D_matched,,2.0,h4,30,,29,1,0x7d4f7004e22ea7b3,RFF-int-spectrum-U0-2pi,pennylane,,,,0,val_full,600,val,0.725,0.7766583918691765,0.7219343259435274,0.7276190519332886,0.0,0.0313174528414431,0.1547145884156924,171,141,4.431688336999741,unknown,56488e26fdba,0.01,0.001 0.003 0.01 0.03,0.0716666666666667,30,300,1.0,,0x7d4f7004e22ea7b3,True,0.655,1e-06
a7_20260822T081428Z,2026-08-22T08:15:26+00:00,hyperplanes_n_features20_n_hyperplanes3_dim_hyperplanes5_seed33,5d05157a8a23e9156d9012fe5bfc8926359e808f10eae8c6681f7702f3b4462c,536dc33fc72f70f24b5e4a66498bcb9f9e3efe2f2c171de6faeab9c91f3265a1,D_matched,,2.0,h42,30,,295,1,0x7d4f7004e22ea7b3,RFF-int-spectrum-U0-2pi,pennylane,,,,0,test_full,1200,test,0.7358333333333333,0.807386714073214,0.7357524075081328,0.7480952143669128,0.0,0.0106518513198359,0.0394406147637978,98,68,2.5435940630000005,unknown,56488e26fdba,0.01,0.001 0.003 0.01 0.03,0.0716666666666667,30,300,1.0,,0x7d4f7004e22ea7b3,True,0.6708333333333333,1e-06
a7_20260822T081428Z,2026-08-22T08:15:26+00:00,hyperplanes_n_features20_n_hyperplanes3_dim_hyperplanes5_seed33,5d05157a8a23e9156d9012fe5bfc8926359e808f10eae8c6681f7702f3b4462c,536dc33fc72f70f24b5e4a66498bcb9f9e3efe2f2c171de6faeab9c91f3265a1,D_matched,,2.0,h42,30,,295,1,0x7d4f7004e22ea7b3,RFF-int-spectrum-U0-2pi,pennylane,,,,0,val_full,600,val,0.7416666666666667,0.7977424274470952,0.7382044201227905,0.7480952143669128,0.0,0.0106518513198359,0.0394406147637978,98,68,2.5435940630000005,unknown,56488e26fdba,0.01,0.001 0.003 0.01 0.03,0.0716666666666667,30,300,1.0,,0x7d4f7004e22ea7b3,True,0.655,1e-06
a7_20260822T081428Z,2026-08-22T08:15:26+00:00,hyperplanes_n_features20_n_hyperplanes3_dim_hyperplanes5_seed33,5d05157a8a23e9156d9012fe5bfc8926359e808f10eae8c6681f7702f3b4462c,536dc33fc72f70f24b5e4a66498bcb9f9e3efe2f2c171de6faeab9c91f3265a1,D_best,,2.0,linear,192,,33,4,0x81f13209d45c857b,RFF-int-spectrum-U0-2pi,pennylane,,,,0,test_full,1200,test,0.8116666666666666,0.8675565627276255,0.8115640737734989,0.8359524011611938,0.0,0.0649787120961521,0.027607894325544,61,31,1.181630400999893,unknown,56488e26fdba,0.03,0.001 0.003 0.01 0.03,0.0716666666666667,30,300,1.0,32.0,0x81f13209d45c857b,True,0.8091666666666667,1e-06
a7_20260822T081428Z,2026-08-22T08:15:26+00:00,hyperplanes_n_features20_n_hyperplanes3_dim_hyperplanes5_seed33,5d05157a8a23e9156d9012fe5bfc8926359e808f10eae8c6681f7702f3b4462c,536dc33fc72f70f24b5e4a66498bcb9f9e3efe2f2c171de6faeab9c91f3265a1,D_best,,2.0,linear,192,,33,4,0x81f13209d45c857b,RFF-int-spectrum-U0-2pi,pennylane,,,,0,val_full,600,val,0.8283333333333334,0.8571873852010998,0.8256084656084657,0.8359524011611938,0.0,0.0649787120961521,0.027607894325544,61,31,1.181630400999893,unknown,56488e26fdba,0.03,0.001 0.003 0.01 0.03,0.0716666666666667,30,300,1.0,32.0,0x81f13209d45c857b,True,0.82,1e-06
a7_20260822T081428Z,2026-08-22T08:15:20+00:00,hyperplanes_n_features20_n_hyperplanes3_dim_hyperplanes5_seed33,5d05157a8a23e9156d9012fe5bfc8926359e808f10eae8c6681f7702f3b4462c,536dc33fc72f70f24b5e4a66498bcb9f9e3efe2f2c171de6faeab9c91f3265a1,B,L2,2.0,linear,35,35.0,6,2,0xedbc28bf50f4bc26,U0-2pi,pennylane,,,,0,test_full,1200,test,0.6708333333333333,0.7202129945662943,0.670732495159976,0.6871428489685059,0.0,0.0262503862636394,0.0669899744570981,45,15,2.6420605080002133,unknown,56488e26fdba,0.03,0.001 0.003 0.01 0.03,0.0716666666666667,30,300,1.0,,,True,0.6608333333333334,1.0
a7_20260822T081428Z,2026-08-22T08:15:20+00:00,hyperplanes_n_features20_n_hyperplanes3_dim_hyperplanes5_seed33,5d05157a8a23e9156d9012fe5bfc8926359e808f10eae8c6681f7702f3b4462c,536dc33fc72f70f24b5e4a66498bcb9f9e3efe2f2c171de6faeab9c91f3265a1,B,L2,2.0,linear,35,35.0,6,2,0xedbc28bf50f4bc26,U0-2pi,pennylane,,,,0,val_full,600,val,0.6633333333333333,0.7049348220547473,0.6581331588270469,0.6871428489685059,0.0,0.0262503862636394,0.0669899744570981,45,15,2.6420605080002133,unknown,56488e26fdba,0.03,0.001 0.003 0.01 0.03,0.0716666666666667,30,300,1.0,,,True,0.655,1.0
a7_20260822T081428Z,2026-08-22T08:15:21+00:00,hyperplanes_n_features20_n_hyperplanes3_dim_hyperplanes5_seed33,5d05157a8a23e9156d9012fe5bfc8926359e808f10eae8c6681f7702f3b4462c,536dc33fc72f70f24b5e4a66498bcb9f9e3efe2f2c171de6faeab9c91f3265a1,B,L2,2.0,h2,35,35.0,15,2,0xedbc28bf50f4bc26,U0-2pi,pennylane,,,,0,test_full,1200,test,0.6725,0.7167691358817142,0.672117242419797,0.6854761838912964,0.0,0.0040762130919913,0.2022925727640936,38,8,0.9994339990003028,unknown,56488e26fdba,0.01,0.001 0.003 0.01 0.03,0.0716666666666667,30,300,1.0,,,True,0.6608333333333334,1.0
a7_20260822T081428Z,2026-08-22T08:15:21+00:00,hyperplanes_n_features20_n_hyperplanes3_dim_hyperplanes5_seed33,5d05157a8a23e9156d9012fe5bfc8926359e808f10eae8c6681f7702f3b4462c,536dc33fc72f70f24b5e4a66498bcb9f9e3efe2f2c171de6faeab9c91f3265a1,B,L2,2.0,h2,35,35.0,15,2,0xedbc28bf50f4bc26,U0-2pi,pennylane,,,,0,val_full,600,val,0.67,0.7045674655742449,0.6675025748958847,0.6854761838912964,0.0,0.0040762130919913,0.2022925727640936,38,8,0.9994339990003028,unknown,56488e26fdba,0.01,0.001 0.003 0.01 0.03,0.0716666666666667,30,300,1.0,,,True,0.655,1.0
a7_20260822T081428Z,2026-08-22T08:15:22+00:00,hyperplanes_n_features20_n_hyperplanes3_dim_hyperplanes5_seed33,5d05157a8a23e9156d9012fe5bfc8926359e808f10eae8c6681f7702f3b4462c,536dc33fc72f70f24b5e4a66498bcb9f9e3efe2f2c171de6faeab9c91f3265a1,B,L2,2.0,h4,35,35.0,29,2,0xedbc28bf50f4bc26,U0-2pi,pennylane,,,,0,test_full,1200,test,0.6658333333333334,0.7167579726444873,0.6658145354009497,0.6854761838912964,0.0,0.0020759399271584,0.1266906544565669,38,8,0.9462670350003464,unknown,56488e26fdba,0.01,0.001 0.003 0.01 0.03,0.0716666666666667,30,300,1.0,,,True,0.6608333333333334,1.0
a7_20260822T081428Z,2026-08-22T08:15:22+00:00,hyperplanes_n_features20_n_hyperplanes3_dim_hyperplanes5_seed33,5d05157a8a23e9156d9012fe5bfc8926359e808f10eae8c6681f7702f3b4462c,536dc33fc72f70f24b5e4a66498bcb9f9e3efe2f2c171de6faeab9c91f3265a1,B,L2,2.0,h4,35,35.0,29,2,0xedbc28bf50f4bc26,U0-2pi,pennylane,,,,0,val_full,600,val,0.6633333333333333,0.7038661486569224,0.6594587304441647,0.6854761838912964,0.0,0.0020759399271584,0.1266906544565669,38,8,0.9462670350003464,unknown,56488e26fdba,0.01,0.001 0.003 0.01 0.03,0.0716666666666667,30,300,1.0,,,True,0.655,1.0
a7_20260822T081428Z,2026-08-22T08:15:27+00:00,hyperplanes_n_features20_n_hyperplanes3_dim_hyperplanes5_seed33,5d05157a8a23e9156d9012fe5bfc8926359e808f10eae8c6681f7702f3b4462c,536dc33fc72f70f24b5e4a66498bcb9f9e3efe2f2c171de6faeab9c91f3265a1,B,L2,2.0,h42,35,35.0,295,2,0xedbc28bf50f4bc26,U0-2pi,pennylane,,,,0,test_full,1200,test,0.7825,0.8508982219753907,0.7817359241622932,0.8002380728721619,0.0,0.0109538768770842,0.0452137890839463,183,153,4.859148115000153,unknown,56488e26fdba,0.01,0.001 0.003 0.01 0.03,0.0716666666666667,30,300,1.0,,,True,0.6608333333333334,1.0
a7_20260822T081428Z,2026-08-22T08:15:27+00:00,hyperplanes_n_features20_n_hyperplanes3_dim_hyperplanes5_seed33,5d05157a8a23e9156d9012fe5bfc8926359e808f10eae8c6681f7702f3b4462c,536dc33fc72f70f24b5e4a66498bcb9f9e3efe2f2c171de6faeab9c91f3265a1,B,L2,2.0,h42,35,35.0,295,2,0xedbc28bf50f4bc26,U0-2pi,pennylane,,,,0,val_full,600,val,0.8,0.8331756297937238,0.7949675934890821,0.8002380728721619,0.0,0.0109538768770842,0.0452137890839463,183,153,4.859148115000153,unknown,56488e26fdba,0.01,0.001 0.003 0.01 0.03,0.0716666666666667,30,300,1.0,,,True,0.655,1.0
a7_20260822T081428Z,2026-08-22T08:15:15+00:00,hyperplanes_n_features20_n_hyperplanes3_dim_hyperplanes5_seed33,5d05157a8a23e9156d9012fe5bfc8926359e808f10eae8c6681f7702f3b4462c,536dc33fc72f70f24b5e4a66498bcb9f9e3efe2f2c171de6faeab9c91f3265a1,E,,,linear,0,,6,2,,,pennylane,,,,0,test_full,1200,test,0.7691666666666667,0.8202411817402929,0.769081836313479,0.7900000214576721,0.0,0.0338679613762333,0.0174057465934443,51,21,11.269764406999911,unknown,56488e26fdba,0.1,0.001 0.003 0.01 0.03 0.1,0.0716666666666667,30,300,1.0,,,True,0.7758333333333334,1e-06
a7_20260822T081428Z,2026-08-22T08:15:15+00:00,hyperplanes_n_features20_n_hyperplanes3_dim_hyperplanes5_seed33,5d05157a8a23e9156d9012fe5bfc8926359e808f10eae8c6681f7702f3b4462c,536dc33fc72f70f24b5e4a66498bcb9f9e3efe2f2c171de6faeab9c91f3265a1,E,,,linear,0,,6,2,,,pennylane,,,,0,val_full,600,val,0.77,0.8132938517883582,0.7676767676767677,0.7900000214576721,0.0,0.0338679613762333,0.0174057465934443,51,21,11.269764406999911,unknown,56488e26fdba,0.1,0.001 0.003 0.01 0.03 0.1,0.0716666666666667,30,300,1.0,,,True,0.76,1e-06
a7_20260822T081428Z,2026-08-22T08:15:18+00:00,hyperplanes_n_features20_n_hyperplanes3_dim_hyperplanes5_seed33,5d05157a8a23e9156d9012fe5bfc8926359e808f10eae8c6681f7702f3b4462c,536dc33fc72f70f24b5e4a66498bcb9f9e3efe2f2c171de6faeab9c91f3265a1,E,,,h2,0,,15,2,,,pennylane,,,,0,test_full,1200,test,0.8233333333333334,0.883723721041865,0.8222887863106481,0.8480952382087708,0.0,0.0100090451544287,0.0794900074924656,96,66,2.458177522999904,unknown,56488e26fdba,0.03,0.001 0.003 0.01 0.03 0.1,0.0716666666666667,30,300,1.0,,,True,0.7758333333333334,1e-06
a7_20260822T081428Z,2026-08-22T08:15:18+00:00,hyperplanes_n_features20_n_hyperplanes3_dim_hyperplanes5_seed33,5d05157a8a23e9156d9012fe5bfc8926359e808f10eae8c6681f7702f3b4462c,536dc33fc72f70f24b5e4a66498bcb9f9e3efe2f2c171de6faeab9c91f3265a1,E,,,h2,0,,15,2,,,pennylane,,,,0,val_full,600,val,0.8466666666666667,0.8866538277432067,0.8421034565612879,0.8480952382087708,0.0,0.0100090451544287,0.0794900074924656,96,66,2.458177522999904,unknown,56488e26fdba,0.03,0.001 0.003 0.01 0.03 0.1,0.0716666666666667,30,300,1.0,,,True,0.76,1e-06
a7_20260822T081428Z,2026-08-22T08:15:22+00:00,hyperplanes_n_features20_n_hyperplanes3_dim_hyperplanes5_seed33,5d05157a8a23e9156d9012fe5bfc8926359e808f10eae8c6681f7702f3b4462c,536dc33fc72f70f24b5e4a66498bcb9f9e3efe2f2c171de6faeab9c91f3265a1,E,,,h4,0,,29,2,,,pennylane,,,,0,test_full,1200,test,0.8316666666666667,0.9054138909742436,0.8315993063892224,0.8516666889190674,0.0,0.0054492784203296,0.0401016859307535,175,145,4.492984841999714,unknown,56488e26fdba,0.01,0.001 0.003 0.01 0.03 0.1,0.0716666666666667,30,300,1.0,,,True,0.7758333333333334,1e-06
a7_20260822T081428Z,2026-08-22T08:15:22+00:00,hyperplanes_n_features20_n_hyperplanes3_dim_hyperplanes5_seed33,5d05157a8a23e9156d9012fe5bfc8926359e808f10eae8c6681f7702f3b4462c,536dc33fc72f70f24b5e4a66498bcb9f9e3efe2f2c171de6faeab9c91f3265a1,E,,,h4,0,,29,2,,,pennylane,,,,0,val_full,600,val,0.8533333333333334,0.9093854014761052,0.8511904761904763,0.8516666889190674,0.0,0.0054492784203296,0.0401016859307535,175,145,4.492984841999714,unknown,56488e26fdba,0.01,0.001 0.003 0.01 0.03 0.1,0.0716666666666667,30,300,1.0,,,True,0.76,1e-06
a7_20260822T081428Z,2026-08-22T08:15:27+00:00,hyperplanes_n_features20_n_hyperplanes3_dim_hyperplanes5_seed33,5d05157a8a23e9156d9012fe5bfc8926359e808f10eae8c6681f7702f3b4462c,536dc33fc72f70f24b5e4a66498bcb9f9e3efe2f2c171de6faeab9c91f3265a1,E,,,h42,0,,295,2,,,pennylane,,,,0,test_full,1200,test,0.9433333333333334,0.98951213862508,0.9431913116123642,0.9723809361457824,0.0,0.0058056640136954,0.0080107978867312,164,134,4.357493847999649,unknown,56488e26fdba,0.03,0.001 0.003 0.01 0.03 0.1,0.0716666666666667,30,300,1.0,,,True,0.7758333333333334,1e-06
a7_20260822T081428Z,2026-08-22T08:15:27+00:00,hyperplanes_n_features20_n_hyperplanes3_dim_hyperplanes5_seed33,5d05157a8a23e9156d9012fe5bfc8926359e808f10eae8c6681f7702f3b4462c,536dc33fc72f70f24b5e4a66498bcb9f9e3efe2f2c171de6faeab9c91f3265a1,E,,,h42,0,,295,2,,,pennylane,,,,0,val_full,600,val,0.95,0.9883781767986553,0.9497986367540914,0.9723809361457824,0.0,0.0058056640136954,0.0080107978867312,164,134,4.357493847999649,unknown,56488e26fdba,0.03,0.001 0.003 0.01 0.03 0.1,0.0716666666666667,30,300,1.0,,,True,0.76,1e-06
a7_20260822T081428Z,2026-08-22T08:15:27+00:00,hyperplanes_n_features20_n_hyperplanes3_dim_hyperplanes5_seed33,5d05157a8a23e9156d9012fe5bfc8926359e808f10eae8c6681f7702f3b4462c,536dc33fc72f70f24b5e4a66498bcb9f9e3efe2f2c171de6faeab9c91f3265a1,D_best,,2.0,linear,768,,129,4,0x08491676e12f22b5,RFF-int-spectrum-U0-2pi,pennylane,,,,0,test_full,1200,test,0.8341666666666666,0.8785746778708359,0.8340411602941391,0.8552380800247192,0.0,0.070504214824473,0.0255920041666103,58,28,1.1880528680003408,unknown,56488e26fdba,0.01,0.001 0.003 0.01 0.03,0.0716666666666667,30,300,1.0,128.0,0x08491676e12f22b5,True,0.8191666666666667,0.0001
a7_20260822T081428Z,2026-08-22T08:15:27+00:00,hyperplanes_n_features20_n_hyperplanes3_dim_hyperplanes5_seed33,5d05157a8a23e9156d9012fe5bfc8926359e808f10eae8c6681f7702f3b4462c,536dc33fc72f70f24b5e4a66498bcb9f9e3efe2f2c171de6faeab9c91f3265a1,D_best,,2.0,linear,768,,129,4,0x08491676e12f22b5,RFF-int-spectrum-U0-2pi,pennylane,,,,0,val_full,600,val,0.845,0.8677071389609377,0.8427987457706383,0.8552380800247192,0.0,0.070504214824473,0.0255920041666103,58,28,1.1880528680003408,unknown,56488e26fdba,0.01,0.001 0.003 0.01 0.03,0.0716666666666667,30,300,1.0,128.0,0x08491676e12f22b5,True,0.83,0.0001
a7_20260822T081428Z,2026-08-22T08:15:23+00:00,hyperplanes_n_features20_n_hyperplanes3_dim_hyperplanes5_seed33,5d05157a8a23e9156d9012fe5bfc8926359e808f10eae8c6681f7702f3b4462c,536dc33fc72f70f24b5e4a66498bcb9f9e3efe2f2c171de6faeab9c91f3265a1,B,L1,2.0,linear,35,35.0,6,3,0xe98c84d46f8b02b7,U0-2pi,pennylane,,,,0,test_full,1200,test,0.7191666666666666,0.7464549744780488,0.7160860026327336,0.7319047451019287,0.0,0.0492371143602271,0.0308268704828568,182,152,5.283945178000067,unknown,56488e26fdba,0.03,0.001 0.003 0.01 0.03,0.0716666666666667,30,300,1.0,,,True,0.7125,1e-06
a7_20260822T081428Z,2026-08-22T08:15:23+00:00,hyperplanes_n_features20_n_hyperplanes3_dim_hyperplanes5_seed33,5d05157a8a23e9156d9012fe5bfc8926359e808f10eae8c6681f7702f3b4462c,536dc33fc72f70f24b5e4a66498bcb9f9e3efe2f2c171de6faeab9c91f3265a1,B,L1,2.0,linear,35,35.0,6,3,0xe98c84d46f8b02b7,U0-2pi,pennylane,,,,0,val_full,600,val,0.6916666666666667,0.7200298337990226,0.6915972760537787,0.7319047451019287,0.0,0.0492371143602271,0.0308268704828568,182,152,5.283945178000067,unknown,56488e26fdba,0.03,0.001 0.003 0.01 0.03,0.0716666666666667,30,300,1.0,,,True,0.6816666666666666,1e-06
a7_20260822T081428Z,2026-08-22T08:15:24+00:00,hyperplanes_n_features20_n_hyperplanes3_dim_hyperplanes5_seed33,5d05157a8a23e9156d9012fe5bfc8926359e808f10eae8c6681f7702f3b4462c,536dc33fc72f70f24b5e4a66498bcb9f9e3efe2f2c171de6faeab9c91f3265a1,B,L1,2.0,h2,35,35.0,15,3,0xe98c84d46f8b02b7,U0-2pi,pennylane,,,,0,test_full,1200,test,0.715,0.7627114386901057,0.7144217039504998,0.7280952334403992,0.0,0.0092847471763448,0.0489396048294543,56,26,1.4398854139999455,unknown,56488e26fdba,0.03,0.001 0.003 0.01 0.03,0.0716666666666667,30,300,1.0,,,True,0.7125,1e-06
a7_20260822T081428Z,2026-08-22T08:15:24+00:00,hyperplanes_n_features20_n_hyperplanes3_dim_hyperplanes5_seed33,5d05157a8a23e9156d9012fe5bfc8926359e808f10eae8c6681f7702f3b4462c,536dc33fc72f70f24b5e4a66498bcb9f9e3efe2f2c171de6faeab9c91f3265a1,B,L1,2.0,h2,35,35.0,15,3,0xe98c84d46f8b02b7,U0-2pi,pennylane,,,,0,val_full,600,val,0.7016666666666667,0.7342231523638834,0.7008681508136999,0.7280952334403992,0.0,0.0092847471763448,0.0489396048294543,56,26,1.4398854139999455,unknown,56488e26fdba,0.03,0.001 0.003 0.01 0.03,0.0716666666666667,30,300,1.0,,,True,0.6816666666666666,1e-06
a7_20260822T081428Z,2026-08-22T08:15:26+00:00,hyperplanes_n_features20_n_hyperplanes3_dim_hyperplanes5_seed33,5d05157a8a23e9156d9012fe5bfc8926359e808f10eae8c6681f7702f3b4462c,536dc33fc72f70f24b5e4a66498bcb9f9e3efe2f2c171de6faeab9c91f3265a1,B,L1,2.0,h4,35,35.0,29,3,0xe98c84d46f8b02b7,U0-2pi,pennylane,,,,0,test_full,1200,test,0.6916666666666667,0.71330295072268,0.6728211658177703,0.7109524011611938,0.0,0.0011408239610477,0.0891977558890862,62,32,1.6282037669998315,unknown,56488e26fdba,0.01,0.001 0.003 0.01 0.03,0.0716666666666667,30,300,1.0,,,True,0.7125,1e-06
a7_20260822T081428Z,2026-08-22T08:15:26+00:00,hyperplanes_n_features20_n_hyperplanes3_dim_hyperplanes5_seed33,5d05157a8a23e9156d9012fe5bfc8926359e808f10eae8c6681f7702f3b4462c,536dc33fc72f70f24b5e4a66498bcb9f9e3efe2f2c171de6faeab9c91f3265a1,B,L1,2.0,h4,35,35.0,29,3,0xe98c84d46f8b02b7,U0-2pi,pennylane,,,,0,val_full,600,val,0.6733333333333333,0.6978103327359152,0.6647509578544062,0.7109524011611938,0.0,0.0011408239610477,0.0891977558890862,62,32,1.6282037669998315,unknown,56488e26fdba,0.01,0.001 0.003 0.01 0.03,0.0716666666666667,30,300,1.0,,,True,0.6816666666666666,1e-06
a7_20260822T081428Z,2026-08-22T08:15:27+00:00,hyperplanes_n_features20_n_hyperplanes3_dim_hyperplanes5_seed33,5d05157a8a23e9156d9012fe5bfc8926359e808f10eae8c6681f7702f3b4462c,536dc33fc72f70f24b5e4a66498bcb9f9e3efe2f2c171de6faeab9c91f3265a1,B,L1,2.0,h42,35,35.0,295,3,0xe98c84d46f8b02b7,U0-2pi,pennylane,,,,0,test_full,1200,test,0.7008333333333333,0.7542078427323139,0.7005170044192511,0.7176190614700317,0.0,0.0042786446657932,0.0560882864160238,53,23,1.3932208390001506,unknown,56488e26fdba,0.01,0.001 0.003 0.01 0.03,0.0716666666666667,30,300,1.0,,,True,0.7125,1e-06
a7_20260822T081428Z,2026-08-22T08:15:27+00:00,hyperplanes_n_features20_n_hyperplanes3_dim_hyperplanes5_seed33,5d05157a8a23e9156d9012fe5bfc8926359e808f10eae8c6681f7702f3b4462c,536dc33fc72f70f24b5e4a66498bcb9f9e3efe2f2c171de6faeab9c91f3265a1,B,L1,2.0,h42,35,35.0,295,3,0xe98c84d46f8b02b7,U0-2pi,pennylane,,,,0,val_full,600,val,0.69,0.7256181051084816,0.6888799678843838,0.7176190614700317,0.0,0.0042786446657932,0.0560882864160238,53,23,1.3932208390001506,unknown,56488e26fdba,0.01,0.001 0.003 0.01 0.03,0.0716666666666667,30,300,1.0,,,True,0.6816666666666666,1e-06
a7_20260822T081428Z,2026-08-22T08:15:21+00:00,hyperplanes_n_features20_n_hyperplanes3_dim_hyperplanes5_seed33,5d05157a8a23e9156d9012fe5bfc8926359e808f10eae8c6681f7702f3b4462c,536dc33fc72f70f24b5e4a66498bcb9f9e3efe2f2c171de6faeab9c91f3265a1,B,L2,2.0,linear,35,35.0,6,3,0xdec7e07515164a44,U0-2pi,pennylane,,,,0,test_full,1200,test,0.7666666666666667,0.8143986224565263,0.7664792013588686,0.7876190543174744,0.0,0.0423029733719965,0.0236011276140599,107,77,3.724605763,unknown,56488e26fdba,0.03,0.001 0.003 0.01 0.03,0.0716666666666667,30,300,1.0,,,True,0.7691666666666667,1e-06
a7_20260822T081428Z,2026-08-22T08:15:21+00:00,hyperplanes_n_features20_n_hyperplanes3_dim_hyperplanes5_seed33,5d05157a8a23e9156d9012fe5bfc8926359e808f10eae8c6681f7702f3b4462c,536dc33fc72f70f24b5e4a66498bcb9f9e3efe2f2c171de6faeab9c91f3265a1,B,L2,2.0,linear,35,35.0,6,3,0xdec7e07515164a44,U0-2pi,pennylane,,,,0,val_full,600,val,0.7683333333333333,0.7989669490487693,0.7660713734751865,0.7876190543174744,0.0,0.0423029733719965,0.0236011276140599,107,77,3.724605763,unknown,56488e26fdba,0.03,0.001 0.003 0.01 0.03,0.0716666666666667,30,300,1.0,,,True,0.7583333333333333,1e-06
a7_20260822T081428Z,2026-08-22T08:15:25+00:00,hyperplanes_n_features20_n_hyperplanes3_dim_hyperplanes5_seed33,5d05157a8a23e9156d9012fe5bfc8926359e808f10eae8c6681f7702f3b4462c,536dc33fc72f70f24b5e4a66498bcb9f9e3efe2f2c171de6faeab9c91f3265a1,B,L2,2.0,h2,35,35.0,15,3,0xdec7e07515164a44,U0-2pi,pennylane,,,,0,test_full,1200,test,0.7866666666666666,0.8602432469391799,0.7863794657261429,0.8178571462631226,0.0,0.0102403603900811,0.0540060355821592,158,128,4.104847865000011,unknown,56488e26fdba,0.01,0.001 0.003 0.01 0.03,0.0716666666666667,30,300,1.0,,,True,0.7691666666666667,1e-06
a7_20260822T081428Z,2026-08-22T08:15:25+00:00,hyperplanes_n_features20_n_hyperplanes3_dim_hyperplanes5_seed33,5d05157a8a23e9156d9012fe5bfc8926359e808f10eae8c6681f7702f3b4462c,536dc33fc72f70f24b5e4a66498bcb9f9e3efe2f2c171de6faeab9c91f3265a1,B,L2,2.0,h2,35,35.0,15,3,0xdec7e07515164a44,U0-2pi,pennylane,,,,0,val_full,600,val,0.8133333333333334,0.8431666128619297,0.8099547511312217,0.8178571462631226,0.0,0.0102403603900811,0.0540060355821592,158,128,4.104847865000011,unknown,56488e26fdba,0.01,0.001 0.003 0.01 0.03,0.0716666666666667,30,300,1.0,,,True,0.7583333333333333,1e-06
a7_20260822T081428Z,2026-08-22T08:15:27+00:00,hyperplanes_n_features20_n_hyperplanes3_dim_hyperplanes5_seed33,5d05157a8a23e9156d9012fe5bfc8926359e808f10eae8c6681f7702f3b4462c,536dc33fc72f70f24b5e4a66498bcb9f9e3efe2f2c171de6faeab9c91f3265a1,B,L2,2.0,h4,35,35.0,29,3,0xdec7e07515164a44,U0-2pi,pennylane,,,,0,test_full,1200,test,0.7875,0.8589971505836977,0.7873580910593806,0.8235714435577393,0.0,0.0051317013551617,0.0259751291012602,72,42,1.8630490559999089,unknown,56488e26fdba,0.01,0.001 0.003 0.01 0.03,0.0716666666666667,30,300,1.0,,,True,0.7691666666666667,1e-06
a7_20260822T081428Z,2026-08-22T08:15:27+00:00,hyperplanes_n_features20_n_hyperplanes3_dim_hyperplanes5_seed33,5d05157a8a23e9156d9012fe5bfc8926359e808f10eae8c6681f7702f3b4462c,536dc33fc72f70f24b5e4a66498bcb9f9e3efe2f2c171de6faeab9c91f3265a1,B,L2,2.0,h4,35,35.0,29,3,0xdec7e07515164a44,U0-2pi,pennylane,,,,0,val_full,600,val,0.805,0.8375727755451905,0.8025377555124877,0.8235714435577393,0.0,0.0051317013551617,0.0259751291012602,72,42,1.8630490559999089,unknown,56488e26fdba,0.01,0.001 0.003 0.01 0.03,0.0716666666666667,30,300,1.0,,,True,0.7583333333333333,1e-06
a7_20260822T081428Z,2026-08-22T08:15:29+00:00,hyperplanes_n_features20_n_hyperplanes3_dim_hyperplanes5_seed33,5d05157a8a23e9156d9012fe5bfc8926359e808f10eae8c6681f7702f3b4462c,536dc33fc72f70f24b5e4a66498bcb9f9e3efe2f2c171de6faeab9c91f3265a1,B,L2,2.0,h42,35,35.0,295,3,0xdec7e07515164a44,U0-2pi,pennylane,,,,0,test_full,1200,test,0.8025,0.8863945255484638,0.8016403035656621,0.8285714387893677,0.0,0.0030818906240787,0.0327173824233615,70,40,1.8671731999997967,unknown,56488e26fdba,0.01,0.001 0.003 0.01 0.03,0.0716666666666667,30,300,1.0,,,True,0.7691666666666667,1e-06
a7_20260822T081428Z,2026-08-22T08:15:29+00:00,hyperplanes_n_features20_n_hyperplanes3_dim_hyperplanes5_seed33,5d05157a8a23e9156d9012fe5bfc8926359e808f10eae8c6681f7702f3b4462c,536dc33fc72f70f24b5e4a66498bcb9f9e3efe2f2c171de6faeab9c91f3265a1,B,L2,2.0,h42,35,35.0,295,3,0xdec7e07515164a44,U0-2pi,pennylane,,,,0,val_full,600,val,0.8166666666666667,0.8605937816566664,0.8122525146784398,0.8285714387893677,0.0,0.0030818906240787,0.0327173824233615,70,40,1.8671731999997967,unknown,56488e26fdba,0.01,0.001 0.003 0.01 0.03,0.0716666666666667,30,300,1.0,,,True,0.7583333333333333,1e-06
a7_20260822T081428Z,2026-08-22T08:15:29+00:00,hyperplanes_n_features20_n_hyperplanes3_dim_hyperplanes5_seed33,5d05157a8a23e9156d9012fe5bfc8926359e808f10eae8c6681f7702f3b4462c,536dc33fc72f70f24b5e4a66498bcb9f9e3efe2f2c171de6faeab9c91f3265a1,D_best,,2.0,linear,3072,,513,4,0x919c9577afb001d0,RFF-int-spectrum-U0-2pi,pennylane,,,,0,test_full,1200,test,0.8291666666666667,0.8887443869847818,0.8291038860803726,0.8547618985176086,0.0,0.0750089845960237,0.0184608094600926,117,87,2.69210255400003,unknown,56488e26fdba,0.001,0.001 0.003 0.01 0.03,0.0716666666666667,30,300,1.0,512.0,0x919c9577afb001d0,True,0.84,0.0001
a7_20260822T081428Z,2026-08-22T08:15:29+00:00,hyperplanes_n_features20_n_hyperplanes3_dim_hyperplanes5_seed33,5d05157a8a23e9156d9012fe5bfc8926359e808f10eae8c6681f7702f3b4462c,536dc33fc72f70f24b5e4a66498bcb9f9e3efe2f2c171de6faeab9c91f3265a1,D_best,,2.0,linear,3072,,513,4,0x919c9577afb001d0,RFF-int-spectrum-U0-2pi,pennylane,,,,0,val_full,600,val,0.85,0.874108047333326,0.8472850678733032,0.8547618985176086,0.0,0.0750089845960237,0.0184608094600926,117,87,2.69210255400003,unknown,56488e26fdba,0.001,0.001 0.003 0.01 0.03,0.0716666666666667,30,300,1.0,512.0,0x919c9577afb001d0,True,0.8483333333333334,0.0001
a7_20260822T081428Z,2026-08-22T08:15:24+00:00,hyperplanes_n_features20_n_hyperplanes3_dim_hyperplanes5_seed33,5d05157a8a23e9156d9012fe5bfc8926359e808f10eae8c6681f7702f3b4462c,536dc33fc72f70f24b5e4a66498bcb9f9e3efe2f2c171de6faeab9c91f3265a1,E,,,linear,0,,6,4,,,pennylane,,,,0,test_full,1200,test,0.77,0.8195797599345834,0.7699974444160491,0.7866666913032532,0.0,0.0309239802613085,0.014300516703525,98,68,1.8323455390000165,unknown,56488e26fdba,0.1,0.001 0.003 0.01 0.03 0.1,0.0716666666666667,30,300,1.0,,,True,0.7758333333333334,1e-06
a7_20260822T081428Z,2026-08-22T08:15:24+00:00,hyperplanes_n_features20_n_hyperplanes3_dim_hyperplanes5_seed33,5d05157a8a23e9156d9012fe5bfc8926359e808f10eae8c6681f7702f3b4462c,536dc33fc72f70f24b5e4a66498bcb9f9e3efe2f2c171de6faeab9c91f3265a1,E,,,linear,0,,6,4,,,pennylane,,,,0,val_full,600,val,0.77,0.8127261190457638,0.7679788378766141,0.7866666913032532,0.0,0.0309239802613085,0.014300516703525,98,68,1.8323455390000165,unknown,56488e26fdba,0.1,0.001 0.003 0.01 0.03 0.1,0.0716666666666667,30,300,1.0,,,True,0.76,1e-06
a7_20260822T081428Z,2026-08-22T08:15:27+00:00,hyperplanes_n_features20_n_hyperplanes3_dim_hyperplanes5_seed33,5d05157a8a23e9156d9012fe5bfc8926359e808f10eae8c6681f7702f3b4462c,536dc33fc72f70f24b5e4a66498bcb9f9e3efe2f2c171de6faeab9c91f3265a1,E,,,h2,0,,15,4,,,pennylane,,,,0,test_full,1200,test,0.8233333333333334,0.8803440509713413,0.8225045280881003,0.8480952382087708,0.0,0.0077534358016904,0.0413262904068017,105,75,2.707913644999735,unknown,56488e26fdba,0.03,0.001 0.003 0.01 0.03 0.1,0.0716666666666667,30,300,1.0,,,True,0.7758333333333334,1e-06
a7_20260822T081428Z,2026-08-22T08:15:27+00:00,hyperplanes_n_features20_n_hyperplanes3_dim_hyperplanes5_seed33,5d05157a8a23e9156d9012fe5bfc8926359e808f10eae8c6681f7702f3b4462c,536dc33fc72f70f24b5e4a66498bcb9f9e3efe2f2c171de6faeab9c91f3265a1,E,,,h2,0,,15,4,,,pennylane,,,,0,val_full,600,val,0.8466666666666667,0.8843383687145862,0.8424639550679802,0.8480952382087708,0.0,0.0077534358016904,0.0413262904068017,105,75,2.707913644999735,unknown,56488e26fdba,0.03,0.001 0.003 0.01 0.03 0.1,0.0716666666666667,30,300,1.0,,,True,0.76,1e-06
a7_20260822T081428Z,2026-08-22T08:15:29+00:00,hyperplanes_n_features20_n_hyperplanes3_dim_hyperplanes5_seed33,5d05157a8a23e9156d9012fe5bfc8926359e808f10eae8c6681f7702f3b4462c,536dc33fc72f70f24b5e4a66498bcb9f9e3efe2f2c171de6faeab9c91f3265a1,E,,,h4,0,,29,4,,,pennylane,,,,0,test_full,1200,test,0.8108333333333333,0.904674326507944,0.8100915032679739,0.8399999737739563,0.0,0.0104643482133089,0.0410948037952501,67,37,1.7244873049999114,unknown,56488e26fdba,0.01,0.001 0.003 0.01 0.03 0.1,0.0716666666666667,30,300,1.0,,,True,0.7758333333333334,1e-06
a7_20260822T081428Z,2026-08-22T08:15:29+00:00,hyperplanes_n_features20_n_hyperplanes3_dim_hyperplanes5_seed33,5d05157a8a23e9156d9012fe5bfc8926359e808f10eae8c6681f7702f3b4462c,536dc33fc72f70f24b5e4a66498bcb9f9e3efe2f2c171de6faeab9c91f3265a1,E,,,h4,0,,29,4,,,pennylane,,,,0,val_full,600,val,0.8366666666666667,0.9049882557246384,0.8323754789272031,0.8399999737739563,0.0,0.0104643482133089,0.0410948037952501,67,37,1.7244873049999114,unknown,56488e26fdba,0.01,0.001 0.003 0.01 0.03 0.1,0.0716666666666667,30,300,1.0,,,True,0.76,1e-06
a7_20260822T081428Z,2026-08-22T08:15:32+00:00,hyperplanes_n_features20_n_hyperplanes3_dim_hyperplanes5_seed33,5d05157a8a23e9156d9012fe5bfc8926359e808f10eae8c6681f7702f3b4462c,536dc33fc72f70f24b5e4a66498bcb9f9e3efe2f2c171de6faeab9c91f3265a1,E,,,h42,0,,295,4,,,pennylane,,,,0,test_full,1200,test,0.9483333333333334,0.9917531584984328,0.94822849603781,0.9671428799629213,0.0,0.0086120705213341,0.0169937420873841,133,103,3.533421065999846,unknown,56488e26fdba,0.03,0.001 0.003 0.01 0.03 0.1,0.0716666666666667,30,300,1.0,,,True,0.7758333333333334,1e-06
a7_20260822T081428Z,2026-08-22T08:15:32+00:00,hyperplanes_n_features20_n_hyperplanes3_dim_hyperplanes5_seed33,5d05157a8a23e9156d9012fe5bfc8926359e808f10eae8c6681f7702f3b4462c,536dc33fc72f70f24b5e4a66498bcb9f9e3efe2f2c171de6faeab9c91f3265a1,E,,,h42,0,,295,4,,,pennylane,,,,0,val_full,600,val,0.9483333333333334,0.9890683617014172,0.948041064320134,0.9671428799629213,0.0,0.0086120705213341,0.0169937420873841,133,103,3.533421065999846,unknown,56488e26fdba,0.03,0.001 0.003 0.01 0.03 0.1,0.0716666666666667,30,300,1.0,,,True,0.76,1e-06
a7_20260822T081428Z,2026-08-22T08:15:19+00:00,hyperplanes_n_features20_n_hyperplanes3_dim_hyperplanes5_seed33,5d05157a8a23e9156d9012fe5bfc8926359e808f10eae8c6681f7702f3b4462c,536dc33fc72f70f24b5e4a66498bcb9f9e3efe2f2c171de6faeab9c91f3265a1,B,L1,2.0,linear,35,35.0,6,1,0x1ddc9c443a3565bb,U0-2pi,pennylane,,,,0,test_full,1200,test,0.745,0.7926093787937565,0.7448979591836735,0.7595238089561462,0.0,0.0553784060877962,0.0495672777300062,64,34,2.772925443999611,unknown,56488e26fdba,0.03,0.001 0.003 0.01 0.03,0.0716666666666667,30,300,1.0,,,True,0.745,1.0
a7_20260822T081428Z,2026-08-22T08:15:19+00:00,hyperplanes_n_features20_n_hyperplanes3_dim_hyperplanes5_seed33,5d05157a8a23e9156d9012fe5bfc8926359e808f10eae8c6681f7702f3b4462c,536dc33fc72f70f24b5e4a66498bcb9f9e3efe2f2c171de6faeab9c91f3265a1,B,L1,2.0,linear,35,35.0,6,1,0x1ddc9c443a3565bb,U0-2pi,pennylane,,,,0,val_full,600,val,0.74,0.7776491411650766,0.7381818181818182,0.7595238089561462,0.0,0.0553784060877962,0.0495672777300062,64,34,2.772925443999611,unknown,56488e26fdba,0.03,0.001 0.003 0.01 0.03,0.0716666666666667,30,300,1.0,,,True,0.7333333333333333,1.0
a7_20260822T081428Z,2026-08-22T08:15:21+00:00,hyperplanes_n_features20_n_hyperplanes3_dim_hyperplanes5_seed33,5d05157a8a23e9156d9012fe5bfc8926359e808f10eae8c6681f7702f3b4462c,536dc33fc72f70f24b5e4a66498bcb9f9e3efe2f2c171de6faeab9c91f3265a1,B,L1,2.0,h2,35,35.0,15,1,0x1ddc9c443a3565bb,U0-2pi,pennylane,,,,0,test_full,1200,test,0.7991666666666667,0.841343886313592,0.7990928611969258,0.8161904811859131,0.0,0.026350183526708,0.0876134017042685,68,38,1.7707880580001074,unknown,56488e26fdba,0.03,0.001 0.003 0.01 0.03,0.0716666666666667,30,300,1.0,,,True,0.745,1.0
a7_20260822T081428Z,2026-08-22T08:15:21+00:00,hyperplanes_n_features20_n_hyperplanes3_dim_hyperplanes5_seed33,5d05157a8a23e9156d9012fe5bfc8926359e808f10eae8c6681f7702f3b4462c,536dc33fc72f70f24b5e4a66498bcb9f9e3efe2f2c171de6faeab9c91f3265a1,B,L1,2.0,h2,35,35.0,15,1,0x1ddc9c443a3565bb,U0-2pi,pennylane,,,,0,val_full,600,val,0.795,0.8367434404604202,0.7928589672700328,0.8161904811859131,0.0,0.026350183526708,0.0876134017042685,68,38,1.7707880580001074,unknown,56488e26fdba,0.03,0.001 0.003 0.01 0.03,0.0716666666666667,30,300,1.0,,,True,0.7333333333333333,1.0
a7_20260822T081428Z,2026-08-22T08:15:27+00:00,hyperplanes_n_features20_n_hyperplanes3_dim_hyperplanes5_seed33,5d05157a8a23e9156d9012fe5bfc8926359e808f10eae8c6681f7702f3b4462c,536dc33fc72f70f24b5e4a66498bcb9f9e3efe2f2c171de6faeab9c91f3265a1,B,L1,2.0,h4,35,35.0,29,1,0x1ddc9c443a3565bb,U0-2pi,pennylane,,,,0,test_full,1200,test,0.7933333333333333,0.8534029733282356,0.7933327592576647,0.8176190257072449,0.0,0.0269226848912603,0.0717253378867594,210,180,5.472655895999651,unknown,56488e26fdba,0.01,0.001 0.003 0.01 0.03,0.0716666666666667,30,300,1.0,,,True,0.745,1.0
a7_20260822T081428Z,2026-08-22T08:15:27+00:00,hyperplanes_n_features20_n_hyperplanes3_dim_hyperplanes5_seed33,5d05157a8a23e9156d9012fe5bfc8926359e808f10eae8c6681f7702f3b4462c,536dc33fc72f70f24b5e4a66498bcb9f9e3efe2f2c171de6faeab9c91f3265a1,B,L1,2.0,h4,35,35.0,29,1,0x1ddc9c443a3565bb,U0-2pi,pennylane,,,,0,val_full,600,val,0.81,0.8470962140018479,0.8082078085218543,0.8176190257072449,0.0,0.0269226848912603,0.0717253378867594,210,180,5.472655895999651,unknown,56488e26fdba,0.01,0.001 0.003 0.01 0.03,0.0716666666666667,30,300,1.0,,,True,0.7333333333333333,1.0
a7_20260822T081428Z,2026-08-22T08:15:33+00:00,hyperplanes_n_features20_n_hyperplanes3_dim_hyperplanes5_seed33,5d05157a8a23e9156d9012fe5bfc8926359e808f10eae8c6681f7702f3b4462c,536dc33fc72f70f24b5e4a66498bcb9f9e3efe2f2c171de6faeab9c91f3265a1,B,L1,2.0,h42,35,35.0,295,1,0x1ddc9c443a3565bb,U0-2pi,pennylane,,,,0,test_full,1200,test,0.8775,0.9570578171964088,0.8774897057322177,0.8966666460037231,0.0,0.008700821819015,0.0680448172523576,244,214,6.455737903000227,unknown,56488e26fdba,0.01,0.001 0.003 0.01 0.03,0.0716666666666667,30,300,1.0,,,True,0.745,1.0
a7_20260822T081428Z,2026-08-22T08:15:33+00:00,hyperplanes_n_features20_n_hyperplanes3_dim_hyperplanes5_seed33,5d05157a8a23e9156d9012fe5bfc8926359e808f10eae8c6681f7702f3b4462c,536dc33fc72f70f24b5e4a66498bcb9f9e3efe2f2c171de6faeab9c91f3265a1,B,L1,2.0,h42,35,35.0,295,1,0x1ddc9c443a3565bb,U0-2pi,pennylane,,,,0,val_full,600,val,0.8766666666666667,0.9446182275606416,0.8755828550932568,0.8966666460037231,0.0,0.008700821819015,0.0680448172523576,244,214,6.455737903000227,unknown,56488e26fdba,0.01,0.001 0.003 0.01 0.03,0.0716666666666667,30,300,1.0,,,True,0.7333333333333333,1.0
a7_20260822T081428Z,2026-08-22T08:15:29+00:00,hyperplanes_n_features20_n_hyperplanes3_dim_hyperplanes5_seed33,5d05157a8a23e9156d9012fe5bfc8926359e808f10eae8c6681f7702f3b4462c,536dc33fc72f70f24b5e4a66498bcb9f9e3efe2f2c171de6faeab9c91f3265a1,B,L1,2.0,linear,35,35.0,6,4,0xc975238400fc39ed,U0-2pi,pennylane,,,,0,test_full,1200,test,0.7491666666666666,0.8027735062890888,0.7485588425910135,0.7769047617912292,0.0,0.0494025621928407,0.0400315889307382,34,4,0.6196007979997376,unknown,56488e26fdba,0.03,0.001 0.003 0.01 0.03,0.0716666666666667,30,300,1.0,,,True,0.7658333333333334,1e-06
a7_20260822T081428Z,2026-08-22T08:15:29+00:00,hyperplanes_n_features20_n_hyperplanes3_dim_hyperplanes5_seed33,5d05157a8a23e9156d9012fe5bfc8926359e808f10eae8c6681f7702f3b4462c,536dc33fc72f70f24b5e4a66498bcb9f9e3efe2f2c171de6faeab9c91f3265a1,B,L1,2.0,linear,35,35.0,6,4,0xc975238400fc39ed,U0-2pi,pennylane,,,,0,val_full,600,val,0.78,0.8008148634658414,0.7766018661642089,0.7769047617912292,0.0,0.0494025621928407,0.0400315889307382,34,4,0.6196007979997376,unknown,56488e26fdba,0.03,0.001 0.003 0.01 0.03,0.0716666666666667,30,300,1.0,,,True,0.7666666666666667,1e-06
a7_20260822T081428Z,2026-08-22T08:15:31+00:00,hyperplanes_n_features20_n_hyperplanes3_dim_hyperplanes5_seed33,5d05157a8a23e9156d9012fe5bfc8926359e808f10eae8c6681f7702f3b4462c,536dc33fc72f70f24b5e4a66498bcb9f9e3efe2f2c171de6faeab9c91f3265a1,B,L1,2.0,h2,35,35.0,15,4,0xc975238400fc39ed,U0-2pi,pennylane,,,,0,test_full,1200,test,0.7416666666666667,0.8112659390096534,0.7382044201227905,0.7850000262260437,0.0,0.0063849374053326,0.06553356737338,61,31,1.5775390139997398,unknown,56488e26fdba,0.03,0.001 0.003 0.01 0.03,0.0716666666666667,30,300,1.0,,,True,0.7658333333333334,1e-06
a7_20260822T081428Z,2026-08-22T08:15:31+00:00,hyperplanes_n_features20_n_hyperplanes3_dim_hyperplanes5_seed33,5d05157a8a23e9156d9012fe5bfc8926359e808f10eae8c6681f7702f3b4462c,536dc33fc72f70f24b5e4a66498bcb9f9e3efe2f2c171de6faeab9c91f3265a1,B,L1,2.0,h2,35,35.0,15,4,0xc975238400fc39ed,U0-2pi,pennylane,,,,0,val_full,600,val,0.785,0.8067927552849239,0.7768005190685603,0.7850000262260437,0.0,0.0063849374053326,0.06553356737338,61,31,1.5775390139997398,unknown,56488e26fdba,0.03,0.001 0.003 0.01 0.03,0.0716666666666667,30,300,1.0,,,True,0.7666666666666667,1e-06
a7_20260822T081428Z,2026-08-22T08:15:32+00:00,hyperplanes_n_features20_n_hyperplanes3_dim_hyperplanes5_seed33,5d05157a8a23e9156d9012fe5bfc8926359e808f10eae8c6681f7702f3b4462c,536dc33fc72f70f24b5e4a66498bcb9f9e3efe2f2c171de6faeab9c91f3265a1,B,L1,2.0,h4,35,35.0,29,4,0xc975238400fc39ed,U0-2pi,pennylane,,,,0,test_full,1200,test,0.7458333333333333,0.8037447079278519,0.7453734140624837,0.7754762172698975,0.0,0.014907334823832,0.0550914535572108,34,4,0.8439842620000491,unknown,56488e26fdba,0.01,0.001 0.003 0.01 0.03,0.0716666666666667,30,300,1.0,,,True,0.7658333333333334,1e-06
a7_20260822T081428Z,2026-08-22T08:15:32+00:00,hyperplanes_n_features20_n_hyperplanes3_dim_hyperplanes5_seed33,5d05157a8a23e9156d9012fe5bfc8926359e808f10eae8c6681f7702f3b4462c,536dc33fc72f70f24b5e4a66498bcb9f9e3efe2f2c171de6faeab9c91f3265a1,B,L1,2.0,h4,35,35.0,29,4,0xc975238400fc39ed,U0-2pi,pennylane,,,,0,val_full,600,val,0.775,0.8021952332713651,0.772158948668255,0.7754762172698975,0.0,0.014907334823832,0.0550914535572108,34,4,0.8439842620000491,unknown,56488e26fdba,0.01,0.001 0.003 0.01 0.03,0.0716666666666667,30,300,1.0,,,True,0.7666666666666667,1e-06
a7_20260822T081428Z,2026-08-22T08:15:34+00:00,hyperplanes_n_features20_n_hyperplanes3_dim_hyperplanes5_seed33,5d05157a8a23e9156d9012fe5bfc8926359e808f10eae8c6681f7702f3b4462c,536dc33fc72f70f24b5e4a66498bcb9f9e3efe2f2c171de6faeab9c91f3265a1,B,L1,2.0,h42,35,35.0,295,4,0xc975238400fc39ed,U0-2pi,pennylane,,,,0,test_full,1200,test,0.7833333333333333,0.8692394207396203,0.781289606209132,0.8090476393699646,0.0,0.0101674235634499,0.0202803131096225,77,47,2.0474574670001857,unknown,56488e26fdba,0.01,0.001 0.003 0.01 0.03,0.0716666666666667,30,300,1.0,,,True,0.7658333333333334,1e-06
a7_20260822T081428Z,2026-08-22T08:15:34+00:00,hyperplanes_n_features20_n_hyperplanes3_dim_hyperplanes5_seed33,5d05157a8a23e9156d9012fe5bfc8926359e808f10eae8c6681f7702f3b4462c,536dc33fc72f70f24b5e4a66498bcb9f9e3efe2f2c171de6faeab9c91f3265a1,B,L1,2.0,h42,35,35.0,295,4,0xc975238400fc39ed,U0-2pi,pennylane,,,,0,val_full,600,val,0.8116666666666666,0.8683973238636997,0.8063957921067736,0.8090476393699646,0.0,0.0101674235634499,0.0202803131096225,77,47,2.0474574670001857,unknown,56488e26fdba,0.01,0.001 0.003 0.01 0.03,0.0716666666666667,30,300,1.0,,,True,0.7666666666666667,1e-06
a7_20260822T081428Z,2026-08-22T08:15:25+00:00,hyperplanes_n_features20_n_hyperplanes3_dim_hyperplanes5_seed33,5d05157a8a23e9156d9012fe5bfc8926359e808f10eae8c6681f7702f3b4462c,536dc33fc72f70f24b5e4a66498bcb9f9e3efe2f2c171de6faeab9c91f3265a1,D_matched,,2.0,linear,30,,6,4,0x80ec42dc400d77f3,RFF-int-spectrum-U0-2pi,pennylane,,,,0,test_full,1200,test,0.6416666666666667,0.7102330604852102,0.6382866564227953,0.6709523797035217,0.0,0.0454537411516097,0.0305830602654661,57,27,1.0509359530001348,unknown,56488e26fdba,0.03,0.001 0.003 0.01 0.03,0.0716666666666667,30,300,1.0,,0x80ec42dc400d77f3,True,0.6566666666666666,1e-06
a7_20260822T081428Z,2026-08-22T08:15:25+00:00,hyperplanes_n_features20_n_hyperplanes3_dim_hyperplanes5_seed33,5d05157a8a23e9156d9012fe5bfc8926359e808f10eae8c6681f7702f3b4462c,536dc33fc72f70f24b5e4a66498bcb9f9e3efe2f2c171de6faeab9c91f3265a1,D_matched,,2.0,linear,30,,6,4,0x80ec42dc400d77f3,RFF-int-spectrum-U0-2pi,pennylane,,,,0,val_full,600,val,0.6383333333333333,0.6947601607462902,0.6269073715882226,0.6709523797035217,0.0,0.0454537411516097,0.0305830602654661,57,27,1.0509359530001348,unknown,56488e26fdba,0.03,0.001 0.003 0.01 0.03,0.0716666666666667,30,300,1.0,,0x80ec42dc400d77f3,True,0.615,1e-06
a7_20260822T081428Z,2026-08-22T08:15:28+00:00,hyperplanes_n_features20_n_hyperplanes3_dim_hyperplanes5_seed33,5d05157a8a23e9156d9012fe5bfc8926359e808f10eae8c6681f7702f3b4462c,536dc33fc72f70f24b5e4a66498bcb9f9e3efe2f2c171de6faeab9c91f3265a1,D_matched,,2.0,h2,30,,15,4,0x80ec42dc400d77f3,RFF-int-spectrum-U0-2pi,pennylane,,,,0,test_full,1200,test,0.6616666666666666,0.7290040438826856,0.66164316966456,0.6921428442001343,0.0,0.0117893337181191,0.2567084978950649,125,95,3.222499227999833,unknown,56488e26fdba,0.01,0.001 0.003 0.01 0.03,0.0716666666666667,30,300,1.0,,0x80ec42dc400d77f3,True,0.6566666666666666,1e-06
a7_20260822T081428Z,2026-08-22T08:15:28+00:00,hyperplanes_n_features20_n_hyperplanes3_dim_hyperplanes5_seed33,5d05157a8a23e9156d9012fe5bfc8926359e808f10eae8c6681f7702f3b4462c,536dc33fc72f70f24b5e4a66498bcb9f9e3efe2f2c171de6faeab9c91f3265a1,D_matched,,2.0,h2,30,,15,4,0x80ec42dc400d77f3,RFF-int-spectrum-U0-2pi,pennylane,,,,0,val_full,600,val,0.6666666666666666,0.7287740312364329,0.664695823227638,0.6921428442001343,0.0,0.0117893337181191,0.2567084978950649,125,95,3.222499227999833,unknown,56488e26fdba,0.01,0.001 0.003 0.01 0.03,0.0716666666666667,30,300,1.0,,0x80ec42dc400d77f3,True,0.615,1e-06
a7_20260822T081428Z,2026-08-22T08:15:30+00:00,hyperplanes_n_features20_n_hyperplanes3_dim_hyperplanes5_seed33,5d05157a8a23e9156d9012fe5bfc8926359e808f10eae8c6681f7702f3b4462c,536dc33fc72f70f24b5e4a66498bcb9f9e3efe2f2c171de6faeab9c91f3265a1,D_matched,,2.0,h2,30,,15,4,0x80ec42dc400d77f3,RFF-int-spectrum-U0-2pi,pennylane,,,,0,test_full,1200,test,0.6591666666666667,0.7266262743532996,0.6591664299766875,0.6864285469055176,0.0,0.0117893337181191,0.0743879105411145,84,54,2.166721227999915,unknown,56488e26fdba,0.03,0.001 0.003 0.01 0.03,0.0716666666666667,30,300,1.0,,0x80ec42dc400d77f3,True,0.6566666666666666,1e-06
a7_20260822T081428Z,2026-08-22T08:15:30+00:00,hyperplanes_n_features20_n_hyperplanes3_dim_hyperplanes5_seed33,5d05157a8a23e9156d9012fe5bfc8926359e808f10eae8c6681f7702f3b4462c,536dc33fc72f70f24b5e4a66498bcb9f9e3efe2f2c171de6faeab9c91f3265a1,D_matched,,2.0,h2,30,,15,4,0x80ec42dc400d77f3,RFF-int-spectrum-U0-2pi,pennylane,,,,0,val_full,600,val,0.6683333333333333,0.7343400385167704,0.6664571548292478,0.6864285469055176,0.0,0.0117893337181191,0.0743879105411145,84,54,2.166721227999915,unknown,56488e26fdba,0.03,0.001 0.003 0.01 0.03,0.0716666666666667,30,300,1.0,,0x80ec42dc400d77f3,True,0.615,1e-06
a7_20260822T081428Z,2026-08-22T08:15:33+00:00,hyperplanes_n_features20_n_hyperplanes3_dim_hyperplanes5_seed33,5d05157a8a23e9156d9012fe5bfc8926359e808f10eae8c6681f7702f3b4462c,536dc33fc72f70f24b5e4a66498bcb9f9e3efe2f2c171de6faeab9c91f3265a1,D_matched,,2.0,h4,30,,29,4,0x80ec42dc400d77f3,RFF-int-spectrum-U0-2pi,pennylane,,,,0,test_full,1200,test,0.6991666666666667,0.7665069393473414,0.6981098414658538,0.7180952429771423,0.0,0.0148500669800199,0.0681017935606727,103,73,2.6498791960002563,unknown,56488e26fdba,0.01,0.001 0.003 0.01 0.03,0.0716666666666667,30,300,1.0,,0x80ec42dc400d77f3,True,0.6566666666666666,1e-06
a7_20260822T081428Z,2026-08-22T08:15:33+00:00,hyperplanes_n_features20_n_hyperplanes3_dim_hyperplanes5_seed33,5d05157a8a23e9156d9012fe5bfc8926359e808f10eae8c6681f7702f3b4462c,536dc33fc72f70f24b5e4a66498bcb9f9e3efe2f2c171de6faeab9c91f3265a1,D_matched,,2.0,h4,30,,29,4,0x80ec42dc400d77f3,RFF-int-spectrum-U0-2pi,pennylane,,,,0,val_full,600,val,0.7316666666666667,0.7810221415769611,0.7316062780792345,0.7180952429771423,0.0,0.0148500669800199,0.0681017935606727,103,73,2.6498791960002563,unknown,56488e26fdba,0.01,0.001 0.003 0.01 0.03,0.0716666666666667,30,300,1.0,,0x80ec42dc400d77f3,True,0.615,1e-06
a7_20260822T081428Z,2026-08-22T08:15:35+00:00,hyperplanes_n_features20_n_hyperplanes3_dim_hyperplanes5_seed33,5d05157a8a23e9156d9012fe5bfc8926359e808f10eae8c6681f7702f3b4462c,536dc33fc72f70f24b5e4a66498bcb9f9e3efe2f2c171de6faeab9c91f3265a1,D_matched,,2.0,h42,30,,295,4,0x80ec42dc400d77f3,RFF-int-spectrum-U0-2pi,pennylane,,,,0,test_full,1200,test,0.73,0.8018023046503256,0.7297289782253871,0.761904776096344,0.0,0.0145123200032362,0.0241993066359233,91,61,2.406251585000064,unknown,56488e26fdba,0.01,0.001 0.003 0.01 0.03,0.0716666666666667,30,300,1.0,,0x80ec42dc400d77f3,True,0.6566666666666666,1e-06
a7_20260822T081428Z,2026-08-22T08:15:35+00:00,hyperplanes_n_features20_n_hyperplanes3_dim_hyperplanes5_seed33,5d05157a8a23e9156d9012fe5bfc8926359e808f10eae8c6681f7702f3b4462c,536dc33fc72f70f24b5e4a66498bcb9f9e3efe2f2c171de6faeab9c91f3265a1,D_matched,,2.0,h42,30,,295,4,0x80ec42dc400d77f3,RFF-int-spectrum-U0-2pi,pennylane,,,,0,val_full,600,val,0.765,0.8234017210094511,0.764197616890809,0.761904776096344,0.0,0.0145123200032362,0.0241993066359233,91,61,2.406251585000064,unknown,56488e26fdba,0.01,0.001 0.003 0.01 0.03,0.0716666666666667,30,300,1.0,,0x80ec42dc400d77f3,True,0.615,1e-06
a7_20260822T081428Z,2026-08-22T08:15:21+00:00,hyperplanes_n_features20_n_hyperplanes3_dim_hyperplanes5_seed33,5d05157a8a23e9156d9012fe5bfc8926359e808f10eae8c6681f7702f3b4462c,536dc33fc72f70f24b5e4a66498bcb9f9e3efe2f2c171de6faeab9c91f3265a1,B,L2,2.0,linear,35,35.0,6,1,0x9aed96d53998f1c9,U0-2pi,pennylane,,,,0,test_full,1200,test,0.7116666666666667,0.7598424867227247,0.7116378304497117,0.7245237827301025,0.0,0.0254327500256398,0.0822589416361194,118,88,4.00041850200023,unknown,56488e26fdba,0.03,0.001 0.003 0.01 0.03,0.0716666666666667,30,300,1.0,,,True,0.7091666666666666,1e-06
a7_20260822T081428Z,2026-08-22T08:15:21+00:00,hyperplanes_n_features20_n_hyperplanes3_dim_hyperplanes5_seed33,5d05157a8a23e9156d9012fe5bfc8926359e808f10eae8c6681f7702f3b4462c,536dc33fc72f70f24b5e4a66498bcb9f9e3efe2f2c171de6faeab9c91f3265a1,B,L2,2.0,linear,35,35.0,6,1,0x9aed96d53998f1c9,U0-2pi,pennylane,,,,0,val_full,600,val,0.685,0.7330542908350124,0.6814884097171314,0.7245237827301025,0.0,0.0254327500256398,0.0822589416361194,118,88,4.00041850200023,unknown,56488e26fdba,0.03,0.001 0.003 0.01 0.03,0.0716666666666667,30,300,1.0,,,True,0.6733333333333333,1e-06
a7_20260822T081428Z,2026-08-22T08:15:27+00:00,hyperplanes_n_features20_n_hyperplanes3_dim_hyperplanes5_seed33,5d05157a8a23e9156d9012fe5bfc8926359e808f10eae8c6681f7702f3b4462c,536dc33fc72f70f24b5e4a66498bcb9f9e3efe2f2c171de6faeab9c91f3265a1,B,L2,2.0,h2,35,35.0,15,1,0x9aed96d53998f1c9,U0-2pi,pennylane,,,,0,test_full,1200,test,0.7491666666666666,0.8011841403888713,0.7470799002043947,0.7400000095367432,0.0,0.0241121990608374,0.0309369330467629,251,221,6.505830965999849,unknown,56488e26fdba,0.01,0.001 0.003 0.01 0.03,0.0716666666666667,30,300,1.0,,,True,0.7091666666666666,1e-06
a7_20260822T081428Z,2026-08-22T08:15:27+00:00,hyperplanes_n_features20_n_hyperplanes3_dim_hyperplanes5_seed33,5d05157a8a23e9156d9012fe5bfc8926359e808f10eae8c6681f7702f3b4462c,536dc33fc72f70f24b5e4a66498bcb9f9e3efe2f2c171de6faeab9c91f3265a1,B,L2,2.0,h2,35,35.0,15,1,0x9aed96d53998f1c9,U0-2pi,pennylane,,,,0,val_full,600,val,0.7383333333333333,0.7771704645389677,0.7294028766025411,0.7400000095367432,0.0,0.0241121990608374,0.0309369330467629,251,221,6.505830965999849,unknown,56488e26fdba,0.01,0.001 0.003 0.01 0.03,0.0716666666666667,30,300,1.0,,,True,0.6733333333333333,1e-06
a7_20260822T081428Z,2026-08-22T08:15:35+00:00,hyperplanes_n_features20_n_hyperplanes3_dim_hyperplanes5_seed33,5d05157a8a23e9156d9012fe5bfc8926359e808f10eae8c6681f7702f3b4462c,536dc33fc72f70f24b5e4a66498bcb9f9e3efe2f2c171de6faeab9c91f3265a1,B,L2,2.0,h4,35,35.0,29,1,0x9aed96d53998f1c9,U0-2pi,pennylane,,,,0,test_full,1200,test,0.7533333333333333,0.81313438584055,0.7526731079353497,0.7557142972946167,0.0,0.0304172315348501,0.0766714349742162,297,267,7.66868738400035,unknown,56488e26fdba,0.01,0.001 0.003 0.01 0.03,0.0716666666666667,30,300,1.0,,,True,0.7091666666666666,1e-06
a7_20260822T081428Z,2026-08-22T08:15:35+00:00,hyperplanes_n_features20_n_hyperplanes3_dim_hyperplanes5_seed33,5d05157a8a23e9156d9012fe5bfc8926359e808f10eae8c6681f7702f3b4462c,536dc33fc72f70f24b5e4a66498bcb9f9e3efe2f2c171de6faeab9c91f3265a1,B,L2,2.0,h4,35,35.0,29,1,0x9aed96d53998f1c9,U0-2pi,pennylane,,,,0,val_full,600,val,0.7433333333333333,0.8158319511081921,0.7376907703488372,0.7557142972946167,0.0,0.0304172315348501,0.0766714349742162,297,267,7.66868738400035,unknown,56488e26fdba,0.01,0.001 0.003 0.01 0.03,0.0716666666666667,30,300,1.0,,,True,0.6733333333333333,1e-06
a7_20260822T081428Z,2026-08-22T08:15:38+00:00,hyperplanes_n_features20_n_hyperplanes3_dim_hyperplanes5_seed33,5d05157a8a23e9156d9012fe5bfc8926359e808f10eae8c6681f7702f3b4462c,536dc33fc72f70f24b5e4a66498bcb9f9e3efe2f2c171de6faeab9c91f3265a1,B,L2,2.0,h42,35,35.0,295,1,0x9aed96d53998f1c9,U0-2pi,pennylane,,,,0,test_full,1200,test,0.77,0.8448393749703477,0.7690737290688205,0.7626190185546875,0.0,0.0077063592329799,0.0151979887335908,94,64,2.48822531399992,unknown,56488e26fdba,0.01,0.001 0.003 0.01 0.03,0.0716666666666667,30,300,1.0,,,True,0.7091666666666666,1e-06
a7_20260822T081428Z,2026-08-22T08:15:38+00:00,hyperplanes_n_features20_n_hyperplanes3_dim_hyperplanes5_seed33,5d05157a8a23e9156d9012fe5bfc8926359e808f10eae8c6681f7702f3b4462c,536dc33fc72f70f24b5e4a66498bcb9f9e3efe2f2c171de6faeab9c91f3265a1,B,L2,2.0,h42,35,35.0,295,1,0x9aed96d53998f1c9,U0-2pi,pennylane,,,,0,val_full,600,val,0.77,0.8265854771738042,0.769792813532179,0.7626190185546875,0.0,0.0077063592329799,0.0151979887335908,94,64,2.48822531399992,unknown,56488e26fdba,0.01,0.001 0.003 0.01 0.03,0.0716666666666667,30,300,1.0,,,True,0.6733333333333333,1e-06
a7_20260822T081428Z,2026-08-22T08:15:35+00:00,hyperplanes_n_features20_n_hyperplanes3_dim_hyperplanes5_seed33,5d05157a8a23e9156d9012fe5bfc8926359e808f10eae8c6681f7702f3b4462c,536dc33fc72f70f24b5e4a66498bcb9f9e3efe2f2c171de6faeab9c91f3265a1,B,L2,2.0,linear,35,35.0,6,4,0xc9f964aa2896fb2f,U0-2pi,pennylane,,,,0,test_full,1200,test,0.7491666666666666,0.8166187112600783,0.7489991584661708,0.7742857336997986,0.0,0.0148049326455311,0.0045583977662598,280,250,5.290636133000135,unknown,56488e26fdba,0.03,0.001 0.003 0.01 0.03,0.0716666666666667,30,300,1.0,,,True,0.7541666666666667,1e-06
a7_20260822T081428Z,2026-08-22T08:15:35+00:00,hyperplanes_n_features20_n_hyperplanes3_dim_hyperplanes5_seed33,5d05157a8a23e9156d9012fe5bfc8926359e808f10eae8c6681f7702f3b4462c,536dc33fc72f70f24b5e4a66498bcb9f9e3efe2f2c171de6faeab9c91f3265a1,B,L2,2.0,linear,35,35.0,6,4,0xc9f964aa2896fb2f,U0-2pi,pennylane,,,,0,val_full,600,val,0.75,0.803163718538144,0.7481080112847611,0.7742857336997986,0.0,0.0148049326455311,0.0045583977662598,280,250,5.290636133000135,unknown,56488e26fdba,0.03,0.001 0.003 0.01 0.03,0.0716666666666667,30,300,1.0,,,True,0.7416666666666667,1e-06
a7_20260822T081428Z,2026-08-22T08:15:38+00:00,hyperplanes_n_features20_n_hyperplanes3_dim_hyperplanes5_seed33,5d05157a8a23e9156d9012fe5bfc8926359e808f10eae8c6681f7702f3b4462c,536dc33fc72f70f24b5e4a66498bcb9f9e3efe2f2c171de6faeab9c91f3265a1,B,L2,2.0,h2,35,35.0,15,4,0xc9f964aa2896fb2f,U0-2pi,pennylane,,,,0,test_full,1200,test,0.7475,0.8157479787563596,0.74735244681095,0.7723809480667114,0.0,0.0027614879849038,0.0487542362644634,105,75,2.6995927129996744,unknown,56488e26fdba,0.01,0.001 0.003 0.01 0.03,0.0716666666666667,30,300,1.0,,,True,0.7541666666666667,1e-06
a7_20260822T081428Z,2026-08-22T08:15:38+00:00,hyperplanes_n_features20_n_hyperplanes3_dim_hyperplanes5_seed33,5d05157a8a23e9156d9012fe5bfc8926359e808f10eae8c6681f7702f3b4462c,536dc33fc72f70f24b5e4a66498bcb9f9e3efe2f2c171de6faeab9c91f3265a1,B,L2,2.0,h2,35,35.0,15,4,0xc9f964aa2896fb2f,U0-2pi,pennylane,,,,0,val_full,600,val,0.75,0.8021507052131225,0.7481080112847611,0.7723809480667114,0.0,0.0027614879849038,0.0487542362644634,105,75,2.6995927129996744,unknown,56488e26fdba,0.01,0.001 0.003 0.01 0.03,0.0716666666666667,30,300,1.0,,,True,0.7416666666666667,1e-06
a7_20260822T081428Z,2026-08-22T08:15:42+00:00,hyperplanes_n_features20_n_hyperplanes3_dim_hyperplanes5_seed33,5d05157a8a23e9156d9012fe5bfc8926359e808f10eae8c6681f7702f3b4462c,536dc33fc72f70f24b5e4a66498bcb9f9e3efe2f2c171de6faeab9c91f3265a1,B,L2,2.0,h4,35,35.0,29,4,0xc9f964aa2896fb2f,U0-2pi,pennylane,,,,0,test_full,1200,test,0.745,0.8168726749069963,0.7431442169675908,0.779285728931427,0.0,0.0044508128953979,0.0354540187352347,145,115,3.742097296999873,unknown,56488e26fdba,0.01,0.001 0.003 0.01 0.03,0.0716666666666667,30,300,1.0,,,True,0.7541666666666667,1e-06
a7_20260822T081428Z,2026-08-22T08:15:42+00:00,hyperplanes_n_features20_n_hyperplanes3_dim_hyperplanes5_seed33,5d05157a8a23e9156d9012fe5bfc8926359e808f10eae8c6681f7702f3b4462c,536dc33fc72f70f24b5e4a66498bcb9f9e3efe2f2c171de6faeab9c91f3265a1,B,L2,2.0,h4,35,35.0,29,4,0xc9f964aa2896fb2f,U0-2pi,pennylane,,,,0,val_full,600,val,0.7566666666666667,0.8030969264507798,0.7508078831186564,0.779285728931427,0.0,0.0044508128953979,0.0354540187352347,145,115,3.742097296999873,unknown,56488e26fdba,0.01,0.001 0.003 0.01 0.03,0.0716666666666667,30,300,1.0,,,True,0.7416666666666667,1e-06
a7_20260822T081428Z,2026-08-22T08:15:45+00:00,hyperplanes_n_features20_n_hyperplanes3_dim_hyperplanes5_seed33,5d05157a8a23e9156d9012fe5bfc8926359e808f10eae8c6681f7702f3b4462c,536dc33fc72f70f24b5e4a66498bcb9f9e3efe2f2c171de6faeab9c91f3265a1,B,L2,2.0,h42,35,35.0,295,4,0xc9f964aa2896fb2f,U0-2pi,pennylane,,,,0,test_full,1200,test,0.7891666666666667,0.8658067252922674,0.7887851598616669,0.8033333420753479,0.0,0.0057773785837575,0.0354181739776405,123,93,3.2394250430002103,unknown,56488e26fdba,0.01,0.001 0.003 0.01 0.03,0.0716666666666667,30,300,1.0,,,True,0.7541666666666667,1e-06
a7_20260822T081428Z,2026-08-22T08:15:45+00:00,hyperplanes_n_features20_n_hyperplanes3_dim_hyperplanes5_seed33,5d05157a8a23e9156d9012fe5bfc8926359e808f10eae8c6681f7702f3b4462c,536dc33fc72f70f24b5e4a66498bcb9f9e3efe2f2c171de6faeab9c91f3265a1,B,L2,2.0,h42,35,35.0,295,4,0xc9f964aa2896fb2f,U0-2pi,pennylane,,,,0,val_full,600,val,0.8066666666666666,0.8553617348131491,0.8039988735567446,0.8033333420753479,0.0,0.0057773785837575,0.0354181739776405,123,93,3.2394250430002103,unknown,56488e26fdba,0.01,0.001 0.003 0.01 0.03,0.0716666666666667,30,300,1.0,,,True,0.7416666666666667,1e-06
a7_20260822T081428Z,2026-08-22T08:15:47+00:00,hyperplanes_n_features20_n_hyperplanes3_dim_hyperplanes5_seed33,5d05157a8a23e9156d9012fe5bfc8926359e808f10eae8c6681f7702f3b4462c,536dc33fc72f70f24b5e4a66498bcb9f9e3efe2f2c171de6faeab9c91f3265a1,B,L1,2.0,linear,35,35.0,6,5,0x2560fc84838de57f,U0-2pi,pennylane,,,,0,test_full,1200,test,0.7683333333333333,0.8127813484632409,0.7681007899588198,0.7930952310562134,0.0,0.0281273127306973,0.0109951997849725,190,160,3.6515252359999977,unknown,56488e26fdba,0.03,0.001 0.003 0.01 0.03,0.0716666666666667,30,300,1.0,,,True,0.7716666666666666,1e-06
a7_20260822T081428Z,2026-08-22T08:15:47+00:00,hyperplanes_n_features20_n_hyperplanes3_dim_hyperplanes5_seed33,5d05157a8a23e9156d9012fe5bfc8926359e808f10eae8c6681f7702f3b4462c,536dc33fc72f70f24b5e4a66498bcb9f9e3efe2f2c171de6faeab9c91f3265a1,B,L1,2.0,linear,35,35.0,6,5,0x2560fc84838de57f,U0-2pi,pennylane,,,,0,val_full,600,val,0.7816666666666666,0.8085516135855106,0.7780106249876437,0.7930952310562134,0.0,0.0281273127306973,0.0109951997849725,190,160,3.6515252359999977,unknown,56488e26fdba,0.03,0.001 0.003 0.01 0.03,0.0716666666666667,30,300,1.0,,,True,0.7733333333333333,1e-06
a7_20260822T081428Z,2026-08-22T08:15:48+00:00,hyperplanes_n_features20_n_hyperplanes3_dim_hyperplanes5_seed33,5d05157a8a23e9156d9012fe5bfc8926359e808f10eae8c6681f7702f3b4462c,536dc33fc72f70f24b5e4a66498bcb9f9e3efe2f2c171de6faeab9c91f3265a1,B,L1,2.0,h2,35,35.0,15,5,0x2560fc84838de57f,U0-2pi,pennylane,,,,0,test_full,1200,test,0.7708333333333334,0.8128260014121496,0.7706994154224793,0.7945238351821899,0.0,0.0153716288995736,0.0715145754076618,47,17,1.2167747439998493,unknown,56488e26fdba,0.03,0.001 0.003 0.01 0.03,0.0716666666666667,30,300,1.0,,,True,0.7716666666666666,1e-06
a7_20260822T081428Z,2026-08-22T08:15:48+00:00,hyperplanes_n_features20_n_hyperplanes3_dim_hyperplanes5_seed33,5d05157a8a23e9156d9012fe5bfc8926359e808f10eae8c6681f7702f3b4462c,536dc33fc72f70f24b5e4a66498bcb9f9e3efe2f2c171de6faeab9c91f3265a1,B,L1,2.0,h2,35,35.0,15,5,0x2560fc84838de57f,U0-2pi,pennylane,,,,0,val_full,600,val,0.7783333333333333,0.8083178412797365,0.7751853030913429,0.7945238351821899,0.0,0.0153716288995736,0.0715145754076618,47,17,1.2167747439998493,unknown,56488e26fdba,0.03,0.001 0.003 0.01 0.03,0.0716666666666667,30,300,1.0,,,True,0.7733333333333333,1e-06
a7_20260822T081428Z,2026-08-22T08:15:50+00:00,hyperplanes_n_features20_n_hyperplanes3_dim_hyperplanes5_seed33,5d05157a8a23e9156d9012fe5bfc8926359e808f10eae8c6681f7702f3b4462c,536dc33fc72f70f24b5e4a66498bcb9f9e3efe2f2c171de6faeab9c91f3265a1,B,L1,2.0,h4,35,35.0,29,5,0x2560fc84838de57f,U0-2pi,pennylane,,,,0,test_full,1200,test,0.79,0.8519070995397955,0.7891089854635837,0.8197619318962097,0.0,0.0032388274696442,0.0709397882992221,102,72,2.6724580989998685,unknown,56488e26fdba,0.01,0.001 0.003 0.01 0.03,0.0716666666666667,30,300,1.0,,,True,0.7716666666666666,1e-06
a7_20260822T081428Z,2026-08-22T08:15:50+00:00,hyperplanes_n_features20_n_hyperplanes3_dim_hyperplanes5_seed33,5d05157a8a23e9156d9012fe5bfc8926359e808f10eae8c6681f7702f3b4462c,536dc33fc72f70f24b5e4a66498bcb9f9e3efe2f2c171de6faeab9c91f3265a1,B,L1,2.0,h4,35,35.0,29,5,0x2560fc84838de57f,U0-2pi,pennylane,,,,0,val_full,600,val,0.81,0.8434059511749842,0.8058230377906976,0.8197619318962097,0.0,0.0032388274696442,0.0709397882992221,102,72,2.6724580989998685,unknown,56488e26fdba,0.01,0.001 0.003 0.01 0.03,0.0716666666666667,30,300,1.0,,,True,0.7733333333333333,1e-06
a7_20260822T081428Z,2026-08-22T08:15:53+00:00,hyperplanes_n_features20_n_hyperplanes3_dim_hyperplanes5_seed33,5d05157a8a23e9156d9012fe5bfc8926359e808f10eae8c6681f7702f3b4462c,536dc33fc72f70f24b5e4a66498bcb9f9e3efe2f2c171de6faeab9c91f3265a1,B,L1,2.0,h42,35,35.0,295,5,0x2560fc84838de57f,U0-2pi,pennylane,,,,0,test_full,1200,test,0.8066666666666666,0.8813124618007977,0.8059286564742033,0.8421428799629211,0.0,0.0062881320238085,0.0388827968044914,107,77,2.903299944999617,unknown,56488e26fdba,0.01,0.001 0.003 0.01 0.03,0.0716666666666667,30,300,1.0,,,True,0.7716666666666666,1e-06
a7_20260822T081428Z,2026-08-22T08:15:53+00:00,hyperplanes_n_features20_n_hyperplanes3_dim_hyperplanes5_seed33,5d05157a8a23e9156d9012fe5bfc8926359e808f10eae8c6681f7702f3b4462c,536dc33fc72f70f24b5e4a66498bcb9f9e3efe2f2c171de6faeab9c91f3265a1,B,L1,2.0,h42,35,35.0,295,5,0x2560fc84838de57f,U0-2pi,pennylane,,,,0,val_full,600,val,0.8283333333333334,0.8660484687913971,0.8248175182481752,0.8421428799629211,0.0,0.0062881320238085,0.0388827968044914,107,77,2.903299944999617,unknown,56488e26fdba,0.01,0.001 0.003 0.01 0.03,0.0716666666666667,30,300,1.0,,,True,0.7733333333333333,1e-06
a7_20260822T081428Z,2026-08-22T08:15:51+00:00,hyperplanes_n_features20_n_hyperplanes3_dim_hyperplanes5_seed33,5d05157a8a23e9156d9012fe5bfc8926359e808f10eae8c6681f7702f3b4462c,536dc33fc72f70f24b5e4a66498bcb9f9e3efe2f2c171de6faeab9c91f3265a1,B,L2,2.0,linear,35,35.0,6,5,0xf9ea9d8280d97e94,U0-2pi,pennylane,,,,0,test_full,1200,test,0.7083333333333334,0.762708647880799,0.7082676935643853,0.7285714149475098,0.0,0.0213332189371371,0.0020210061602387,132,102,2.5203253710001263,unknown,56488e26fdba,0.03,0.001 0.003 0.01 0.03,0.0716666666666667,30,300,1.0,,,True,0.7066666666666667,1e-06
a7_20260822T081428Z,2026-08-22T08:15:51+00:00,hyperplanes_n_features20_n_hyperplanes3_dim_hyperplanes5_seed33,5d05157a8a23e9156d9012fe5bfc8926359e808f10eae8c6681f7702f3b4462c,536dc33fc72f70f24b5e4a66498bcb9f9e3efe2f2c171de6faeab9c91f3265a1,B,L2,2.0,linear,35,35.0,6,5,0xf9ea9d8280d97e94,U0-2pi,pennylane,,,,0,val_full,600,val,0.7183333333333334,0.7634001625274125,0.7155831807000468,0.7285714149475098,0.0,0.0213332189371371,0.0020210061602387,132,102,2.5203253710001263,unknown,56488e26fdba,0.03,0.001 0.003 0.01 0.03,0.0716666666666667,30,300,1.0,,,True,0.7083333333333334,1e-06
a7_20260822T081428Z,2026-08-22T08:15:55+00:00,hyperplanes_n_features20_n_hyperplanes3_dim_hyperplanes5_seed33,5d05157a8a23e9156d9012fe5bfc8926359e808f10eae8c6681f7702f3b4462c,536dc33fc72f70f24b5e4a66498bcb9f9e3efe2f2c171de6faeab9c91f3265a1,B,L2,2.0,h2,35,35.0,15,5,0xf9ea9d8280d97e94,U0-2pi,pennylane,,,,0,test_full,1200,test,0.7233333333333334,0.7681214225313198,0.7231826216495647,0.7392857074737549,0.0,0.0093329444869054,0.0597670511555912,129,99,3.34071066999968,unknown,56488e26fdba,0.01,0.001 0.003 0.01 0.03,0.0716666666666667,30,300,1.0,,,True,0.7066666666666667,1e-06
a7_20260822T081428Z,2026-08-22T08:15:55+00:00,hyperplanes_n_features20_n_hyperplanes3_dim_hyperplanes5_seed33,5d05157a8a23e9156d9012fe5bfc8926359e808f10eae8c6681f7702f3b4462c,536dc33fc72f70f24b5e4a66498bcb9f9e3efe2f2c171de6faeab9c91f3265a1,B,L2,2.0,h2,35,35.0,15,5,0xf9ea9d8280d97e94,U0-2pi,pennylane,,,,0,val_full,600,val,0.72,0.7644577039106766,0.7190979924423984,0.7392857074737549,0.0,0.0093329444869054,0.0597670511555912,129,99,3.34071066999968,unknown,56488e26fdba,0.01,0.001 0.003 0.01 0.03,0.0716666666666667,30,300,1.0,,,True,0.7083333333333334,1e-06
a7_20260822T081428Z,2026-08-22T08:15:58+00:00,hyperplanes_n_features20_n_hyperplanes3_dim_hyperplanes5_seed33,5d05157a8a23e9156d9012fe5bfc8926359e808f10eae8c6681f7702f3b4462c,536dc33fc72f70f24b5e4a66498bcb9f9e3efe2f2c171de6faeab9c91f3265a1,B,L2,2.0,h4,35,35.0,29,5,0xf9ea9d8280d97e94,U0-2pi,pennylane,,,,0,test_full,1200,test,0.7758333333333334,0.8265232934898792,0.775788335297848,0.7897619009017944,0.0,0.0039125616444167,0.0510995177312743,143,113,3.658108908000031,unknown,56488e26fdba,0.01,0.001 0.003 0.01 0.03,0.0716666666666667,30,300,1.0,,,True,0.7066666666666667,1e-06
a7_20260822T081428Z,2026-08-22T08:15:58+00:00,hyperplanes_n_features20_n_hyperplanes3_dim_hyperplanes5_seed33,5d05157a8a23e9156d9012fe5bfc8926359e808f10eae8c6681f7702f3b4462c,536dc33fc72f70f24b5e4a66498bcb9f9e3efe2f2c171de6faeab9c91f3265a1,B,L2,2.0,h4,35,35.0,29,5,0xf9ea9d8280d97e94,U0-2pi,pennylane,,,,0,val_full,600,val,0.7733333333333333,0.8073604880275185,0.7719931597947938,0.7897619009017944,0.0,0.0039125616444167,0.0510995177312743,143,113,3.658108908000031,unknown,56488e26fdba,0.01,0.001 0.003 0.01 0.03,0.0716666666666667,30,300,1.0,,,True,0.7083333333333334,1e-06
a7_20260822T081428Z,2026-08-22T08:16:03+00:00,hyperplanes_n_features20_n_hyperplanes3_dim_hyperplanes5_seed33,5d05157a8a23e9156d9012fe5bfc8926359e808f10eae8c6681f7702f3b4462c,536dc33fc72f70f24b5e4a66498bcb9f9e3efe2f2c171de6faeab9c91f3265a1,B,L2,2.0,h42,35,35.0,295,5,0xf9ea9d8280d97e94,U0-2pi,pennylane,,,,0,test_full,1200,test,0.7875,0.8631749921159637,0.7874927688511623,0.8197619318962097,0.0,0.0088890775574837,0.0310996432474867,167,137,4.387731445999634,unknown,56488e26fdba,0.01,0.001 0.003 0.01 0.03,0.0716666666666667,30,300,1.0,,,True,0.7066666666666667,1e-06
a7_20260822T081428Z,2026-08-22T08:16:03+00:00,hyperplanes_n_features20_n_hyperplanes3_dim_hyperplanes5_seed33,5d05157a8a23e9156d9012fe5bfc8926359e808f10eae8c6681f7702f3b4462c,536dc33fc72f70f24b5e4a66498bcb9f9e3efe2f2c171de6faeab9c91f3265a1,B,L2,2.0,h42,35,35.0,295,5,0xf9ea9d8280d97e94,U0-2pi,pennylane,,,,0,val_full,600,val,0.82,0.8692656209994323,0.818637768125028,0.8197619318962097,0.0,0.0088890775574837,0.0310996432474867,167,137,4.387731445999634,unknown,56488e26fdba,0.01,0.001 0.003 0.01 0.03,0.0716666666666667,30,300,1.0,,,True,0.7083333333333334,1e-06
a7_20260822T081428Z,2026-08-22T08:25:21+00:00,hyperplanes_n_features20_n_hyperplanes3_dim_hyperplanes5_seed33,5d05157a8a23e9156d9012fe5bfc8926359e808f10eae8c6681f7702f3b4462c,536dc33fc72f70f24b5e4a66498bcb9f9e3efe2f2c171de6faeab9c91f3265a1,F,product,2.0,linear,35,20.0,6,1,0x27078a7f911995bb,U0-2pi,pennylane,,,,0,test_full,1200,test,0.7791666666666667,0.8340138256693059,0.777190938257367,0.8050000071525574,1.029627799987793,0.0633335578206823,0.0548229373221393,41,11,617.0267803410002,unknown,56488e26fdba,0.03,0.001 0.003 0.01 0.03,0.0716666666666667,30,300,1.0,,,False,,
a7_20260822T081428Z,2026-08-22T08:25:21+00:00,hyperplanes_n_features20_n_hyperplanes3_dim_hyperplanes5_seed33,5d05157a8a23e9156d9012fe5bfc8926359e808f10eae8c6681f7702f3b4462c,536dc33fc72f70f24b5e4a66498bcb9f9e3efe2f2c171de6faeab9c91f3265a1,F,product,2.0,linear,35,20.0,6,1,0x27078a7f911995bb,U0-2pi,pennylane,,,,0,val_full,600,val,0.7983333333333333,0.8305596063719651,0.7914506246427228,0.8050000071525574,1.029627799987793,0.0633335578206823,0.0548229373221393,41,11,617.0267803410002,unknown,56488e26fdba,0.03,0.001 0.003 0.01 0.03,0.0716666666666667,30,300,1.0,,,False,,
a7_20260822T081428Z,2026-08-22T08:27:51+00:00,hyperplanes_n_features20_n_hyperplanes3_dim_hyperplanes5_seed33,5d05157a8a23e9156d9012fe5bfc8926359e808f10eae8c6681f7702f3b4462c,536dc33fc72f70f24b5e4a66498bcb9f9e3efe2f2c171de6faeab9c91f3265a1,A,L1,2.0,linear,35,35.0,6,5,0x2560fc84838de57f,U0-2pi,pennylane,,,,0,test_full,1200,test,0.8208333333333333,0.8501112137508757,0.8197507110415265,0.8395237922668457,0.9524120092391968,0.0124698382238591,0.0689815585400777,45,15,744.7274007619999,unknown,56488e26fdba,0.03,0.001 0.003 0.01 0.03,0.0716666666666667,30,300,1.0,,,False,,
a7_20260822T081428Z,2026-08-22T08:27:51+00:00,hyperplanes_n_features20_n_hyperplanes3_dim_hyperplanes5_seed33,5d05157a8a23e9156d9012fe5bfc8926359e808f10eae8c6681f7702f3b4462c,536dc33fc72f70f24b5e4a66498bcb9f9e3efe2f2c171de6faeab9c91f3265a1,A,L1,2.0,linear,35,35.0,6,5,0x2560fc84838de57f,U0-2pi,pennylane,,,,0,val_full,600,val,0.8283333333333334,0.8458549943783327,0.8226945267693967,0.8395237922668457,0.9524120092391968,0.0124698382238591,0.0689815585400777,45,15,744.7274007619999,unknown,56488e26fdba,0.03,0.001 0.003 0.01 0.03,0.0716666666666667,30,300,1.0,,,False,,
a7_20260822T081428Z,2026-08-22T08:27:52+00:00,hyperplanes_n_features20_n_hyperplanes3_dim_hyperplanes5_seed33,5d05157a8a23e9156d9012fe5bfc8926359e808f10eae8c6681f7702f3b4462c,536dc33fc72f70f24b5e4a66498bcb9f9e3efe2f2c171de6faeab9c91f3265a1,E,,,linear,0,,6,5,,,pennylane,,,,0,test_full,1200,test,0.7716666666666666,0.8192336995805414,0.7716609581906215,0.7859523892402649,0.0,0.0331242591237866,0.0322199980956996,42,12,0.7697948769996401,unknown,56488e26fdba,0.1,0.001 0.003 0.01 0.03 0.1,0.0716666666666667,30,300,1.0,,,True,0.7758333333333334,1e-06
a7_20260822T081428Z,2026-08-22T08:27:52+00:00,hyperplanes_n_features20_n_hyperplanes3_dim_hyperplanes5_seed33,5d05157a8a23e9156d9012fe5bfc8926359e808f10eae8c6681f7702f3b4462c,536dc33fc72f70f24b5e4a66498bcb9f9e3efe2f2c171de6faeab9c91f3265a1,E,,,linear,0,,6,5,,,pennylane,,,,0,val_full,600,val,0.77,0.8128597032204918,0.7682593703819802,0.7859523892402649,0.0,0.0331242591237866,0.0322199980956996,42,12,0.7697948769996401,unknown,56488e26fdba,0.1,0.001 0.003 0.01 0.03 0.1,0.0716666666666667,30,300,1.0,,,True,0.76,1e-06
a7_20260822T081428Z,2026-08-22T08:27:53+00:00,hyperplanes_n_features20_n_hyperplanes3_dim_hyperplanes5_seed33,5d05157a8a23e9156d9012fe5bfc8926359e808f10eae8c6681f7702f3b4462c,536dc33fc72f70f24b5e4a66498bcb9f9e3efe2f2c171de6faeab9c91f3265a1,E,,,h2,0,,15,5,,,pennylane,,,,0,test_full,1200,test,0.7658333333333334,0.8198867489583305,0.7656339594446664,0.7895237803459167,0.0,0.0137790898136953,0.068563392468909,41,11,1.0475248749999082,unknown,56488e26fdba,0.03,0.001 0.003 0.01 0.03 0.1,0.0716666666666667,30,300,1.0,,,True,0.7758333333333334,1e-06
a7_20260822T081428Z,2026-08-22T08:27:53+00:00,hyperplanes_n_features20_n_hyperplanes3_dim_hyperplanes5_seed33,5d05157a8a23e9156d9012fe5bfc8926359e808f10eae8c6681f7702f3b4462c,536dc33fc72f70f24b5e4a66498bcb9f9e3efe2f2c171de6faeab9c91f3265a1,E,,,h2,0,,15,5,,,pennylane,,,,0,val_full,600,val,0.7683333333333333,0.8133717758902829,0.7652284799810831,0.7895237803459167,0.0,0.0137790898136953,0.068563392468909,41,11,1.0475248749999082,unknown,56488e26fdba,0.03,0.001 0.003 0.01 0.03 0.1,0.0716666666666667,30,300,1.0,,,True,0.76,1e-06
a7_20260822T081428Z,2026-08-22T08:27:55+00:00,hyperplanes_n_features20_n_hyperplanes3_dim_hyperplanes5_seed33,5d05157a8a23e9156d9012fe5bfc8926359e808f10eae8c6681f7702f3b4462c,536dc33fc72f70f24b5e4a66498bcb9f9e3efe2f2c171de6faeab9c91f3265a1,E,,,h4,0,,29,5,,,pennylane,,,,0,test_full,1200,test,0.8258333333333333,0.8931064219312959,0.8255657463428273,0.8495237827301025,0.0,0.0096510128688716,0.0370698724694823,58,28,1.4835537869998916,unknown,56488e26fdba,0.01,0.001 0.003 0.01 0.03 0.1,0.0716666666666667,30,300,1.0,,,True,0.7758333333333334,1e-06
a7_20260822T081428Z,2026-08-22T08:27:55+00:00,hyperplanes_n_features20_n_hyperplanes3_dim_hyperplanes5_seed33,5d05157a8a23e9156d9012fe5bfc8926359e808f10eae8c6681f7702f3b4462c,536dc33fc72f70f24b5e4a66498bcb9f9e3efe2f2c171de6faeab9c91f3265a1,E,,,h4,0,,29,5,,,pennylane,,,,0,val_full,600,val,0.845,0.8955705714063074,0.8421226859514654,0.8495237827301025,0.0,0.0096510128688716,0.0370698724694823,58,28,1.4835537869998916,unknown,56488e26fdba,0.01,0.001 0.003 0.01 0.03 0.1,0.0716666666666667,30,300,1.0,,,True,0.76,1e-06
a7_20260822T081428Z,2026-08-22T08:27:58+00:00,hyperplanes_n_features20_n_hyperplanes3_dim_hyperplanes5_seed33,5d05157a8a23e9156d9012fe5bfc8926359e808f10eae8c6681f7702f3b4462c,536dc33fc72f70f24b5e4a66498bcb9f9e3efe2f2c171de6faeab9c91f3265a1,E,,,h42,0,,295,5,,,pennylane,,,,0,test_full,1200,test,0.9458333333333332,0.9894758581040916,0.945770027372231,0.9700000286102296,0.0,0.0089325427993954,0.0451588417599642,135,105,3.542607996999777,unknown,56488e26fdba,0.03,0.001 0.003 0.01 0.03 0.1,0.0716666666666667,30,300,1.0,,,True,0.7758333333333334,1e-06
a7_20260822T081428Z,2026-08-22T08:27:58+00:00,hyperplanes_n_features20_n_hyperplanes3_dim_hyperplanes5_seed33,5d05157a8a23e9156d9012fe5bfc8926359e808f10eae8c6681f7702f3b4462c,536dc33fc72f70f24b5e4a66498bcb9f9e3efe2f2c171de6faeab9c91f3265a1,E,,,h42,0,,295,5,,,pennylane,,,,0,val_full,600,val,0.9433333333333334,0.9875766717502868,0.9430542994003952,0.9700000286102296,0.0,0.0089325427993954,0.0451588417599642,135,105,3.542607996999777,unknown,56488e26fdba,0.03,0.001 0.003 0.01 0.03 0.1,0.0716666666666667,30,300,1.0,,,True,0.76,1e-06
a7_20260822T081428Z,2026-08-22T08:28:00+00:00,hyperplanes_n_features20_n_hyperplanes3_dim_hyperplanes5_seed33,5d05157a8a23e9156d9012fe5bfc8926359e808f10eae8c6681f7702f3b4462c,536dc33fc72f70f24b5e4a66498bcb9f9e3efe2f2c171de6faeab9c91f3265a1,A,L2,2.0,linear,35,35.0,6,5,0xf9ea9d8280d97e94,U0-2pi,pennylane,,,,0,test_full,1200,test,0.7975,0.8484088200737332,0.796975378739089,0.8340476155281067,0.8975388407707214,0.009560366145962,0.1778923152522848,45,15,750.595843912,unknown,56488e26fdba,0.03,0.001 0.003 0.01 0.03,0.0716666666666667,30,300,1.0,,,False,,
a7_20260822T081428Z,2026-08-22T08:28:00+00:00,hyperplanes_n_features20_n_hyperplanes3_dim_hyperplanes5_seed33,5d05157a8a23e9156d9012fe5bfc8926359e808f10eae8c6681f7702f3b4462c,536dc33fc72f70f24b5e4a66498bcb9f9e3efe2f2c171de6faeab9c91f3265a1,A,L2,2.0,linear,35,35.0,6,5,0xf9ea9d8280d97e94,U0-2pi,pennylane,,,,0,val_full,600,val,0.8283333333333334,0.8427714263450257,0.8241075164152087,0.8340476155281067,0.8975388407707214,0.009560366145962,0.1778923152522848,45,15,750.595843912,unknown,56488e26fdba,0.03,0.001 0.003 0.01 0.03,0.0716666666666667,30,300,1.0,,,False,,
a7_20260822T081428Z,2026-08-22T08:28:00+00:00,hyperplanes_n_features20_n_hyperplanes3_dim_hyperplanes5_seed33,5d05157a8a23e9156d9012fe5bfc8926359e808f10eae8c6681f7702f3b4462c,536dc33fc72f70f24b5e4a66498bcb9f9e3efe2f2c171de6faeab9c91f3265a1,D_best,,2.0,linear,192,,33,5,0x7bba18422325b3f3,RFF-int-spectrum-U0-2pi,pennylane,,,,0,test_full,1200,test,0.8058333333333333,0.8536276334774321,0.8058224108439433,0.8349999785423279,0.0,0.0767458186595971,0.0399124951445824,41,11,0.8030433349999839,unknown,56488e26fdba,0.03,0.001 0.003 0.01 0.03,0.0716666666666667,30,300,1.0,32.0,0x7bba18422325b3f3,True,0.8041666666666667,1e-06
a7_20260822T081428Z,2026-08-22T08:28:00+00:00,hyperplanes_n_features20_n_hyperplanes3_dim_hyperplanes5_seed33,5d05157a8a23e9156d9012fe5bfc8926359e808f10eae8c6681f7702f3b4462c,536dc33fc72f70f24b5e4a66498bcb9f9e3efe2f2c171de6faeab9c91f3265a1,D_best,,2.0,linear,192,,33,5,0x7bba18422325b3f3,RFF-int-spectrum-U0-2pi,pennylane,,,,0,val_full,600,val,0.825,0.8451870735046921,0.8230491165095175,0.8349999785423279,0.0,0.0767458186595971,0.0399124951445824,41,11,0.8030433349999839,unknown,56488e26fdba,0.03,0.001 0.003 0.01 0.03,0.0716666666666667,30,300,1.0,32.0,0x7bba18422325b3f3,True,0.8033333333333333,1e-06
a7_20260822T081428Z,2026-08-22T08:28:03+00:00,hyperplanes_n_features20_n_hyperplanes3_dim_hyperplanes5_seed33,5d05157a8a23e9156d9012fe5bfc8926359e808f10eae8c6681f7702f3b4462c,536dc33fc72f70f24b5e4a66498bcb9f9e3efe2f2c171de6faeab9c91f3265a1,D_best,,2.0,linear,768,,129,5,0xb50902aa88037212,RFF-int-spectrum-U0-2pi,pennylane,,,,0,test_full,1200,test,0.8258333333333333,0.8864866222555879,0.8258061155388863,0.8509523868560791,0.0,0.05851861714548,0.0625325223904194,113,83,2.2502458320000187,unknown,56488e26fdba,0.01,0.001 0.003 0.01 0.03,0.0716666666666667,30,300,1.0,128.0,0xb50902aa88037212,True,0.8216666666666667,1e-06
a7_20260822T081428Z,2026-08-22T08:28:03+00:00,hyperplanes_n_features20_n_hyperplanes3_dim_hyperplanes5_seed33,5d05157a8a23e9156d9012fe5bfc8926359e808f10eae8c6681f7702f3b4462c,536dc33fc72f70f24b5e4a66498bcb9f9e3efe2f2c171de6faeab9c91f3265a1,D_best,,2.0,linear,768,,129,5,0xb50902aa88037212,RFF-int-spectrum-U0-2pi,pennylane,,,,0,val_full,600,val,0.8466666666666667,0.8789727376963409,0.844550830751901,0.8509523868560791,0.0,0.05851861714548,0.0625325223904194,113,83,2.2502458320000187,unknown,56488e26fdba,0.01,0.001 0.003 0.01 0.03,0.0716666666666667,30,300,1.0,128.0,0xb50902aa88037212,True,0.8316666666666667,1e-06
a7_20260822T081428Z,2026-08-22T08:28:05+00:00,hyperplanes_n_features20_n_hyperplanes3_dim_hyperplanes5_seed33,5d05157a8a23e9156d9012fe5bfc8926359e808f10eae8c6681f7702f3b4462c,536dc33fc72f70f24b5e4a66498bcb9f9e3efe2f2c171de6faeab9c91f3265a1,D_best,,2.0,linear,3072,,513,5,0x10a2f35f53be67b9,RFF-int-spectrum-U0-2pi,pennylane,,,,0,test_full,1200,test,0.8233333333333334,0.884577708689743,0.8232842456237843,0.8550000190734863,0.0,0.0731470025369499,0.0554987412784493,107,77,2.5024829029998727,unknown,56488e26fdba,0.001,0.001 0.003 0.01 0.03,0.0716666666666667,30,300,1.0,512.0,0x10a2f35f53be67b9,True,0.84,0.0001
a7_20260822T081428Z,2026-08-22T08:28:05+00:00,hyperplanes_n_features20_n_hyperplanes3_dim_hyperplanes5_seed33,5d05157a8a23e9156d9012fe5bfc8926359e808f10eae8c6681f7702f3b4462c,536dc33fc72f70f24b5e4a66498bcb9f9e3efe2f2c171de6faeab9c91f3265a1,D_best,,2.0,linear,3072,,513,5,0x10a2f35f53be67b9,RFF-int-spectrum-U0-2pi,pennylane,,,,0,val_full,600,val,0.85,0.8765125624784318,0.8472850678733032,0.8550000190734863,0.0,0.0731470025369499,0.0554987412784493,107,77,2.5024829029998727,unknown,56488e26fdba,0.001,0.001 0.003 0.01 0.03,0.0716666666666667,30,300,1.0,512.0,0x10a2f35f53be67b9,True,0.85,0.0001
a7_20260822T081428Z,2026-08-22T08:27:59+00:00,hyperplanes_n_features20_n_hyperplanes3_dim_hyperplanes5_seed33,5d05157a8a23e9156d9012fe5bfc8926359e808f10eae8c6681f7702f3b4462c,536dc33fc72f70f24b5e4a66498bcb9f9e3efe2f2c171de6faeab9c91f3265a1,D_matched,,2.0,linear,30,,6,5,0x5fea624fe73dbb57,RFF-int-spectrum-U0-2pi,pennylane,,,,0,test_full,1200,test,0.7225,0.7802656292298205,0.7224442961122058,0.75,0.0,0.0640727539162115,0.0446629525834583,42,12,0.7632912489998489,unknown,56488e26fdba,0.03,0.001 0.003 0.01 0.03,0.0716666666666667,30,300,1.0,,0x5fea624fe73dbb57,True,0.7216666666666667,1e-06
a7_20260822T081428Z,2026-08-22T08:27:59+00:00,hyperplanes_n_features20_n_hyperplanes3_dim_hyperplanes5_seed33,5d05157a8a23e9156d9012fe5bfc8926359e808f10eae8c6681f7702f3b4462c,536dc33fc72f70f24b5e4a66498bcb9f9e3efe2f2c171de6faeab9c91f3265a1,D_matched,,2.0,linear,30,,6,5,0x5fea624fe73dbb57,RFF-int-spectrum-U0-2pi,pennylane,,,,0,val_full,600,val,0.7183333333333334,0.7715599292003873,0.7157681408040902,0.75,0.0,0.0640727539162115,0.0446629525834583,42,12,0.7632912489998489,unknown,56488e26fdba,0.03,0.001 0.003 0.01 0.03,0.0716666666666667,30,300,1.0,,0x5fea624fe73dbb57,True,0.7016666666666667,1e-06
a7_20260822T081428Z,2026-08-22T08:28:01+00:00,hyperplanes_n_features20_n_hyperplanes3_dim_hyperplanes5_seed33,5d05157a8a23e9156d9012fe5bfc8926359e808f10eae8c6681f7702f3b4462c,536dc33fc72f70f24b5e4a66498bcb9f9e3efe2f2c171de6faeab9c91f3265a1,D_matched,,2.0,h2,30,,15,5,0x5fea624fe73dbb57,RFF-int-spectrum-U0-2pi,pennylane,,,,0,test_full,1200,test,0.7283333333333334,0.7902371908829842,0.7283265414968707,0.7571428418159485,0.0,0.0292086907905245,0.0547437667010458,95,65,2.410717042000215,unknown,56488e26fdba,0.01,0.001 0.003 0.01 0.03,0.0716666666666667,30,300,1.0,,0x5fea624fe73dbb57,True,0.7216666666666667,1e-06
a7_20260822T081428Z,2026-08-22T08:28:01+00:00,hyperplanes_n_features20_n_hyperplanes3_dim_hyperplanes5_seed33,5d05157a8a23e9156d9012fe5bfc8926359e808f10eae8c6681f7702f3b4462c,536dc33fc72f70f24b5e4a66498bcb9f9e3efe2f2c171de6faeab9c91f3265a1,D_matched,,2.0,h2,30,,15,5,0x5fea624fe73dbb57,RFF-int-spectrum-U0-2pi,pennylane,,,,0,val_full,600,val,0.7266666666666667,0.7834823167948703,0.7245980923380055,0.7571428418159485,0.0,0.0292086907905245,0.0547437667010458,95,65,2.410717042000215,unknown,56488e26fdba,0.01,0.001 0.003 0.01 0.03,0.0716666666666667,30,300,1.0,,0x5fea624fe73dbb57,True,0.7016666666666667,1e-06
a7_20260822T081428Z,2026-08-22T08:28:02+00:00,hyperplanes_n_features20_n_hyperplanes3_dim_hyperplanes5_seed33,5d05157a8a23e9156d9012fe5bfc8926359e808f10eae8c6681f7702f3b4462c,536dc33fc72f70f24b5e4a66498bcb9f9e3efe2f2c171de6faeab9c91f3265a1,D_matched,,2.0,h2,30,,15,5,0x5fea624fe73dbb57,RFF-int-spectrum-U0-2pi,pennylane,,,,0,test_full,1200,test,0.7191666666666666,0.776277562730416,0.7191102936631032,0.746666669845581,0.0,0.0292086907905245,0.0331100241237625,37,7,0.9483149140000932,unknown,56488e26fdba,0.03,0.001 0.003 0.01 0.03,0.0716666666666667,30,300,1.0,,0x5fea624fe73dbb57,True,0.7216666666666667,1e-06
a7_20260822T081428Z,2026-08-22T08:28:02+00:00,hyperplanes_n_features20_n_hyperplanes3_dim_hyperplanes5_seed33,5d05157a8a23e9156d9012fe5bfc8926359e808f10eae8c6681f7702f3b4462c,536dc33fc72f70f24b5e4a66498bcb9f9e3efe2f2c171de6faeab9c91f3265a1,D_matched,,2.0,h2,30,,15,5,0x5fea624fe73dbb57,RFF-int-spectrum-U0-2pi,pennylane,,,,0,val_full,600,val,0.72,0.7702853135331902,0.7190979924423984,0.746666669845581,0.0,0.0292086907905245,0.0331100241237625,37,7,0.9483149140000932,unknown,56488e26fdba,0.03,0.001 0.003 0.01 0.03,0.0716666666666667,30,300,1.0,,0x5fea624fe73dbb57,True,0.7016666666666667,1e-06
a7_20260822T081428Z,2026-08-22T08:28:04+00:00,hyperplanes_n_features20_n_hyperplanes3_dim_hyperplanes5_seed33,5d05157a8a23e9156d9012fe5bfc8926359e808f10eae8c6681f7702f3b4462c,536dc33fc72f70f24b5e4a66498bcb9f9e3efe2f2c171de6faeab9c91f3265a1,D_matched,,2.0,h4,30,,29,5,0x5fea624fe73dbb57,RFF-int-spectrum-U0-2pi,pennylane,,,,0,test_full,1200,test,0.7341666666666666,0.8282396412135554,0.7335655238799207,0.7666666507720947,0.0,0.019927160898254,0.0768975214043194,87,57,2.2115433730000404,unknown,56488e26fdba,0.01,0.001 0.003 0.01 0.03,0.0716666666666667,30,300,1.0,,0x5fea624fe73dbb57,True,0.7216666666666667,1e-06
a7_20260822T081428Z,2026-08-22T08:28:05+00:00,hyperplanes_n_features20_n_hyperplanes3_dim_hyperplanes5_seed33,5d05157a8a23e9156d9012fe5bfc8926359e808f10eae8c6681f7702f3b4462c,536dc33fc72f70f24b5e4a66498bcb9f9e3efe2f2c171de6faeab9c91f3265a1,D_matched,,2.0,h4,30,,29,5,0x5fea624fe73dbb57,RFF-int-spectrum-U0-2pi,pennylane,,,,0,val_full,600,val,0.7366666666666667,0.8281439592122986,0.7364792741505071,0.7666666507720947,0.0,0.019927160898254,0.0768975214043194,87,57,2.2115433730000404,unknown,56488e26fdba,0.01,0.001 0.003 0.01 0.03,0.0716666666666667,30,300,1.0,,0x5fea624fe73dbb57,True,0.7016666666666667,1e-06
a7_20260822T081428Z,2026-08-22T08:28:07+00:00,hyperplanes_n_features20_n_hyperplanes3_dim_hyperplanes5_seed33,5d05157a8a23e9156d9012fe5bfc8926359e808f10eae8c6681f7702f3b4462c,536dc33fc72f70f24b5e4a66498bcb9f9e3efe2f2c171de6faeab9c91f3265a1,D_matched,,2.0,h42,30,,295,5,0x5fea624fe73dbb57,RFF-int-spectrum-U0-2pi,pennylane,,,,0,test_full,1200,test,0.775,0.8705427286858916,0.7749993749982639,0.8192856907844543,0.0,0.0156317560644431,0.0310151561467225,86,56,2.2456511190002857,unknown,56488e26fdba,0.01,0.001 0.003 0.01 0.03,0.0716666666666667,30,300,1.0,,0x5fea624fe73dbb57,True,0.7216666666666667,1e-06
a7_20260822T081428Z,2026-08-22T08:28:07+00:00,hyperplanes_n_features20_n_hyperplanes3_dim_hyperplanes5_seed33,5d05157a8a23e9156d9012fe5bfc8926359e808f10eae8c6681f7702f3b4462c,536dc33fc72f70f24b5e4a66498bcb9f9e3efe2f2c171de6faeab9c91f3265a1,D_matched,,2.0,h42,30,,295,5,0x5fea624fe73dbb57,RFF-int-spectrum-U0-2pi,pennylane,,,,0,val_full,600,val,0.8033333333333333,0.8765459585221137,0.8020665593129361,0.8192856907844543,0.0,0.0156317560644431,0.0310151561467225,86,56,2.2456511190002857,unknown,56488e26fdba,0.01,0.001 0.003 0.01 0.03,0.0716666666666667,30,300,1.0,,0x5fea624fe73dbb57,True,0.7016666666666667,1e-06
a7_20260822T081428Z,2026-08-22T08:28:38+00:00,hyperplanes_n_features20_n_hyperplanes3_dim_hyperplanes5_seed33,5d05157a8a23e9156d9012fe5bfc8926359e808f10eae8c6681f7702f3b4462c,536dc33fc72f70f24b5e4a66498bcb9f9e3efe2f2c171de6faeab9c91f3265a1,F,product,2.0,linear,35,20.0,6,3,0xa27b3263a781f0fe,U0-2pi,pennylane,,,,0,test_full,1200,test,0.7825,0.8362715903984997,0.7818599710957497,0.8057143092155457,0.914374053478241,0.0174033688090113,0.110150463365996,53,23,814.4359554990001,unknown,56488e26fdba,0.03,0.001 0.003 0.01 0.03,0.0716666666666667,30,300,1.0,,,False,,
a7_20260822T081428Z,2026-08-22T08:28:38+00:00,hyperplanes_n_features20_n_hyperplanes3_dim_hyperplanes5_seed33,5d05157a8a23e9156d9012fe5bfc8926359e808f10eae8c6681f7702f3b4462c,536dc33fc72f70f24b5e4a66498bcb9f9e3efe2f2c171de6faeab9c91f3265a1,F,product,2.0,linear,35,20.0,6,3,0xa27b3263a781f0fe,U0-2pi,pennylane,,,,0,val_full,600,val,0.7933333333333333,0.8324409168327193,0.7885763000852515,0.8057143092155457,0.914374053478241,0.0174033688090113,0.110150463365996,53,23,814.4359554990001,unknown,56488e26fdba,0.03,0.001 0.003 0.01 0.03,0.0716666666666667,30,300,1.0,,,False,,
a7_20260822T081428Z,2026-08-22T08:28:55+00:00,hyperplanes_n_features20_n_hyperplanes3_dim_hyperplanes5_seed33,5d05157a8a23e9156d9012fe5bfc8926359e808f10eae8c6681f7702f3b4462c,536dc33fc72f70f24b5e4a66498bcb9f9e3efe2f2c171de6faeab9c91f3265a1,A,L1,2.0,linear,35,35.0,6,3,0xe98c84d46f8b02b7,U0-2pi,pennylane,,,,0,test_full,1200,test,0.8208333333333333,0.8505744880958028,0.8202730595585823,0.8438095450401306,0.9806426763534546,0.0205475287478039,0.1038669230426148,49,19,830.8657103760002,unknown,56488e26fdba,0.03,0.001 0.003 0.01 0.03,0.0716666666666667,30,300,1.0,,,False,,
a7_20260822T081428Z,2026-08-22T08:28:55+00:00,hyperplanes_n_features20_n_hyperplanes3_dim_hyperplanes5_seed33,5d05157a8a23e9156d9012fe5bfc8926359e808f10eae8c6681f7702f3b4462c,536dc33fc72f70f24b5e4a66498bcb9f9e3efe2f2c171de6faeab9c91f3265a1,A,L1,2.0,linear,35,35.0,6,3,0xe98c84d46f8b02b7,U0-2pi,pennylane,,,,0,val_full,600,val,0.825,0.8472910242566598,0.8205000356150723,0.8438095450401306,0.9806426763534546,0.0205475287478039,0.1038669230426148,49,19,830.8657103760002,unknown,56488e26fdba,0.03,0.001 0.003 0.01 0.03,0.0716666666666667,30,300,1.0,,,False,,
a7_20260822T081428Z,2026-08-22T08:30:26+00:00,hyperplanes_n_features20_n_hyperplanes3_dim_hyperplanes5_seed33,5d05157a8a23e9156d9012fe5bfc8926359e808f10eae8c6681f7702f3b4462c,536dc33fc72f70f24b5e4a66498bcb9f9e3efe2f2c171de6faeab9c91f3265a1,F,product,2.0,linear,35,20.0,6,5,0x47580f2ad4dd122e,U0-2pi,pennylane,,,,0,test_full,1200,test,0.7816666666666666,0.8364697378592819,0.7810438580852201,0.8069047331809998,0.8074057698249817,0.0109700841237129,0.0223199696935831,60,30,888.175871119,unknown,56488e26fdba,0.03,0.001 0.003 0.01 0.03,0.0716666666666667,30,300,1.0,,,False,,
a7_20260822T081428Z,2026-08-22T08:30:26+00:00,hyperplanes_n_features20_n_hyperplanes3_dim_hyperplanes5_seed33,5d05157a8a23e9156d9012fe5bfc8926359e808f10eae8c6681f7702f3b4462c,536dc33fc72f70f24b5e4a66498bcb9f9e3efe2f2c171de6faeab9c91f3265a1,F,product,2.0,linear,35,20.0,6,5,0x47580f2ad4dd122e,U0-2pi,pennylane,,,,0,val_full,600,val,0.7933333333333333,0.8325745010074475,0.7885763000852515,0.8069047331809998,0.8074057698249817,0.0109700841237129,0.0223199696935831,60,30,888.175871119,unknown,56488e26fdba,0.03,0.001 0.003 0.01 0.03,0.0716666666666667,30,300,1.0,,,False,,
a7_20260822T081428Z,2026-08-22T08:30:32+00:00,hyperplanes_n_features20_n_hyperplanes3_dim_hyperplanes5_seed33,5d05157a8a23e9156d9012fe5bfc8926359e808f10eae8c6681f7702f3b4462c,536dc33fc72f70f24b5e4a66498bcb9f9e3efe2f2c171de6faeab9c91f3265a1,A,L2,2.0,linear,35,35.0,6,1,0x9aed96d53998f1c9,U0-2pi,pennylane,,,,0,test_full,1200,test,0.8175,0.8488051149952975,0.817087303227908,0.8430952429771423,1.0563323497772217,0.0112690358184645,0.0701846939187717,56,26,928.3010322250002,unknown,56488e26fdba,0.03,0.001 0.003 0.01 0.03,0.0716666666666667,30,300,1.0,,,False,,
a7_20260822T081428Z,2026-08-22T08:30:32+00:00,hyperplanes_n_features20_n_hyperplanes3_dim_hyperplanes5_seed33,5d05157a8a23e9156d9012fe5bfc8926359e808f10eae8c6681f7702f3b4462c,536dc33fc72f70f24b5e4a66498bcb9f9e3efe2f2c171de6faeab9c91f3265a1,A,L2,2.0,linear,35,35.0,6,1,0x9aed96d53998f1c9,U0-2pi,pennylane,,,,0,val_full,600,val,0.8416666666666667,0.8439514198884572,0.8377690685382994,0.8430952429771423,1.0563323497772217,0.0112690358184645,0.0701846939187717,56,26,928.3010322250002,unknown,56488e26fdba,0.03,0.001 0.003 0.01 0.03,0.0716666666666667,30,300,1.0,,,False,,
a7_20260822T081428Z,2026-08-22T08:30:41+00:00,hyperplanes_n_features20_n_hyperplanes3_dim_hyperplanes5_seed33,5d05157a8a23e9156d9012fe5bfc8926359e808f10eae8c6681f7702f3b4462c,536dc33fc72f70f24b5e4a66498bcb9f9e3efe2f2c171de6faeab9c91f3265a1,B,L1,2.0,linear,35,35.0,6,6,0x7f041defed10b1c8,U0-2pi,pennylane,,,,0,test_full,1200,test,0.7133333333333334,0.7449144477407004,0.7128739316239316,0.7480952143669128,0.0,0.0153004069207651,0.0367117469700654,66,36,1.2398925360002977,unknown,56488e26fdba,0.03,0.001 0.003 0.01 0.03,0.0716666666666667,30,300,1.0,,,True,0.7083333333333334,1.0
a7_20260822T081428Z,2026-08-22T08:30:41+00:00,hyperplanes_n_features20_n_hyperplanes3_dim_hyperplanes5_seed33,5d05157a8a23e9156d9012fe5bfc8926359e808f10eae8c6681f7702f3b4462c,536dc33fc72f70f24b5e4a66498bcb9f9e3efe2f2c171de6faeab9c91f3265a1,B,L1,2.0,linear,35,35.0,6,6,0x7f041defed10b1c8,U0-2pi,pennylane,,,,0,val_full,600,val,0.7216666666666667,0.7209649230221192,0.7211018980101371,0.7480952143669128,0.0,0.0153004069207651,0.0367117469700654,66,36,1.2398925360002977,unknown,56488e26fdba,0.03,0.001 0.003 0.01 0.03,0.0716666666666667,30,300,1.0,,,True,0.685,1.0
a7_20260822T081428Z,2026-08-22T08:30:42+00:00,hyperplanes_n_features20_n_hyperplanes3_dim_hyperplanes5_seed33,5d05157a8a23e9156d9012fe5bfc8926359e808f10eae8c6681f7702f3b4462c,536dc33fc72f70f24b5e4a66498bcb9f9e3efe2f2c171de6faeab9c91f3265a1,B,L1,2.0,h2,35,35.0,15,6,0x7f041defed10b1c8,U0-2pi,pennylane,,,,0,test_full,1200,test,0.7133333333333334,0.7293919663763295,0.7093776401013798,0.7195237874984741,0.0,0.0285079857095369,0.0903862192246682,37,7,0.9599330350001763,unknown,56488e26fdba,0.03,0.001 0.003 0.01 0.03,0.0716666666666667,30,300,1.0,,,True,0.7083333333333334,1.0
a7_20260822T081428Z,2026-08-22T08:30:42+00:00,hyperplanes_n_features20_n_hyperplanes3_dim_hyperplanes5_seed33,5d05157a8a23e9156d9012fe5bfc8926359e808f10eae8c6681f7702f3b4462c,536dc33fc72f70f24b5e4a66498bcb9f9e3efe2f2c171de6faeab9c91f3265a1,B,L1,2.0,h2,35,35.0,15,6,0x7f041defed10b1c8,U0-2pi,pennylane,,,,0,val_full,600,val,0.6916666666666667,0.7107234696262982,0.6912129212092213,0.7195237874984741,0.0,0.0285079857095369,0.0903862192246682,37,7,0.9599330350001763,unknown,56488e26fdba,0.03,0.001 0.003 0.01 0.03,0.0716666666666667,30,300,1.0,,,True,0.685,1.0
a7_20260822T081428Z,2026-08-22T08:30:43+00:00,hyperplanes_n_features20_n_hyperplanes3_dim_hyperplanes5_seed33,5d05157a8a23e9156d9012fe5bfc8926359e808f10eae8c6681f7702f3b4462c,536dc33fc72f70f24b5e4a66498bcb9f9e3efe2f2c171de6faeab9c91f3265a1,B,L1,2.0,h4,35,35.0,29,6,0x7f041defed10b1c8,U0-2pi,pennylane,,,,0,test_full,1200,test,0.7033333333333334,0.7525766146924946,0.7025392784627854,0.7285714149475098,0.0,0.0189027710823197,0.1217742187947791,37,7,0.965163154000038,unknown,56488e26fdba,0.01,0.001 0.003 0.01 0.03,0.0716666666666667,30,300,1.0,,,True,0.7083333333333334,1.0
a7_20260822T081428Z,2026-08-22T08:30:43+00:00,hyperplanes_n_features20_n_hyperplanes3_dim_hyperplanes5_seed33,5d05157a8a23e9156d9012fe5bfc8926359e808f10eae8c6681f7702f3b4462c,536dc33fc72f70f24b5e4a66498bcb9f9e3efe2f2c171de6faeab9c91f3265a1,B,L1,2.0,h4,35,35.0,29,6,0x7f041defed10b1c8,U0-2pi,pennylane,,,,0,val_full,600,val,0.69,0.7285569569524997,0.6899689968996899,0.7285714149475098,0.0,0.0189027710823197,0.1217742187947791,37,7,0.965163154000038,unknown,56488e26fdba,0.01,0.001 0.003 0.01 0.03,0.0716666666666667,30,300,1.0,,,True,0.685,1.0
a7_20260822T081428Z,2026-08-22T08:30:48+00:00,hyperplanes_n_features20_n_hyperplanes3_dim_hyperplanes5_seed33,5d05157a8a23e9156d9012fe5bfc8926359e808f10eae8c6681f7702f3b4462c,536dc33fc72f70f24b5e4a66498bcb9f9e3efe2f2c171de6faeab9c91f3265a1,B,L1,2.0,h42,35,35.0,295,6,0x7f041defed10b1c8,U0-2pi,pennylane,,,,0,test_full,1200,test,0.7991666666666667,0.8946636935244852,0.7991497896698264,0.8435714244842529,0.0,0.0040581478613025,0.0742531674127529,179,149,4.742766783999741,unknown,56488e26fdba,0.01,0.001 0.003 0.01 0.03,0.0716666666666667,30,300,1.0,,,True,0.7083333333333334,1.0
a7_20260822T081428Z,2026-08-22T08:30:48+00:00,hyperplanes_n_features20_n_hyperplanes3_dim_hyperplanes5_seed33,5d05157a8a23e9156d9012fe5bfc8926359e808f10eae8c6681f7702f3b4462c,536dc33fc72f70f24b5e4a66498bcb9f9e3efe2f2c171de6faeab9c91f3265a1,B,L1,2.0,h42,35,35.0,295,6,0x7f041defed10b1c8,U0-2pi,pennylane,,,,0,val_full,600,val,0.8483333333333334,0.904420522982044,0.8466425676415819,0.8435714244842529,0.0,0.0040581478613025,0.0742531674127529,179,149,4.742766783999741,unknown,56488e26fdba,0.01,0.001 0.003 0.01 0.03,0.0716666666666667,30,300,1.0,,,True,0.685,1.0
a7_20260822T081428Z,2026-08-22T08:31:19+00:00,hyperplanes_n_features20_n_hyperplanes3_dim_hyperplanes5_seed33,5d05157a8a23e9156d9012fe5bfc8926359e808f10eae8c6681f7702f3b4462c,536dc33fc72f70f24b5e4a66498bcb9f9e3efe2f2c171de6faeab9c91f3265a1,F,product,2.0,linear,35,20.0,6,4,0x6ff3a4afd33346b9,U0-2pi,pennylane,,,,0,test_full,1200,test,0.7891666666666667,0.8357636631046637,0.7877800153922401,0.8042857050895691,1.085110783576965,0.0438632494793054,0.0428300770639233,65,35,963.337500824,unknown,56488e26fdba,0.03,0.001 0.003 0.01 0.03,0.0716666666666667,30,300,1.0,,,False,,
a7_20260822T081428Z,2026-08-22T08:31:19+00:00,hyperplanes_n_features20_n_hyperplanes3_dim_hyperplanes5_seed33,5d05157a8a23e9156d9012fe5bfc8926359e808f10eae8c6681f7702f3b4462c,536dc33fc72f70f24b5e4a66498bcb9f9e3efe2f2c171de6faeab9c91f3265a1,F,product,2.0,linear,35,20.0,6,4,0x6ff3a4afd33346b9,U0-2pi,pennylane,,,,0,val_full,600,val,0.795,0.8321069563958989,0.7892626763640102,0.8042857050895691,1.085110783576965,0.0438632494793054,0.0428300770639233,65,35,963.337500824,unknown,56488e26fdba,0.03,0.001 0.003 0.01 0.03,0.0716666666666667,30,300,1.0,,,False,,
a7_20260822T081428Z,2026-08-22T08:32:29+00:00,hyperplanes_n_features20_n_hyperplanes3_dim_hyperplanes5_seed33,5d05157a8a23e9156d9012fe5bfc8926359e808f10eae8c6681f7702f3b4462c,536dc33fc72f70f24b5e4a66498bcb9f9e3efe2f2c171de6faeab9c91f3265a1,F,product,2.0,h42,35,20.0,295,4,0x6ff3a4afd33346b9,U0-2pi,pennylane,,,,0,test_full,1200,test,0.9325,0.9880888258786164,0.9323680707713866,0.956428587436676,0.6746160387992859,0.0108259985497978,0.1105345840722634,69,39,1026.8993267309995,unknown,56488e26fdba,0.01,0.001 0.003 0.01 0.03,0.0716666666666667,30,300,1.0,,,False,,
a7_20260822T081428Z,2026-08-22T08:32:29+00:00,hyperplanes_n_features20_n_hyperplanes3_dim_hyperplanes5_seed33,5d05157a8a23e9156d9012fe5bfc8926359e808f10eae8c6681f7702f3b4462c,536dc33fc72f70f24b5e4a66498bcb9f9e3efe2f2c171de6faeab9c91f3265a1,F,product,2.0,h42,35,20.0,295,4,0x6ff3a4afd33346b9,U0-2pi,pennylane,,,,0,val_full,600,val,0.9466666666666668,0.9883113847112912,0.9464040464944896,0.956428587436676,0.6746160387992859,0.0108259985497978,0.1105345840722634,69,39,1026.8993267309995,unknown,56488e26fdba,0.01,0.001 0.003 0.01 0.03,0.0716666666666667,30,300,1.0,,,False,,
a7_20260822T081428Z,2026-08-22T08:32:31+00:00,hyperplanes_n_features20_n_hyperplanes3_dim_hyperplanes5_seed33,5d05157a8a23e9156d9012fe5bfc8926359e808f10eae8c6681f7702f3b4462c,536dc33fc72f70f24b5e4a66498bcb9f9e3efe2f2c171de6faeab9c91f3265a1,F,product,2.0,h4,35,20.0,29,4,0x6ff3a4afd33346b9,U0-2pi,pennylane,,,,0,test_full,1200,test,0.8008333333333333,0.8563737898353143,0.799468465577168,0.8257142901420593,0.8506865501403809,0.003487789159699,0.0426073679979187,70,40,1030.839130401,unknown,56488e26fdba,0.01,0.001 0.003 0.01 0.03,0.0716666666666667,30,300,1.0,,,False,,
a7_20260822T081428Z,2026-08-22T08:32:31+00:00,hyperplanes_n_features20_n_hyperplanes3_dim_hyperplanes5_seed33,5d05157a8a23e9156d9012fe5bfc8926359e808f10eae8c6681f7702f3b4462c,536dc33fc72f70f24b5e4a66498bcb9f9e3efe2f2c171de6faeab9c91f3265a1,F,product,2.0,h4,35,20.0,29,4,0x6ff3a4afd33346b9,U0-2pi,pennylane,,,,0,val_full,600,val,0.815,0.8429829346216785,0.8096049445538724,0.8257142901420593,0.8506865501403809,0.003487789159699,0.0426073679979187,70,40,1030.839130401,unknown,56488e26fdba,0.01,0.001 0.003 0.01 0.03,0.0716666666666667,30,300,1.0,,,False,,
a7_20260822T081428Z,2026-08-22T08:32:51+00:00,hyperplanes_n_features20_n_hyperplanes3_dim_hyperplanes5_seed33,5d05157a8a23e9156d9012fe5bfc8926359e808f10eae8c6681f7702f3b4462c,536dc33fc72f70f24b5e4a66498bcb9f9e3efe2f2c171de6faeab9c91f3265a1,F,product,2.0,h2,35,20.0,15,4,0x6ff3a4afd33346b9,U0-2pi,pennylane,,,,0,test_full,1200,test,0.8083333333333333,0.8591952980444798,0.8080753012383315,0.8254761695861816,0.8550070524215698,0.0036704484546788,0.1534906099334085,71,41,1053.022604162,unknown,56488e26fdba,0.03,0.001 0.003 0.01 0.03,0.0716666666666667,30,300,1.0,,,False,,
a7_20260822T081428Z,2026-08-22T08:32:51+00:00,hyperplanes_n_features20_n_hyperplanes3_dim_hyperplanes5_seed33,5d05157a8a23e9156d9012fe5bfc8926359e808f10eae8c6681f7702f3b4462c,536dc33fc72f70f24b5e4a66498bcb9f9e3efe2f2c171de6faeab9c91f3265a1,F,product,2.0,h2,35,20.0,15,4,0x6ff3a4afd33346b9,U0-2pi,pennylane,,,,0,val_full,600,val,0.8133333333333334,0.8397045563335597,0.8097804549417453,0.8254761695861816,0.8550070524215698,0.0036704484546788,0.1534906099334085,71,41,1053.022604162,unknown,56488e26fdba,0.03,0.001 0.003 0.01 0.03,0.0716666666666667,30,300,1.0,,,False,,
a7_20260822T081428Z,2026-08-22T08:32:47+00:00,hyperplanes_n_features20_n_hyperplanes3_dim_hyperplanes5_seed33,5d05157a8a23e9156d9012fe5bfc8926359e808f10eae8c6681f7702f3b4462c,536dc33fc72f70f24b5e4a66498bcb9f9e3efe2f2c171de6faeab9c91f3265a1,B,L2,2.0,linear,35,35.0,6,6,0xfed8b00a5c8d996d,U0-2pi,pennylane,,,,0,test_full,1200,test,0.6025,0.6858120836461365,0.5982794231898888,0.6190476417541504,0.0,0.0419000411171012,0.0493520491436497,87,57,1.637127343999964,unknown,56488e26fdba,0.03,0.001 0.003 0.01 0.03,0.0716666666666667,30,300,1.0,,,True,0.6041666666666666,1.0
a7_20260822T081428Z,2026-08-22T08:32:47+00:00,hyperplanes_n_features20_n_hyperplanes3_dim_hyperplanes5_seed33,5d05157a8a23e9156d9012fe5bfc8926359e808f10eae8c6681f7702f3b4462c,536dc33fc72f70f24b5e4a66498bcb9f9e3efe2f2c171de6faeab9c91f3265a1,B,L2,2.0,linear,35,35.0,6,6,0xfed8b00a5c8d996d,U0-2pi,pennylane,,,,0,val_full,600,val,0.605,0.6622212821854371,0.6046826480146562,0.6190476417541504,0.0,0.0419000411171012,0.0493520491436497,87,57,1.637127343999964,unknown,56488e26fdba,0.03,0.001 0.003 0.01 0.03,0.0716666666666667,30,300,1.0,,,True,0.6066666666666667,1.0
a7_20260822T081428Z,2026-08-22T08:32:49+00:00,hyperplanes_n_features20_n_hyperplanes3_dim_hyperplanes5_seed33,5d05157a8a23e9156d9012fe5bfc8926359e808f10eae8c6681f7702f3b4462c,536dc33fc72f70f24b5e4a66498bcb9f9e3efe2f2c171de6faeab9c91f3265a1,B,L2,2.0,h2,35,35.0,15,6,0xfed8b00a5c8d996d,U0-2pi,pennylane,,,,0,test_full,1200,test,0.4658333333333333,0.5,0.3177942012507106,0.5066666603088379,0.0,0.0287032957622676,0.0121144490481248,92,62,2.3470953319997534,unknown,56488e26fdba,0.01,0.001 0.003 0.01 0.03,0.0716666666666667,30,300,1.0,,,True,0.6041666666666666,1.0
a7_20260822T081428Z,2026-08-22T08:32:49+00:00,hyperplanes_n_features20_n_hyperplanes3_dim_hyperplanes5_seed33,5d05157a8a23e9156d9012fe5bfc8926359e808f10eae8c6681f7702f3b4462c,536dc33fc72f70f24b5e4a66498bcb9f9e3efe2f2c171de6faeab9c91f3265a1,B,L2,2.0,h2,35,35.0,15,6,0xfed8b00a5c8d996d,U0-2pi,pennylane,,,,0,val_full,600,val,0.5216666666666666,0.5,0.3428258488499452,0.5066666603088379,0.0,0.0287032957622676,0.0121144490481248,92,62,2.3470953319997534,unknown,56488e26fdba,0.01,0.001 0.003 0.01 0.03,0.0716666666666667,30,300,1.0,,,True,0.6066666666666667,1.0
a7_20260822T081428Z,2026-08-22T08:32:50+00:00,hyperplanes_n_features20_n_hyperplanes3_dim_hyperplanes5_seed33,5d05157a8a23e9156d9012fe5bfc8926359e808f10eae8c6681f7702f3b4462c,536dc33fc72f70f24b5e4a66498bcb9f9e3efe2f2c171de6faeab9c91f3265a1,B,L2,2.0,h4,35,35.0,29,6,0xfed8b00a5c8d996d,U0-2pi,pennylane,,,,0,test_full,1200,test,0.6466666666666666,0.652929372988873,0.6004824363033319,0.6297619342803955,0.0,0.0302498648212275,0.0272532703904853,31,1,0.7975103079998007,unknown,56488e26fdba,0.01,0.001 0.003 0.01 0.03,0.0716666666666667,30,300,1.0,,,True,0.6041666666666666,1.0
a7_20260822T081428Z,2026-08-22T08:32:50+00:00,hyperplanes_n_features20_n_hyperplanes3_dim_hyperplanes5_seed33,5d05157a8a23e9156d9012fe5bfc8926359e808f10eae8c6681f7702f3b4462c,536dc33fc72f70f24b5e4a66498bcb9f9e3efe2f2c171de6faeab9c91f3265a1,B,L2,2.0,h4,35,35.0,29,6,0xfed8b00a5c8d996d,U0-2pi,pennylane,,,,0,val_full,600,val,0.6083333333333333,0.6310293773864256,0.5825920147780189,0.6297619342803955,0.0,0.0302498648212275,0.0272532703904853,31,1,0.7975103079998007,unknown,56488e26fdba,0.01,0.001 0.003 0.01 0.03,0.0716666666666667,30,300,1.0,,,True,0.6066666666666667,1.0
a7_20260822T081428Z,2026-08-22T08:32:52+00:00,hyperplanes_n_features20_n_hyperplanes3_dim_hyperplanes5_seed33,5d05157a8a23e9156d9012fe5bfc8926359e808f10eae8c6681f7702f3b4462c,536dc33fc72f70f24b5e4a66498bcb9f9e3efe2f2c171de6faeab9c91f3265a1,B,L2,2.0,h42,35,35.0,295,6,0xfed8b00a5c8d996d,U0-2pi,pennylane,,,,0,test_full,1200,test,0.7008333333333333,0.7674809317954113,0.7001083870105442,0.7059524059295654,0.0,0.002710734402394,0.0129219234467188,67,37,1.7693988300002277,unknown,56488e26fdba,0.01,0.001 0.003 0.01 0.03,0.0716666666666667,30,300,1.0,,,True,0.6041666666666666,1.0
a7_20260822T081428Z,2026-08-22T08:32:52+00:00,hyperplanes_n_features20_n_hyperplanes3_dim_hyperplanes5_seed33,5d05157a8a23e9156d9012fe5bfc8926359e808f10eae8c6681f7702f3b4462c,536dc33fc72f70f24b5e4a66498bcb9f9e3efe2f2c171de6faeab9c91f3265a1,B,L2,2.0,h42,35,35.0,295,6,0xfed8b00a5c8d996d,U0-2pi,pennylane,,,,0,val_full,600,val,0.7133333333333334,0.7507319299573644,0.7132536815782162,0.7059524059295654,0.0,0.002710734402394,0.0129219234467188,67,37,1.7693988300002277,unknown,56488e26fdba,0.01,0.001 0.003 0.01 0.03,0.0716666666666667,30,300,1.0,,,True,0.6066666666666667,1.0
a7_20260822T081428Z,2026-08-22T08:33:26+00:00,hyperplanes_n_features20_n_hyperplanes3_dim_hyperplanes5_seed33,5d05157a8a23e9156d9012fe5bfc8926359e808f10eae8c6681f7702f3b4462c,536dc33fc72f70f24b5e4a66498bcb9f9e3efe2f2c171de6faeab9c91f3265a1,F,product,2.0,h2,35,20.0,15,5,0x47580f2ad4dd122e,U0-2pi,pennylane,,,,0,test_full,1200,test,0.8041666666666667,0.8635768686561416,0.8035903954310389,0.8247619271278381,0.5692445635795593,0.0070244381528446,0.053149272570584,72,42,1060.9623519420002,unknown,56488e26fdba,0.01,0.001 0.003 0.01 0.03,0.0716666666666667,30,300,1.0,,,False,,
a7_20260822T081428Z,2026-08-22T08:33:26+00:00,hyperplanes_n_features20_n_hyperplanes3_dim_hyperplanes5_seed33,5d05157a8a23e9156d9012fe5bfc8926359e808f10eae8c6681f7702f3b4462c,536dc33fc72f70f24b5e4a66498bcb9f9e3efe2f2c171de6faeab9c91f3265a1,F,product,2.0,h2,35,20.0,15,5,0x47580f2ad4dd122e,U0-2pi,pennylane,,,,0,val_full,600,val,0.8083333333333333,0.8511705313310549,0.8038206636547927,0.8247619271278381,0.5692445635795593,0.0070244381528446,0.053149272570584,72,42,1060.9623519420002,unknown,56488e26fdba,0.01,0.001 0.003 0.01 0.03,0.0716666666666667,30,300,1.0,,,False,,
a7_20260822T081428Z,2026-08-22T08:33:50+00:00,hyperplanes_n_features20_n_hyperplanes3_dim_hyperplanes5_seed33,5d05157a8a23e9156d9012fe5bfc8926359e808f10eae8c6681f7702f3b4462c,536dc33fc72f70f24b5e4a66498bcb9f9e3efe2f2c171de6faeab9c91f3265a1,A,L2,2.0,h2,35,35.0,15,3,0xdec7e07515164a44,U0-2pi,pennylane,,,,0,test_full,1200,test,0.8366666666666667,0.8793784309511915,0.8365645194913488,0.8611904978752136,0.6822996139526367,0.0056137308575117,0.1338420212370768,67,37,1125.905165045,unknown,56488e26fdba,0.01,0.001 0.003 0.01 0.03,0.0716666666666667,30,300,1.0,,,False,,
a7_20260822T081428Z,2026-08-22T08:33:50+00:00,hyperplanes_n_features20_n_hyperplanes3_dim_hyperplanes5_seed33,5d05157a8a23e9156d9012fe5bfc8926359e808f10eae8c6681f7702f3b4462c,536dc33fc72f70f24b5e4a66498bcb9f9e3efe2f2c171de6faeab9c91f3265a1,A,L2,2.0,h2,35,35.0,15,3,0xdec7e07515164a44,U0-2pi,pennylane,,,,0,val_full,600,val,0.8566666666666667,0.8808095200988524,0.8533674339300938,0.8611904978752136,0.6822996139526367,0.0056137308575117,0.1338420212370768,67,37,1125.905165045,unknown,56488e26fdba,0.01,0.001 0.003 0.01 0.03,0.0716666666666667,30,300,1.0,,,False,,
a7_20260822T081428Z,2026-08-22T08:34:02+00:00,hyperplanes_n_features20_n_hyperplanes3_dim_hyperplanes5_seed33,5d05157a8a23e9156d9012fe5bfc8926359e808f10eae8c6681f7702f3b4462c,536dc33fc72f70f24b5e4a66498bcb9f9e3efe2f2c171de6faeab9c91f3265a1,A,L2,2.0,linear,35,35.0,6,3,0xdec7e07515164a44,U0-2pi,pennylane,,,,0,test_full,1200,test,0.8075,0.8494190930427916,0.8062859239329827,0.8399999737739563,0.922013819217682,0.0198383267048281,0.0765750409337058,68,38,1138.313361683,unknown,56488e26fdba,0.03,0.001 0.003 0.01 0.03,0.0716666666666667,30,300,1.0,,,False,,
a7_20260822T081428Z,2026-08-22T08:34:02+00:00,hyperplanes_n_features20_n_hyperplanes3_dim_hyperplanes5_seed33,5d05157a8a23e9156d9012fe5bfc8926359e808f10eae8c6681f7702f3b4462c,536dc33fc72f70f24b5e4a66498bcb9f9e3efe2f2c171de6faeab9c91f3265a1,A,L2,2.0,linear,35,35.0,6,3,0xdec7e07515164a44,U0-2pi,pennylane,,,,0,val_full,600,val,0.835,0.8459329184802573,0.8293686928895004,0.8399999737739563,0.922013819217682,0.0198383267048281,0.0765750409337058,68,38,1138.313361683,unknown,56488e26fdba,0.03,0.001 0.003 0.01 0.03,0.0716666666666667,30,300,1.0,,,False,,
a7_20260822T081428Z,2026-08-22T08:34:42+00:00,hyperplanes_n_features20_n_hyperplanes3_dim_hyperplanes5_seed33,5d05157a8a23e9156d9012fe5bfc8926359e808f10eae8c6681f7702f3b4462c,536dc33fc72f70f24b5e4a66498bcb9f9e3efe2f2c171de6faeab9c91f3265a1,A,L1,2.0,h2,35,35.0,15,2,0x68f1fd9add9ea051,U0-2pi,pennylane,,,,0,test_full,1200,test,0.8425,0.904819448591897,0.8419775382357921,0.8690476417541504,0.9988927841186525,0.0051262989653089,0.152289930642699,72,42,1177.726210452,unknown,56488e26fdba,0.03,0.001 0.003 0.01 0.03,0.0716666666666667,30,300,1.0,,,False,,
a7_20260822T081428Z,2026-08-22T08:34:42+00:00,hyperplanes_n_features20_n_hyperplanes3_dim_hyperplanes5_seed33,5d05157a8a23e9156d9012fe5bfc8926359e808f10eae8c6681f7702f3b4462c,536dc33fc72f70f24b5e4a66498bcb9f9e3efe2f2c171de6faeab9c91f3265a1,A,L1,2.0,h2,35,35.0,15,2,0x68f1fd9add9ea051,U0-2pi,pennylane,,,,0,val_full,600,val,0.8616666666666667,0.9094855896071512,0.8579541402945312,0.8690476417541504,0.9988927841186525,0.0051262989653089,0.152289930642699,72,42,1177.726210452,unknown,56488e26fdba,0.03,0.001 0.003 0.01 0.03,0.0716666666666667,30,300,1.0,,,False,,
a7_20260822T081428Z,2026-08-22T08:34:42+00:00,hyperplanes_n_features20_n_hyperplanes3_dim_hyperplanes5_seed33,5d05157a8a23e9156d9012fe5bfc8926359e808f10eae8c6681f7702f3b4462c,536dc33fc72f70f24b5e4a66498bcb9f9e3efe2f2c171de6faeab9c91f3265a1,E,,,linear,0,,6,6,,,pennylane,,,,0,test_full,1200,test,0.7633333333333333,0.8206709663735385,0.7631649172745063,0.788095235824585,0.0,0.0372712100148712,0.012940538333874,31,1,0.5805582699999832,unknown,56488e26fdba,0.1,0.001 0.003 0.01 0.03 0.1,0.0716666666666667,30,300,1.0,,,True,0.7758333333333334,1e-06
a7_20260822T081428Z,2026-08-22T08:34:42+00:00,hyperplanes_n_features20_n_hyperplanes3_dim_hyperplanes5_seed33,5d05157a8a23e9156d9012fe5bfc8926359e808f10eae8c6681f7702f3b4462c,536dc33fc72f70f24b5e4a66498bcb9f9e3efe2f2c171de6faeab9c91f3265a1,E,,,linear,0,,6,6,,,pennylane,,,,0,val_full,600,val,0.765,0.8133717758902829,0.7625456454071107,0.788095235824585,0.0,0.0372712100148712,0.012940538333874,31,1,0.5805582699999832,unknown,56488e26fdba,0.1,0.001 0.003 0.01 0.03 0.1,0.0716666666666667,30,300,1.0,,,True,0.76,1e-06
a7_20260822T081428Z,2026-08-22T08:34:44+00:00,hyperplanes_n_features20_n_hyperplanes3_dim_hyperplanes5_seed33,5d05157a8a23e9156d9012fe5bfc8926359e808f10eae8c6681f7702f3b4462c,536dc33fc72f70f24b5e4a66498bcb9f9e3efe2f2c171de6faeab9c91f3265a1,E,,,h2,0,,15,6,,,pennylane,,,,0,test_full,1200,test,0.8225,0.8814087447218818,0.8216875639633079,0.8490476012229919,0.0,0.0273416248876572,0.0773222165203005,56,26,1.4053885240000454,unknown,56488e26fdba,0.03,0.001 0.003 0.01 0.03 0.1,0.0716666666666667,30,300,1.0,,,True,0.7758333333333334,1e-06
a7_20260822T081428Z,2026-08-22T08:34:44+00:00,hyperplanes_n_features20_n_hyperplanes3_dim_hyperplanes5_seed33,5d05157a8a23e9156d9012fe5bfc8926359e808f10eae8c6681f7702f3b4462c,536dc33fc72f70f24b5e4a66498bcb9f9e3efe2f2c171de6faeab9c91f3265a1,E,,,h2,0,,15,6,,,pennylane,,,,0,val_full,600,val,0.8433333333333334,0.8849394975008628,0.8392172961138478,0.8490476012229919,0.0,0.0273416248876572,0.0773222165203005,56,26,1.4053885240000454,unknown,56488e26fdba,0.03,0.001 0.003 0.01 0.03 0.1,0.0716666666666667,30,300,1.0,,,True,0.76,1e-06
a7_20260822T081428Z,2026-08-22T08:34:46+00:00,hyperplanes_n_features20_n_hyperplanes3_dim_hyperplanes5_seed33,5d05157a8a23e9156d9012fe5bfc8926359e808f10eae8c6681f7702f3b4462c,536dc33fc72f70f24b5e4a66498bcb9f9e3efe2f2c171de6faeab9c91f3265a1,E,,,h4,0,,29,6,,,pennylane,,,,0,test_full,1200,test,0.83,0.8773662574409953,0.8298293566604289,0.8585714101791382,0.0,0.0240892370580391,0.0242414452461551,73,43,1.854938081,unknown,56488e26fdba,0.01,0.001 0.003 0.01 0.03 0.1,0.0716666666666667,30,300,1.0,,,True,0.7758333333333334,1e-06
a7_20260822T081428Z,2026-08-22T08:34:46+00:00,hyperplanes_n_features20_n_hyperplanes3_dim_hyperplanes5_seed33,5d05157a8a23e9156d9012fe5bfc8926359e808f10eae8c6681f7702f3b4462c,536dc33fc72f70f24b5e4a66498bcb9f9e3efe2f2c171de6faeab9c91f3265a1,E,,,h4,0,,29,6,,,pennylane,,,,0,val_full,600,val,0.8533333333333334,0.8737518228673844,0.850256945468571,0.8585714101791382,0.0,0.0240892370580391,0.0242414452461551,73,43,1.854938081,unknown,56488e26fdba,0.01,0.001 0.003 0.01 0.03 0.1,0.0716666666666667,30,300,1.0,,,True,0.76,1e-06
a7_20260822T081428Z,2026-08-22T08:34:48+00:00,hyperplanes_n_features20_n_hyperplanes3_dim_hyperplanes5_seed33,5d05157a8a23e9156d9012fe5bfc8926359e808f10eae8c6681f7702f3b4462c,536dc33fc72f70f24b5e4a66498bcb9f9e3efe2f2c171de6faeab9c91f3265a1,E,,,h42,0,,295,6,,,pennylane,,,,0,test_full,1200,test,0.95,0.9909577778459976,0.949938674876724,0.9609524011611938,0.0,0.0069329543607461,0.0481270720131257,93,63,2.4131401839999853,unknown,56488e26fdba,0.03,0.001 0.003 0.01 0.03 0.1,0.0716666666666667,30,300,1.0,,,True,0.7758333333333334,1e-06
a7_20260822T081428Z,2026-08-22T08:34:48+00:00,hyperplanes_n_features20_n_hyperplanes3_dim_hyperplanes5_seed33,5d05157a8a23e9156d9012fe5bfc8926359e808f10eae8c6681f7702f3b4462c,536dc33fc72f70f24b5e4a66498bcb9f9e3efe2f2c171de6faeab9c91f3265a1,E,,,h42,0,,295,6,,,pennylane,,,,0,val_full,600,val,0.9483333333333334,0.989246473934388,0.9480143435692904,0.9609524011611938,0.0,0.0069329543607461,0.0481270720131257,93,63,2.4131401839999853,unknown,56488e26fdba,0.03,0.001 0.003 0.01 0.03 0.1,0.0716666666666667,30,300,1.0,,,True,0.76,1e-06
a7_20260822T081428Z,2026-08-22T08:34:52+00:00,hyperplanes_n_features20_n_hyperplanes3_dim_hyperplanes5_seed33,5d05157a8a23e9156d9012fe5bfc8926359e808f10eae8c6681f7702f3b4462c,536dc33fc72f70f24b5e4a66498bcb9f9e3efe2f2c171de6faeab9c91f3265a1,F,product,2.0,h4,35,20.0,29,3,0xa27b3263a781f0fe,U0-2pi,pennylane,,,,0,test_full,1200,test,0.8041666666666667,0.8747763864042934,0.80372381853223,0.8199999928474426,0.763004720211029,0.0143238461564079,0.1668796184988249,80,50,1187.722679251,unknown,56488e26fdba,0.01,0.001 0.003 0.01 0.03,0.0716666666666667,30,300,1.0,,,False,,
a7_20260822T081428Z,2026-08-22T08:34:52+00:00,hyperplanes_n_features20_n_hyperplanes3_dim_hyperplanes5_seed33,5d05157a8a23e9156d9012fe5bfc8926359e808f10eae8c6681f7702f3b4462c,536dc33fc72f70f24b5e4a66498bcb9f9e3efe2f2c171de6faeab9c91f3265a1,F,product,2.0,h4,35,20.0,29,3,0xa27b3263a781f0fe,U0-2pi,pennylane,,,,0,val_full,600,val,0.8083333333333333,0.8513876056149883,0.8044079087236907,0.8199999928474426,0.763004720211029,0.0143238461564079,0.1668796184988249,80,50,1187.722679251,unknown,56488e26fdba,0.01,0.001 0.003 0.01 0.03,0.0716666666666667,30,300,1.0,,,False,,
a7_20260822T081428Z,2026-08-22T08:34:53+00:00,hyperplanes_n_features20_n_hyperplanes3_dim_hyperplanes5_seed33,5d05157a8a23e9156d9012fe5bfc8926359e808f10eae8c6681f7702f3b4462c,536dc33fc72f70f24b5e4a66498bcb9f9e3efe2f2c171de6faeab9c91f3265a1,D_best,,2.0,linear,192,,33,6,0x9a1aca9cdc0b384a,RFF-int-spectrum-U0-2pi,pennylane,,,,0,test_full,1200,test,0.8075,0.8571859153435905,0.8074774053343761,0.8235714435577393,0.0,0.0760466258458366,0.0324821687681764,60,30,1.165668514999652,unknown,56488e26fdba,0.03,0.001 0.003 0.01 0.03,0.0716666666666667,30,300,1.0,32.0,0x9a1aca9cdc0b384a,True,0.795,1.0
a7_20260822T081428Z,2026-08-22T08:34:53+00:00,hyperplanes_n_features20_n_hyperplanes3_dim_hyperplanes5_seed33,5d05157a8a23e9156d9012fe5bfc8926359e808f10eae8c6681f7702f3b4462c,536dc33fc72f70f24b5e4a66498bcb9f9e3efe2f2c171de6faeab9c91f3265a1,D_best,,2.0,linear,192,,33,6,0x9a1aca9cdc0b384a,RFF-int-spectrum-U0-2pi,pennylane,,,,0,val_full,600,val,0.8116666666666666,0.8483708296690453,0.808836922105275,0.8235714435577393,0.0,0.0760466258458366,0.0324821687681764,60,30,1.165668514999652,unknown,56488e26fdba,0.03,0.001 0.003 0.01 0.03,0.0716666666666667,30,300,1.0,32.0,0x9a1aca9cdc0b384a,True,0.795,1.0
a7_20260822T081428Z,2026-08-22T08:34:55+00:00,hyperplanes_n_features20_n_hyperplanes3_dim_hyperplanes5_seed33,5d05157a8a23e9156d9012fe5bfc8926359e808f10eae8c6681f7702f3b4462c,536dc33fc72f70f24b5e4a66498bcb9f9e3efe2f2c171de6faeab9c91f3265a1,D_best,,2.0,linear,768,,129,6,0x0765a6307b9ee5f9,RFF-int-spectrum-U0-2pi,pennylane,,,,0,test_full,1200,test,0.825,0.8838883787909657,0.8249761773130231,0.8514285683631897,0.0,0.0762334059177811,0.0498249095092557,94,64,1.8503750600002604,unknown,56488e26fdba,0.01,0.001 0.003 0.01 0.03,0.0716666666666667,30,300,1.0,128.0,0x0765a6307b9ee5f9,True,0.8258333333333333,1e-06
a7_20260822T081428Z,2026-08-22T08:34:55+00:00,hyperplanes_n_features20_n_hyperplanes3_dim_hyperplanes5_seed33,5d05157a8a23e9156d9012fe5bfc8926359e808f10eae8c6681f7702f3b4462c,536dc33fc72f70f24b5e4a66498bcb9f9e3efe2f2c171de6faeab9c91f3265a1,D_best,,2.0,linear,768,,129,6,0x0765a6307b9ee5f9,RFF-int-spectrum-U0-2pi,pennylane,,,,0,val_full,600,val,0.845,0.8709576872126548,0.8426710951839874,0.8514285683631897,0.0,0.0762334059177811,0.0498249095092557,94,64,1.8503750600002604,unknown,56488e26fdba,0.01,0.001 0.003 0.01 0.03,0.0716666666666667,30,300,1.0,128.0,0x0765a6307b9ee5f9,True,0.8283333333333334,1e-06
a7_20260822T081428Z,2026-08-22T08:34:49+00:00,hyperplanes_n_features20_n_hyperplanes3_dim_hyperplanes5_seed33,5d05157a8a23e9156d9012fe5bfc8926359e808f10eae8c6681f7702f3b4462c,536dc33fc72f70f24b5e4a66498bcb9f9e3efe2f2c171de6faeab9c91f3265a1,D_matched,,2.0,linear,30,,6,6,0x88bb3901c7635059,RFF-int-spectrum-U0-2pi,pennylane,,,,0,test_full,1200,test,0.6375,0.6563369511524646,0.6374796082279628,0.6466666460037231,0.0,0.0617797310350675,0.0959393997138908,37,7,0.6728047040001002,unknown,56488e26fdba,0.03,0.001 0.003 0.01 0.03,0.0716666666666667,30,300,1.0,,0x88bb3901c7635059,True,0.6316666666666667,1.0
a7_20260822T081428Z,2026-08-22T08:34:49+00:00,hyperplanes_n_features20_n_hyperplanes3_dim_hyperplanes5_seed33,5d05157a8a23e9156d9012fe5bfc8926359e808f10eae8c6681f7702f3b4462c,536dc33fc72f70f24b5e4a66498bcb9f9e3efe2f2c171de6faeab9c91f3265a1,D_matched,,2.0,linear,30,,6,6,0x88bb3901c7635059,RFF-int-spectrum-U0-2pi,pennylane,,,,0,val_full,600,val,0.6566666666666666,0.6883147243156594,0.6534281452237015,0.6466666460037231,0.0,0.0617797310350675,0.0959393997138908,37,7,0.6728047040001002,unknown,56488e26fdba,0.03,0.001 0.003 0.01 0.03,0.0716666666666667,30,300,1.0,,0x88bb3901c7635059,True,0.6433333333333333,1.0
a7_20260822T081428Z,2026-08-22T08:34:50+00:00,hyperplanes_n_features20_n_hyperplanes3_dim_hyperplanes5_seed33,5d05157a8a23e9156d9012fe5bfc8926359e808f10eae8c6681f7702f3b4462c,536dc33fc72f70f24b5e4a66498bcb9f9e3efe2f2c171de6faeab9c91f3265a1,D_matched,,2.0,h2,30,,15,6,0x88bb3901c7635059,RFF-int-spectrum-U0-2pi,pennylane,,,,0,test_full,1200,test,0.6441666666666667,0.7057314850733564,0.6413148708026525,0.6480952501296997,0.0,0.0260734610568015,0.0351107229715485,63,33,1.5983728760002125,unknown,56488e26fdba,0.01,0.001 0.003 0.01 0.03,0.0716666666666667,30,300,1.0,,0x88bb3901c7635059,True,0.6316666666666667,1.0
a7_20260822T081428Z,2026-08-22T08:34:50+00:00,hyperplanes_n_features20_n_hyperplanes3_dim_hyperplanes5_seed33,5d05157a8a23e9156d9012fe5bfc8926359e808f10eae8c6681f7702f3b4462c,536dc33fc72f70f24b5e4a66498bcb9f9e3efe2f2c171de6faeab9c91f3265a1,D_matched,,2.0,h2,30,,15,6,0x88bb3901c7635059,RFF-int-spectrum-U0-2pi,pennylane,,,,0,val_full,600,val,0.6566666666666666,0.6979995769834466,0.6433353340412762,0.6480952501296997,0.0,0.0260734610568015,0.0351107229715485,63,33,1.5983728760002125,unknown,56488e26fdba,0.01,0.001 0.003 0.01 0.03,0.0716666666666667,30,300,1.0,,0x88bb3901c7635059,True,0.6433333333333333,1.0
a7_20260822T081428Z,2026-08-22T08:34:51+00:00,hyperplanes_n_features20_n_hyperplanes3_dim_hyperplanes5_seed33,5d05157a8a23e9156d9012fe5bfc8926359e808f10eae8c6681f7702f3b4462c,536dc33fc72f70f24b5e4a66498bcb9f9e3efe2f2c171de6faeab9c91f3265a1,D_matched,,2.0,h2,30,,15,6,0x88bb3901c7635059,RFF-int-spectrum-U0-2pi,pennylane,,,,0,test_full,1200,test,0.6308333333333334,0.6773880257535883,0.6245696428256149,0.6495237946510315,0.0,0.0260734610568015,0.1283725177025157,38,8,0.9461137280000004,unknown,56488e26fdba,0.03,0.001 0.003 0.01 0.03,0.0716666666666667,30,300,1.0,,0x88bb3901c7635059,True,0.6316666666666667,1.0
a7_20260822T081428Z,2026-08-22T08:34:51+00:00,hyperplanes_n_features20_n_hyperplanes3_dim_hyperplanes5_seed33,5d05157a8a23e9156d9012fe5bfc8926359e808f10eae8c6681f7702f3b4462c,536dc33fc72f70f24b5e4a66498bcb9f9e3efe2f2c171de6faeab9c91f3265a1,D_matched,,2.0,h2,30,,15,6,0x88bb3901c7635059,RFF-int-spectrum-U0-2pi,pennylane,,,,0,val_full,600,val,0.6583333333333333,0.6879306698133162,0.6438488645148961,0.6495237946510315,0.0,0.0260734610568015,0.1283725177025157,38,8,0.9461137280000004,unknown,56488e26fdba,0.03,0.001 0.003 0.01 0.03,0.0716666666666667,30,300,1.0,,0x88bb3901c7635059,True,0.6433333333333333,1.0
a7_20260822T081428Z,2026-08-22T08:34:53+00:00,hyperplanes_n_features20_n_hyperplanes3_dim_hyperplanes5_seed33,5d05157a8a23e9156d9012fe5bfc8926359e808f10eae8c6681f7702f3b4462c,536dc33fc72f70f24b5e4a66498bcb9f9e3efe2f2c171de6faeab9c91f3265a1,D_matched,,2.0,h4,30,,29,6,0x88bb3901c7635059,RFF-int-spectrum-U0-2pi,pennylane,,,,0,test_full,1200,test,0.6716666666666666,0.7328190802050687,0.6710956521739131,0.6700000166893005,0.0,0.0252872694340499,0.1323839390933311,79,49,2.002574836999884,unknown,56488e26fdba,0.01,0.001 0.003 0.01 0.03,0.0716666666666667,30,300,1.0,,0x88bb3901c7635059,True,0.6316666666666667,1.0
a7_20260822T081428Z,2026-08-22T08:34:53+00:00,hyperplanes_n_features20_n_hyperplanes3_dim_hyperplanes5_seed33,5d05157a8a23e9156d9012fe5bfc8926359e808f10eae8c6681f7702f3b4462c,536dc33fc72f70f24b5e4a66498bcb9f9e3efe2f2c171de6faeab9c91f3265a1,D_matched,,2.0,h4,30,,29,6,0x88bb3901c7635059,RFF-int-spectrum-U0-2pi,pennylane,,,,0,val_full,600,val,0.6683333333333333,0.7212432233861362,0.6618627003973254,0.6700000166893005,0.0,0.0252872694340499,0.1323839390933311,79,49,2.002574836999884,unknown,56488e26fdba,0.01,0.001 0.003 0.01 0.03,0.0716666666666667,30,300,1.0,,0x88bb3901c7635059,True,0.6433333333333333,1.0
a7_20260822T081428Z,2026-08-22T08:34:55+00:00,hyperplanes_n_features20_n_hyperplanes3_dim_hyperplanes5_seed33,5d05157a8a23e9156d9012fe5bfc8926359e808f10eae8c6681f7702f3b4462c,536dc33fc72f70f24b5e4a66498bcb9f9e3efe2f2c171de6faeab9c91f3265a1,D_matched,,2.0,h42,30,,295,6,0x88bb3901c7635059,RFF-int-spectrum-U0-2pi,pennylane,,,,0,test_full,1200,test,0.6891666666666667,0.767366508613833,0.6883613838258444,0.6926190257072449,0.0,0.011252258992407,0.0259033275459143,68,38,1.7575664749997486,unknown,56488e26fdba,0.01,0.001 0.003 0.01 0.03,0.0716666666666667,30,300,1.0,,0x88bb3901c7635059,True,0.6316666666666667,1.0
a7_20260822T081428Z,2026-08-22T08:34:55+00:00,hyperplanes_n_features20_n_hyperplanes3_dim_hyperplanes5_seed33,5d05157a8a23e9156d9012fe5bfc8926359e808f10eae8c6681f7702f3b4462c,536dc33fc72f70f24b5e4a66498bcb9f9e3efe2f2c171de6faeab9c91f3265a1,D_matched,,2.0,h42,30,,295,6,0x88bb3901c7635059,RFF-int-spectrum-U0-2pi,pennylane,,,,0,val_full,600,val,0.69,0.7446093219489931,0.6840996840996841,0.6926190257072449,0.0,0.011252258992407,0.0259033275459143,68,38,1.7575664749997486,unknown,56488e26fdba,0.01,0.001 0.003 0.01 0.03,0.0716666666666667,30,300,1.0,,0x88bb3901c7635059,True,0.6433333333333333,1.0
a7_20260822T081428Z,2026-08-22T08:34:57+00:00,hyperplanes_n_features20_n_hyperplanes3_dim_hyperplanes5_seed33,5d05157a8a23e9156d9012fe5bfc8926359e808f10eae8c6681f7702f3b4462c,536dc33fc72f70f24b5e4a66498bcb9f9e3efe2f2c171de6faeab9c91f3265a1,D_best,,2.0,linear,3072,,513,6,0xac5b090c25741663,RFF-int-spectrum-U0-2pi,pennylane,,,,0,test_full,1200,test,0.8325,0.8834139412088111,0.8321212235105457,0.8611904978752136,0.0,0.1021702241574308,0.0224191025545815,92,62,2.1775334970002405,unknown,56488e26fdba,0.001,0.001 0.003 0.01 0.03,0.0716666666666667,30,300,1.0,512.0,0xac5b090c25741663,True,0.8433333333333334,0.0001
a7_20260822T081428Z,2026-08-22T08:34:57+00:00,hyperplanes_n_features20_n_hyperplanes3_dim_hyperplanes5_seed33,5d05157a8a23e9156d9012fe5bfc8926359e808f10eae8c6681f7702f3b4462c,536dc33fc72f70f24b5e4a66498bcb9f9e3efe2f2c171de6faeab9c91f3265a1,D_best,,2.0,linear,3072,,513,6,0xac5b090c25741663,RFF-int-spectrum-U0-2pi,pennylane,,,,0,val_full,600,val,0.8483333333333334,0.8719595685231156,0.845076057441031,0.8611904978752136,0.0,0.1021702241574308,0.0224191025545815,92,62,2.1775334970002405,unknown,56488e26fdba,0.001,0.001 0.003 0.01 0.03,0.0716666666666667,30,300,1.0,512.0,0xac5b090c25741663,True,0.8516666666666667,0.0001
a7_20260822T081428Z,2026-08-22T08:36:27+00:00,hyperplanes_n_features20_n_hyperplanes3_dim_hyperplanes5_seed33,5d05157a8a23e9156d9012fe5bfc8926359e808f10eae8c6681f7702f3b4462c,536dc33fc72f70f24b5e4a66498bcb9f9e3efe2f2c171de6faeab9c91f3265a1,A,L2,2.0,linear,35,35.0,6,2,0xedbc28bf50f4bc26,U0-2pi,pennylane,,,,0,test_full,1200,test,0.8275,0.8612242164105168,0.8274998802082502,0.8376190662384033,0.9905754923820496,0.0112642067641137,0.0844982990105098,78,48,1283.085538843,unknown,56488e26fdba,0.03,0.001 0.003 0.01 0.03,0.0716666666666667,30,300,1.0,,,False,,
a7_20260822T081428Z,2026-08-22T08:36:27+00:00,hyperplanes_n_features20_n_hyperplanes3_dim_hyperplanes5_seed33,5d05157a8a23e9156d9012fe5bfc8926359e808f10eae8c6681f7702f3b4462c,536dc33fc72f70f24b5e4a66498bcb9f9e3efe2f2c171de6faeab9c91f3265a1,A,L2,2.0,linear,35,35.0,6,2,0xedbc28bf50f4bc26,U0-2pi,pennylane,,,,0,val_full,600,val,0.8366666666666667,0.85207779051775,0.8345414434289316,0.8376190662384033,0.9905754923820496,0.0112642067641137,0.0844982990105098,78,48,1283.085538843,unknown,56488e26fdba,0.03,0.001 0.003 0.01 0.03,0.0716666666666667,30,300,1.0,,,False,,
a7_20260822T081428Z,2026-08-22T08:36:53+00:00,hyperplanes_n_features20_n_hyperplanes3_dim_hyperplanes5_seed33,5d05157a8a23e9156d9012fe5bfc8926359e808f10eae8c6681f7702f3b4462c,536dc33fc72f70f24b5e4a66498bcb9f9e3efe2f2c171de6faeab9c91f3265a1,F,product,2.0,h2,35,20.0,15,4,0x6ff3a4afd33346b9,U0-2pi,pennylane,,,,0,test_full,1200,test,0.8008333333333333,0.8570882370178527,0.7997809318564035,0.825952410697937,0.7880899310112,0.0036704484546788,0.096453604037871,87,57,1295.9257779540003,unknown,56488e26fdba,0.01,0.001 0.003 0.01 0.03,0.0716666666666667,30,300,1.0,,,False,,
a7_20260822T081428Z,2026-08-22T08:36:53+00:00,hyperplanes_n_features20_n_hyperplanes3_dim_hyperplanes5_seed33,5d05157a8a23e9156d9012fe5bfc8926359e808f10eae8c6681f7702f3b4462c,536dc33fc72f70f24b5e4a66498bcb9f9e3efe2f2c171de6faeab9c91f3265a1,F,product,2.0,h2,35,20.0,15,4,0x6ff3a4afd33346b9,U0-2pi,pennylane,,,,0,val_full,600,val,0.8133333333333334,0.8479255490866182,0.8086364205898098,0.825952410697937,0.7880899310112,0.0036704484546788,0.096453604037871,87,57,1295.9257779540003,unknown,56488e26fdba,0.01,0.001 0.003 0.01 0.03,0.0716666666666667,30,300,1.0,,,False,,
a7_20260822T081428Z,2026-08-22T08:37:04+00:00,hyperplanes_n_features20_n_hyperplanes3_dim_hyperplanes5_seed33,5d05157a8a23e9156d9012fe5bfc8926359e808f10eae8c6681f7702f3b4462c,536dc33fc72f70f24b5e4a66498bcb9f9e3efe2f2c171de6faeab9c91f3265a1,F,product,2.0,h2,35,20.0,15,3,0xa27b3263a781f0fe,U0-2pi,pennylane,,,,0,test_full,1200,test,0.8208333333333333,0.8857721750730495,0.8200132687892544,0.8495237827301025,0.9672832489013672,0.0041906849516122,0.1020268203586537,87,57,1319.8288875030005,unknown,56488e26fdba,0.03,0.001 0.003 0.01 0.03,0.0716666666666667,30,300,1.0,,,False,,
a7_20260822T081428Z,2026-08-22T08:37:04+00:00,hyperplanes_n_features20_n_hyperplanes3_dim_hyperplanes5_seed33,5d05157a8a23e9156d9012fe5bfc8926359e808f10eae8c6681f7702f3b4462c,536dc33fc72f70f24b5e4a66498bcb9f9e3efe2f2c171de6faeab9c91f3265a1,F,product,2.0,h2,35,20.0,15,3,0xa27b3263a781f0fe,U0-2pi,pennylane,,,,0,val_full,600,val,0.8483333333333334,0.8868096759470562,0.8442629730940041,0.8495237827301025,0.9672832489013672,0.0041906849516122,0.1020268203586537,87,57,1319.8288875030005,unknown,56488e26fdba,0.03,0.001 0.003 0.01 0.03,0.0716666666666667,30,300,1.0,,,False,,
a7_20260822T081428Z,2026-08-22T08:37:20+00:00,hyperplanes_n_features20_n_hyperplanes3_dim_hyperplanes5_seed33,5d05157a8a23e9156d9012fe5bfc8926359e808f10eae8c6681f7702f3b4462c,536dc33fc72f70f24b5e4a66498bcb9f9e3efe2f2c171de6faeab9c91f3265a1,B,L1,2.0,linear,35,35.0,6,7,0xd86bbfc3a6142e24,U0-2pi,pennylane,,,,0,test_full,1200,test,0.735,0.7866314652586104,0.734787092971858,0.7321428656578064,0.0,0.0788225405838133,0.0421547211575883,94,64,1.7823115070000313,unknown,56488e26fdba,0.03,0.001 0.003 0.01 0.03,0.0716666666666667,30,300,1.0,,,True,0.725,1e-06
a7_20260822T081428Z,2026-08-22T08:37:20+00:00,hyperplanes_n_features20_n_hyperplanes3_dim_hyperplanes5_seed33,5d05157a8a23e9156d9012fe5bfc8926359e808f10eae8c6681f7702f3b4462c,536dc33fc72f70f24b5e4a66498bcb9f9e3efe2f2c171de6faeab9c91f3265a1,B,L1,2.0,linear,35,35.0,6,7,0xd86bbfc3a6142e24,U0-2pi,pennylane,,,,0,val_full,600,val,0.7166666666666667,0.7761574512139462,0.7158584417899804,0.7321428656578064,0.0,0.0788225405838133,0.0421547211575883,94,64,1.7823115070000313,unknown,56488e26fdba,0.03,0.001 0.003 0.01 0.03,0.0716666666666667,30,300,1.0,,,True,0.71,1e-06
a7_20260822T081428Z,2026-08-22T08:37:22+00:00,hyperplanes_n_features20_n_hyperplanes3_dim_hyperplanes5_seed33,5d05157a8a23e9156d9012fe5bfc8926359e808f10eae8c6681f7702f3b4462c,536dc33fc72f70f24b5e4a66498bcb9f9e3efe2f2c171de6faeab9c91f3265a1,B,L1,2.0,h2,35,35.0,15,7,0xd86bbfc3a6142e24,U0-2pi,pennylane,,,,0,test_full,1200,test,0.7283333333333334,0.7863495935186244,0.7281634354805087,0.7507143020629883,0.0,0.0541333320337064,0.0136080434763772,82,52,2.0980290100001184,unknown,56488e26fdba,0.03,0.001 0.003 0.01 0.03,0.0716666666666667,30,300,1.0,,,True,0.725,1e-06
a7_20260822T081428Z,2026-08-22T08:37:22+00:00,hyperplanes_n_features20_n_hyperplanes3_dim_hyperplanes5_seed33,5d05157a8a23e9156d9012fe5bfc8926359e808f10eae8c6681f7702f3b4462c,536dc33fc72f70f24b5e4a66498bcb9f9e3efe2f2c171de6faeab9c91f3265a1,B,L1,2.0,h2,35,35.0,15,7,0xd86bbfc3a6142e24,U0-2pi,pennylane,,,,0,val_full,600,val,0.725,0.7827142077901837,0.7215276039278673,0.7507143020629883,0.0,0.0541333320337064,0.0136080434763772,82,52,2.0980290100001184,unknown,56488e26fdba,0.03,0.001 0.003 0.01 0.03,0.0716666666666667,30,300,1.0,,,True,0.71,1e-06
a7_20260822T081428Z,2026-08-22T08:37:25+00:00,hyperplanes_n_features20_n_hyperplanes3_dim_hyperplanes5_seed33,5d05157a8a23e9156d9012fe5bfc8926359e808f10eae8c6681f7702f3b4462c,536dc33fc72f70f24b5e4a66498bcb9f9e3efe2f2c171de6faeab9c91f3265a1,B,L1,2.0,h4,35,35.0,29,7,0xd86bbfc3a6142e24,U0-2pi,pennylane,,,,0,test_full,1200,test,0.7483333333333333,0.8243018092816736,0.7482885846372689,0.7688094973564148,0.0,0.0066123053092485,0.0297274235807394,117,87,3.012665454999933,unknown,56488e26fdba,0.01,0.001 0.003 0.01 0.03,0.0716666666666667,30,300,1.0,,,True,0.725,1e-06
a7_20260822T081428Z,2026-08-22T08:37:25+00:00,hyperplanes_n_features20_n_hyperplanes3_dim_hyperplanes5_seed33,5d05157a8a23e9156d9012fe5bfc8926359e808f10eae8c6681f7702f3b4462c,536dc33fc72f70f24b5e4a66498bcb9f9e3efe2f2c171de6faeab9c91f3265a1,B,L1,2.0,h4,35,35.0,29,7,0xd86bbfc3a6142e24,U0-2pi,pennylane,,,,0,val_full,600,val,0.7533333333333333,0.8101212276385658,0.7501238125253253,0.7688094973564148,0.0,0.0066123053092485,0.0297274235807394,117,87,3.012665454999933,unknown,56488e26fdba,0.01,0.001 0.003 0.01 0.03,0.0716666666666667,30,300,1.0,,,True,0.71,1e-06
a7_20260822T081428Z,2026-08-22T08:37:27+00:00,hyperplanes_n_features20_n_hyperplanes3_dim_hyperplanes5_seed33,5d05157a8a23e9156d9012fe5bfc8926359e808f10eae8c6681f7702f3b4462c,536dc33fc72f70f24b5e4a66498bcb9f9e3efe2f2c171de6faeab9c91f3265a1,B,L1,2.0,h42,35,35.0,295,7,0xd86bbfc3a6142e24,U0-2pi,pennylane,,,,0,test_full,1200,test,0.7533333333333333,0.8345747783399708,0.7516771579338868,0.7752380967140198,0.0,0.0069107454562174,0.0120247592440648,61,31,1.6047655269999268,unknown,56488e26fdba,0.01,0.001 0.003 0.01 0.03,0.0716666666666667,30,300,1.0,,,True,0.725,1e-06
a7_20260822T081428Z,2026-08-22T08:37:27+00:00,hyperplanes_n_features20_n_hyperplanes3_dim_hyperplanes5_seed33,5d05157a8a23e9156d9012fe5bfc8926359e808f10eae8c6681f7702f3b4462c,536dc33fc72f70f24b5e4a66498bcb9f9e3efe2f2c171de6faeab9c91f3265a1,B,L1,2.0,h42,35,35.0,295,7,0xd86bbfc3a6142e24,U0-2pi,pennylane,,,,0,val_full,600,val,0.7683333333333333,0.8224443677572331,0.7610143993122717,0.7752380967140198,0.0,0.0069107454562174,0.0120247592440648,61,31,1.6047655269999268,unknown,56488e26fdba,0.01,0.001 0.003 0.01 0.03,0.0716666666666667,30,300,1.0,,,True,0.71,1e-06
a7_20260822T081428Z,2026-08-22T08:38:34+00:00,hyperplanes_n_features20_n_hyperplanes3_dim_hyperplanes5_seed33,5d05157a8a23e9156d9012fe5bfc8926359e808f10eae8c6681f7702f3b4462c,536dc33fc72f70f24b5e4a66498bcb9f9e3efe2f2c171de6faeab9c91f3265a1,F,product,2.0,h2,35,20.0,15,1,0x27078a7f911995bb,U0-2pi,pennylane,,,,0,test_full,1200,test,0.8358333333333333,0.8882866942584682,0.8351187333436093,0.8578571677207947,1.0018855333328247,0.0230420430318857,0.080165555762338,94,64,1409.9609265090005,unknown,56488e26fdba,0.03,0.001 0.003 0.01 0.03,0.0716666666666667,30,300,1.0,,,False,,
a7_20260822T081428Z,2026-08-22T08:38:34+00:00,hyperplanes_n_features20_n_hyperplanes3_dim_hyperplanes5_seed33,5d05157a8a23e9156d9012fe5bfc8926359e808f10eae8c6681f7702f3b4462c,536dc33fc72f70f24b5e4a66498bcb9f9e3efe2f2c171de6faeab9c91f3265a1,F,product,2.0,h2,35,20.0,15,1,0x27078a7f911995bb,U0-2pi,pennylane,,,,0,val_full,600,val,0.8466666666666667,0.8850675156683103,0.8426382047071702,0.8578571677207947,1.0018855333328247,0.0230420430318857,0.080165555762338,94,64,1409.9609265090005,unknown,56488e26fdba,0.03,0.001 0.003 0.01 0.03,0.0716666666666667,30,300,1.0,,,False,,
a7_20260822T081428Z,2026-08-22T08:38:47+00:00,hyperplanes_n_features20_n_hyperplanes3_dim_hyperplanes5_seed33,5d05157a8a23e9156d9012fe5bfc8926359e808f10eae8c6681f7702f3b4462c,536dc33fc72f70f24b5e4a66498bcb9f9e3efe2f2c171de6faeab9c91f3265a1,F,product,2.0,linear,35,20.0,6,2,0x499fbb627c0f5f7c,U0-2pi,pennylane,,,,0,test_full,1200,test,0.7908333333333334,0.8328863387093622,0.7895141424553189,0.8147618770599365,0.6579293608665466,0.0186957966621854,0.0285566914512971,97,67,1423.524829641,unknown,56488e26fdba,0.03,0.001 0.003 0.01 0.03,0.0716666666666667,30,300,1.0,,,False,,
a7_20260822T081428Z,2026-08-22T08:38:47+00:00,hyperplanes_n_features20_n_hyperplanes3_dim_hyperplanes5_seed33,5d05157a8a23e9156d9012fe5bfc8926359e808f10eae8c6681f7702f3b4462c,536dc33fc72f70f24b5e4a66498bcb9f9e3efe2f2c171de6faeab9c91f3265a1,F,product,2.0,linear,35,20.0,6,2,0x499fbb627c0f5f7c,U0-2pi,pennylane,,,,0,val_full,600,val,0.7983333333333333,0.8301365898186596,0.7917091042630777,0.8147618770599365,0.6579293608665466,0.0186957966621854,0.0285566914512971,97,67,1423.524829641,unknown,56488e26fdba,0.03,0.001 0.003 0.01 0.03,0.0716666666666667,30,300,1.0,,,False,,
a7_20260822T081428Z,2026-08-22T08:39:29+00:00,hyperplanes_n_features20_n_hyperplanes3_dim_hyperplanes5_seed33,5d05157a8a23e9156d9012fe5bfc8926359e808f10eae8c6681f7702f3b4462c,536dc33fc72f70f24b5e4a66498bcb9f9e3efe2f2c171de6faeab9c91f3265a1,A,L1,2.0,linear,35,35.0,6,2,0x68f1fd9add9ea051,U0-2pi,pennylane,,,,0,test_full,1200,test,0.8225,0.8615088789598095,0.8224969183492769,0.8440476059913635,0.9571848511695862,0.0104925978058964,0.050187141498229,88,58,1464.964302202,unknown,56488e26fdba,0.03,0.001 0.003 0.01 0.03,0.0716666666666667,30,300,1.0,,,False,,
a7_20260822T081428Z,2026-08-22T08:39:29+00:00,hyperplanes_n_features20_n_hyperplanes3_dim_hyperplanes5_seed33,5d05157a8a23e9156d9012fe5bfc8926359e808f10eae8c6681f7702f3b4462c,536dc33fc72f70f24b5e4a66498bcb9f9e3efe2f2c171de6faeab9c91f3265a1,A,L1,2.0,linear,35,35.0,6,2,0x68f1fd9add9ea051,U0-2pi,pennylane,,,,0,val_full,600,val,0.845,0.8563524841090492,0.8425396825396825,0.8440476059913635,0.9571848511695862,0.0104925978058964,0.050187141498229,88,58,1464.964302202,unknown,56488e26fdba,0.03,0.001 0.003 0.01 0.03,0.0716666666666667,30,300,1.0,,,False,,
a7_20260822T081428Z,2026-08-22T08:40:38+00:00,hyperplanes_n_features20_n_hyperplanes3_dim_hyperplanes5_seed33,5d05157a8a23e9156d9012fe5bfc8926359e808f10eae8c6681f7702f3b4462c,536dc33fc72f70f24b5e4a66498bcb9f9e3efe2f2c171de6faeab9c91f3265a1,F,product,2.0,h4,35,20.0,29,2,0x499fbb627c0f5f7c,U0-2pi,pennylane,,,,0,test_full,1200,test,0.8066666666666666,0.8479762446311806,0.8055235774720301,0.8240476250648499,0.5100228190422058,0.0043335407707688,0.1922893768820028,102,72,1534.113503615,unknown,56488e26fdba,0.01,0.001 0.003 0.01 0.03,0.0716666666666667,30,300,1.0,,,False,,
a7_20260822T081428Z,2026-08-22T08:40:38+00:00,hyperplanes_n_features20_n_hyperplanes3_dim_hyperplanes5_seed33,5d05157a8a23e9156d9012fe5bfc8926359e808f10eae8c6681f7702f3b4462c,536dc33fc72f70f24b5e4a66498bcb9f9e3efe2f2c171de6faeab9c91f3265a1,F,product,2.0,h4,35,20.0,29,2,0x499fbb627c0f5f7c,U0-2pi,pennylane,,,,0,val_full,600,val,0.815,0.8338602486892054,0.8089232278776994,0.8240476250648499,0.5100228190422058,0.0043335407707688,0.1922893768820028,102,72,1534.113503615,unknown,56488e26fdba,0.01,0.001 0.003 0.01 0.03,0.0716666666666667,30,300,1.0,,,False,,
a7_20260822T081428Z,2026-08-22T08:40:53+00:00,hyperplanes_n_features20_n_hyperplanes3_dim_hyperplanes5_seed33,5d05157a8a23e9156d9012fe5bfc8926359e808f10eae8c6681f7702f3b4462c,536dc33fc72f70f24b5e4a66498bcb9f9e3efe2f2c171de6faeab9c91f3265a1,B,L2,2.0,linear,35,35.0,6,7,0x93234eaab96b5658,U0-2pi,pennylane,,,,0,test_full,1200,test,0.6941666666666667,0.7732690702976956,0.6937359828926094,0.7316666841506958,0.0,0.0309876728255745,0.0233550383334604,44,14,0.8319882380001218,unknown,56488e26fdba,0.03,0.001 0.003 0.01 0.03,0.0716666666666667,30,300,1.0,,,True,0.6958333333333333,1.0
a7_20260822T081428Z,2026-08-22T08:40:53+00:00,hyperplanes_n_features20_n_hyperplanes3_dim_hyperplanes5_seed33,5d05157a8a23e9156d9012fe5bfc8926359e808f10eae8c6681f7702f3b4462c,536dc33fc72f70f24b5e4a66498bcb9f9e3efe2f2c171de6faeab9c91f3265a1,B,L2,2.0,linear,35,35.0,6,7,0x93234eaab96b5658,U0-2pi,pennylane,,,,0,val_full,600,val,0.73,0.7793634714074206,0.7298529199230692,0.7316666841506958,0.0,0.0309876728255745,0.0233550383334604,44,14,0.8319882380001218,unknown,56488e26fdba,0.03,0.001 0.003 0.01 0.03,0.0716666666666667,30,300,1.0,,,True,0.7233333333333334,1.0
a7_20260822T081428Z,2026-08-22T08:40:54+00:00,hyperplanes_n_features20_n_hyperplanes3_dim_hyperplanes5_seed33,5d05157a8a23e9156d9012fe5bfc8926359e808f10eae8c6681f7702f3b4462c,536dc33fc72f70f24b5e4a66498bcb9f9e3efe2f2c171de6faeab9c91f3265a1,B,L2,2.0,h2,35,35.0,15,7,0x93234eaab96b5658,U0-2pi,pennylane,,,,0,test_full,1200,test,0.7041666666666667,0.7759845277532033,0.7041500251055788,0.7321428656578064,0.0,0.0541201338125904,0.0143439387164238,45,15,1.1475770359998023,unknown,56488e26fdba,0.01,0.001 0.003 0.01 0.03,0.0716666666666667,30,300,1.0,,,True,0.6958333333333333,1.0
a7_20260822T081428Z,2026-08-22T08:40:54+00:00,hyperplanes_n_features20_n_hyperplanes3_dim_hyperplanes5_seed33,5d05157a8a23e9156d9012fe5bfc8926359e808f10eae8c6681f7702f3b4462c,536dc33fc72f70f24b5e4a66498bcb9f9e3efe2f2c171de6faeab9c91f3265a1,B,L2,2.0,h2,35,35.0,15,7,0x93234eaab96b5658,U0-2pi,pennylane,,,,0,val_full,600,val,0.73,0.7799590341864167,0.7292298092351578,0.7321428656578064,0.0,0.0541201338125904,0.0143439387164238,45,15,1.1475770359998023,unknown,56488e26fdba,0.01,0.001 0.003 0.01 0.03,0.0716666666666667,30,300,1.0,,,True,0.7233333333333334,1.0
a7_20260822T081428Z,2026-08-22T08:40:56+00:00,hyperplanes_n_features20_n_hyperplanes3_dim_hyperplanes5_seed33,5d05157a8a23e9156d9012fe5bfc8926359e808f10eae8c6681f7702f3b4462c,536dc33fc72f70f24b5e4a66498bcb9f9e3efe2f2c171de6faeab9c91f3265a1,B,L2,2.0,h4,35,35.0,29,7,0x93234eaab96b5658,U0-2pi,pennylane,,,,0,test_full,1200,test,0.6933333333333334,0.7741077084943861,0.6929204819813304,0.7373809814453125,0.0,0.0029496211863856,0.0242108059787558,84,54,2.14718700100002,unknown,56488e26fdba,0.01,0.001 0.003 0.01 0.03,0.0716666666666667,30,300,1.0,,,True,0.6958333333333333,1.0
a7_20260822T081428Z,2026-08-22T08:40:56+00:00,hyperplanes_n_features20_n_hyperplanes3_dim_hyperplanes5_seed33,5d05157a8a23e9156d9012fe5bfc8926359e808f10eae8c6681f7702f3b4462c,536dc33fc72f70f24b5e4a66498bcb9f9e3efe2f2c171de6faeab9c91f3265a1,B,L2,2.0,h4,35,35.0,29,7,0x93234eaab96b5658,U0-2pi,pennylane,,,,0,val_full,600,val,0.7416666666666667,0.7877458783716088,0.7375661375661375,0.7373809814453125,0.0,0.0029496211863856,0.0242108059787558,84,54,2.14718700100002,unknown,56488e26fdba,0.01,0.001 0.003 0.01 0.03,0.0716666666666667,30,300,1.0,,,True,0.7233333333333334,1.0
a7_20260822T081428Z,2026-08-22T08:40:58+00:00,hyperplanes_n_features20_n_hyperplanes3_dim_hyperplanes5_seed33,5d05157a8a23e9156d9012fe5bfc8926359e808f10eae8c6681f7702f3b4462c,536dc33fc72f70f24b5e4a66498bcb9f9e3efe2f2c171de6faeab9c91f3265a1,B,L2,2.0,h42,35,35.0,295,7,0x93234eaab96b5658,U0-2pi,pennylane,,,,0,test_full,1200,test,0.7675,0.8505940237609506,0.7672541622088331,0.8050000071525574,0.0,0.0044471012420104,0.0318624151703437,84,54,2.2164993839996896,unknown,56488e26fdba,0.01,0.001 0.003 0.01 0.03,0.0716666666666667,30,300,1.0,,,True,0.6958333333333333,1.0
a7_20260822T081428Z,2026-08-22T08:40:58+00:00,hyperplanes_n_features20_n_hyperplanes3_dim_hyperplanes5_seed33,5d05157a8a23e9156d9012fe5bfc8926359e808f10eae8c6681f7702f3b4462c,536dc33fc72f70f24b5e4a66498bcb9f9e3efe2f2c171de6faeab9c91f3265a1,B,L2,2.0,h42,35,35.0,295,7,0x93234eaab96b5658,U0-2pi,pennylane,,,,0,val_full,600,val,0.7916666666666666,0.8764457703910676,0.7894908203963747,0.8050000071525574,0.0,0.0044471012420104,0.0318624151703437,84,54,2.2164993839996896,unknown,56488e26fdba,0.01,0.001 0.003 0.01 0.03,0.0716666666666667,30,300,1.0,,,True,0.7233333333333334,1.0
a7_20260822T081428Z,2026-08-22T08:41:52+00:00,hyperplanes_n_features20_n_hyperplanes3_dim_hyperplanes5_seed33,5d05157a8a23e9156d9012fe5bfc8926359e808f10eae8c6681f7702f3b4462c,536dc33fc72f70f24b5e4a66498bcb9f9e3efe2f2c171de6faeab9c91f3265a1,A,L2,2.0,h4,35,35.0,29,3,0xdec7e07515164a44,U0-2pi,pennylane,,,,0,test_full,1200,test,0.8358333333333333,0.8993550439692006,0.8358003793816954,0.8578571677207947,0.8111966252326965,0.0041463075431768,0.0818999558490365,98,68,1608.25474575,unknown,56488e26fdba,0.01,0.001 0.003 0.01 0.03,0.0716666666666667,30,300,1.0,,,False,,
a7_20260822T081428Z,2026-08-22T08:41:52+00:00,hyperplanes_n_features20_n_hyperplanes3_dim_hyperplanes5_seed33,5d05157a8a23e9156d9012fe5bfc8926359e808f10eae8c6681f7702f3b4462c,536dc33fc72f70f24b5e4a66498bcb9f9e3efe2f2c171de6faeab9c91f3265a1,A,L2,2.0,h4,35,35.0,29,3,0xdec7e07515164a44,U0-2pi,pennylane,,,,0,val_full,600,val,0.8583333333333333,0.912402177422048,0.8562047644154724,0.8578571677207947,0.8111966252326965,0.0041463075431768,0.0818999558490365,98,68,1608.25474575,unknown,56488e26fdba,0.01,0.001 0.003 0.01 0.03,0.0716666666666667,30,300,1.0,,,False,,
a7_20260822T081428Z,2026-08-22T08:41:56+00:00,hyperplanes_n_features20_n_hyperplanes3_dim_hyperplanes5_seed33,5d05157a8a23e9156d9012fe5bfc8926359e808f10eae8c6681f7702f3b4462c,536dc33fc72f70f24b5e4a66498bcb9f9e3efe2f2c171de6faeab9c91f3265a1,A,L1,2.0,linear,35,35.0,6,4,0xc975238400fc39ed,U0-2pi,pennylane,,,,0,test_full,1200,test,0.8266666666666667,0.8503568049698733,0.8265105261401928,0.845714271068573,1.4099957942962646,0.0197028749799897,0.061325374705758,98,68,1612.082766942,unknown,56488e26fdba,0.03,0.001 0.003 0.01 0.03,0.0716666666666667,30,300,1.0,,,False,,
a7_20260822T081428Z,2026-08-22T08:41:56+00:00,hyperplanes_n_features20_n_hyperplanes3_dim_hyperplanes5_seed33,5d05157a8a23e9156d9012fe5bfc8926359e808f10eae8c6681f7702f3b4462c,536dc33fc72f70f24b5e4a66498bcb9f9e3efe2f2c171de6faeab9c91f3265a1,A,L1,2.0,linear,35,35.0,6,4,0xc975238400fc39ed,U0-2pi,pennylane,,,,0,val_full,600,val,0.8333333333333334,0.8475915886497979,0.829837438032467,0.845714271068573,1.4099957942962646,0.0197028749799897,0.061325374705758,98,68,1612.082766942,unknown,56488e26fdba,0.03,0.001 0.003 0.01 0.03,0.0716666666666667,30,300,1.0,,,False,,
a7_20260822T081428Z,2026-08-22T08:42:11+00:00,hyperplanes_n_features20_n_hyperplanes3_dim_hyperplanes5_seed33,5d05157a8a23e9156d9012fe5bfc8926359e808f10eae8c6681f7702f3b4462c,536dc33fc72f70f24b5e4a66498bcb9f9e3efe2f2c171de6faeab9c91f3265a1,A,L2,2.0,h42,35,35.0,295,3,0xdec7e07515164a44,U0-2pi,pennylane,,,,0,test_full,1200,test,0.8975,0.9682322176607996,0.8974554928354321,0.9245238304138184,0.6441428661346436,0.0029573532542655,0.081084458824348,100,70,1627.2291839590002,unknown,56488e26fdba,0.01,0.001 0.003 0.01 0.03,0.0716666666666667,30,300,1.0,,,False,,
a7_20260822T081428Z,2026-08-22T08:42:11+00:00,hyperplanes_n_features20_n_hyperplanes3_dim_hyperplanes5_seed33,5d05157a8a23e9156d9012fe5bfc8926359e808f10eae8c6681f7702f3b4462c,536dc33fc72f70f24b5e4a66498bcb9f9e3efe2f2c171de6faeab9c91f3265a1,A,L2,2.0,h42,35,35.0,295,3,0xdec7e07515164a44,U0-2pi,pennylane,,,,0,val_full,600,val,0.9183333333333332,0.973349957141744,0.9179502063803482,0.9245238304138184,0.6441428661346436,0.0029573532542655,0.081084458824348,100,70,1627.2291839590002,unknown,56488e26fdba,0.01,0.001 0.003 0.01 0.03,0.0716666666666667,30,300,1.0,,,False,,
a7_20260822T081428Z,2026-08-22T08:42:32+00:00,hyperplanes_n_features20_n_hyperplanes3_dim_hyperplanes5_seed33,5d05157a8a23e9156d9012fe5bfc8926359e808f10eae8c6681f7702f3b4462c,536dc33fc72f70f24b5e4a66498bcb9f9e3efe2f2c171de6faeab9c91f3265a1,F,product,2.0,h2,35,20.0,15,6,0x5a38e794abf67abb,U0-2pi,pennylane,,,,0,test_full,1200,test,0.4658333333333333,0.5,0.3177942012507106,0.5066666603088379,0.2195593267679214,0.0199198848359064,0.012058918182734,37,7,545.9376367680002,unknown,56488e26fdba,0.03,0.001 0.003 0.01 0.03,0.0716666666666667,30,300,1.0,,,False,,
a7_20260822T081428Z,2026-08-22T08:42:32+00:00,hyperplanes_n_features20_n_hyperplanes3_dim_hyperplanes5_seed33,5d05157a8a23e9156d9012fe5bfc8926359e808f10eae8c6681f7702f3b4462c,536dc33fc72f70f24b5e4a66498bcb9f9e3efe2f2c171de6faeab9c91f3265a1,F,product,2.0,h2,35,20.0,15,6,0x5a38e794abf67abb,U0-2pi,pennylane,,,,0,val_full,600,val,0.5216666666666666,0.5,0.3428258488499452,0.5066666603088379,0.2195593267679214,0.0199198848359064,0.012058918182734,37,7,545.9376367680002,unknown,56488e26fdba,0.03,0.001 0.003 0.01 0.03,0.0716666666666667,30,300,1.0,,,False,,
a7_20260822T081428Z,2026-08-22T08:43:41+00:00,hyperplanes_n_features20_n_hyperplanes3_dim_hyperplanes5_seed33,5d05157a8a23e9156d9012fe5bfc8926359e808f10eae8c6681f7702f3b4462c,536dc33fc72f70f24b5e4a66498bcb9f9e3efe2f2c171de6faeab9c91f3265a1,A,L1,2.0,h42,35,35.0,295,2,0x68f1fd9add9ea051,U0-2pi,pennylane,,,,0,test_full,1200,test,0.905,0.9765181304926616,0.904998944432716,0.9314285516738892,0.7119527459144592,0.004017910975965,0.0772292422371141,105,75,1717.4679576420003,unknown,56488e26fdba,0.01,0.001 0.003 0.01 0.03,0.0716666666666667,30,300,1.0,,,False,,
a7_20260822T081428Z,2026-08-22T08:43:41+00:00,hyperplanes_n_features20_n_hyperplanes3_dim_hyperplanes5_seed33,5d05157a8a23e9156d9012fe5bfc8926359e808f10eae8c6681f7702f3b4462c,536dc33fc72f70f24b5e4a66498bcb9f9e3efe2f2c171de6faeab9c91f3265a1,A,L1,2.0,h42,35,35.0,295,2,0x68f1fd9add9ea051,U0-2pi,pennylane,,,,0,val_full,600,val,0.925,0.9748973071656778,0.9242677108372904,0.9314285516738892,0.7119527459144592,0.004017910975965,0.0772292422371141,105,75,1717.4679576420003,unknown,56488e26fdba,0.01,0.001 0.003 0.01 0.03,0.0716666666666667,30,300,1.0,,,False,,
a7_20260822T081428Z,2026-08-22T08:43:44+00:00,hyperplanes_n_features20_n_hyperplanes3_dim_hyperplanes5_seed33,5d05157a8a23e9156d9012fe5bfc8926359e808f10eae8c6681f7702f3b4462c,536dc33fc72f70f24b5e4a66498bcb9f9e3efe2f2c171de6faeab9c91f3265a1,A,L1,2.0,h2,35,35.0,15,6,0x7f041defed10b1c8,U0-2pi,pennylane,,,,0,test_full,1200,test,0.8316666666666667,0.8558449314716774,0.831058477184531,0.8578571677207947,1.22612202167511,0.0157920903748096,0.0505978292538269,57,27,937.285929351,unknown,56488e26fdba,0.03,0.001 0.003 0.01 0.03,0.0716666666666667,30,300,1.0,,,False,,
a7_20260822T081428Z,2026-08-22T08:43:44+00:00,hyperplanes_n_features20_n_hyperplanes3_dim_hyperplanes5_seed33,5d05157a8a23e9156d9012fe5bfc8926359e808f10eae8c6681f7702f3b4462c,536dc33fc72f70f24b5e4a66498bcb9f9e3efe2f2c171de6faeab9c91f3265a1,A,L1,2.0,h2,35,35.0,15,6,0x7f041defed10b1c8,U0-2pi,pennylane,,,,0,val_full,600,val,0.8466666666666667,0.8527791074350726,0.8426382047071702,0.8578571677207947,1.22612202167511,0.0157920903748096,0.0505978292538269,57,27,937.285929351,unknown,56488e26fdba,0.03,0.001 0.003 0.01 0.03,0.0716666666666667,30,300,1.0,,,False,,
a7_20260822T081428Z,2026-08-22T08:43:42+00:00,hyperplanes_n_features20_n_hyperplanes3_dim_hyperplanes5_seed33,5d05157a8a23e9156d9012fe5bfc8926359e808f10eae8c6681f7702f3b4462c,536dc33fc72f70f24b5e4a66498bcb9f9e3efe2f2c171de6faeab9c91f3265a1,E,,,linear,0,,6,7,,,pennylane,,,,0,test_full,1200,test,0.7691666666666667,0.8202551357868269,0.7690125146017586,0.7876190543174744,0.0,0.0491766491593499,0.020467620398629,33,3,0.6227221419999296,unknown,56488e26fdba,0.1,0.001 0.003 0.01 0.03 0.1,0.0716666666666667,30,300,1.0,,,True,0.7758333333333334,1e-06
a7_20260822T081428Z,2026-08-22T08:43:42+00:00,hyperplanes_n_features20_n_hyperplanes3_dim_hyperplanes5_seed33,5d05157a8a23e9156d9012fe5bfc8926359e808f10eae8c6681f7702f3b4462c,536dc33fc72f70f24b5e4a66498bcb9f9e3efe2f2c171de6faeab9c91f3265a1,E,,,linear,0,,6,7,,,pennylane,,,,0,val_full,600,val,0.7683333333333333,0.813805924458149,0.7655821797484366,0.7876190543174744,0.0,0.0491766491593499,0.020467620398629,33,3,0.6227221419999296,unknown,56488e26fdba,0.1,0.001 0.003 0.01 0.03 0.1,0.0716666666666667,30,300,1.0,,,True,0.76,1e-06
a7_20260822T081428Z,2026-08-22T08:43:43+00:00,hyperplanes_n_features20_n_hyperplanes3_dim_hyperplanes5_seed33,5d05157a8a23e9156d9012fe5bfc8926359e808f10eae8c6681f7702f3b4462c,536dc33fc72f70f24b5e4a66498bcb9f9e3efe2f2c171de6faeab9c91f3265a1,E,,,h2,0,,15,7,,,pennylane,,,,0,test_full,1200,test,0.8166666666666667,0.8652429818122958,0.8164627363737487,0.8459523916244507,0.0,0.0539469304937897,0.0600877959632303,47,17,1.20370700400008,unknown,56488e26fdba,0.03,0.001 0.003 0.01 0.03 0.1,0.0716666666666667,30,300,1.0,,,True,0.7758333333333334,1e-06
a7_20260822T081428Z,2026-08-22T08:43:43+00:00,hyperplanes_n_features20_n_hyperplanes3_dim_hyperplanes5_seed33,5d05157a8a23e9156d9012fe5bfc8926359e808f10eae8c6681f7702f3b4462c,536dc33fc72f70f24b5e4a66498bcb9f9e3efe2f2c171de6faeab9c91f3265a1,E,,,h2,0,,15,7,,,pennylane,,,,0,val_full,600,val,0.8433333333333334,0.8619964154913116,0.8398891715116279,0.8459523916244507,0.0,0.0539469304937897,0.0600877959632303,47,17,1.20370700400008,unknown,56488e26fdba,0.03,0.001 0.003 0.01 0.03 0.1,0.0716666666666667,30,300,1.0,,,True,0.76,1e-06
a7_20260822T081428Z,2026-08-22T08:43:45+00:00,hyperplanes_n_features20_n_hyperplanes3_dim_hyperplanes5_seed33,5d05157a8a23e9156d9012fe5bfc8926359e808f10eae8c6681f7702f3b4462c,536dc33fc72f70f24b5e4a66498bcb9f9e3efe2f2c171de6faeab9c91f3265a1,E,,,h4,0,,29,7,,,pennylane,,,,0,test_full,1200,test,0.8241666666666667,0.8857331037427544,0.8236492486636138,0.848809540271759,0.0,0.0094745271340812,0.0503856757837736,56,26,1.433227302999967,unknown,56488e26fdba,0.01,0.001 0.003 0.01 0.03 0.1,0.0716666666666667,30,300,1.0,,,True,0.7758333333333334,1e-06
a7_20260822T081428Z,2026-08-22T08:43:45+00:00,hyperplanes_n_features20_n_hyperplanes3_dim_hyperplanes5_seed33,5d05157a8a23e9156d9012fe5bfc8926359e808f10eae8c6681f7702f3b4462c,536dc33fc72f70f24b5e4a66498bcb9f9e3efe2f2c171de6faeab9c91f3265a1,E,,,h4,0,,29,7,,,pennylane,,,,0,val_full,600,val,0.8416666666666667,0.8888913626699023,0.8381045163159404,0.848809540271759,0.0,0.0094745271340812,0.0503856757837736,56,26,1.433227302999967,unknown,56488e26fdba,0.01,0.001 0.003 0.01 0.03 0.1,0.0716666666666667,30,300,1.0,,,True,0.76,1e-06
a7_20260822T081428Z,2026-08-22T08:43:48+00:00,hyperplanes_n_features20_n_hyperplanes3_dim_hyperplanes5_seed33,5d05157a8a23e9156d9012fe5bfc8926359e808f10eae8c6681f7702f3b4462c,536dc33fc72f70f24b5e4a66498bcb9f9e3efe2f2c171de6faeab9c91f3265a1,E,,,h42,0,,295,7,,,pennylane,,,,0,test_full,1200,test,0.9141666666666668,0.982638375302454,0.9138651348226674,0.9580952525138856,0.0,0.0073385087121887,0.0239574105378947,130,100,3.4392377479998686,unknown,56488e26fdba,0.03,0.001 0.003 0.01 0.03 0.1,0.0716666666666667,30,300,1.0,,,True,0.7758333333333334,1e-06
a7_20260822T081428Z,2026-08-22T08:43:48+00:00,hyperplanes_n_features20_n_hyperplanes3_dim_hyperplanes5_seed33,5d05157a8a23e9156d9012fe5bfc8926359e808f10eae8c6681f7702f3b4462c,536dc33fc72f70f24b5e4a66498bcb9f9e3efe2f2c171de6faeab9c91f3265a1,E,,,h42,0,,295,7,,,pennylane,,,,0,val_full,600,val,0.9516666666666668,0.984893856241164,0.9515372981765212,0.9580952525138856,0.0,0.0073385087121887,0.0239574105378947,130,100,3.4392377479998686,unknown,56488e26fdba,0.03,0.001 0.003 0.01 0.03 0.1,0.0716666666666667,30,300,1.0,,,True,0.76,1e-06
a7_20260822T081428Z,2026-08-22T08:43:50+00:00,hyperplanes_n_features20_n_hyperplanes3_dim_hyperplanes5_seed33,5d05157a8a23e9156d9012fe5bfc8926359e808f10eae8c6681f7702f3b4462c,536dc33fc72f70f24b5e4a66498bcb9f9e3efe2f2c171de6faeab9c91f3265a1,D_best,,2.0,linear,192,,33,7,0x0b43632cc101e959,RFF-int-spectrum-U0-2pi,pennylane,,,,0,test_full,1200,test,0.8241666666666667,0.8624354276496641,0.8239190528347156,0.833809494972229,0.0,0.0491231252287269,0.0244048560549746,84,54,1.6121861439996792,unknown,56488e26fdba,0.03,0.001 0.003 0.01 0.03,0.0716666666666667,30,300,1.0,32.0,0x0b43632cc101e959,True,0.8133333333333334,1.0
a7_20260822T081428Z,2026-08-22T08:43:50+00:00,hyperplanes_n_features20_n_hyperplanes3_dim_hyperplanes5_seed33,5d05157a8a23e9156d9012fe5bfc8926359e808f10eae8c6681f7702f3b4462c,536dc33fc72f70f24b5e4a66498bcb9f9e3efe2f2c171de6faeab9c91f3265a1,D_best,,2.0,linear,192,,33,7,0x0b43632cc101e959,RFF-int-spectrum-U0-2pi,pennylane,,,,0,val_full,600,val,0.8233333333333334,0.8496398793289623,0.819627684314415,0.833809494972229,0.0,0.0491231252287269,0.0244048560549746,84,54,1.6121861439996792,unknown,56488e26fdba,0.03,0.001 0.003 0.01 0.03,0.0716666666666667,30,300,1.0,32.0,0x0b43632cc101e959,True,0.8116666666666666,1.0
a7_20260822T081428Z,2026-08-22T08:43:51+00:00,hyperplanes_n_features20_n_hyperplanes3_dim_hyperplanes5_seed33,5d05157a8a23e9156d9012fe5bfc8926359e808f10eae8c6681f7702f3b4462c,536dc33fc72f70f24b5e4a66498bcb9f9e3efe2f2c171de6faeab9c91f3265a1,D_best,,2.0,linear,768,,129,7,0x7c054db42ab0a66c,RFF-int-spectrum-U0-2pi,pennylane,,,,0,test_full,1200,test,0.8233333333333334,0.8762945866671876,0.8233092837636233,0.8526190519332886,0.0,0.0744033209679939,0.0685621579082683,54,24,1.088880028999938,unknown,56488e26fdba,0.01,0.001 0.003 0.01 0.03,0.0716666666666667,30,300,1.0,128.0,0x7c054db42ab0a66c,True,0.8208333333333333,1e-06
a7_20260822T081428Z,2026-08-22T08:43:51+00:00,hyperplanes_n_features20_n_hyperplanes3_dim_hyperplanes5_seed33,5d05157a8a23e9156d9012fe5bfc8926359e808f10eae8c6681f7702f3b4462c,536dc33fc72f70f24b5e4a66498bcb9f9e3efe2f2c171de6faeab9c91f3265a1,D_best,,2.0,linear,768,,129,7,0x7c054db42ab0a66c,RFF-int-spectrum-U0-2pi,pennylane,,,,0,val_full,600,val,0.8483333333333334,0.866159788937004,0.845925925925926,0.8526190519332886,0.0,0.0744033209679939,0.0685621579082683,54,24,1.088880028999938,unknown,56488e26fdba,0.01,0.001 0.003 0.01 0.03,0.0716666666666667,30,300,1.0,128.0,0x7c054db42ab0a66c,True,0.8366666666666667,1e-06
a7_20260822T081428Z,2026-08-22T08:43:53+00:00,hyperplanes_n_features20_n_hyperplanes3_dim_hyperplanes5_seed33,5d05157a8a23e9156d9012fe5bfc8926359e808f10eae8c6681f7702f3b4462c,536dc33fc72f70f24b5e4a66498bcb9f9e3efe2f2c171de6faeab9c91f3265a1,D_best,,2.0,linear,3072,,513,7,0xbd1cf10942c2e933,RFF-int-spectrum-U0-2pi,pennylane,,,,0,test_full,1200,test,0.8333333333333334,0.8845944535455836,0.8332291015217845,0.8566666841506958,0.0,0.1041800910855963,0.0523461686392517,84,54,1.992222567999761,unknown,56488e26fdba,0.001,0.001 0.003 0.01 0.03,0.0716666666666667,30,300,1.0,512.0,0xbd1cf10942c2e933,True,0.8408333333333333,0.0001
a7_20260822T081428Z,2026-08-22T08:43:53+00:00,hyperplanes_n_features20_n_hyperplanes3_dim_hyperplanes5_seed33,5d05157a8a23e9156d9012fe5bfc8926359e808f10eae8c6681f7702f3b4462c,536dc33fc72f70f24b5e4a66498bcb9f9e3efe2f2c171de6faeab9c91f3265a1,D_best,,2.0,linear,3072,,513,7,0xbd1cf10942c2e933,RFF-int-spectrum-U0-2pi,pennylane,,,,0,val_full,600,val,0.8466666666666667,0.8724271131346639,0.843748230845005,0.8566666841506958,0.0,0.1041800910855963,0.0523461686392517,84,54,1.992222567999761,unknown,56488e26fdba,0.001,0.001 0.003 0.01 0.03,0.0716666666666667,30,300,1.0,512.0,0xbd1cf10942c2e933,True,0.8516666666666667,0.0001
a7_20260822T081428Z,2026-08-22T08:43:45+00:00,hyperplanes_n_features20_n_hyperplanes3_dim_hyperplanes5_seed33,5d05157a8a23e9156d9012fe5bfc8926359e808f10eae8c6681f7702f3b4462c,536dc33fc72f70f24b5e4a66498bcb9f9e3efe2f2c171de6faeab9c91f3265a1,D_matched,,2.0,linear,30,,6,7,0x1faf6886a6db9d45,RFF-int-spectrum-U0-2pi,pennylane,,,,0,test_full,1200,test,0.6916666666666667,0.7699228899388534,0.6903584310378015,0.7107142806053162,0.0,0.0659324687445319,0.0493564132628484,48,18,0.9049423259998548,unknown,56488e26fdba,0.03,0.001 0.003 0.01 0.03,0.0716666666666667,30,300,1.0,,0x1faf6886a6db9d45,True,0.6941666666666667,1e-06
a7_20260822T081428Z,2026-08-22T08:43:45+00:00,hyperplanes_n_features20_n_hyperplanes3_dim_hyperplanes5_seed33,5d05157a8a23e9156d9012fe5bfc8926359e808f10eae8c6681f7702f3b4462c,536dc33fc72f70f24b5e4a66498bcb9f9e3efe2f2c171de6faeab9c91f3265a1,D_matched,,2.0,linear,30,,6,7,0x1faf6886a6db9d45,RFF-int-spectrum-U0-2pi,pennylane,,,,0,val_full,600,val,0.7016666666666667,0.7445981899344325,0.7013007600977865,0.7107142806053162,0.0,0.0659324687445319,0.0493564132628484,48,18,0.9049423259998548,unknown,56488e26fdba,0.03,0.001 0.003 0.01 0.03,0.0716666666666667,30,300,1.0,,0x1faf6886a6db9d45,True,0.6933333333333334,1e-06
a7_20260822T081428Z,2026-08-22T08:43:48+00:00,hyperplanes_n_features20_n_hyperplanes3_dim_hyperplanes5_seed33,5d05157a8a23e9156d9012fe5bfc8926359e808f10eae8c6681f7702f3b4462c,536dc33fc72f70f24b5e4a66498bcb9f9e3efe2f2c171de6faeab9c91f3265a1,D_matched,,2.0,h2,30,,15,7,0x1faf6886a6db9d45,RFF-int-spectrum-U0-2pi,pennylane,,,,0,test_full,1200,test,0.7158333333333333,0.7926554271473184,0.715396744033034,0.7354761958122253,0.0,0.060492568118191,0.0465141094035715,122,92,3.092440803000045,unknown,56488e26fdba,0.01,0.001 0.003 0.01 0.03,0.0716666666666667,30,300,1.0,,0x1faf6886a6db9d45,True,0.6941666666666667,1e-06
a7_20260822T081428Z,2026-08-22T08:43:48+00:00,hyperplanes_n_features20_n_hyperplanes3_dim_hyperplanes5_seed33,5d05157a8a23e9156d9012fe5bfc8926359e808f10eae8c6681f7702f3b4462c,536dc33fc72f70f24b5e4a66498bcb9f9e3efe2f2c171de6faeab9c91f3265a1,D_matched,,2.0,h2,30,,15,7,0x1faf6886a6db9d45,RFF-int-spectrum-U0-2pi,pennylane,,,,0,val_full,600,val,0.7233333333333334,0.7618750765326001,0.7205387205387206,0.7354761958122253,0.0,0.060492568118191,0.0465141094035715,122,92,3.092440803000045,unknown,56488e26fdba,0.01,0.001 0.003 0.01 0.03,0.0716666666666667,30,300,1.0,,0x1faf6886a6db9d45,True,0.6933333333333334,1e-06
a7_20260822T081428Z,2026-08-22T08:43:52+00:00,hyperplanes_n_features20_n_hyperplanes3_dim_hyperplanes5_seed33,5d05157a8a23e9156d9012fe5bfc8926359e808f10eae8c6681f7702f3b4462c,536dc33fc72f70f24b5e4a66498bcb9f9e3efe2f2c171de6faeab9c91f3265a1,D_matched,,2.0,h2,30,,15,7,0x1faf6886a6db9d45,RFF-int-spectrum-U0-2pi,pennylane,,,,0,test_full,1200,test,0.715,0.7933852237810443,0.7148859543817527,0.7454761862754822,0.0,0.060492568118191,0.0535008503481059,141,111,3.58343923800021,unknown,56488e26fdba,0.03,0.001 0.003 0.01 0.03,0.0716666666666667,30,300,1.0,,0x1faf6886a6db9d45,True,0.6941666666666667,1e-06
a7_20260822T081428Z,2026-08-22T08:43:52+00:00,hyperplanes_n_features20_n_hyperplanes3_dim_hyperplanes5_seed33,5d05157a8a23e9156d9012fe5bfc8926359e808f10eae8c6681f7702f3b4462c,536dc33fc72f70f24b5e4a66498bcb9f9e3efe2f2c171de6faeab9c91f3265a1,D_matched,,2.0,h2,30,,15,7,0x1faf6886a6db9d45,RFF-int-spectrum-U0-2pi,pennylane,,,,0,val_full,600,val,0.7283333333333334,0.76269884561009,0.7263562572922699,0.7454761862754822,0.0,0.060492568118191,0.0535008503481059,141,111,3.58343923800021,unknown,56488e26fdba,0.03,0.001 0.003 0.01 0.03,0.0716666666666667,30,300,1.0,,0x1faf6886a6db9d45,True,0.6933333333333334,1e-06
a7_20260822T081428Z,2026-08-22T08:43:55+00:00,hyperplanes_n_features20_n_hyperplanes3_dim_hyperplanes5_seed33,5d05157a8a23e9156d9012fe5bfc8926359e808f10eae8c6681f7702f3b4462c,536dc33fc72f70f24b5e4a66498bcb9f9e3efe2f2c171de6faeab9c91f3265a1,D_matched,,2.0,h4,30,,29,7,0x1faf6886a6db9d45,RFF-int-spectrum-U0-2pi,pennylane,,,,0,test_full,1200,test,0.7066666666666667,0.7858779467457768,0.7064832186783406,0.7269047498703003,0.0,0.0122632836660323,0.0344367045545886,130,100,3.336423244999878,unknown,56488e26fdba,0.01,0.001 0.003 0.01 0.03,0.0716666666666667,30,300,1.0,,0x1faf6886a6db9d45,True,0.6941666666666667,1e-06
a7_20260822T081428Z,2026-08-22T08:43:55+00:00,hyperplanes_n_features20_n_hyperplanes3_dim_hyperplanes5_seed33,5d05157a8a23e9156d9012fe5bfc8926359e808f10eae8c6681f7702f3b4462c,536dc33fc72f70f24b5e4a66498bcb9f9e3efe2f2c171de6faeab9c91f3265a1,D_matched,,2.0,h4,30,,29,7,0x1faf6886a6db9d45,RFF-int-spectrum-U0-2pi,pennylane,,,,0,val_full,600,val,0.725,0.7689773018223107,0.7233021512559008,0.7269047498703003,0.0,0.0122632836660323,0.0344367045545886,130,100,3.336423244999878,unknown,56488e26fdba,0.01,0.001 0.003 0.01 0.03,0.0716666666666667,30,300,1.0,,0x1faf6886a6db9d45,True,0.6933333333333334,1e-06
a7_20260822T081428Z,2026-08-22T08:43:58+00:00,hyperplanes_n_features20_n_hyperplanes3_dim_hyperplanes5_seed33,5d05157a8a23e9156d9012fe5bfc8926359e808f10eae8c6681f7702f3b4462c,536dc33fc72f70f24b5e4a66498bcb9f9e3efe2f2c171de6faeab9c91f3265a1,D_matched,,2.0,h42,30,,295,7,0x1faf6886a6db9d45,RFF-int-spectrum-U0-2pi,pennylane,,,,0,test_full,1200,test,0.7733333333333333,0.8629461457528068,0.7729997691051573,0.7978571653366089,0.0,0.0089588347598299,0.0771819766909652,109,79,2.875987283000086,unknown,56488e26fdba,0.01,0.001 0.003 0.01 0.03,0.0716666666666667,30,300,1.0,,0x1faf6886a6db9d45,True,0.6941666666666667,1e-06
a7_20260822T081428Z,2026-08-22T08:43:58+00:00,hyperplanes_n_features20_n_hyperplanes3_dim_hyperplanes5_seed33,5d05157a8a23e9156d9012fe5bfc8926359e808f10eae8c6681f7702f3b4462c,536dc33fc72f70f24b5e4a66498bcb9f9e3efe2f2c171de6faeab9c91f3265a1,D_matched,,2.0,h42,30,,295,7,0x1faf6886a6db9d45,RFF-int-spectrum-U0-2pi,pennylane,,,,0,val_full,600,val,0.7883333333333333,0.8509534570471218,0.7876106194690266,0.7978571653366089,0.0,0.0089588347598299,0.0771819766909652,109,79,2.875987283000086,unknown,56488e26fdba,0.01,0.001 0.003 0.01 0.03,0.0716666666666667,30,300,1.0,,0x1faf6886a6db9d45,True,0.6933333333333334,1e-06
a7_20260822T081428Z,2026-08-22T08:44:52+00:00,hyperplanes_n_features20_n_hyperplanes3_dim_hyperplanes5_seed33,5d05157a8a23e9156d9012fe5bfc8926359e808f10eae8c6681f7702f3b4462c,536dc33fc72f70f24b5e4a66498bcb9f9e3efe2f2c171de6faeab9c91f3265a1,A,L2,2.0,h4,35,35.0,29,2,0xedbc28bf50f4bc26,U0-2pi,pennylane,,,,0,test_full,1200,test,0.8391666666666666,0.8706208713464818,0.8388280937385828,0.8683333396911621,0.7398119568824768,0.0016259570221652,0.1425817526669785,110,80,1787.634454522,unknown,56488e26fdba,0.01,0.001 0.003 0.01 0.03,0.0716666666666667,30,300,1.0,,,False,,
a7_20260822T081428Z,2026-08-22T08:44:52+00:00,hyperplanes_n_features20_n_hyperplanes3_dim_hyperplanes5_seed33,5d05157a8a23e9156d9012fe5bfc8926359e808f10eae8c6681f7702f3b4462c,536dc33fc72f70f24b5e4a66498bcb9f9e3efe2f2c171de6faeab9c91f3265a1,A,L2,2.0,h4,35,35.0,29,2,0xedbc28bf50f4bc26,U0-2pi,pennylane,,,,0,val_full,600,val,0.8533333333333334,0.8664937493738243,0.8496429018919935,0.8683333396911621,0.7398119568824768,0.0016259570221652,0.1425817526669785,110,80,1787.634454522,unknown,56488e26fdba,0.01,0.001 0.003 0.01 0.03,0.0716666666666667,30,300,1.0,,,False,,
a7_20260822T081428Z,2026-08-22T08:44:53+00:00,hyperplanes_n_features20_n_hyperplanes3_dim_hyperplanes5_seed33,5d05157a8a23e9156d9012fe5bfc8926359e808f10eae8c6681f7702f3b4462c,536dc33fc72f70f24b5e4a66498bcb9f9e3efe2f2c171de6faeab9c91f3265a1,A,L2,2.0,h2,35,35.0,15,5,0xf9ea9d8280d97e94,U0-2pi,pennylane,,,,0,test_full,1200,test,0.8225,0.8671267780943797,0.8224900150633473,0.8476190567016602,1.0340569019317627,0.0051161369522107,0.325850238059185,107,77,1760.5714865639998,unknown,56488e26fdba,0.01,0.001 0.003 0.01 0.03,0.0716666666666667,30,300,1.0,,,False,,
a7_20260822T081428Z,2026-08-22T08:44:53+00:00,hyperplanes_n_features20_n_hyperplanes3_dim_hyperplanes5_seed33,5d05157a8a23e9156d9012fe5bfc8926359e808f10eae8c6681f7702f3b4462c,536dc33fc72f70f24b5e4a66498bcb9f9e3efe2f2c171de6faeab9c91f3265a1,A,L2,2.0,h2,35,35.0,15,5,0xf9ea9d8280d97e94,U0-2pi,pennylane,,,,0,val_full,600,val,0.85,0.8604824615110597,0.8474214220323466,0.8476190567016602,1.0340569019317627,0.0051161369522107,0.325850238059185,107,77,1760.5714865639998,unknown,56488e26fdba,0.01,0.001 0.003 0.01 0.03,0.0716666666666667,30,300,1.0,,,False,,
a7_20260822T081428Z,2026-08-22T08:44:54+00:00,hyperplanes_n_features20_n_hyperplanes3_dim_hyperplanes5_seed33,5d05157a8a23e9156d9012fe5bfc8926359e808f10eae8c6681f7702f3b4462c,536dc33fc72f70f24b5e4a66498bcb9f9e3efe2f2c171de6faeab9c91f3265a1,F,product,2.0,h2,35,20.0,15,5,0x47580f2ad4dd122e,U0-2pi,pennylane,,,,0,test_full,1200,test,0.8233333333333334,0.8885127498123181,0.8221471536553514,0.8514285683631897,0.7393996715545654,0.0070244381528446,0.2199523939330692,119,89,1740.311944515,unknown,56488e26fdba,0.03,0.001 0.003 0.01 0.03,0.0716666666666667,30,300,1.0,,,False,,
a7_20260822T081428Z,2026-08-22T08:44:54+00:00,hyperplanes_n_features20_n_hyperplanes3_dim_hyperplanes5_seed33,5d05157a8a23e9156d9012fe5bfc8926359e808f10eae8c6681f7702f3b4462c,536dc33fc72f70f24b5e4a66498bcb9f9e3efe2f2c171de6faeab9c91f3265a1,F,product,2.0,h2,35,20.0,15,5,0x47580f2ad4dd122e,U0-2pi,pennylane,,,,0,val_full,600,val,0.845,0.8880564615778518,0.8402935393298625,0.8514285683631897,0.7393996715545654,0.0070244381528446,0.2199523939330692,119,89,1740.311944515,unknown,56488e26fdba,0.03,0.001 0.003 0.01 0.03,0.0716666666666667,30,300,1.0,,,False,,
a7_20260822T081428Z,2026-08-22T08:45:05+00:00,hyperplanes_n_features20_n_hyperplanes3_dim_hyperplanes5_seed33,5d05157a8a23e9156d9012fe5bfc8926359e808f10eae8c6681f7702f3b4462c,536dc33fc72f70f24b5e4a66498bcb9f9e3efe2f2c171de6faeab9c91f3265a1,A,L2,2.0,h42,35,35.0,295,2,0xedbc28bf50f4bc26,U0-2pi,pennylane,,,,0,test_full,1200,test,0.9041666666666668,0.9748994610947228,0.9039344415214836,0.9280952215194702,0.7969292998313904,0.0104231128772577,0.0667317412799077,108,78,1801.394745866,unknown,56488e26fdba,0.01,0.001 0.003 0.01 0.03,0.0716666666666667,30,300,1.0,,,False,,
a7_20260822T081428Z,2026-08-22T08:45:05+00:00,hyperplanes_n_features20_n_hyperplanes3_dim_hyperplanes5_seed33,5d05157a8a23e9156d9012fe5bfc8926359e808f10eae8c6681f7702f3b4462c,536dc33fc72f70f24b5e4a66498bcb9f9e3efe2f2c171de6faeab9c91f3265a1,A,L2,2.0,h42,35,35.0,295,2,0xedbc28bf50f4bc26,U0-2pi,pennylane,,,,0,val_full,600,val,0.9316666666666666,0.9810978392759736,0.9313767333651344,0.9280952215194702,0.7969292998313904,0.0104231128772577,0.0667317412799077,108,78,1801.394745866,unknown,56488e26fdba,0.01,0.001 0.003 0.01 0.03,0.0716666666666667,30,300,1.0,,,False,,
a7_20260822T081428Z,2026-08-22T08:45:11+00:00,hyperplanes_n_features20_n_hyperplanes3_dim_hyperplanes5_seed33,5d05157a8a23e9156d9012fe5bfc8926359e808f10eae8c6681f7702f3b4462c,536dc33fc72f70f24b5e4a66498bcb9f9e3efe2f2c171de6faeab9c91f3265a1,B,L1,2.0,linear,35,35.0,6,8,0xe2c241f58beaa0b8,U0-2pi,pennylane,,,,0,test_full,1200,test,0.6558333333333334,0.6906973953376739,0.6557470310265281,0.6697618961334229,0.0,0.0531289547378531,0.0597656076510202,175,145,3.339937167000244,unknown,56488e26fdba,0.03,0.001 0.003 0.01 0.03,0.0716666666666667,30,300,1.0,,,True,0.665,1e-06
a7_20260822T081428Z,2026-08-22T08:45:11+00:00,hyperplanes_n_features20_n_hyperplanes3_dim_hyperplanes5_seed33,5d05157a8a23e9156d9012fe5bfc8926359e808f10eae8c6681f7702f3b4462c,536dc33fc72f70f24b5e4a66498bcb9f9e3efe2f2c171de6faeab9c91f3265a1,B,L1,2.0,linear,35,35.0,6,8,0xe2c241f58beaa0b8,U0-2pi,pennylane,,,,0,val_full,600,val,0.6733333333333333,0.6874909552381694,0.6728935568931564,0.6697618961334229,0.0,0.0531289547378531,0.0597656076510202,175,145,3.339937167000244,unknown,56488e26fdba,0.03,0.001 0.003 0.01 0.03,0.0716666666666667,30,300,1.0,,,True,0.665,1e-06
a7_20260822T081428Z,2026-08-22T08:45:13+00:00,hyperplanes_n_features20_n_hyperplanes3_dim_hyperplanes5_seed33,5d05157a8a23e9156d9012fe5bfc8926359e808f10eae8c6681f7702f3b4462c,536dc33fc72f70f24b5e4a66498bcb9f9e3efe2f2c171de6faeab9c91f3265a1,B,L1,2.0,h2,35,35.0,15,8,0xe2c241f58beaa0b8,U0-2pi,pennylane,,,,0,test_full,1200,test,0.4658333333333333,0.5,0.3177942012507106,0.5066666603088379,0.0,0.0481488471582438,0.0075132646292473,61,31,1.5757016930001555,unknown,56488e26fdba,0.03,0.001 0.003 0.01 0.03,0.0716666666666667,30,300,1.0,,,True,0.665,1e-06
a7_20260822T081428Z,2026-08-22T08:45:13+00:00,hyperplanes_n_features20_n_hyperplanes3_dim_hyperplanes5_seed33,5d05157a8a23e9156d9012fe5bfc8926359e808f10eae8c6681f7702f3b4462c,536dc33fc72f70f24b5e4a66498bcb9f9e3efe2f2c171de6faeab9c91f3265a1,B,L1,2.0,h2,35,35.0,15,8,0xe2c241f58beaa0b8,U0-2pi,pennylane,,,,0,val_full,600,val,0.5216666666666666,0.5,0.3428258488499452,0.5066666603088379,0.0,0.0481488471582438,0.0075132646292473,61,31,1.5757016930001555,unknown,56488e26fdba,0.03,0.001 0.003 0.01 0.03,0.0716666666666667,30,300,1.0,,,True,0.665,1e-06
a7_20260822T081428Z,2026-08-22T08:45:18+00:00,hyperplanes_n_features20_n_hyperplanes3_dim_hyperplanes5_seed33,5d05157a8a23e9156d9012fe5bfc8926359e808f10eae8c6681f7702f3b4462c,536dc33fc72f70f24b5e4a66498bcb9f9e3efe2f2c171de6faeab9c91f3265a1,B,L1,2.0,h4,35,35.0,29,8,0xe2c241f58beaa0b8,U0-2pi,pennylane,,,,0,test_full,1200,test,0.7066666666666667,0.7918195797599347,0.7050806559721168,0.7257142663002014,0.0,0.0039082993034322,0.0829006259821202,210,180,5.442960589999984,unknown,56488e26fdba,0.01,0.001 0.003 0.01 0.03,0.0716666666666667,30,300,1.0,,,True,0.665,1e-06
a7_20260822T081428Z,2026-08-22T08:45:18+00:00,hyperplanes_n_features20_n_hyperplanes3_dim_hyperplanes5_seed33,5d05157a8a23e9156d9012fe5bfc8926359e808f10eae8c6681f7702f3b4462c,536dc33fc72f70f24b5e4a66498bcb9f9e3efe2f2c171de6faeab9c91f3265a1,B,L1,2.0,h4,35,35.0,29,8,0xe2c241f58beaa0b8,U0-2pi,pennylane,,,,0,val_full,600,val,0.725,0.7605670648217208,0.7203950620073376,0.7257142663002014,0.0,0.0039082993034322,0.0829006259821202,210,180,5.442960589999984,unknown,56488e26fdba,0.01,0.001 0.003 0.01 0.03,0.0716666666666667,30,300,1.0,,,True,0.665,1e-06
a7_20260822T081428Z,2026-08-22T08:45:21+00:00,hyperplanes_n_features20_n_hyperplanes3_dim_hyperplanes5_seed33,5d05157a8a23e9156d9012fe5bfc8926359e808f10eae8c6681f7702f3b4462c,536dc33fc72f70f24b5e4a66498bcb9f9e3efe2f2c171de6faeab9c91f3265a1,B,L1,2.0,h42,35,35.0,295,8,0xe2c241f58beaa0b8,U0-2pi,pennylane,,,,0,test_full,1200,test,0.7175,0.8020813855810045,0.7169888110399409,0.7504761815071106,0.0,0.0077397217581149,0.084789878400942,96,66,2.5697062780000124,unknown,56488e26fdba,0.01,0.001 0.003 0.01 0.03,0.0716666666666667,30,300,1.0,,,True,0.665,1e-06
a7_20260822T081428Z,2026-08-22T08:45:21+00:00,hyperplanes_n_features20_n_hyperplanes3_dim_hyperplanes5_seed33,5d05157a8a23e9156d9012fe5bfc8926359e808f10eae8c6681f7702f3b4462c,536dc33fc72f70f24b5e4a66498bcb9f9e3efe2f2c171de6faeab9c91f3265a1,B,L1,2.0,h42,35,35.0,295,8,0xe2c241f58beaa0b8,U0-2pi,pennylane,,,,0,val_full,600,val,0.7216666666666667,0.7726174705836516,0.7187597360495567,0.7504761815071106,0.0,0.0077397217581149,0.084789878400942,96,66,2.5697062780000124,unknown,56488e26fdba,0.01,0.001 0.003 0.01 0.03,0.0716666666666667,30,300,1.0,,,True,0.665,1e-06
a7_20260822T081428Z,2026-08-22T08:46:38+00:00,hyperplanes_n_features20_n_hyperplanes3_dim_hyperplanes5_seed33,5d05157a8a23e9156d9012fe5bfc8926359e808f10eae8c6681f7702f3b4462c,536dc33fc72f70f24b5e4a66498bcb9f9e3efe2f2c171de6faeab9c91f3265a1,A,L1,2.0,h4,35,35.0,29,2,0x68f1fd9add9ea051,U0-2pi,pennylane,,,,0,test_full,1200,test,0.8483333333333334,0.8675426086810913,0.8481101396218331,0.8635714054107666,0.9383774399757384,0.0022276359567976,0.4159952892096881,115,85,1894.092432141,unknown,56488e26fdba,0.01,0.001 0.003 0.01 0.03,0.0716666666666667,30,300,1.0,,,False,,
a7_20260822T081428Z,2026-08-22T08:46:38+00:00,hyperplanes_n_features20_n_hyperplanes3_dim_hyperplanes5_seed33,5d05157a8a23e9156d9012fe5bfc8926359e808f10eae8c6681f7702f3b4462c,536dc33fc72f70f24b5e4a66498bcb9f9e3efe2f2c171de6faeab9c91f3265a1,A,L1,2.0,h4,35,35.0,29,2,0x68f1fd9add9ea051,U0-2pi,pennylane,,,,0,val_full,600,val,0.8566666666666667,0.8632376351148268,0.8540723981900453,0.8635714054107666,0.9383774399757384,0.0022276359567976,0.4159952892096881,115,85,1894.092432141,unknown,56488e26fdba,0.01,0.001 0.003 0.01 0.03,0.0716666666666667,30,300,1.0,,,False,,
a7_20260822T081428Z,2026-08-22T08:46:55+00:00,hyperplanes_n_features20_n_hyperplanes3_dim_hyperplanes5_seed33,5d05157a8a23e9156d9012fe5bfc8926359e808f10eae8c6681f7702f3b4462c,536dc33fc72f70f24b5e4a66498bcb9f9e3efe2f2c171de6faeab9c91f3265a1,A,L2,2.0,linear,35,35.0,6,4,0xc9f964aa2896fb2f,U0-2pi,pennylane,,,,0,test_full,1200,test,0.8025,0.8536220518588186,0.802460354890669,0.8188095092773438,1.139680027961731,0.0059911763923222,0.1041911205572913,116,86,1898.880414544,unknown,56488e26fdba,0.03,0.001 0.003 0.01 0.03,0.0716666666666667,30,300,1.0,,,False,,
a7_20260822T081428Z,2026-08-22T08:46:55+00:00,hyperplanes_n_features20_n_hyperplanes3_dim_hyperplanes5_seed33,5d05157a8a23e9156d9012fe5bfc8926359e808f10eae8c6681f7702f3b4462c,536dc33fc72f70f24b5e4a66498bcb9f9e3efe2f2c171de6faeab9c91f3265a1,A,L2,2.0,linear,35,35.0,6,4,0xc9f964aa2896fb2f,U0-2pi,pennylane,,,,0,val_full,600,val,0.8316666666666667,0.845465373868709,0.8295411393740277,0.8188095092773438,1.139680027961731,0.0059911763923222,0.1041911205572913,116,86,1898.880414544,unknown,56488e26fdba,0.03,0.001 0.003 0.01 0.03,0.0716666666666667,30,300,1.0,,,False,,
a7_20260822T081428Z,2026-08-22T08:47:45+00:00,hyperplanes_n_features20_n_hyperplanes3_dim_hyperplanes5_seed33,5d05157a8a23e9156d9012fe5bfc8926359e808f10eae8c6681f7702f3b4462c,536dc33fc72f70f24b5e4a66498bcb9f9e3efe2f2c171de6faeab9c91f3265a1,F,product,2.0,h4,35,20.0,29,1,0x27078a7f911995bb,U0-2pi,pennylane,,,,0,test_full,1200,test,0.8333333333333334,0.8949176571714031,0.8327311655292386,0.8566666841506958,0.9626386761665344,0.0278860946772107,0.2081288830208397,131,101,1961.4742074120004,unknown,56488e26fdba,0.01,0.001 0.003 0.01 0.03,0.0716666666666667,30,300,1.0,,,False,,
a7_20260822T081428Z,2026-08-22T08:47:45+00:00,hyperplanes_n_features20_n_hyperplanes3_dim_hyperplanes5_seed33,5d05157a8a23e9156d9012fe5bfc8926359e808f10eae8c6681f7702f3b4462c,536dc33fc72f70f24b5e4a66498bcb9f9e3efe2f2c171de6faeab9c91f3265a1,F,product,2.0,h4,35,20.0,29,1,0x27078a7f911995bb,U0-2pi,pennylane,,,,0,val_full,600,val,0.85,0.8869432601217841,0.846702398255814,0.8566666841506958,0.9626386761665344,0.0278860946772107,0.2081288830208397,131,101,1961.4742074120004,unknown,56488e26fdba,0.01,0.001 0.003 0.01 0.03,0.0716666666666667,30,300,1.0,,,False,,
a7_20260822T081428Z,2026-08-22T08:48:07+00:00,hyperplanes_n_features20_n_hyperplanes3_dim_hyperplanes5_seed33,5d05157a8a23e9156d9012fe5bfc8926359e808f10eae8c6681f7702f3b4462c,536dc33fc72f70f24b5e4a66498bcb9f9e3efe2f2c171de6faeab9c91f3265a1,A,L1,2.0,h2,35,35.0,15,1,0x1ddc9c443a3565bb,U0-2pi,pennylane,,,,0,test_full,1200,test,0.8475,0.9066585919250724,0.8466941863168278,0.8745238184928894,1.4346240758895874,0.0145841244781617,0.1731274853651259,119,89,1983.970871421,unknown,56488e26fdba,0.03,0.001 0.003 0.01 0.03,0.0716666666666667,30,300,1.0,,,False,,
a7_20260822T081428Z,2026-08-22T08:48:07+00:00,hyperplanes_n_features20_n_hyperplanes3_dim_hyperplanes5_seed33,5d05157a8a23e9156d9012fe5bfc8926359e808f10eae8c6681f7702f3b4462c,536dc33fc72f70f24b5e4a66498bcb9f9e3efe2f2c171de6faeab9c91f3265a1,A,L1,2.0,h2,35,35.0,15,1,0x1ddc9c443a3565bb,U0-2pi,pennylane,,,,0,val_full,600,val,0.8633333333333333,0.9067582460397858,0.8595874382127651,0.8745238184928894,1.4346240758895874,0.0145841244781617,0.1731274853651259,119,89,1983.970871421,unknown,56488e26fdba,0.03,0.001 0.003 0.01 0.03,0.0716666666666667,30,300,1.0,,,False,,
a7_20260822T081428Z,2026-08-22T08:48:02+00:00,hyperplanes_n_features20_n_hyperplanes3_dim_hyperplanes5_seed33,5d05157a8a23e9156d9012fe5bfc8926359e808f10eae8c6681f7702f3b4462c,536dc33fc72f70f24b5e4a66498bcb9f9e3efe2f2c171de6faeab9c91f3265a1,B,L2,2.0,linear,35,35.0,6,8,0x3c7362638e9ada30,U0-2pi,pennylane,,,,0,test_full,1200,test,0.7541666666666667,0.8045093896779127,0.7541651301987304,0.7695237994194031,0.0,0.0143292182458399,0.0317722398700315,120,90,2.2633051410002736,unknown,56488e26fdba,0.03,0.001 0.003 0.01 0.03,0.0716666666666667,30,300,1.0,,,True,0.7408333333333333,1.0
a7_20260822T081428Z,2026-08-22T08:48:02+00:00,hyperplanes_n_features20_n_hyperplanes3_dim_hyperplanes5_seed33,5d05157a8a23e9156d9012fe5bfc8926359e808f10eae8c6681f7702f3b4462c,536dc33fc72f70f24b5e4a66498bcb9f9e3efe2f2c171de6faeab9c91f3265a1,B,L2,2.0,linear,35,35.0,6,8,0x3c7362638e9ada30,U0-2pi,pennylane,,,,0,val_full,600,val,0.7366666666666667,0.7867439970611482,0.7343525824964132,0.7695237994194031,0.0,0.0143292182458399,0.0317722398700315,120,90,2.2633051410002736,unknown,56488e26fdba,0.03,0.001 0.003 0.01 0.03,0.0716666666666667,30,300,1.0,,,True,0.7216666666666667,1.0
a7_20260822T081428Z,2026-08-22T08:48:03+00:00,hyperplanes_n_features20_n_hyperplanes3_dim_hyperplanes5_seed33,5d05157a8a23e9156d9012fe5bfc8926359e808f10eae8c6681f7702f3b4462c,536dc33fc72f70f24b5e4a66498bcb9f9e3efe2f2c171de6faeab9c91f3265a1,B,L2,2.0,h2,35,35.0,15,8,0x3c7362638e9ada30,U0-2pi,pennylane,,,,0,test_full,1200,test,0.4658333333333333,0.5,0.3177942012507106,0.5066666603088379,0.0,0.048176709840224,0.0220168989303426,31,1,0.789260108000235,unknown,56488e26fdba,0.01,0.001 0.003 0.01 0.03,0.0716666666666667,30,300,1.0,,,True,0.7408333333333333,1.0
a7_20260822T081428Z,2026-08-22T08:48:03+00:00,hyperplanes_n_features20_n_hyperplanes3_dim_hyperplanes5_seed33,5d05157a8a23e9156d9012fe5bfc8926359e808f10eae8c6681f7702f3b4462c,536dc33fc72f70f24b5e4a66498bcb9f9e3efe2f2c171de6faeab9c91f3265a1,B,L2,2.0,h2,35,35.0,15,8,0x3c7362638e9ada30,U0-2pi,pennylane,,,,0,val_full,600,val,0.5216666666666666,0.5,0.3428258488499452,0.5066666603088379,0.0,0.048176709840224,0.0220168989303426,31,1,0.789260108000235,unknown,56488e26fdba,0.01,0.001 0.003 0.01 0.03,0.0716666666666667,30,300,1.0,,,True,0.7216666666666667,1.0
a7_20260822T081428Z,2026-08-22T08:48:06+00:00,hyperplanes_n_features20_n_hyperplanes3_dim_hyperplanes5_seed33,5d05157a8a23e9156d9012fe5bfc8926359e808f10eae8c6681f7702f3b4462c,536dc33fc72f70f24b5e4a66498bcb9f9e3efe2f2c171de6faeab9c91f3265a1,B,L2,2.0,h4,35,35.0,29,8,0x3c7362638e9ada30,U0-2pi,pennylane,,,,0,test_full,1200,test,0.7591666666666667,0.8319542084008942,0.7571630935517278,0.7819047570228577,0.0,0.0109753208723395,0.0441993851359523,119,89,3.0425511180001195,unknown,56488e26fdba,0.01,0.001 0.003 0.01 0.03,0.0716666666666667,30,300,1.0,,,True,0.7408333333333333,1.0
a7_20260822T081428Z,2026-08-22T08:48:06+00:00,hyperplanes_n_features20_n_hyperplanes3_dim_hyperplanes5_seed33,5d05157a8a23e9156d9012fe5bfc8926359e808f10eae8c6681f7702f3b4462c,536dc33fc72f70f24b5e4a66498bcb9f9e3efe2f2c171de6faeab9c91f3265a1,B,L2,2.0,h4,35,35.0,29,8,0x3c7362638e9ada30,U0-2pi,pennylane,,,,0,val_full,600,val,0.7633333333333333,0.810043303536641,0.7565714285714286,0.7819047570228577,0.0,0.0109753208723395,0.0441993851359523,119,89,3.0425511180001195,unknown,56488e26fdba,0.01,0.001 0.003 0.01 0.03,0.0716666666666667,30,300,1.0,,,True,0.7216666666666667,1.0
a7_20260822T081428Z,2026-08-22T08:48:08+00:00,hyperplanes_n_features20_n_hyperplanes3_dim_hyperplanes5_seed33,5d05157a8a23e9156d9012fe5bfc8926359e808f10eae8c6681f7702f3b4462c,536dc33fc72f70f24b5e4a66498bcb9f9e3efe2f2c171de6faeab9c91f3265a1,B,L2,2.0,h42,35,35.0,295,8,0x3c7362638e9ada30,U0-2pi,pennylane,,,,0,test_full,1200,test,0.765,0.8396540512783301,0.7642869680784372,0.7890475988388062,0.0,0.0091319096507584,0.0268838064997679,87,57,2.294330157999866,unknown,56488e26fdba,0.01,0.001 0.003 0.01 0.03,0.0716666666666667,30,300,1.0,,,True,0.7408333333333333,1.0
a7_20260822T081428Z,2026-08-22T08:48:08+00:00,hyperplanes_n_features20_n_hyperplanes3_dim_hyperplanes5_seed33,5d05157a8a23e9156d9012fe5bfc8926359e808f10eae8c6681f7702f3b4462c,536dc33fc72f70f24b5e4a66498bcb9f9e3efe2f2c171de6faeab9c91f3265a1,B,L2,2.0,h42,35,35.0,295,8,0x3c7362638e9ada30,U0-2pi,pennylane,,,,0,val_full,600,val,0.765,0.8176576014961427,0.7599530120789602,0.7890475988388062,0.0,0.0091319096507584,0.0268838064997679,87,57,2.294330157999866,unknown,56488e26fdba,0.01,0.001 0.003 0.01 0.03,0.0716666666666667,30,300,1.0,,,True,0.7216666666666667,1.0
a7_20260822T081428Z,2026-08-22T08:48:33+00:00,hyperplanes_n_features20_n_hyperplanes3_dim_hyperplanes5_seed33,5d05157a8a23e9156d9012fe5bfc8926359e808f10eae8c6681f7702f3b4462c,536dc33fc72f70f24b5e4a66498bcb9f9e3efe2f2c171de6faeab9c91f3265a1,A,L1,2.0,linear,35,35.0,6,1,0x1ddc9c443a3565bb,U0-2pi,pennylane,,,,0,test_full,1200,test,0.825,0.8616763275182171,0.824670770669368,0.8428571224212646,0.9222618341445924,0.0243806757243651,0.062264890850313,121,91,2011.0715707390004,unknown,56488e26fdba,0.03,0.001 0.003 0.01 0.03,0.0716666666666667,30,300,1.0,,,False,,
a7_20260822T081428Z,2026-08-22T08:48:33+00:00,hyperplanes_n_features20_n_hyperplanes3_dim_hyperplanes5_seed33,5d05157a8a23e9156d9012fe5bfc8926359e808f10eae8c6681f7702f3b4462c,536dc33fc72f70f24b5e4a66498bcb9f9e3efe2f2c171de6faeab9c91f3265a1,A,L1,2.0,linear,35,35.0,6,1,0x1ddc9c443a3565bb,U0-2pi,pennylane,,,,0,val_full,600,val,0.8383333333333334,0.8566196524585054,0.8343536805075267,0.8428571224212646,0.9222618341445924,0.0243806757243651,0.062264890850313,121,91,2011.0715707390004,unknown,56488e26fdba,0.03,0.001 0.003 0.01 0.03,0.0716666666666667,30,300,1.0,,,False,,
a7_20260822T081428Z,2026-08-22T08:48:50+00:00,hyperplanes_n_features20_n_hyperplanes3_dim_hyperplanes5_seed33,5d05157a8a23e9156d9012fe5bfc8926359e808f10eae8c6681f7702f3b4462c,536dc33fc72f70f24b5e4a66498bcb9f9e3efe2f2c171de6faeab9c91f3265a1,A,L2,2.0,h4,35,35.0,29,4,0xc9f964aa2896fb2f,U0-2pi,pennylane,,,,0,test_full,1200,test,0.8491666666666666,0.935571376343426,0.8488491449050958,0.8738095164299011,0.8479400277137756,0.0034050434957586,0.2262740152592019,124,94,2014.40995166,unknown,56488e26fdba,0.01,0.001 0.003 0.01 0.03,0.0716666666666667,30,300,1.0,,,False,,
a7_20260822T081428Z,2026-08-22T08:48:50+00:00,hyperplanes_n_features20_n_hyperplanes3_dim_hyperplanes5_seed33,5d05157a8a23e9156d9012fe5bfc8926359e808f10eae8c6681f7702f3b4462c,536dc33fc72f70f24b5e4a66498bcb9f9e3efe2f2c171de6faeab9c91f3265a1,A,L2,2.0,h4,35,35.0,29,4,0xc9f964aa2896fb2f,U0-2pi,pennylane,,,,0,val_full,600,val,0.885,0.9493827297926104,0.8846510694851927,0.8738095164299011,0.8479400277137756,0.0034050434957586,0.2262740152592019,124,94,2014.40995166,unknown,56488e26fdba,0.01,0.001 0.003 0.01 0.03,0.0716666666666667,30,300,1.0,,,False,,
a7_20260822T081428Z,2026-08-22T08:49:03+00:00,hyperplanes_n_features20_n_hyperplanes3_dim_hyperplanes5_seed33,5d05157a8a23e9156d9012fe5bfc8926359e808f10eae8c6681f7702f3b4462c,536dc33fc72f70f24b5e4a66498bcb9f9e3efe2f2c171de6faeab9c91f3265a1,F,product,2.0,h42,35,20.0,295,3,0xa27b3263a781f0fe,U0-2pi,pennylane,,,,0,test_full,1200,test,0.94,0.9886358245027476,0.939783219590526,0.9649999737739564,0.7951281666755676,0.0057865416313535,0.114982434521914,136,106,2038.557684656,unknown,56488e26fdba,0.01,0.001 0.003 0.01 0.03,0.0716666666666667,30,300,1.0,,,False,,
a7_20260822T081428Z,2026-08-22T08:49:03+00:00,hyperplanes_n_features20_n_hyperplanes3_dim_hyperplanes5_seed33,5d05157a8a23e9156d9012fe5bfc8926359e808f10eae8c6681f7702f3b4462c,536dc33fc72f70f24b5e4a66498bcb9f9e3efe2f2c171de6faeab9c91f3265a1,F,product,2.0,h42,35,20.0,295,3,0xa27b3263a781f0fe,U0-2pi,pennylane,,,,0,val_full,600,val,0.9433333333333334,0.9890238336431744,0.943150784184771,0.9649999737739564,0.7951281666755676,0.0057865416313535,0.114982434521914,136,106,2038.557684656,unknown,56488e26fdba,0.01,0.001 0.003 0.01 0.03,0.0716666666666667,30,300,1.0,,,False,,
a7_20260822T081428Z,2026-08-22T08:49:58+00:00,hyperplanes_n_features20_n_hyperplanes3_dim_hyperplanes5_seed33,5d05157a8a23e9156d9012fe5bfc8926359e808f10eae8c6681f7702f3b4462c,536dc33fc72f70f24b5e4a66498bcb9f9e3efe2f2c171de6faeab9c91f3265a1,A,L1,2.0,h42,35,35.0,295,1,0x1ddc9c443a3565bb,U0-2pi,pennylane,,,,0,test_full,1200,test,0.9325,0.990056346439904,0.9323778575051186,0.9614285826683044,0.6796631217002869,0.0082725564806341,0.1029332837081476,127,97,2094.2732536720005,unknown,56488e26fdba,0.01,0.001 0.003 0.01 0.03,0.0716666666666667,30,300,1.0,,,False,,
a7_20260822T081428Z,2026-08-22T08:49:58+00:00,hyperplanes_n_features20_n_hyperplanes3_dim_hyperplanes5_seed33,5d05157a8a23e9156d9012fe5bfc8926359e808f10eae8c6681f7702f3b4462c,536dc33fc72f70f24b5e4a66498bcb9f9e3efe2f2c171de6faeab9c91f3265a1,A,L1,2.0,h42,35,35.0,295,1,0x1ddc9c443a3565bb,U0-2pi,pennylane,,,,0,val_full,600,val,0.95,0.9883002526967306,0.9498389272218568,0.9614285826683044,0.6796631217002869,0.0082725564806341,0.1029332837081476,127,97,2094.2732536720005,unknown,56488e26fdba,0.01,0.001 0.003 0.01 0.03,0.0716666666666667,30,300,1.0,,,False,,
a7_20260822T081428Z,2026-08-22T08:49:59+00:00,hyperplanes_n_features20_n_hyperplanes3_dim_hyperplanes5_seed33,5d05157a8a23e9156d9012fe5bfc8926359e808f10eae8c6681f7702f3b4462c,536dc33fc72f70f24b5e4a66498bcb9f9e3efe2f2c171de6faeab9c91f3265a1,E,,,linear,0,,6,8,,,pennylane,,,,0,test_full,1200,test,0.77,0.8188346138496704,0.7698747095640961,0.784761905670166,0.0,0.0310047407899666,0.0232245131450172,47,17,0.9467898439997952,unknown,56488e26fdba,0.1,0.001 0.003 0.01 0.03 0.1,0.0716666666666667,30,300,1.0,,,True,0.7758333333333334,1e-06
a7_20260822T081428Z,2026-08-22T08:49:59+00:00,hyperplanes_n_features20_n_hyperplanes3_dim_hyperplanes5_seed33,5d05157a8a23e9156d9012fe5bfc8926359e808f10eae8c6681f7702f3b4462c,536dc33fc72f70f24b5e4a66498bcb9f9e3efe2f2c171de6faeab9c91f3265a1,E,,,linear,0,,6,8,,,pennylane,,,,0,val_full,600,val,0.7683333333333333,0.813093475526266,0.7655821797484366,0.784761905670166,0.0,0.0310047407899666,0.0232245131450172,47,17,0.9467898439997952,unknown,56488e26fdba,0.1,0.001 0.003 0.01 0.03 0.1,0.0716666666666667,30,300,1.0,,,True,0.76,1e-06
a7_20260822T081428Z,2026-08-22T08:50:00+00:00,hyperplanes_n_features20_n_hyperplanes3_dim_hyperplanes5_seed33,5d05157a8a23e9156d9012fe5bfc8926359e808f10eae8c6681f7702f3b4462c,536dc33fc72f70f24b5e4a66498bcb9f9e3efe2f2c171de6faeab9c91f3265a1,E,,,h2,0,,15,8,,,pennylane,,,,0,test_full,1200,test,0.4658333333333333,0.5,0.3177942012507106,0.5066666603088379,0.0,0.0484202366957559,0.0162615056295401,34,4,0.9254454290003196,unknown,56488e26fdba,0.03,0.001 0.003 0.01 0.03 0.1,0.0716666666666667,30,300,1.0,,,True,0.7758333333333334,1e-06
a7_20260822T081428Z,2026-08-22T08:50:00+00:00,hyperplanes_n_features20_n_hyperplanes3_dim_hyperplanes5_seed33,5d05157a8a23e9156d9012fe5bfc8926359e808f10eae8c6681f7702f3b4462c,536dc33fc72f70f24b5e4a66498bcb9f9e3efe2f2c171de6faeab9c91f3265a1,E,,,h2,0,,15,8,,,pennylane,,,,0,val_full,600,val,0.5216666666666666,0.5,0.3428258488499452,0.5066666603088379,0.0,0.0484202366957559,0.0162615056295401,34,4,0.9254454290003196,unknown,56488e26fdba,0.03,0.001 0.003 0.01 0.03 0.1,0.0716666666666667,30,300,1.0,,,True,0.76,1e-06
a7_20260822T081428Z,2026-08-22T08:50:03+00:00,hyperplanes_n_features20_n_hyperplanes3_dim_hyperplanes5_seed33,5d05157a8a23e9156d9012fe5bfc8926359e808f10eae8c6681f7702f3b4462c,536dc33fc72f70f24b5e4a66498bcb9f9e3efe2f2c171de6faeab9c91f3265a1,E,,,h4,0,,29,8,,,pennylane,,,,0,test_full,1200,test,0.8266666666666667,0.9106954975873454,0.8265722448888839,0.8473809361457825,0.0,0.0101626955468366,0.0614728965393256,127,97,3.2593490819999715,unknown,56488e26fdba,0.01,0.001 0.003 0.01 0.03 0.1,0.0716666666666667,30,300,1.0,,,True,0.7758333333333334,1e-06
a7_20260822T081428Z,2026-08-22T08:50:03+00:00,hyperplanes_n_features20_n_hyperplanes3_dim_hyperplanes5_seed33,5d05157a8a23e9156d9012fe5bfc8926359e808f10eae8c6681f7702f3b4462c,536dc33fc72f70f24b5e4a66498bcb9f9e3efe2f2c171de6faeab9c91f3265a1,E,,,h4,0,,29,8,,,pennylane,,,,0,val_full,600,val,0.8516666666666667,0.9185581814741014,0.8495600900385678,0.8473809361457825,0.0,0.0101626955468366,0.0614728965393256,127,97,3.2593490819999715,unknown,56488e26fdba,0.01,0.001 0.003 0.01 0.03 0.1,0.0716666666666667,30,300,1.0,,,True,0.76,1e-06
a7_20260822T081428Z,2026-08-22T08:50:07+00:00,hyperplanes_n_features20_n_hyperplanes3_dim_hyperplanes5_seed33,5d05157a8a23e9156d9012fe5bfc8926359e808f10eae8c6681f7702f3b4462c,536dc33fc72f70f24b5e4a66498bcb9f9e3efe2f2c171de6faeab9c91f3265a1,E,,,h42,0,,295,8,,,pennylane,,,,0,test_full,1200,test,0.9525,0.9925317942950276,0.9524595576097724,0.9730952382087708,0.0,0.0106560960837923,0.0343022631543495,158,128,4.140702245000284,unknown,56488e26fdba,0.03,0.001 0.003 0.01 0.03 0.1,0.0716666666666667,30,300,1.0,,,True,0.7758333333333334,1e-06
a7_20260822T081428Z,2026-08-22T08:50:07+00:00,hyperplanes_n_features20_n_hyperplanes3_dim_hyperplanes5_seed33,5d05157a8a23e9156d9012fe5bfc8926359e808f10eae8c6681f7702f3b4462c,536dc33fc72f70f24b5e4a66498bcb9f9e3efe2f2c171de6faeab9c91f3265a1,E,,,h42,0,,295,8,,,pennylane,,,,0,val_full,600,val,0.9433333333333334,0.9847046119936326,0.942937062937063,0.9730952382087708,0.0,0.0106560960837923,0.0343022631543495,158,128,4.140702245000284,unknown,56488e26fdba,0.03,0.001 0.003 0.01 0.03 0.1,0.0716666666666667,30,300,1.0,,,True,0.76,1e-06
a7_20260822T081428Z,2026-08-22T08:50:08+00:00,hyperplanes_n_features20_n_hyperplanes3_dim_hyperplanes5_seed33,5d05157a8a23e9156d9012fe5bfc8926359e808f10eae8c6681f7702f3b4462c,536dc33fc72f70f24b5e4a66498bcb9f9e3efe2f2c171de6faeab9c91f3265a1,D_matched,,2.0,linear,30,,6,8,0x25c7a59bcb8f24fd,RFF-int-spectrum-U0-2pi,pennylane,,,,0,test_full,1200,test,0.65,0.6774298878931901,0.6457131288591963,0.6547619104385376,0.0,0.0715022698310406,0.0235835550469394,37,7,0.7091254430006302,unknown,56488e26fdba,0.03,0.001 0.003 0.01 0.03,0.0716666666666667,30,300,1.0,,0x25c7a59bcb8f24fd,True,0.6441666666666667,1e-06
a7_20260822T081428Z,2026-08-22T08:50:08+00:00,hyperplanes_n_features20_n_hyperplanes3_dim_hyperplanes5_seed33,5d05157a8a23e9156d9012fe5bfc8926359e808f10eae8c6681f7702f3b4462c,536dc33fc72f70f24b5e4a66498bcb9f9e3efe2f2c171de6faeab9c91f3265a1,D_matched,,2.0,linear,30,,6,8,0x25c7a59bcb8f24fd,RFF-int-spectrum-U0-2pi,pennylane,,,,0,val_full,600,val,0.6533333333333333,0.6659171110195813,0.6531946111778044,0.6547619104385376,0.0,0.0715022698310406,0.0235835550469394,37,7,0.7091254430006302,unknown,56488e26fdba,0.03,0.001 0.003 0.01 0.03,0.0716666666666667,30,300,1.0,,0x25c7a59bcb8f24fd,True,0.6333333333333333,1e-06
a7_20260822T081428Z,2026-08-22T08:50:10+00:00,hyperplanes_n_features20_n_hyperplanes3_dim_hyperplanes5_seed33,5d05157a8a23e9156d9012fe5bfc8926359e808f10eae8c6681f7702f3b4462c,536dc33fc72f70f24b5e4a66498bcb9f9e3efe2f2c171de6faeab9c91f3265a1,D_matched,,2.0,h2,30,,15,8,0x25c7a59bcb8f24fd,RFF-int-spectrum-U0-2pi,pennylane,,,,0,test_full,1200,test,0.6383333333333333,0.6772931382371574,0.6275701094978203,0.6616666913032532,0.0,0.0511333029080302,0.040136798725528,64,34,1.6249312319996534,unknown,56488e26fdba,0.01,0.001 0.003 0.01 0.03,0.0716666666666667,30,300,1.0,,0x25c7a59bcb8f24fd,True,0.6441666666666667,1e-06
a7_20260822T081428Z,2026-08-22T08:50:10+00:00,hyperplanes_n_features20_n_hyperplanes3_dim_hyperplanes5_seed33,5d05157a8a23e9156d9012fe5bfc8926359e808f10eae8c6681f7702f3b4462c,536dc33fc72f70f24b5e4a66498bcb9f9e3efe2f2c171de6faeab9c91f3265a1,D_matched,,2.0,h2,30,,15,8,0x25c7a59bcb8f24fd,RFF-int-spectrum-U0-2pi,pennylane,,,,0,val_full,600,val,0.65,0.6644588171121328,0.6475524475524476,0.6616666913032532,0.0,0.0511333029080302,0.040136798725528,64,34,1.6249312319996534,unknown,56488e26fdba,0.01,0.001 0.003 0.01 0.03,0.0716666666666667,30,300,1.0,,0x25c7a59bcb8f24fd,True,0.6333333333333333,1e-06
a7_20260822T081428Z,2026-08-22T08:50:11+00:00,hyperplanes_n_features20_n_hyperplanes3_dim_hyperplanes5_seed33,5d05157a8a23e9156d9012fe5bfc8926359e808f10eae8c6681f7702f3b4462c,536dc33fc72f70f24b5e4a66498bcb9f9e3efe2f2c171de6faeab9c91f3265a1,D_matched,,2.0,h2,30,,15,8,0x25c7a59bcb8f24fd,RFF-int-spectrum-U0-2pi,pennylane,,,,0,test_full,1200,test,0.64,0.6768270730829233,0.6274791606783559,0.6619047522544861,0.0,0.0511333029080302,0.0201098127040487,75,45,1.9219105530000888,unknown,56488e26fdba,0.03,0.001 0.003 0.01 0.03,0.0716666666666667,30,300,1.0,,0x25c7a59bcb8f24fd,True,0.6441666666666667,1e-06
a7_20260822T081428Z,2026-08-22T08:50:11+00:00,hyperplanes_n_features20_n_hyperplanes3_dim_hyperplanes5_seed33,5d05157a8a23e9156d9012fe5bfc8926359e808f10eae8c6681f7702f3b4462c,536dc33fc72f70f24b5e4a66498bcb9f9e3efe2f2c171de6faeab9c91f3265a1,D_matched,,2.0,h2,30,,15,8,0x25c7a59bcb8f24fd,RFF-int-spectrum-U0-2pi,pennylane,,,,0,val_full,600,val,0.6483333333333333,0.6721399071589986,0.64597216435169,0.6619047522544861,0.0,0.0511333029080302,0.0201098127040487,75,45,1.9219105530000888,unknown,56488e26fdba,0.03,0.001 0.003 0.01 0.03,0.0716666666666667,30,300,1.0,,0x25c7a59bcb8f24fd,True,0.6333333333333333,1e-06
a7_20260822T081428Z,2026-08-22T08:50:12+00:00,hyperplanes_n_features20_n_hyperplanes3_dim_hyperplanes5_seed33,5d05157a8a23e9156d9012fe5bfc8926359e808f10eae8c6681f7702f3b4462c,536dc33fc72f70f24b5e4a66498bcb9f9e3efe2f2c171de6faeab9c91f3265a1,D_matched,,2.0,h4,30,,29,8,0x25c7a59bcb8f24fd,RFF-int-spectrum-U0-2pi,pennylane,,,,0,test_full,1200,test,0.6491666666666667,0.6714184846463627,0.6384070154192354,0.6592857241630554,0.0,0.0394663501265067,0.0779138101970427,35,5,0.8785075089999737,unknown,56488e26fdba,0.01,0.001 0.003 0.01 0.03,0.0716666666666667,30,300,1.0,,0x25c7a59bcb8f24fd,True,0.6441666666666667,1e-06
a7_20260822T081428Z,2026-08-22T08:50:12+00:00,hyperplanes_n_features20_n_hyperplanes3_dim_hyperplanes5_seed33,5d05157a8a23e9156d9012fe5bfc8926359e808f10eae8c6681f7702f3b4462c,536dc33fc72f70f24b5e4a66498bcb9f9e3efe2f2c171de6faeab9c91f3265a1,D_matched,,2.0,h4,30,,29,8,0x25c7a59bcb8f24fd,RFF-int-spectrum-U0-2pi,pennylane,,,,0,val_full,600,val,0.65,0.6578909285213346,0.6485904572786398,0.6592857241630554,0.0,0.0394663501265067,0.0779138101970427,35,5,0.8785075089999737,unknown,56488e26fdba,0.01,0.001 0.003 0.01 0.03,0.0716666666666667,30,300,1.0,,0x25c7a59bcb8f24fd,True,0.6333333333333333,1e-06
a7_20260822T081428Z,2026-08-22T08:50:15+00:00,hyperplanes_n_features20_n_hyperplanes3_dim_hyperplanes5_seed33,5d05157a8a23e9156d9012fe5bfc8926359e808f10eae8c6681f7702f3b4462c,536dc33fc72f70f24b5e4a66498bcb9f9e3efe2f2c171de6faeab9c91f3265a1,D_matched,,2.0,h42,30,,295,8,0x25c7a59bcb8f24fd,RFF-int-spectrum-U0-2pi,pennylane,,,,0,test_full,1200,test,0.6608333333333334,0.700959201158744,0.6508413336945977,0.6814285516738892,0.0,0.0097648207183776,0.0170806739800991,110,80,2.885875091000344,unknown,56488e26fdba,0.01,0.001 0.003 0.01 0.03,0.0716666666666667,30,300,1.0,,0x25c7a59bcb8f24fd,True,0.6441666666666667,1e-06
a7_20260822T081428Z,2026-08-22T08:50:15+00:00,hyperplanes_n_features20_n_hyperplanes3_dim_hyperplanes5_seed33,5d05157a8a23e9156d9012fe5bfc8926359e808f10eae8c6681f7702f3b4462c,536dc33fc72f70f24b5e4a66498bcb9f9e3efe2f2c171de6faeab9c91f3265a1,D_matched,,2.0,h42,30,,295,8,0x25c7a59bcb8f24fd,RFF-int-spectrum-U0-2pi,pennylane,,,,0,val_full,600,val,0.6716666666666666,0.7148979750865514,0.6701263399373185,0.6814285516738892,0.0,0.0097648207183776,0.0170806739800991,110,80,2.885875091000344,unknown,56488e26fdba,0.01,0.001 0.003 0.01 0.03,0.0716666666666667,30,300,1.0,,0x25c7a59bcb8f24fd,True,0.6333333333333333,1e-06
a7_20260822T081428Z,2026-08-22T08:50:16+00:00,hyperplanes_n_features20_n_hyperplanes3_dim_hyperplanes5_seed33,5d05157a8a23e9156d9012fe5bfc8926359e808f10eae8c6681f7702f3b4462c,536dc33fc72f70f24b5e4a66498bcb9f9e3efe2f2c171de6faeab9c91f3265a1,D_best,,2.0,linear,192,,33,8,0xdead39ffa3b8d809,RFF-int-spectrum-U0-2pi,pennylane,,,,0,test_full,1200,test,0.8066666666666666,0.8459808159768252,0.8064726016922525,0.82833331823349,0.0,0.0614454031180083,0.045649143868413,56,26,1.1722379709999586,unknown,56488e26fdba,0.03,0.001 0.003 0.01 0.03,0.0716666666666667,30,300,1.0,32.0,0xdead39ffa3b8d809,True,0.795,1e-06
a7_20260822T081428Z,2026-08-22T08:50:16+00:00,hyperplanes_n_features20_n_hyperplanes3_dim_hyperplanes5_seed33,5d05157a8a23e9156d9012fe5bfc8926359e808f10eae8c6681f7702f3b4462c,536dc33fc72f70f24b5e4a66498bcb9f9e3efe2f2c171de6faeab9c91f3265a1,D_best,,2.0,linear,192,,33,8,0xdead39ffa3b8d809,RFF-int-spectrum-U0-2pi,pennylane,,,,0,val_full,600,val,0.81,0.8470906479945677,0.8070652480509077,0.82833331823349,0.0,0.0614454031180083,0.045649143868413,56,26,1.1722379709999586,unknown,56488e26fdba,0.03,0.001 0.003 0.01 0.03,0.0716666666666667,30,300,1.0,32.0,0xdead39ffa3b8d809,True,0.8,1e-06
a7_20260822T081428Z,2026-08-22T08:50:18+00:00,hyperplanes_n_features20_n_hyperplanes3_dim_hyperplanes5_seed33,5d05157a8a23e9156d9012fe5bfc8926359e808f10eae8c6681f7702f3b4462c,536dc33fc72f70f24b5e4a66498bcb9f9e3efe2f2c171de6faeab9c91f3265a1,D_best,,2.0,linear,768,,129,8,0x7e666b538f76ff75,RFF-int-spectrum-U0-2pi,pennylane,,,,0,test_full,1200,test,0.8258333333333333,0.8782565256098617,0.8258303095539853,0.8516666889190674,0.0,0.0742262290941378,0.0666995522683641,74,44,1.4878879039997628,unknown,56488e26fdba,0.01,0.001 0.003 0.01 0.03,0.0716666666666667,30,300,1.0,128.0,0x7e666b538f76ff75,True,0.8175,1e-06
a7_20260822T081428Z,2026-08-22T08:50:18+00:00,hyperplanes_n_features20_n_hyperplanes3_dim_hyperplanes5_seed33,5d05157a8a23e9156d9012fe5bfc8926359e808f10eae8c6681f7702f3b4462c,536dc33fc72f70f24b5e4a66498bcb9f9e3efe2f2c171de6faeab9c91f3265a1,D_best,,2.0,linear,768,,129,8,0x7e666b538f76ff75,RFF-int-spectrum-U0-2pi,pennylane,,,,0,val_full,600,val,0.84,0.8656922443254556,0.8379181486650759,0.8516666889190674,0.0,0.0742262290941378,0.0666995522683641,74,44,1.4878879039997628,unknown,56488e26fdba,0.01,0.001 0.003 0.01 0.03,0.0716666666666667,30,300,1.0,128.0,0x7e666b538f76ff75,True,0.825,1e-06
a7_20260822T081428Z,2026-08-22T08:50:19+00:00,hyperplanes_n_features20_n_hyperplanes3_dim_hyperplanes5_seed33,5d05157a8a23e9156d9012fe5bfc8926359e808f10eae8c6681f7702f3b4462c,536dc33fc72f70f24b5e4a66498bcb9f9e3efe2f2c171de6faeab9c91f3265a1,A,L1,2.0,h4,35,35.0,29,1,0x1ddc9c443a3565bb,U0-2pi,pennylane,,,,0,test_full,1200,test,0.8416666666666667,0.9172357591978098,0.8416310336492377,0.8642857074737549,0.8862393498420715,0.0182214415418885,0.2713422244614272,128,98,2115.4726405679994,unknown,56488e26fdba,0.01,0.001 0.003 0.01 0.03,0.0716666666666667,30,300,1.0,,,False,,
a7_20260822T081428Z,2026-08-22T08:50:19+00:00,hyperplanes_n_features20_n_hyperplanes3_dim_hyperplanes5_seed33,5d05157a8a23e9156d9012fe5bfc8926359e808f10eae8c6681f7702f3b4462c,536dc33fc72f70f24b5e4a66498bcb9f9e3efe2f2c171de6faeab9c91f3265a1,A,L1,2.0,h4,35,35.0,29,1,0x1ddc9c443a3565bb,U0-2pi,pennylane,,,,0,val_full,600,val,0.8533333333333334,0.9215192973472408,0.850541786025657,0.8642857074737549,0.8862393498420715,0.0182214415418885,0.2713422244614272,128,98,2115.4726405679994,unknown,56488e26fdba,0.01,0.001 0.003 0.01 0.03,0.0716666666666667,30,300,1.0,,,False,,
a7_20260822T081428Z,2026-08-22T08:50:19+00:00,hyperplanes_n_features20_n_hyperplanes3_dim_hyperplanes5_seed33,5d05157a8a23e9156d9012fe5bfc8926359e808f10eae8c6681f7702f3b4462c,536dc33fc72f70f24b5e4a66498bcb9f9e3efe2f2c171de6faeab9c91f3265a1,D_best,,2.0,linear,3072,,513,8,0xef57d4b5699c3697,RFF-int-spectrum-U0-2pi,pennylane,,,,0,test_full,1200,test,0.825,0.8765038973651971,0.8249878463782208,0.8476190567016602,0.0,0.1390953666140948,0.0332718988338699,56,26,1.4121867520007072,unknown,56488e26fdba,0.001,0.001 0.003 0.01 0.03,0.0716666666666667,30,300,1.0,512.0,0xef57d4b5699c3697,True,0.8275,0.01
a7_20260822T081428Z,2026-08-22T08:50:19+00:00,hyperplanes_n_features20_n_hyperplanes3_dim_hyperplanes5_seed33,5d05157a8a23e9156d9012fe5bfc8926359e808f10eae8c6681f7702f3b4462c,536dc33fc72f70f24b5e4a66498bcb9f9e3efe2f2c171de6faeab9c91f3265a1,D_best,,2.0,linear,3072,,513,8,0xef57d4b5699c3697,RFF-int-spectrum-U0-2pi,pennylane,,,,0,val_full,600,val,0.8433333333333334,0.8647794191314803,0.8407787162925154,0.8476190567016602,0.0,0.1390953666140948,0.0332718988338699,56,26,1.4121867520007072,unknown,56488e26fdba,0.001,0.001 0.003 0.01 0.03,0.0716666666666667,30,300,1.0,512.0,0xef57d4b5699c3697,True,0.845,0.01
a7_20260822T081428Z,2026-08-22T08:50:40+00:00,hyperplanes_n_features20_n_hyperplanes3_dim_hyperplanes5_seed33,5d05157a8a23e9156d9012fe5bfc8926359e808f10eae8c6681f7702f3b4462c,536dc33fc72f70f24b5e4a66498bcb9f9e3efe2f2c171de6faeab9c91f3265a1,A,L2,2.0,h2,35,35.0,15,4,0xc9f964aa2896fb2f,U0-2pi,pennylane,,,,0,test_full,1200,test,0.8141666666666667,0.8682375201984824,0.8141562129536453,0.8342857360839844,0.9376035928726196,0.001512529896791,0.1865033982157442,131,101,2124.7133576139995,unknown,56488e26fdba,0.01,0.001 0.003 0.01 0.03,0.0716666666666667,30,300,1.0,,,False,,
a7_20260822T081428Z,2026-08-22T08:50:40+00:00,hyperplanes_n_features20_n_hyperplanes3_dim_hyperplanes5_seed33,5d05157a8a23e9156d9012fe5bfc8926359e808f10eae8c6681f7702f3b4462c,536dc33fc72f70f24b5e4a66498bcb9f9e3efe2f2c171de6faeab9c91f3265a1,A,L2,2.0,h2,35,35.0,15,4,0xc9f964aa2896fb2f,U0-2pi,pennylane,,,,0,val_full,600,val,0.8416666666666667,0.8597366165354945,0.8394180736366735,0.8342857360839844,0.9376035928726196,0.001512529896791,0.1865033982157442,131,101,2124.7133576139995,unknown,56488e26fdba,0.01,0.001 0.003 0.01 0.03,0.0716666666666667,30,300,1.0,,,False,,
a7_20260822T081428Z,2026-08-22T08:50:53+00:00,hyperplanes_n_features20_n_hyperplanes3_dim_hyperplanes5_seed33,5d05157a8a23e9156d9012fe5bfc8926359e808f10eae8c6681f7702f3b4462c,536dc33fc72f70f24b5e4a66498bcb9f9e3efe2f2c171de6faeab9c91f3265a1,F,product,2.0,h42,35,20.0,295,2,0x499fbb627c0f5f7c,U0-2pi,pennylane,,,,0,test_full,1200,test,0.9208333333333332,0.9799089638004126,0.9207011134537516,0.9561904668807985,0.6398365497589111,0.0114202040309807,0.0956506971154514,145,115,2149.191825961,unknown,56488e26fdba,0.01,0.001 0.003 0.01 0.03,0.0716666666666667,30,300,1.0,,,False,,
a7_20260822T081428Z,2026-08-22T08:50:53+00:00,hyperplanes_n_features20_n_hyperplanes3_dim_hyperplanes5_seed33,5d05157a8a23e9156d9012fe5bfc8926359e808f10eae8c6681f7702f3b4462c,536dc33fc72f70f24b5e4a66498bcb9f9e3efe2f2c171de6faeab9c91f3265a1,F,product,2.0,h42,35,20.0,295,2,0x499fbb627c0f5f7c,U0-2pi,pennylane,,,,0,val_full,600,val,0.945,0.9840589551491132,0.9447900488245576,0.9561904668807985,0.6398365497589111,0.0114202040309807,0.0956506971154514,145,115,2149.191825961,unknown,56488e26fdba,0.01,0.001 0.003 0.01 0.03,0.0716666666666667,30,300,1.0,,,False,,
a7_20260822T081428Z,2026-08-22T08:51:11+00:00,hyperplanes_n_features20_n_hyperplanes3_dim_hyperplanes5_seed33,5d05157a8a23e9156d9012fe5bfc8926359e808f10eae8c6681f7702f3b4462c,536dc33fc72f70f24b5e4a66498bcb9f9e3efe2f2c171de6faeab9c91f3265a1,A,L1,2.0,h2,35,35.0,15,5,0x2560fc84838de57f,U0-2pi,pennylane,,,,0,test_full,1200,test,0.8525,0.9188962907353504,0.8521894952939334,0.8726190328598022,0.9931974411010742,0.0085059754077202,0.4796705705417761,132,102,2144.213969891,unknown,56488e26fdba,0.03,0.001 0.003 0.01 0.03,0.0716666666666667,30,300,1.0,,,False,,
a7_20260822T081428Z,2026-08-22T08:51:11+00:00,hyperplanes_n_features20_n_hyperplanes3_dim_hyperplanes5_seed33,5d05157a8a23e9156d9012fe5bfc8926359e808f10eae8c6681f7702f3b4462c,536dc33fc72f70f24b5e4a66498bcb9f9e3efe2f2c171de6faeab9c91f3265a1,A,L1,2.0,h2,35,35.0,15,5,0x2560fc84838de57f,U0-2pi,pennylane,,,,0,val_full,600,val,0.86,0.9224766505994588,0.8567774936061381,0.8726190328598022,0.9931974411010742,0.0085059754077202,0.4796705705417761,132,102,2144.213969891,unknown,56488e26fdba,0.03,0.001 0.003 0.01 0.03,0.0716666666666667,30,300,1.0,,,False,,
a7_20260822T081428Z,2026-08-22T08:51:13+00:00,hyperplanes_n_features20_n_hyperplanes3_dim_hyperplanes5_seed33,5d05157a8a23e9156d9012fe5bfc8926359e808f10eae8c6681f7702f3b4462c,536dc33fc72f70f24b5e4a66498bcb9f9e3efe2f2c171de6faeab9c91f3265a1,A,L2,2.0,h42,35,35.0,295,1,0x9aed96d53998f1c9,U0-2pi,pennylane,,,,0,test_full,1200,test,0.9208333333333332,0.9809722621462996,0.920757998402648,0.95119047164917,0.6697912812232971,0.0073095158380483,0.1926788601923124,134,104,2169.342903956,unknown,56488e26fdba,0.01,0.001 0.003 0.01 0.03,0.0716666666666667,30,300,1.0,,,False,,
a7_20260822T081428Z,2026-08-22T08:51:13+00:00,hyperplanes_n_features20_n_hyperplanes3_dim_hyperplanes5_seed33,5d05157a8a23e9156d9012fe5bfc8926359e808f10eae8c6681f7702f3b4462c,536dc33fc72f70f24b5e4a66498bcb9f9e3efe2f2c171de6faeab9c91f3265a1,A,L2,2.0,h42,35,35.0,295,1,0x9aed96d53998f1c9,U0-2pi,pennylane,,,,0,val_full,600,val,0.945,0.9883225167258518,0.9447666390499864,0.95119047164917,0.6697912812232971,0.0073095158380483,0.1926788601923124,134,104,2169.342903956,unknown,56488e26fdba,0.01,0.001 0.003 0.01 0.03,0.0716666666666667,30,300,1.0,,,False,,
a7_20260822T081428Z,2026-08-22T08:51:26+00:00,hyperplanes_n_features20_n_hyperplanes3_dim_hyperplanes5_seed33,5d05157a8a23e9156d9012fe5bfc8926359e808f10eae8c6681f7702f3b4462c,536dc33fc72f70f24b5e4a66498bcb9f9e3efe2f2c171de6faeab9c91f3265a1,B,L1,2.0,linear,35,35.0,6,9,0x6714fd5b78bd8a7d,U0-2pi,pennylane,,,,0,test_full,1200,test,0.6841666666666667,0.7618434969956938,0.6841664473378106,0.709761917591095,0.0,0.062722300032081,0.0056108382581522,64,34,1.1939583160001348,unknown,56488e26fdba,0.03,0.001 0.003 0.01 0.03,0.0716666666666667,30,300,1.0,,,True,0.6866666666666666,1e-06
a7_20260822T081428Z,2026-08-22T08:51:26+00:00,hyperplanes_n_features20_n_hyperplanes3_dim_hyperplanes5_seed33,5d05157a8a23e9156d9012fe5bfc8926359e808f10eae8c6681f7702f3b4462c,536dc33fc72f70f24b5e4a66498bcb9f9e3efe2f2c171de6faeab9c91f3265a1,B,L1,2.0,linear,35,35.0,6,9,0x6714fd5b78bd8a7d,U0-2pi,pennylane,,,,0,val_full,600,val,0.7,0.7544388908060692,0.6990335633311411,0.709761917591095,0.0,0.062722300032081,0.0056108382581522,64,34,1.1939583160001348,unknown,56488e26fdba,0.03,0.001 0.003 0.01 0.03,0.0716666666666667,30,300,1.0,,,True,0.6966666666666667,1e-06
a7_20260822T081428Z,2026-08-22T08:51:27+00:00,hyperplanes_n_features20_n_hyperplanes3_dim_hyperplanes5_seed33,5d05157a8a23e9156d9012fe5bfc8926359e808f10eae8c6681f7702f3b4462c,536dc33fc72f70f24b5e4a66498bcb9f9e3efe2f2c171de6faeab9c91f3265a1,B,L1,2.0,h2,35,35.0,15,9,0x6714fd5b78bd8a7d,U0-2pi,pennylane,,,,0,test_full,1200,test,0.4658333333333333,0.5,0.3177942012507106,0.5066666603088379,0.0,0.0578795456676868,0.0110709572445915,49,19,1.2568894280002496,unknown,56488e26fdba,0.03,0.001 0.003 0.01 0.03,0.0716666666666667,30,300,1.0,,,True,0.6866666666666666,1e-06
a7_20260822T081428Z,2026-08-22T08:51:27+00:00,hyperplanes_n_features20_n_hyperplanes3_dim_hyperplanes5_seed33,5d05157a8a23e9156d9012fe5bfc8926359e808f10eae8c6681f7702f3b4462c,536dc33fc72f70f24b5e4a66498bcb9f9e3efe2f2c171de6faeab9c91f3265a1,B,L1,2.0,h2,35,35.0,15,9,0x6714fd5b78bd8a7d,U0-2pi,pennylane,,,,0,val_full,600,val,0.5216666666666666,0.5,0.3428258488499452,0.5066666603088379,0.0,0.0578795456676868,0.0110709572445915,49,19,1.2568894280002496,unknown,56488e26fdba,0.03,0.001 0.003 0.01 0.03,0.0716666666666667,30,300,1.0,,,True,0.6966666666666667,1e-06
a7_20260822T081428Z,2026-08-22T08:51:29+00:00,hyperplanes_n_features20_n_hyperplanes3_dim_hyperplanes5_seed33,5d05157a8a23e9156d9012fe5bfc8926359e808f10eae8c6681f7702f3b4462c,536dc33fc72f70f24b5e4a66498bcb9f9e3efe2f2c171de6faeab9c91f3265a1,B,L1,2.0,h4,35,35.0,29,9,0x6714fd5b78bd8a7d,U0-2pi,pennylane,,,,0,test_full,1200,test,0.6783333333333333,0.7633198351189863,0.6780748990161547,0.7083333134651184,0.0,0.0873839704984184,0.0216564235073496,64,34,1.6404532469996411,unknown,56488e26fdba,0.01,0.001 0.003 0.01 0.03,0.0716666666666667,30,300,1.0,,,True,0.6866666666666666,1e-06
a7_20260822T081428Z,2026-08-22T08:51:29+00:00,hyperplanes_n_features20_n_hyperplanes3_dim_hyperplanes5_seed33,5d05157a8a23e9156d9012fe5bfc8926359e808f10eae8c6681f7702f3b4462c,536dc33fc72f70f24b5e4a66498bcb9f9e3efe2f2c171de6faeab9c91f3265a1,B,L1,2.0,h4,35,35.0,29,9,0x6714fd5b78bd8a7d,U0-2pi,pennylane,,,,0,val_full,600,val,0.7033333333333334,0.7575614208903385,0.7017292997899817,0.7083333134651184,0.0,0.0873839704984184,0.0216564235073496,64,34,1.6404532469996411,unknown,56488e26fdba,0.01,0.001 0.003 0.01 0.03,0.0716666666666667,30,300,1.0,,,True,0.6966666666666667,1e-06
a7_20260822T081428Z,2026-08-22T08:51:32+00:00,hyperplanes_n_features20_n_hyperplanes3_dim_hyperplanes5_seed33,5d05157a8a23e9156d9012fe5bfc8926359e808f10eae8c6681f7702f3b4462c,536dc33fc72f70f24b5e4a66498bcb9f9e3efe2f2c171de6faeab9c91f3265a1,B,L1,2.0,h42,35,35.0,295,9,0x6714fd5b78bd8a7d,U0-2pi,pennylane,,,,0,test_full,1200,test,0.7758333333333334,0.85672543180797,0.7757197914777689,0.8219047784805298,0.0,0.0144254507337332,0.0199989488618307,118,88,3.111883362000299,unknown,56488e26fdba,0.01,0.001 0.003 0.01 0.03,0.0716666666666667,30,300,1.0,,,True,0.6866666666666666,1e-06
a7_20260822T081428Z,2026-08-22T08:51:32+00:00,hyperplanes_n_features20_n_hyperplanes3_dim_hyperplanes5_seed33,5d05157a8a23e9156d9012fe5bfc8926359e808f10eae8c6681f7702f3b4462c,536dc33fc72f70f24b5e4a66498bcb9f9e3efe2f2c171de6faeab9c91f3265a1,B,L1,2.0,h42,35,35.0,295,9,0x6714fd5b78bd8a7d,U0-2pi,pennylane,,,,0,val_full,600,val,0.8083333333333333,0.8660150727477152,0.8045940228426756,0.8219047784805298,0.0,0.0144254507337332,0.0199989488618307,118,88,3.111883362000299,unknown,56488e26fdba,0.01,0.001 0.003 0.01 0.03,0.0716666666666667,30,300,1.0,,,True,0.6966666666666667,1e-06
a7_20260822T081428Z,2026-08-22T08:51:55+00:00,hyperplanes_n_features20_n_hyperplanes3_dim_hyperplanes5_seed33,5d05157a8a23e9156d9012fe5bfc8926359e808f10eae8c6681f7702f3b4462c,536dc33fc72f70f24b5e4a66498bcb9f9e3efe2f2c171de6faeab9c91f3265a1,A,L1,2.0,h4,35,35.0,29,3,0xe98c84d46f8b02b7,U0-2pi,pennylane,,,,0,test_full,1200,test,0.8466666666666667,0.9029356523098134,0.8464410202770182,0.8742856979370117,0.986440360546112,0.0008385880435463,0.5334937829897703,134,104,2211.413077213,unknown,56488e26fdba,0.01,0.001 0.003 0.01 0.03,0.0716666666666667,30,300,1.0,,,False,,
a7_20260822T081428Z,2026-08-22T08:51:55+00:00,hyperplanes_n_features20_n_hyperplanes3_dim_hyperplanes5_seed33,5d05157a8a23e9156d9012fe5bfc8926359e808f10eae8c6681f7702f3b4462c,536dc33fc72f70f24b5e4a66498bcb9f9e3efe2f2c171de6faeab9c91f3265a1,A,L1,2.0,h4,35,35.0,29,3,0xe98c84d46f8b02b7,U0-2pi,pennylane,,,,0,val_full,600,val,0.865,0.8949249145617884,0.8621006665134452,0.8742856979370117,0.986440360546112,0.0008385880435463,0.5334937829897703,134,104,2211.413077213,unknown,56488e26fdba,0.01,0.001 0.003 0.01 0.03,0.0716666666666667,30,300,1.0,,,False,,
a7_20260822T081428Z,2026-08-22T08:52:10+00:00,hyperplanes_n_features20_n_hyperplanes3_dim_hyperplanes5_seed33,5d05157a8a23e9156d9012fe5bfc8926359e808f10eae8c6681f7702f3b4462c,536dc33fc72f70f24b5e4a66498bcb9f9e3efe2f2c171de6faeab9c91f3265a1,F,product,2.0,h2,35,20.0,15,7,0x9bb488a3f99e440c,U0-2pi,pennylane,,,,0,test_full,1200,test,0.4658333333333333,0.5,0.3177942012507106,0.5066666603088379,0.0,0.0296428181043538,0.0146383988632996,41,11,613.8128773160001,unknown,56488e26fdba,0.03,0.001 0.003 0.01 0.03,0.0716666666666667,30,300,1.0,,,False,,
a7_20260822T081428Z,2026-08-22T08:52:10+00:00,hyperplanes_n_features20_n_hyperplanes3_dim_hyperplanes5_seed33,5d05157a8a23e9156d9012fe5bfc8926359e808f10eae8c6681f7702f3b4462c,536dc33fc72f70f24b5e4a66498bcb9f9e3efe2f2c171de6faeab9c91f3265a1,F,product,2.0,h2,35,20.0,15,7,0x9bb488a3f99e440c,U0-2pi,pennylane,,,,0,val_full,600,val,0.5216666666666666,0.5,0.3428258488499452,0.5066666603088379,0.0,0.0296428181043538,0.0146383988632996,41,11,613.8128773160001,unknown,56488e26fdba,0.03,0.001 0.003 0.01 0.03,0.0716666666666667,30,300,1.0,,,False,,
a7_20260822T081428Z,2026-08-22T08:52:13+00:00,hyperplanes_n_features20_n_hyperplanes3_dim_hyperplanes5_seed33,5d05157a8a23e9156d9012fe5bfc8926359e808f10eae8c6681f7702f3b4462c,536dc33fc72f70f24b5e4a66498bcb9f9e3efe2f2c171de6faeab9c91f3265a1,A,L2,2.0,h4,35,35.0,29,1,0x9aed96d53998f1c9,U0-2pi,pennylane,,,,0,test_full,1200,test,0.8591666666666666,0.945353162963728,0.8591548317601687,0.8888095021247864,0.820854902267456,0.0204939952907138,0.1380509249981135,136,106,2229.397658346,unknown,56488e26fdba,0.01,0.001 0.003 0.01 0.03,0.0716666666666667,30,300,1.0,,,False,,
a7_20260822T081428Z,2026-08-22T08:52:13+00:00,hyperplanes_n_features20_n_hyperplanes3_dim_hyperplanes5_seed33,5d05157a8a23e9156d9012fe5bfc8926359e808f10eae8c6681f7702f3b4462c,536dc33fc72f70f24b5e4a66498bcb9f9e3efe2f2c171de6faeab9c91f3265a1,A,L2,2.0,h4,35,35.0,29,1,0x9aed96d53998f1c9,U0-2pi,pennylane,,,,0,val_full,600,val,0.8933333333333333,0.9488038650354556,0.8923959827833572,0.8888095021247864,0.820854902267456,0.0204939952907138,0.1380509249981135,136,106,2229.397658346,unknown,56488e26fdba,0.01,0.001 0.003 0.01 0.03,0.0716666666666667,30,300,1.0,,,False,,
a7_20260822T081428Z,2026-08-22T08:52:16+00:00,hyperplanes_n_features20_n_hyperplanes3_dim_hyperplanes5_seed33,5d05157a8a23e9156d9012fe5bfc8926359e808f10eae8c6681f7702f3b4462c,536dc33fc72f70f24b5e4a66498bcb9f9e3efe2f2c171de6faeab9c91f3265a1,A,L1,2.0,linear,35,35.0,6,6,0x7f041defed10b1c8,U0-2pi,pennylane,,,,0,test_full,1200,test,0.8283333333333334,0.8576659345443586,0.8279850029643361,0.8583333492279053,1.1055757999420166,0.0066827831586934,0.035944055783391,88,58,1451.2140342389998,unknown,56488e26fdba,0.03,0.001 0.003 0.01 0.03,0.0716666666666667,30,300,1.0,,,False,,
a7_20260822T081428Z,2026-08-22T08:52:16+00:00,hyperplanes_n_features20_n_hyperplanes3_dim_hyperplanes5_seed33,5d05157a8a23e9156d9012fe5bfc8926359e808f10eae8c6681f7702f3b4462c,536dc33fc72f70f24b5e4a66498bcb9f9e3efe2f2c171de6faeab9c91f3265a1,A,L1,2.0,linear,35,35.0,6,6,0x7f041defed10b1c8,U0-2pi,pennylane,,,,0,val_full,600,val,0.8466666666666667,0.8521223185759927,0.8428084883416296,0.8583333492279053,1.1055757999420166,0.0066827831586934,0.035944055783391,88,58,1451.2140342389998,unknown,56488e26fdba,0.03,0.001 0.003 0.01 0.03,0.0716666666666667,30,300,1.0,,,False,,
a7_20260822T081428Z,2026-08-22T08:52:28+00:00,hyperplanes_n_features20_n_hyperplanes3_dim_hyperplanes5_seed33,5d05157a8a23e9156d9012fe5bfc8926359e808f10eae8c6681f7702f3b4462c,536dc33fc72f70f24b5e4a66498bcb9f9e3efe2f2c171de6faeab9c91f3265a1,B,L2,2.0,linear,35,35.0,6,9,0x37a73ff05100a2cc,U0-2pi,pennylane,,,,0,test_full,1200,test,0.58,0.5261205797069093,0.5054152451171204,0.552142858505249,0.0,0.0650733370105327,0.0257904807006036,44,14,0.8268622039995535,unknown,56488e26fdba,0.03,0.001 0.003 0.01 0.03,0.0716666666666667,30,300,1.0,,,True,0.4808333333333333,1.0
a7_20260822T081428Z,2026-08-22T08:52:28+00:00,hyperplanes_n_features20_n_hyperplanes3_dim_hyperplanes5_seed33,5d05157a8a23e9156d9012fe5bfc8926359e808f10eae8c6681f7702f3b4462c,536dc33fc72f70f24b5e4a66498bcb9f9e3efe2f2c171de6faeab9c91f3265a1,B,L2,2.0,linear,35,35.0,6,9,0x37a73ff05100a2cc,U0-2pi,pennylane,,,,0,val_full,600,val,0.5216666666666666,0.4883948748204963,0.4664617615437287,0.552142858505249,0.0,0.0650733370105327,0.0257904807006036,44,14,0.8268622039995535,unknown,56488e26fdba,0.03,0.001 0.003 0.01 0.03,0.0716666666666667,30,300,1.0,,,True,0.4866666666666667,1.0
a7_20260822T081428Z,2026-08-22T08:52:31+00:00,hyperplanes_n_features20_n_hyperplanes3_dim_hyperplanes5_seed33,5d05157a8a23e9156d9012fe5bfc8926359e808f10eae8c6681f7702f3b4462c,536dc33fc72f70f24b5e4a66498bcb9f9e3efe2f2c171de6faeab9c91f3265a1,B,L2,2.0,h2,35,35.0,15,9,0x37a73ff05100a2cc,U0-2pi,pennylane,,,,0,test_full,1200,test,0.6016666666666667,0.5911799262668181,0.543608610966124,0.5876190662384033,0.0,0.0599410618811767,0.0803034009701797,111,81,2.7911039009995875,unknown,56488e26fdba,0.01,0.001 0.003 0.01 0.03,0.0716666666666667,30,300,1.0,,,True,0.4808333333333333,1.0
a7_20260822T081428Z,2026-08-22T08:52:31+00:00,hyperplanes_n_features20_n_hyperplanes3_dim_hyperplanes5_seed33,5d05157a8a23e9156d9012fe5bfc8926359e808f10eae8c6681f7702f3b4462c,536dc33fc72f70f24b5e4a66498bcb9f9e3efe2f2c171de6faeab9c91f3265a1,B,L2,2.0,h2,35,35.0,15,9,0x37a73ff05100a2cc,U0-2pi,pennylane,,,,0,val_full,600,val,0.555,0.5643152141243,0.5082495587445323,0.5876190662384033,0.0,0.0599410618811767,0.0803034009701797,111,81,2.7911039009995875,unknown,56488e26fdba,0.01,0.001 0.003 0.01 0.03,0.0716666666666667,30,300,1.0,,,True,0.4866666666666667,1.0
a7_20260822T081428Z,2026-08-22T08:52:31+00:00,hyperplanes_n_features20_n_hyperplanes3_dim_hyperplanes5_seed33,5d05157a8a23e9156d9012fe5bfc8926359e808f10eae8c6681f7702f3b4462c,536dc33fc72f70f24b5e4a66498bcb9f9e3efe2f2c171de6faeab9c91f3265a1,B,L2,2.0,h4,35,35.0,29,9,0x37a73ff05100a2cc,U0-2pi,pennylane,,,,0,test_full,1200,test,0.465,0.5188868019837073,0.3187509727075934,0.5076190233230591,0.0,0.0420146608977412,0.0108366069456179,31,1,0.7766911649996473,unknown,56488e26fdba,0.01,0.001 0.003 0.01 0.03,0.0716666666666667,30,300,1.0,,,True,0.4808333333333333,1.0
a7_20260822T081428Z,2026-08-22T08:52:31+00:00,hyperplanes_n_features20_n_hyperplanes3_dim_hyperplanes5_seed33,5d05157a8a23e9156d9012fe5bfc8926359e808f10eae8c6681f7702f3b4462c,536dc33fc72f70f24b5e4a66498bcb9f9e3efe2f2c171de6faeab9c91f3265a1,B,L2,2.0,h4,35,35.0,29,9,0x37a73ff05100a2cc,U0-2pi,pennylane,,,,0,val_full,600,val,0.525,0.4896750564949739,0.3504989004060331,0.5076190233230591,0.0,0.0420146608977412,0.0108366069456179,31,1,0.7766911649996473,unknown,56488e26fdba,0.01,0.001 0.003 0.01 0.03,0.0716666666666667,30,300,1.0,,,True,0.4866666666666667,1.0
a7_20260822T081428Z,2026-08-22T08:52:33+00:00,hyperplanes_n_features20_n_hyperplanes3_dim_hyperplanes5_seed33,5d05157a8a23e9156d9012fe5bfc8926359e808f10eae8c6681f7702f3b4462c,536dc33fc72f70f24b5e4a66498bcb9f9e3efe2f2c171de6faeab9c91f3265a1,B,L2,2.0,h42,35,35.0,295,9,0x37a73ff05100a2cc,U0-2pi,pennylane,,,,0,test_full,1200,test,0.6383333333333333,0.7054579857612909,0.6178220553659016,0.6295238137245178,0.0,0.0140418600407874,0.0337979040260112,65,35,1.6958545569996204,unknown,56488e26fdba,0.01,0.001 0.003 0.01 0.03,0.0716666666666667,30,300,1.0,,,True,0.4808333333333333,1.0
a7_20260822T081428Z,2026-08-22T08:52:33+00:00,hyperplanes_n_features20_n_hyperplanes3_dim_hyperplanes5_seed33,5d05157a8a23e9156d9012fe5bfc8926359e808f10eae8c6681f7702f3b4462c,536dc33fc72f70f24b5e4a66498bcb9f9e3efe2f2c171de6faeab9c91f3265a1,B,L2,2.0,h42,35,35.0,295,9,0x37a73ff05100a2cc,U0-2pi,pennylane,,,,0,val_full,600,val,0.6333333333333333,0.6539724593959769,0.6248934356351237,0.6295238137245178,0.0,0.0140418600407874,0.0337979040260112,65,35,1.6958545569996204,unknown,56488e26fdba,0.01,0.001 0.003 0.01 0.03,0.0716666666666667,30,300,1.0,,,True,0.4866666666666667,1.0
a7_20260822T081428Z,2026-08-22T08:52:46+00:00,hyperplanes_n_features20_n_hyperplanes3_dim_hyperplanes5_seed33,5d05157a8a23e9156d9012fe5bfc8926359e808f10eae8c6681f7702f3b4462c,536dc33fc72f70f24b5e4a66498bcb9f9e3efe2f2c171de6faeab9c91f3265a1,A,L2,2.0,h4,35,35.0,29,6,0xfed8b00a5c8d996d,U0-2pi,pennylane,,,,0,test_full,1200,test,0.8433333333333334,0.881853878806315,0.8431922063190205,0.8688095211982727,0.9174774885177612,0.0203725315075202,0.0620967949509873,78,48,1286.4325125840005,unknown,56488e26fdba,0.01,0.001 0.003 0.01 0.03,0.0716666666666667,30,300,1.0,,,False,,
a7_20260822T081428Z,2026-08-22T08:52:46+00:00,hyperplanes_n_features20_n_hyperplanes3_dim_hyperplanes5_seed33,5d05157a8a23e9156d9012fe5bfc8926359e808f10eae8c6681f7702f3b4462c,536dc33fc72f70f24b5e4a66498bcb9f9e3efe2f2c171de6faeab9c91f3265a1,A,L2,2.0,h4,35,35.0,29,6,0xfed8b00a5c8d996d,U0-2pi,pennylane,,,,0,val_full,600,val,0.8616666666666667,0.8835925237390212,0.8589678599647137,0.8688095211982727,0.9174774885177612,0.0203725315075202,0.0620967949509873,78,48,1286.4325125840005,unknown,56488e26fdba,0.01,0.001 0.003 0.01 0.03,0.0716666666666667,30,300,1.0,,,False,,
a7_20260822T081428Z,2026-08-22T08:53:26+00:00,hyperplanes_n_features20_n_hyperplanes3_dim_hyperplanes5_seed33,5d05157a8a23e9156d9012fe5bfc8926359e808f10eae8c6681f7702f3b4462c,536dc33fc72f70f24b5e4a66498bcb9f9e3efe2f2c171de6faeab9c91f3265a1,F,product,2.0,h42,35,20.0,295,6,0x5a38e794abf67abb,U0-2pi,pennylane,,,,0,test_full,1200,test,0.9266666666666666,0.9825937223535453,0.9265930558143028,0.947857141494751,0.5721461772918701,0.008312989306488,0.0439964891877878,78,48,1163.5405380529996,unknown,56488e26fdba,0.01,0.001 0.003 0.01 0.03,0.0716666666666667,30,300,1.0,,,False,,
a7_20260822T081428Z,2026-08-22T08:53:26+00:00,hyperplanes_n_features20_n_hyperplanes3_dim_hyperplanes5_seed33,5d05157a8a23e9156d9012fe5bfc8926359e808f10eae8c6681f7702f3b4462c,536dc33fc72f70f24b5e4a66498bcb9f9e3efe2f2c171de6faeab9c91f3265a1,F,product,2.0,h42,35,20.0,295,6,0x5a38e794abf67abb,U0-2pi,pennylane,,,,0,val_full,600,val,0.93,0.9732720330398192,0.929549114331723,0.947857141494751,0.5721461772918701,0.008312989306488,0.0439964891877878,78,48,1163.5405380529996,unknown,56488e26fdba,0.01,0.001 0.003 0.01 0.03,0.0716666666666667,30,300,1.0,,,False,,
a7_20260822T081428Z,2026-08-22T08:53:43+00:00,hyperplanes_n_features20_n_hyperplanes3_dim_hyperplanes5_seed33,5d05157a8a23e9156d9012fe5bfc8926359e808f10eae8c6681f7702f3b4462c,536dc33fc72f70f24b5e4a66498bcb9f9e3efe2f2c171de6faeab9c91f3265a1,A,L2,2.0,h2,35,35.0,15,2,0xedbc28bf50f4bc26,U0-2pi,pennylane,,,,0,test_full,1200,test,0.8516666666666667,0.913154200586628,0.851188817424842,0.8773809671401978,0.941279947757721,0.0031147592805279,0.3029783008829811,140,110,2318.9681572000004,unknown,56488e26fdba,0.01,0.001 0.003 0.01 0.03,0.0716666666666667,30,300,1.0,,,False,,
a7_20260822T081428Z,2026-08-22T08:53:43+00:00,hyperplanes_n_features20_n_hyperplanes3_dim_hyperplanes5_seed33,5d05157a8a23e9156d9012fe5bfc8926359e808f10eae8c6681f7702f3b4462c,536dc33fc72f70f24b5e4a66498bcb9f9e3efe2f2c171de6faeab9c91f3265a1,A,L2,2.0,h2,35,35.0,15,2,0xedbc28bf50f4bc26,U0-2pi,pennylane,,,,0,val_full,600,val,0.8683333333333333,0.9161536663289954,0.8652333254672053,0.8773809671401978,0.941279947757721,0.0031147592805279,0.3029783008829811,140,110,2318.9681572000004,unknown,56488e26fdba,0.01,0.001 0.003 0.01 0.03,0.0716666666666667,30,300,1.0,,,False,,
a7_20260822T081428Z,2026-08-22T08:53:58+00:00,hyperplanes_n_features20_n_hyperplanes3_dim_hyperplanes5_seed33,5d05157a8a23e9156d9012fe5bfc8926359e808f10eae8c6681f7702f3b4462c,536dc33fc72f70f24b5e4a66498bcb9f9e3efe2f2c171de6faeab9c91f3265a1,A,L2,2.0,h2,35,35.0,15,8,0x3c7362638e9ada30,U0-2pi,pennylane,,,,0,test_full,1200,test,0.4658333333333333,0.5,0.3177942012507106,0.5066666603088379,0.0621931850910186,0.0263876951450305,0.01205915219046,31,1,517.1093166619999,unknown,56488e26fdba,0.01,0.001 0.003 0.01 0.03,0.0716666666666667,30,300,1.0,,,False,,
a7_20260822T081428Z,2026-08-22T08:53:58+00:00,hyperplanes_n_features20_n_hyperplanes3_dim_hyperplanes5_seed33,5d05157a8a23e9156d9012fe5bfc8926359e808f10eae8c6681f7702f3b4462c,536dc33fc72f70f24b5e4a66498bcb9f9e3efe2f2c171de6faeab9c91f3265a1,A,L2,2.0,h2,35,35.0,15,8,0x3c7362638e9ada30,U0-2pi,pennylane,,,,0,val_full,600,val,0.5216666666666666,0.5,0.3428258488499452,0.5066666603088379,0.0621931850910186,0.0263876951450305,0.01205915219046,31,1,517.1093166619999,unknown,56488e26fdba,0.01,0.001 0.003 0.01 0.03,0.0716666666666667,30,300,1.0,,,False,,
a7_20260822T081428Z,2026-08-22T08:53:58+00:00,hyperplanes_n_features20_n_hyperplanes3_dim_hyperplanes5_seed33,5d05157a8a23e9156d9012fe5bfc8926359e808f10eae8c6681f7702f3b4462c,536dc33fc72f70f24b5e4a66498bcb9f9e3efe2f2c171de6faeab9c91f3265a1,E,,,linear,0,,6,9,,,pennylane,,,,0,test_full,1200,test,0.7725,0.8190857866872815,0.7724644475699328,0.7869047522544861,0.0,0.0635104529068538,0.0720036607174893,32,2,0.6154282349998539,unknown,56488e26fdba,0.1,0.001 0.003 0.01 0.03 0.1,0.0716666666666667,30,300,1.0,,,True,0.7758333333333334,1e-06
a7_20260822T081428Z,2026-08-22T08:53:58+00:00,hyperplanes_n_features20_n_hyperplanes3_dim_hyperplanes5_seed33,5d05157a8a23e9156d9012fe5bfc8926359e808f10eae8c6681f7702f3b4462c,536dc33fc72f70f24b5e4a66498bcb9f9e3efe2f2c171de6faeab9c91f3265a1,E,,,linear,0,,6,9,,,pennylane,,,,0,val_full,600,val,0.7733333333333333,0.8129042312787347,0.7707246898039921,0.7869047522544861,0.0,0.0635104529068538,0.0720036607174893,32,2,0.6154282349998539,unknown,56488e26fdba,0.1,0.001 0.003 0.01 0.03 0.1,0.0716666666666667,30,300,1.0,,,True,0.76,1e-06
a7_20260822T081428Z,2026-08-22T08:54:00+00:00,hyperplanes_n_features20_n_hyperplanes3_dim_hyperplanes5_seed33,5d05157a8a23e9156d9012fe5bfc8926359e808f10eae8c6681f7702f3b4462c,536dc33fc72f70f24b5e4a66498bcb9f9e3efe2f2c171de6faeab9c91f3265a1,E,,,h2,0,,15,9,,,pennylane,,,,0,test_full,1200,test,0.4658333333333333,0.5,0.3177942012507106,0.5066666603088379,0.0,0.0578795456676868,0.0110709572445915,49,19,1.2619395149995398,unknown,56488e26fdba,0.03,0.001 0.003 0.01 0.03 0.1,0.0716666666666667,30,300,1.0,,,True,0.7758333333333334,1e-06
a7_20260822T081428Z,2026-08-22T08:54:00+00:00,hyperplanes_n_features20_n_hyperplanes3_dim_hyperplanes5_seed33,5d05157a8a23e9156d9012fe5bfc8926359e808f10eae8c6681f7702f3b4462c,536dc33fc72f70f24b5e4a66498bcb9f9e3efe2f2c171de6faeab9c91f3265a1,E,,,h2,0,,15,9,,,pennylane,,,,0,val_full,600,val,0.5216666666666666,0.5,0.3428258488499452,0.5066666603088379,0.0,0.0578795456676868,0.0110709572445915,49,19,1.2619395149995398,unknown,56488e26fdba,0.03,0.001 0.003 0.01 0.03 0.1,0.0716666666666667,30,300,1.0,,,True,0.76,1e-06
a7_20260822T081428Z,2026-08-22T08:54:01+00:00,hyperplanes_n_features20_n_hyperplanes3_dim_hyperplanes5_seed33,5d05157a8a23e9156d9012fe5bfc8926359e808f10eae8c6681f7702f3b4462c,536dc33fc72f70f24b5e4a66498bcb9f9e3efe2f2c171de6faeab9c91f3265a1,E,,,h4,0,,29,9,,,pennylane,,,,0,test_full,1200,test,0.7608333333333334,0.8350715423965795,0.7597922663432279,0.7807142734527588,0.0,0.061873887745844,0.0522955349508231,49,19,1.2704130829997666,unknown,56488e26fdba,0.01,0.001 0.003 0.01 0.03 0.1,0.0716666666666667,30,300,1.0,,,True,0.7758333333333334,1e-06
a7_20260822T081428Z,2026-08-22T08:54:01+00:00,hyperplanes_n_features20_n_hyperplanes3_dim_hyperplanes5_seed33,5d05157a8a23e9156d9012fe5bfc8926359e808f10eae8c6681f7702f3b4462c,536dc33fc72f70f24b5e4a66498bcb9f9e3efe2f2c171de6faeab9c91f3265a1,E,,,h4,0,,29,9,,,pennylane,,,,0,val_full,600,val,0.7816666666666666,0.8397769144282041,0.7780106249876437,0.7807142734527588,0.0,0.061873887745844,0.0522955349508231,49,19,1.2704130829997666,unknown,56488e26fdba,0.01,0.001 0.003 0.01 0.03 0.1,0.0716666666666667,30,300,1.0,,,True,0.76,1e-06
a7_20260822T081428Z,2026-08-22T08:54:06+00:00,hyperplanes_n_features20_n_hyperplanes3_dim_hyperplanes5_seed33,5d05157a8a23e9156d9012fe5bfc8926359e808f10eae8c6681f7702f3b4462c,536dc33fc72f70f24b5e4a66498bcb9f9e3efe2f2c171de6faeab9c91f3265a1,E,,,h42,0,,295,9,,,pennylane,,,,0,test_full,1200,test,0.955,0.9908266098085784,0.9548550344996712,0.9702380895614624,0.0,0.0139580644820249,0.0037949080767578,172,142,4.565231371000664,unknown,56488e26fdba,0.03,0.001 0.003 0.01 0.03 0.1,0.0716666666666667,30,300,1.0,,,True,0.7758333333333334,1e-06
a7_20260822T081428Z,2026-08-22T08:54:06+00:00,hyperplanes_n_features20_n_hyperplanes3_dim_hyperplanes5_seed33,5d05157a8a23e9156d9012fe5bfc8926359e808f10eae8c6681f7702f3b4462c,536dc33fc72f70f24b5e4a66498bcb9f9e3efe2f2c171de6faeab9c91f3265a1,E,,,h42,0,,295,9,,,pennylane,,,,0,val_full,600,val,0.9483333333333334,0.9885451570170656,0.9481141154711992,0.9702380895614624,0.0,0.0139580644820249,0.0037949080767578,172,142,4.565231371000664,unknown,56488e26fdba,0.03,0.001 0.003 0.01 0.03 0.1,0.0716666666666667,30,300,1.0,,,True,0.76,1e-06
a7_20260822T081428Z,2026-08-22T08:54:06+00:00,hyperplanes_n_features20_n_hyperplanes3_dim_hyperplanes5_seed33,5d05157a8a23e9156d9012fe5bfc8926359e808f10eae8c6681f7702f3b4462c,536dc33fc72f70f24b5e4a66498bcb9f9e3efe2f2c171de6faeab9c91f3265a1,D_matched,,2.0,linear,30,,6,9,0xa62498f8735d06b9,RFF-int-spectrum-U0-2pi,pennylane,,,,0,test_full,1200,test,0.7191666666666666,0.7801958589971506,0.7173954821013644,0.7340475916862488,0.0,0.1038548591033339,0.0780754428882773,34,4,0.6453053929999442,unknown,56488e26fdba,0.03,0.001 0.003 0.01 0.03,0.0716666666666667,30,300,1.0,,0xa62498f8735d06b9,True,0.7275,1e-06
a7_20260822T081428Z,2026-08-22T08:54:06+00:00,hyperplanes_n_features20_n_hyperplanes3_dim_hyperplanes5_seed33,5d05157a8a23e9156d9012fe5bfc8926359e808f10eae8c6681f7702f3b4462c,536dc33fc72f70f24b5e4a66498bcb9f9e3efe2f2c171de6faeab9c91f3265a1,D_matched,,2.0,linear,30,,6,9,0xa62498f8735d06b9,RFF-int-spectrum-U0-2pi,pennylane,,,,0,val_full,600,val,0.695,0.7564537854415514,0.6949923748093703,0.7340475916862488,0.0,0.1038548591033339,0.0780754428882773,34,4,0.6453053929999442,unknown,56488e26fdba,0.03,0.001 0.003 0.01 0.03,0.0716666666666667,30,300,1.0,,0xa62498f8735d06b9,True,0.6983333333333334,1e-06
a7_20260822T081428Z,2026-08-22T08:54:08+00:00,hyperplanes_n_features20_n_hyperplanes3_dim_hyperplanes5_seed33,5d05157a8a23e9156d9012fe5bfc8926359e808f10eae8c6681f7702f3b4462c,536dc33fc72f70f24b5e4a66498bcb9f9e3efe2f2c171de6faeab9c91f3265a1,D_matched,,2.0,h2,30,,15,9,0xa62498f8735d06b9,RFF-int-spectrum-U0-2pi,pennylane,,,,0,test_full,1200,test,0.7316666666666667,0.7934201088973791,0.7297902097902098,0.7535714507102966,0.0,0.0582291448086494,0.0904650174931869,49,19,1.2626386190004268,unknown,56488e26fdba,0.01,0.001 0.003 0.01 0.03,0.0716666666666667,30,300,1.0,,0xa62498f8735d06b9,True,0.7275,1e-06
a7_20260822T081428Z,2026-08-22T08:54:08+00:00,hyperplanes_n_features20_n_hyperplanes3_dim_hyperplanes5_seed33,5d05157a8a23e9156d9012fe5bfc8926359e808f10eae8c6681f7702f3b4462c,536dc33fc72f70f24b5e4a66498bcb9f9e3efe2f2c171de6faeab9c91f3265a1,D_matched,,2.0,h2,30,,15,9,0xa62498f8735d06b9,RFF-int-spectrum-U0-2pi,pennylane,,,,0,val_full,600,val,0.7183333333333334,0.7709810644432323,0.7182949901514373,0.7535714507102966,0.0,0.0582291448086494,0.0904650174931869,49,19,1.2626386190004268,unknown,56488e26fdba,0.01,0.001 0.003 0.01 0.03,0.0716666666666667,30,300,1.0,,0xa62498f8735d06b9,True,0.6983333333333334,1e-06
a7_20260822T081428Z,2026-08-22T08:54:09+00:00,hyperplanes_n_features20_n_hyperplanes3_dim_hyperplanes5_seed33,5d05157a8a23e9156d9012fe5bfc8926359e808f10eae8c6681f7702f3b4462c,536dc33fc72f70f24b5e4a66498bcb9f9e3efe2f2c171de6faeab9c91f3265a1,D_matched,,2.0,h2,30,,15,9,0xa62498f8735d06b9,RFF-int-spectrum-U0-2pi,pennylane,,,,0,test_full,1200,test,0.7341666666666666,0.7926651949798922,0.7326963107482198,0.7526190280914307,0.0,0.0582291448086494,0.1153683067292113,39,9,1.011910098000044,unknown,56488e26fdba,0.03,0.001 0.003 0.01 0.03,0.0716666666666667,30,300,1.0,,0xa62498f8735d06b9,True,0.7275,1e-06
a7_20260822T081428Z,2026-08-22T08:54:09+00:00,hyperplanes_n_features20_n_hyperplanes3_dim_hyperplanes5_seed33,5d05157a8a23e9156d9012fe5bfc8926359e808f10eae8c6681f7702f3b4462c,536dc33fc72f70f24b5e4a66498bcb9f9e3efe2f2c171de6faeab9c91f3265a1,D_matched,,2.0,h2,30,,15,9,0xa62498f8735d06b9,RFF-int-spectrum-U0-2pi,pennylane,,,,0,val_full,600,val,0.72,0.7725061504380449,0.7198474725128126,0.7526190280914307,0.0,0.0582291448086494,0.1153683067292113,39,9,1.011910098000044,unknown,56488e26fdba,0.03,0.001 0.003 0.01 0.03,0.0716666666666667,30,300,1.0,,0xa62498f8735d06b9,True,0.6983333333333334,1e-06
a7_20260822T081428Z,2026-08-22T08:54:11+00:00,hyperplanes_n_features20_n_hyperplanes3_dim_hyperplanes5_seed33,5d05157a8a23e9156d9012fe5bfc8926359e808f10eae8c6681f7702f3b4462c,536dc33fc72f70f24b5e4a66498bcb9f9e3efe2f2c171de6faeab9c91f3265a1,D_matched,,2.0,h4,30,,29,9,0xa62498f8735d06b9,RFF-int-spectrum-U0-2pi,pennylane,,,,0,test_full,1200,test,0.7625,0.8195127805112206,0.7624800417257284,0.7640476226806641,0.0,0.0793524846991071,0.0323813045477186,88,58,2.2718675650003206,unknown,56488e26fdba,0.01,0.001 0.003 0.01 0.03,0.0716666666666667,30,300,1.0,,0xa62498f8735d06b9,True,0.7275,1e-06
a7_20260822T081428Z,2026-08-22T08:54:11+00:00,hyperplanes_n_features20_n_hyperplanes3_dim_hyperplanes5_seed33,5d05157a8a23e9156d9012fe5bfc8926359e808f10eae8c6681f7702f3b4462c,536dc33fc72f70f24b5e4a66498bcb9f9e3efe2f2c171de6faeab9c91f3265a1,D_matched,,2.0,h4,30,,29,9,0xa62498f8735d06b9,RFF-int-spectrum-U0-2pi,pennylane,,,,0,val_full,600,val,0.7416666666666667,0.7885585154345383,0.7402053216006704,0.7640476226806641,0.0,0.0793524846991071,0.0323813045477186,88,58,2.2718675650003206,unknown,56488e26fdba,0.01,0.001 0.003 0.01 0.03,0.0716666666666667,30,300,1.0,,0xa62498f8735d06b9,True,0.6983333333333334,1e-06
a7_20260822T081428Z,2026-08-22T08:54:13+00:00,hyperplanes_n_features20_n_hyperplanes3_dim_hyperplanes5_seed33,5d05157a8a23e9156d9012fe5bfc8926359e808f10eae8c6681f7702f3b4462c,536dc33fc72f70f24b5e4a66498bcb9f9e3efe2f2c171de6faeab9c91f3265a1,D_matched,,2.0,h42,30,,295,9,0xa62498f8735d06b9,RFF-int-spectrum-U0-2pi,pennylane,,,,0,test_full,1200,test,0.76,0.8432151239537954,0.7599193062112544,0.7904762029647827,0.0,0.0142012002681712,0.0420191245765627,93,63,2.4580117280002014,unknown,56488e26fdba,0.01,0.001 0.003 0.01 0.03,0.0716666666666667,30,300,1.0,,0xa62498f8735d06b9,True,0.7275,1e-06
a7_20260822T081428Z,2026-08-22T08:54:13+00:00,hyperplanes_n_features20_n_hyperplanes3_dim_hyperplanes5_seed33,5d05157a8a23e9156d9012fe5bfc8926359e808f10eae8c6681f7702f3b4462c,536dc33fc72f70f24b5e4a66498bcb9f9e3efe2f2c171de6faeab9c91f3265a1,D_matched,,2.0,h42,30,,295,9,0xa62498f8735d06b9,RFF-int-spectrum-U0-2pi,pennylane,,,,0,val_full,600,val,0.7583333333333333,0.8097872672017455,0.7550944575342234,0.7904762029647827,0.0,0.0142012002681712,0.0420191245765627,93,63,2.4580117280002014,unknown,56488e26fdba,0.01,0.001 0.003 0.01 0.03,0.0716666666666667,30,300,1.0,,0xa62498f8735d06b9,True,0.6983333333333334,1e-06
a7_20260822T081428Z,2026-08-22T08:54:15+00:00,hyperplanes_n_features20_n_hyperplanes3_dim_hyperplanes5_seed33,5d05157a8a23e9156d9012fe5bfc8926359e808f10eae8c6681f7702f3b4462c,536dc33fc72f70f24b5e4a66498bcb9f9e3efe2f2c171de6faeab9c91f3265a1,D_best,,2.0,linear,192,,33,9,0x82d30d660e805c92,RFF-int-spectrum-U0-2pi,pennylane,,,,0,test_full,1200,test,0.8191666666666667,0.8734702876487154,0.8190609932606474,0.8478571176528931,0.0,0.0719718691673545,0.0271551900185228,113,83,2.190207495999857,unknown,56488e26fdba,0.03,0.001 0.003 0.01 0.03,0.0716666666666667,30,300,1.0,32.0,0x82d30d660e805c92,True,0.8041666666666667,1.0
a7_20260822T081428Z,2026-08-22T08:54:15+00:00,hyperplanes_n_features20_n_hyperplanes3_dim_hyperplanes5_seed33,5d05157a8a23e9156d9012fe5bfc8926359e808f10eae8c6681f7702f3b4462c,536dc33fc72f70f24b5e4a66498bcb9f9e3efe2f2c171de6faeab9c91f3265a1,D_best,,2.0,linear,192,,33,9,0x82d30d660e805c92,RFF-int-spectrum-U0-2pi,pennylane,,,,0,val_full,600,val,0.8383333333333334,0.8633433892531532,0.835179306223822,0.8478571176528931,0.0,0.0719718691673545,0.0271551900185228,113,83,2.190207495999857,unknown,56488e26fdba,0.03,0.001 0.003 0.01 0.03,0.0716666666666667,30,300,1.0,32.0,0x82d30d660e805c92,True,0.8216666666666667,1.0
a7_20260822T081428Z,2026-08-22T08:54:17+00:00,hyperplanes_n_features20_n_hyperplanes3_dim_hyperplanes5_seed33,5d05157a8a23e9156d9012fe5bfc8926359e808f10eae8c6681f7702f3b4462c,536dc33fc72f70f24b5e4a66498bcb9f9e3efe2f2c171de6faeab9c91f3265a1,D_best,,2.0,linear,768,,129,9,0x709aa72cd73e2b60,RFF-int-spectrum-U0-2pi,pennylane,,,,0,test_full,1200,test,0.8216666666666667,0.8749438349627008,0.8210223471162853,0.8547618985176086,0.0,0.0492427623970331,0.0258838492060181,52,22,1.0487140200002614,unknown,56488e26fdba,0.01,0.001 0.003 0.01 0.03,0.0716666666666667,30,300,1.0,128.0,0x709aa72cd73e2b60,True,0.8241666666666667,1e-06
a7_20260822T081428Z,2026-08-22T08:54:17+00:00,hyperplanes_n_features20_n_hyperplanes3_dim_hyperplanes5_seed33,5d05157a8a23e9156d9012fe5bfc8926359e808f10eae8c6681f7702f3b4462c,536dc33fc72f70f24b5e4a66498bcb9f9e3efe2f2c171de6faeab9c91f3265a1,D_best,,2.0,linear,768,,129,9,0x709aa72cd73e2b60,RFF-int-spectrum-U0-2pi,pennylane,,,,0,val_full,600,val,0.8366666666666667,0.8611837784283821,0.8325568680160836,0.8547618985176086,0.0,0.0492427623970331,0.0258838492060181,52,22,1.0487140200002614,unknown,56488e26fdba,0.01,0.001 0.003 0.01 0.03,0.0716666666666667,30,300,1.0,128.0,0x709aa72cd73e2b60,True,0.825,1e-06
a7_20260822T081428Z,2026-08-22T08:54:19+00:00,hyperplanes_n_features20_n_hyperplanes3_dim_hyperplanes5_seed33,5d05157a8a23e9156d9012fe5bfc8926359e808f10eae8c6681f7702f3b4462c,536dc33fc72f70f24b5e4a66498bcb9f9e3efe2f2c171de6faeab9c91f3265a1,D_best,,2.0,linear,3072,,513,9,0xf6b1cc10b76179ab,RFF-int-spectrum-U0-2pi,pennylane,,,,0,test_full,1200,test,0.8233333333333334,0.8867238410466651,0.8232370957521318,0.8550000190734863,0.0,0.0763736984569804,0.0568728840383435,108,78,2.55542128199977,unknown,56488e26fdba,0.001,0.001 0.003 0.01 0.03,0.0716666666666667,30,300,1.0,512.0,0xf6b1cc10b76179ab,True,0.8266666666666667,0.01
a7_20260822T081428Z,2026-08-22T08:54:19+00:00,hyperplanes_n_features20_n_hyperplanes3_dim_hyperplanes5_seed33,5d05157a8a23e9156d9012fe5bfc8926359e808f10eae8c6681f7702f3b4462c,536dc33fc72f70f24b5e4a66498bcb9f9e3efe2f2c171de6faeab9c91f3265a1,D_best,,2.0,linear,3072,,513,9,0xf6b1cc10b76179ab,RFF-int-spectrum-U0-2pi,pennylane,,,,0,val_full,600,val,0.8466666666666667,0.8744642717992674,0.8441664031799088,0.8550000190734863,0.0,0.0763736984569804,0.0568728840383435,108,78,2.55542128199977,unknown,56488e26fdba,0.001,0.001 0.003 0.01 0.03,0.0716666666666667,30,300,1.0,512.0,0xf6b1cc10b76179ab,True,0.8383333333333334,0.01
a7_20260822T081428Z,2026-08-22T08:55:24+00:00,hyperplanes_n_features20_n_hyperplanes3_dim_hyperplanes5_seed33,5d05157a8a23e9156d9012fe5bfc8926359e808f10eae8c6681f7702f3b4462c,536dc33fc72f70f24b5e4a66498bcb9f9e3efe2f2c171de6faeab9c91f3265a1,F,product,2.0,h2,35,20.0,15,6,0x5a38e794abf67abb,U0-2pi,pennylane,,,,0,test_full,1200,test,0.4658333333333333,0.5,0.3177942012507106,0.5066666603088379,0.1208608373999595,0.0199198848359064,0.0066353570154049,92,62,1352.0073818240005,unknown,56488e26fdba,0.01,0.001 0.003 0.01 0.03,0.0716666666666667,30,300,1.0,,,False,,
a7_20260822T081428Z,2026-08-22T08:55:24+00:00,hyperplanes_n_features20_n_hyperplanes3_dim_hyperplanes5_seed33,5d05157a8a23e9156d9012fe5bfc8926359e808f10eae8c6681f7702f3b4462c,536dc33fc72f70f24b5e4a66498bcb9f9e3efe2f2c171de6faeab9c91f3265a1,F,product,2.0,h2,35,20.0,15,6,0x5a38e794abf67abb,U0-2pi,pennylane,,,,0,val_full,600,val,0.5216666666666666,0.5,0.3428258488499452,0.5066666603088379,0.1208608373999595,0.0199198848359064,0.0066353570154049,92,62,1352.0073818240005,unknown,56488e26fdba,0.01,0.001 0.003 0.01 0.03,0.0716666666666667,30,300,1.0,,,False,,
a7_20260822T081428Z,2026-08-22T08:55:37+00:00,hyperplanes_n_features20_n_hyperplanes3_dim_hyperplanes5_seed33,5d05157a8a23e9156d9012fe5bfc8926359e808f10eae8c6681f7702f3b4462c,536dc33fc72f70f24b5e4a66498bcb9f9e3efe2f2c171de6faeab9c91f3265a1,A,L2,2.0,linear,35,35.0,6,7,0x93234eaab96b5658,U0-2pi,pennylane,,,,0,test_full,1200,test,0.8191666666666667,0.849826551201583,0.8183795184546356,0.848809540271759,0.7880131006240845,0.01249710180499,0.1119453261579652,65,35,1090.324394325,unknown,56488e26fdba,0.03,0.001 0.003 0.01 0.03,0.0716666666666667,30,300,1.0,,,False,,
a7_20260822T081428Z,2026-08-22T08:55:37+00:00,hyperplanes_n_features20_n_hyperplanes3_dim_hyperplanes5_seed33,5d05157a8a23e9156d9012fe5bfc8926359e808f10eae8c6681f7702f3b4462c,536dc33fc72f70f24b5e4a66498bcb9f9e3efe2f2c171de6faeab9c91f3265a1,A,L2,2.0,linear,35,35.0,6,7,0x93234eaab96b5658,U0-2pi,pennylane,,,,0,val_full,600,val,0.8333333333333334,0.843372555131302,0.828373322349226,0.848809540271759,0.7880131006240845,0.01249710180499,0.1119453261579652,65,35,1090.324394325,unknown,56488e26fdba,0.03,0.001 0.003 0.01 0.03,0.0716666666666667,30,300,1.0,,,False,,
a7_20260822T081428Z,2026-08-22T08:56:03+00:00,hyperplanes_n_features20_n_hyperplanes3_dim_hyperplanes5_seed33,5d05157a8a23e9156d9012fe5bfc8926359e808f10eae8c6681f7702f3b4462c,536dc33fc72f70f24b5e4a66498bcb9f9e3efe2f2c171de6faeab9c91f3265a1,A,L2,2.0,h2,35,35.0,15,6,0xfed8b00a5c8d996d,U0-2pi,pennylane,,,,0,test_full,1200,test,0.4658333333333333,0.5,0.3177942012507106,0.5066666603088379,0.1036179289221763,0.0158414904345411,0.0066353570154049,92,62,1514.8496217529996,unknown,56488e26fdba,0.01,0.001 0.003 0.01 0.03,0.0716666666666667,30,300,1.0,,,False,,
a7_20260822T081428Z,2026-08-22T08:56:03+00:00,hyperplanes_n_features20_n_hyperplanes3_dim_hyperplanes5_seed33,5d05157a8a23e9156d9012fe5bfc8926359e808f10eae8c6681f7702f3b4462c,536dc33fc72f70f24b5e4a66498bcb9f9e3efe2f2c171de6faeab9c91f3265a1,A,L2,2.0,h2,35,35.0,15,6,0xfed8b00a5c8d996d,U0-2pi,pennylane,,,,0,val_full,600,val,0.5216666666666666,0.5,0.3428258488499452,0.5066666603088379,0.1036179289221763,0.0158414904345411,0.0066353570154049,92,62,1514.8496217529996,unknown,56488e26fdba,0.01,0.001 0.003 0.01 0.03,0.0716666666666667,30,300,1.0,,,False,,
a7_20260822T081428Z,2026-08-22T08:56:40+00:00,hyperplanes_n_features20_n_hyperplanes3_dim_hyperplanes5_seed33,5d05157a8a23e9156d9012fe5bfc8926359e808f10eae8c6681f7702f3b4462c,536dc33fc72f70f24b5e4a66498bcb9f9e3efe2f2c171de6faeab9c91f3265a1,F,product,2.0,linear,35,20.0,6,6,0x5a38e794abf67abb,U0-2pi,pennylane,,,,0,test_full,1200,test,0.7916666666666666,0.8338603311574322,0.7902097902097902,0.8107143044471741,0.8942995667457581,0.0293927297387087,0.2187746452361408,97,67,1428.9550787520002,unknown,56488e26fdba,0.03,0.001 0.003 0.01 0.03,0.0716666666666667,30,300,1.0,,,False,,
a7_20260822T081428Z,2026-08-22T08:56:40+00:00,hyperplanes_n_features20_n_hyperplanes3_dim_hyperplanes5_seed33,5d05157a8a23e9156d9012fe5bfc8926359e808f10eae8c6681f7702f3b4462c,536dc33fc72f70f24b5e4a66498bcb9f9e3efe2f2c171de6faeab9c91f3265a1,F,product,2.0,linear,35,20.0,6,6,0x5a38e794abf67abb,U0-2pi,pennylane,,,,0,val_full,600,val,0.7983333333333333,0.8312052632164841,0.7909172856110198,0.8107143044471741,0.8942995667457581,0.0293927297387087,0.2187746452361408,97,67,1428.9550787520002,unknown,56488e26fdba,0.03,0.001 0.003 0.01 0.03,0.0716666666666667,30,300,1.0,,,False,,
a7_20260822T081428Z,2026-08-22T08:57:02+00:00,hyperplanes_n_features20_n_hyperplanes3_dim_hyperplanes5_seed33,5d05157a8a23e9156d9012fe5bfc8926359e808f10eae8c6681f7702f3b4462c,536dc33fc72f70f24b5e4a66498bcb9f9e3efe2f2c171de6faeab9c91f3265a1,A,L2,2.0,h42,35,35.0,295,5,0xf9ea9d8280d97e94,U0-2pi,pennylane,,,,0,test_full,1200,test,0.9241666666666668,0.980874583820562,0.9241337386018236,0.9364285469055176,0.654381275177002,0.0085525708725134,0.1730037657088797,151,121,2488.4093216549995,unknown,56488e26fdba,0.01,0.001 0.003 0.01 0.03,0.0716666666666667,30,300,1.0,,,False,,
a7_20260822T081428Z,2026-08-22T08:57:02+00:00,hyperplanes_n_features20_n_hyperplanes3_dim_hyperplanes5_seed33,5d05157a8a23e9156d9012fe5bfc8926359e808f10eae8c6681f7702f3b4462c,536dc33fc72f70f24b5e4a66498bcb9f9e3efe2f2c171de6faeab9c91f3265a1,A,L2,2.0,h42,35,35.0,295,5,0xf9ea9d8280d97e94,U0-2pi,pennylane,,,,0,val_full,600,val,0.94,0.9814874597855974,0.9395804195804196,0.9364285469055176,0.654381275177002,0.0085525708725134,0.1730037657088797,151,121,2488.4093216549995,unknown,56488e26fdba,0.01,0.001 0.003 0.01 0.03,0.0716666666666667,30,300,1.0,,,False,,
a7_20260822T081428Z,2026-08-22T08:57:02+00:00,hyperplanes_n_features20_n_hyperplanes3_dim_hyperplanes5_seed33,5d05157a8a23e9156d9012fe5bfc8926359e808f10eae8c6681f7702f3b4462c,536dc33fc72f70f24b5e4a66498bcb9f9e3efe2f2c171de6faeab9c91f3265a1,F,product,2.0,h4,35,20.0,29,6,0x5a38e794abf67abb,U0-2pi,pennylane,,,,0,test_full,1200,test,0.8416666666666667,0.927882696703217,0.8410622617676665,0.8690476417541504,0.6810457110404968,0.0191776971796024,0.3774483260891999,94,64,1392.4155881929996,unknown,56488e26fdba,0.01,0.001 0.003 0.01 0.03,0.0716666666666667,30,300,1.0,,,False,,
a7_20260822T081428Z,2026-08-22T08:57:02+00:00,hyperplanes_n_features20_n_hyperplanes3_dim_hyperplanes5_seed33,5d05157a8a23e9156d9012fe5bfc8926359e808f10eae8c6681f7702f3b4462c,536dc33fc72f70f24b5e4a66498bcb9f9e3efe2f2c171de6faeab9c91f3265a1,F,product,2.0,h4,35,20.0,29,6,0x5a38e794abf67abb,U0-2pi,pennylane,,,,0,val_full,600,val,0.8583333333333333,0.9206732642406296,0.8549978818318033,0.8690476417541504,0.6810457110404968,0.0191776971796024,0.3774483260891999,94,64,1392.4155881929996,unknown,56488e26fdba,0.01,0.001 0.003 0.01 0.03,0.0716666666666667,30,300,1.0,,,False,,
a7_20260822T081428Z,2026-08-22T08:56:56+00:00,hyperplanes_n_features20_n_hyperplanes3_dim_hyperplanes5_seed33,5d05157a8a23e9156d9012fe5bfc8926359e808f10eae8c6681f7702f3b4462c,536dc33fc72f70f24b5e4a66498bcb9f9e3efe2f2c171de6faeab9c91f3265a1,B,L1,2.0,linear,35,35.0,6,10,0x7a100d81f77e2599,U0-2pi,pennylane,,,,0,test_full,1200,test,0.7,0.7961788238971419,0.6966556283020299,0.7257142663002014,0.0,0.0694902559717434,0.0229552354940302,75,45,1.4223976590001255,unknown,56488e26fdba,0.03,0.001 0.003 0.01 0.03,0.0716666666666667,30,300,1.0,,,True,0.7366666666666667,1e-06
a7_20260822T081428Z,2026-08-22T08:56:56+00:00,hyperplanes_n_features20_n_hyperplanes3_dim_hyperplanes5_seed33,5d05157a8a23e9156d9012fe5bfc8926359e808f10eae8c6681f7702f3b4462c,536dc33fc72f70f24b5e4a66498bcb9f9e3efe2f2c171de6faeab9c91f3265a1,B,L1,2.0,linear,35,35.0,6,10,0x7a100d81f77e2599,U0-2pi,pennylane,,,,0,val_full,600,val,0.6933333333333334,0.7628992218721823,0.6791854099103811,0.7257142663002014,0.0,0.0694902559717434,0.0229552354940302,75,45,1.4223976590001255,unknown,56488e26fdba,0.03,0.001 0.003 0.01 0.03,0.0716666666666667,30,300,1.0,,,True,0.7,1e-06
a7_20260822T081428Z,2026-08-22T08:56:59+00:00,hyperplanes_n_features20_n_hyperplanes3_dim_hyperplanes5_seed33,5d05157a8a23e9156d9012fe5bfc8926359e808f10eae8c6681f7702f3b4462c,536dc33fc72f70f24b5e4a66498bcb9f9e3efe2f2c171de6faeab9c91f3265a1,B,L1,2.0,h2,35,35.0,15,10,0x7a100d81f77e2599,U0-2pi,pennylane,,,,0,test_full,1200,test,0.7308333333333333,0.8073448519336122,0.7304542846711521,0.7559523582458496,0.0,0.0031636947161487,0.3323511787224937,121,91,3.091488918000323,unknown,56488e26fdba,0.03,0.001 0.003 0.01 0.03,0.0716666666666667,30,300,1.0,,,True,0.7366666666666667,1e-06
a7_20260822T081428Z,2026-08-22T08:56:59+00:00,hyperplanes_n_features20_n_hyperplanes3_dim_hyperplanes5_seed33,5d05157a8a23e9156d9012fe5bfc8926359e808f10eae8c6681f7702f3b4462c,536dc33fc72f70f24b5e4a66498bcb9f9e3efe2f2c171de6faeab9c91f3265a1,B,L1,2.0,h2,35,35.0,15,10,0x7a100d81f77e2599,U0-2pi,pennylane,,,,0,val_full,600,val,0.7266666666666667,0.7815787423049949,0.7214642375932698,0.7559523582458496,0.0,0.0031636947161487,0.3323511787224937,121,91,3.091488918000323,unknown,56488e26fdba,0.03,0.001 0.003 0.01 0.03,0.0716666666666667,30,300,1.0,,,True,0.7,1e-06
a7_20260822T081428Z,2026-08-22T08:57:01+00:00,hyperplanes_n_features20_n_hyperplanes3_dim_hyperplanes5_seed33,5d05157a8a23e9156d9012fe5bfc8926359e808f10eae8c6681f7702f3b4462c,536dc33fc72f70f24b5e4a66498bcb9f9e3efe2f2c171de6faeab9c91f3265a1,B,L1,2.0,h4,35,35.0,29,10,0x7a100d81f77e2599,U0-2pi,pennylane,,,,0,test_full,1200,test,0.71,0.8000999109731832,0.7076318177235609,0.732619047164917,0.0,0.0464496313997601,0.3167500632269601,80,50,2.068401415000153,unknown,56488e26fdba,0.01,0.001 0.003 0.01 0.03,0.0716666666666667,30,300,1.0,,,True,0.7366666666666667,1e-06
a7_20260822T081428Z,2026-08-22T08:57:01+00:00,hyperplanes_n_features20_n_hyperplanes3_dim_hyperplanes5_seed33,5d05157a8a23e9156d9012fe5bfc8926359e808f10eae8c6681f7702f3b4462c,536dc33fc72f70f24b5e4a66498bcb9f9e3efe2f2c171de6faeab9c91f3265a1,B,L1,2.0,h4,35,35.0,29,10,0x7a100d81f77e2599,U0-2pi,pennylane,,,,0,val_full,600,val,0.7066666666666667,0.7692333381572063,0.6948647117974087,0.732619047164917,0.0,0.0464496313997601,0.3167500632269601,80,50,2.068401415000153,unknown,56488e26fdba,0.01,0.001 0.003 0.01 0.03,0.0716666666666667,30,300,1.0,,,True,0.7,1e-06
a7_20260822T081428Z,2026-08-22T08:57:04+00:00,hyperplanes_n_features20_n_hyperplanes3_dim_hyperplanes5_seed33,5d05157a8a23e9156d9012fe5bfc8926359e808f10eae8c6681f7702f3b4462c,536dc33fc72f70f24b5e4a66498bcb9f9e3efe2f2c171de6faeab9c91f3265a1,B,L1,2.0,h42,35,35.0,295,10,0x7a100d81f77e2599,U0-2pi,pennylane,,,,0,test_full,1200,test,0.7441666666666666,0.8277959025337759,0.7432163889839551,0.7680952548980713,0.0,0.003096826061059,0.0690807629296626,125,95,3.304194481000195,unknown,56488e26fdba,0.01,0.001 0.003 0.01 0.03,0.0716666666666667,30,300,1.0,,,True,0.7366666666666667,1e-06
a7_20260822T081428Z,2026-08-22T08:57:04+00:00,hyperplanes_n_features20_n_hyperplanes3_dim_hyperplanes5_seed33,5d05157a8a23e9156d9012fe5bfc8926359e808f10eae8c6681f7702f3b4462c,536dc33fc72f70f24b5e4a66498bcb9f9e3efe2f2c171de6faeab9c91f3265a1,B,L1,2.0,h42,35,35.0,295,10,0x7a100d81f77e2599,U0-2pi,pennylane,,,,0,val_full,600,val,0.75,0.7987999688303592,0.7442455242966752,0.7680952548980713,0.0,0.003096826061059,0.0690807629296626,125,95,3.304194481000195,unknown,56488e26fdba,0.01,0.001 0.003 0.01 0.03,0.0716666666666667,30,300,1.0,,,True,0.7,1e-06
a7_20260822T081428Z,2026-08-22T08:57:18+00:00,hyperplanes_n_features20_n_hyperplanes3_dim_hyperplanes5_seed33,5d05157a8a23e9156d9012fe5bfc8926359e808f10eae8c6681f7702f3b4462c,536dc33fc72f70f24b5e4a66498bcb9f9e3efe2f2c171de6faeab9c91f3265a1,F,product,2.0,h42,35,20.0,295,1,0x27078a7f911995bb,U0-2pi,pennylane,,,,0,test_full,1200,test,0.9466666666666668,0.9909689410832248,0.9465502650216028,0.9676190614700316,0.8438124060630798,0.0119584088395022,0.1876997115442427,170,140,2533.83122561,unknown,56488e26fdba,0.01,0.001 0.003 0.01 0.03,0.0716666666666667,30,300,1.0,,,False,,
a7_20260822T081428Z,2026-08-22T08:57:18+00:00,hyperplanes_n_features20_n_hyperplanes3_dim_hyperplanes5_seed33,5d05157a8a23e9156d9012fe5bfc8926359e808f10eae8c6681f7702f3b4462c,536dc33fc72f70f24b5e4a66498bcb9f9e3efe2f2c171de6faeab9c91f3265a1,F,product,2.0,h42,35,20.0,295,1,0x27078a7f911995bb,U0-2pi,pennylane,,,,0,val_full,600,val,0.9533333333333334,0.9902817512885308,0.9530574152518694,0.9676190614700316,0.8438124060630798,0.0119584088395022,0.1876997115442427,170,140,2533.83122561,unknown,56488e26fdba,0.01,0.001 0.003 0.01 0.03,0.0716666666666667,30,300,1.0,,,False,,
a7_20260822T081428Z,2026-08-22T08:57:21+00:00,hyperplanes_n_features20_n_hyperplanes3_dim_hyperplanes5_seed33,5d05157a8a23e9156d9012fe5bfc8926359e808f10eae8c6681f7702f3b4462c,536dc33fc72f70f24b5e4a66498bcb9f9e3efe2f2c171de6faeab9c91f3265a1,A,L1,2.0,h42,35,35.0,295,4,0xc975238400fc39ed,U0-2pi,pennylane,,,,0,test_full,1200,test,0.9375,0.9876060158685416,0.9373380798577436,0.9547619223594666,1.0153048038482666,0.0096981297444578,0.1007635708251821,152,122,2536.82572988,unknown,56488e26fdba,0.01,0.001 0.003 0.01 0.03,0.0716666666666667,30,300,1.0,,,False,,
a7_20260822T081428Z,2026-08-22T08:57:21+00:00,hyperplanes_n_features20_n_hyperplanes3_dim_hyperplanes5_seed33,5d05157a8a23e9156d9012fe5bfc8926359e808f10eae8c6681f7702f3b4462c,536dc33fc72f70f24b5e4a66498bcb9f9e3efe2f2c171de6faeab9c91f3265a1,A,L1,2.0,h42,35,35.0,295,4,0xc975238400fc39ed,U0-2pi,pennylane,,,,0,val_full,600,val,0.9433333333333334,0.9890238336431744,0.9430803571428572,0.9547619223594666,1.0153048038482666,0.0096981297444578,0.1007635708251821,152,122,2536.82572988,unknown,56488e26fdba,0.01,0.001 0.003 0.01 0.03,0.0716666666666667,30,300,1.0,,,False,,
a7_20260822T081428Z,2026-08-22T08:57:22+00:00,hyperplanes_n_features20_n_hyperplanes3_dim_hyperplanes5_seed33,5d05157a8a23e9156d9012fe5bfc8926359e808f10eae8c6681f7702f3b4462c,536dc33fc72f70f24b5e4a66498bcb9f9e3efe2f2c171de6faeab9c91f3265a1,F,product,2.0,h2,35,20.0,15,1,0x27078a7f911995bb,U0-2pi,pennylane,,,,0,test_full,1200,test,0.8083333333333333,0.8444151719557154,0.8074341578314295,0.8233333230018616,0.8422892689704895,0.0230420430318857,0.1428280501116354,171,141,2537.842957389,unknown,56488e26fdba,0.01,0.001 0.003 0.01 0.03,0.0716666666666667,30,300,1.0,,,False,,
a7_20260822T081428Z,2026-08-22T08:57:22+00:00,hyperplanes_n_features20_n_hyperplanes3_dim_hyperplanes5_seed33,5d05157a8a23e9156d9012fe5bfc8926359e808f10eae8c6681f7702f3b4462c,536dc33fc72f70f24b5e4a66498bcb9f9e3efe2f2c171de6faeab9c91f3265a1,F,product,2.0,h2,35,20.0,15,1,0x27078a7f911995bb,U0-2pi,pennylane,,,,0,val_full,600,val,0.8183333333333334,0.8336042123543098,0.8123660526006238,0.8233333230018616,0.8422892689704895,0.0230420430318857,0.1428280501116354,171,141,2537.842957389,unknown,56488e26fdba,0.01,0.001 0.003 0.01 0.03,0.0716666666666667,30,300,1.0,,,False,,
a7_20260822T081428Z,2026-08-22T08:57:26+00:00,hyperplanes_n_features20_n_hyperplanes3_dim_hyperplanes5_seed33,5d05157a8a23e9156d9012fe5bfc8926359e808f10eae8c6681f7702f3b4462c,536dc33fc72f70f24b5e4a66498bcb9f9e3efe2f2c171de6faeab9c91f3265a1,A,L2,2.0,h2,35,35.0,15,7,0x93234eaab96b5658,U0-2pi,pennylane,,,,0,test_full,1200,test,0.4658333333333333,0.5,0.3177942012507106,0.5066666603088379,0.0508214645087718,0.0296428181043538,0.0015841564647664,68,38,1132.606237783,unknown,56488e26fdba,0.01,0.001 0.003 0.01 0.03,0.0716666666666667,30,300,1.0,,,False,,
a7_20260822T081428Z,2026-08-22T08:57:26+00:00,hyperplanes_n_features20_n_hyperplanes3_dim_hyperplanes5_seed33,5d05157a8a23e9156d9012fe5bfc8926359e808f10eae8c6681f7702f3b4462c,536dc33fc72f70f24b5e4a66498bcb9f9e3efe2f2c171de6faeab9c91f3265a1,A,L2,2.0,h2,35,35.0,15,7,0x93234eaab96b5658,U0-2pi,pennylane,,,,0,val_full,600,val,0.5216666666666666,0.5,0.3428258488499452,0.5066666603088379,0.0508214645087718,0.0296428181043538,0.0015841564647664,68,38,1132.606237783,unknown,56488e26fdba,0.01,0.001 0.003 0.01 0.03,0.0716666666666667,30,300,1.0,,,False,,
a7_20260822T081428Z,2026-08-22T08:57:37+00:00,hyperplanes_n_features20_n_hyperplanes3_dim_hyperplanes5_seed33,5d05157a8a23e9156d9012fe5bfc8926359e808f10eae8c6681f7702f3b4462c,536dc33fc72f70f24b5e4a66498bcb9f9e3efe2f2c171de6faeab9c91f3265a1,B,L2,2.0,linear,35,35.0,6,10,0xca03f308d3264644,U0-2pi,pennylane,,,,0,test_full,1200,test,0.6733333333333333,0.7487462289189242,0.6731799094574953,0.7121428847312927,0.0,0.0093600423374913,0.0118914473091233,98,68,1.8422205799997755,unknown,56488e26fdba,0.03,0.001 0.003 0.01 0.03,0.0716666666666667,30,300,1.0,,,True,0.6683333333333333,1e-06
a7_20260822T081428Z,2026-08-22T08:57:37+00:00,hyperplanes_n_features20_n_hyperplanes3_dim_hyperplanes5_seed33,5d05157a8a23e9156d9012fe5bfc8926359e808f10eae8c6681f7702f3b4462c,536dc33fc72f70f24b5e4a66498bcb9f9e3efe2f2c171de6faeab9c91f3265a1,B,L2,2.0,linear,35,35.0,6,10,0xca03f308d3264644,U0-2pi,pennylane,,,,0,val_full,600,val,0.7016666666666667,0.7464238403223831,0.699663589663282,0.7121428847312927,0.0,0.0093600423374913,0.0118914473091233,98,68,1.8422205799997755,unknown,56488e26fdba,0.03,0.001 0.003 0.01 0.03,0.0716666666666667,30,300,1.0,,,True,0.7,1e-06
a7_20260822T081428Z,2026-08-22T08:57:39+00:00,hyperplanes_n_features20_n_hyperplanes3_dim_hyperplanes5_seed33,5d05157a8a23e9156d9012fe5bfc8926359e808f10eae8c6681f7702f3b4462c,536dc33fc72f70f24b5e4a66498bcb9f9e3efe2f2c171de6faeab9c91f3265a1,B,L2,2.0,h2,35,35.0,15,10,0xca03f308d3264644,U0-2pi,pennylane,,,,0,test_full,1200,test,0.6825,0.7496225430412565,0.6824821396203536,0.7142857313156128,0.0,0.0066221172787571,0.1201460326523024,74,44,1.9148636950003493,unknown,56488e26fdba,0.01,0.001 0.003 0.01 0.03,0.0716666666666667,30,300,1.0,,,True,0.6683333333333333,1e-06
a7_20260822T081428Z,2026-08-22T08:57:39+00:00,hyperplanes_n_features20_n_hyperplanes3_dim_hyperplanes5_seed33,5d05157a8a23e9156d9012fe5bfc8926359e808f10eae8c6681f7702f3b4462c,536dc33fc72f70f24b5e4a66498bcb9f9e3efe2f2c171de6faeab9c91f3265a1,B,L2,2.0,h2,35,35.0,15,10,0xca03f308d3264644,U0-2pi,pennylane,,,,0,val_full,600,val,0.7,0.7431621600561054,0.6987918205245485,0.7142857313156128,0.0,0.0066221172787571,0.1201460326523024,74,44,1.9148636950003493,unknown,56488e26fdba,0.01,0.001 0.003 0.01 0.03,0.0716666666666667,30,300,1.0,,,True,0.7,1e-06
a7_20260822T081428Z,2026-08-22T08:57:41+00:00,hyperplanes_n_features20_n_hyperplanes3_dim_hyperplanes5_seed33,5d05157a8a23e9156d9012fe5bfc8926359e808f10eae8c6681f7702f3b4462c,536dc33fc72f70f24b5e4a66498bcb9f9e3efe2f2c171de6faeab9c91f3265a1,B,L2,2.0,h4,35,35.0,29,10,0xca03f308d3264644,U0-2pi,pennylane,,,,0,test_full,1200,test,0.7316666666666667,0.8089802661873917,0.7315921089191442,0.7690476179122925,0.0,0.0319727968261024,0.0415871209355991,68,38,1.7409195430000182,unknown,56488e26fdba,0.01,0.001 0.003 0.01 0.03,0.0716666666666667,30,300,1.0,,,True,0.6683333333333333,1e-06
a7_20260822T081428Z,2026-08-22T08:57:41+00:00,hyperplanes_n_features20_n_hyperplanes3_dim_hyperplanes5_seed33,5d05157a8a23e9156d9012fe5bfc8926359e808f10eae8c6681f7702f3b4462c,536dc33fc72f70f24b5e4a66498bcb9f9e3efe2f2c171de6faeab9c91f3265a1,B,L2,2.0,h4,35,35.0,29,10,0xca03f308d3264644,U0-2pi,pennylane,,,,0,val_full,600,val,0.755,0.8003027907960504,0.7524412047861367,0.7690476179122925,0.0,0.0319727968261024,0.0415871209355991,68,38,1.7409195430000182,unknown,56488e26fdba,0.01,0.001 0.003 0.01 0.03,0.0716666666666667,30,300,1.0,,,True,0.7,1e-06
a7_20260822T081428Z,2026-08-22T08:57:44+00:00,hyperplanes_n_features20_n_hyperplanes3_dim_hyperplanes5_seed33,5d05157a8a23e9156d9012fe5bfc8926359e808f10eae8c6681f7702f3b4462c,536dc33fc72f70f24b5e4a66498bcb9f9e3efe2f2c171de6faeab9c91f3265a1,B,L2,2.0,h42,35,35.0,295,10,0xca03f308d3264644,U0-2pi,pennylane,,,,0,test_full,1200,test,0.775,0.8381498050619699,0.7747240369452579,0.7890475988388062,0.0,0.0027765256047286,0.0216202007383529,116,86,3.087051622999752,unknown,56488e26fdba,0.01,0.001 0.003 0.01 0.03,0.0716666666666667,30,300,1.0,,,True,0.6683333333333333,1e-06
a7_20260822T081428Z,2026-08-22T08:57:44+00:00,hyperplanes_n_features20_n_hyperplanes3_dim_hyperplanes5_seed33,5d05157a8a23e9156d9012fe5bfc8926359e808f10eae8c6681f7702f3b4462c,536dc33fc72f70f24b5e4a66498bcb9f9e3efe2f2c171de6faeab9c91f3265a1,B,L2,2.0,h42,35,35.0,295,10,0xca03f308d3264644,U0-2pi,pennylane,,,,0,val_full,600,val,0.7816666666666666,0.8217987109127141,0.7803186776637758,0.7890475988388062,0.0,0.0027765256047286,0.0216202007383529,116,86,3.087051622999752,unknown,56488e26fdba,0.01,0.001 0.003 0.01 0.03,0.0716666666666667,30,300,1.0,,,True,0.7,1e-06
a7_20260822T081428Z,2026-08-22T08:57:56+00:00,hyperplanes_n_features20_n_hyperplanes3_dim_hyperplanes5_seed33,5d05157a8a23e9156d9012fe5bfc8926359e808f10eae8c6681f7702f3b4462c,536dc33fc72f70f24b5e4a66498bcb9f9e3efe2f2c171de6faeab9c91f3265a1,A,L2,2.0,h2,35,35.0,15,1,0x9aed96d53998f1c9,U0-2pi,pennylane,,,,0,test_full,1200,test,0.8491666666666666,0.9132756007914736,0.8489349286509653,0.8752381205558777,0.9189659357070924,0.0134107369976685,0.098683339493165,158,128,2572.050440407,unknown,56488e26fdba,0.01,0.001 0.003 0.01 0.03,0.0716666666666667,30,300,1.0,,,False,,
a7_20260822T081428Z,2026-08-22T08:57:56+00:00,hyperplanes_n_features20_n_hyperplanes3_dim_hyperplanes5_seed33,5d05157a8a23e9156d9012fe5bfc8926359e808f10eae8c6681f7702f3b4462c,536dc33fc72f70f24b5e4a66498bcb9f9e3efe2f2c171de6faeab9c91f3265a1,A,L2,2.0,h2,35,35.0,15,1,0x9aed96d53998f1c9,U0-2pi,pennylane,,,,0,val_full,600,val,0.8683333333333333,0.9142723558682416,0.8656367372971441,0.8752381205558777,0.9189659357070924,0.0134107369976685,0.098683339493165,158,128,2572.050440407,unknown,56488e26fdba,0.01,0.001 0.003 0.01 0.03,0.0716666666666667,30,300,1.0,,,False,,
a7_20260822T081428Z,2026-08-22T08:58:19+00:00,hyperplanes_n_features20_n_hyperplanes3_dim_hyperplanes5_seed33,5d05157a8a23e9156d9012fe5bfc8926359e808f10eae8c6681f7702f3b4462c,536dc33fc72f70f24b5e4a66498bcb9f9e3efe2f2c171de6faeab9c91f3265a1,A,L2,2.0,h4,35,35.0,29,5,0xf9ea9d8280d97e94,U0-2pi,pennylane,,,,0,test_full,1200,test,0.8541666666666666,0.9186981432745682,0.8537375285124759,0.8792856931686401,0.7500864863395691,0.002697592715835,0.1979989940381281,157,127,2565.7570002830003,unknown,56488e26fdba,0.01,0.001 0.003 0.01 0.03,0.0716666666666667,30,300,1.0,,,False,,
a7_20260822T081428Z,2026-08-22T08:58:19+00:00,hyperplanes_n_features20_n_hyperplanes3_dim_hyperplanes5_seed33,5d05157a8a23e9156d9012fe5bfc8926359e808f10eae8c6681f7702f3b4462c,536dc33fc72f70f24b5e4a66498bcb9f9e3efe2f2c171de6faeab9c91f3265a1,A,L2,2.0,h4,35,35.0,29,5,0xf9ea9d8280d97e94,U0-2pi,pennylane,,,,0,val_full,600,val,0.8716666666666667,0.9270964366421393,0.8687794500666044,0.8792856931686401,0.7500864863395691,0.002697592715835,0.1979989940381281,157,127,2565.7570002830003,unknown,56488e26fdba,0.01,0.001 0.003 0.01 0.03,0.0716666666666667,30,300,1.0,,,False,,
a7_20260822T081428Z,2026-08-22T08:58:35+00:00,hyperplanes_n_features20_n_hyperplanes3_dim_hyperplanes5_seed33,5d05157a8a23e9156d9012fe5bfc8926359e808f10eae8c6681f7702f3b4462c,536dc33fc72f70f24b5e4a66498bcb9f9e3efe2f2c171de6faeab9c91f3265a1,F,product,2.0,h2,35,20.0,15,7,0x9bb488a3f99e440c,U0-2pi,pennylane,,,,0,test_full,1200,test,0.4658333333333333,0.5,0.3177942012507106,0.5066666603088379,0.0,0.0296428181043538,0.0015841564647664,68,38,1002.368278771,unknown,56488e26fdba,0.01,0.001 0.003 0.01 0.03,0.0716666666666667,30,300,1.0,,,False,,
a7_20260822T081428Z,2026-08-22T08:58:35+00:00,hyperplanes_n_features20_n_hyperplanes3_dim_hyperplanes5_seed33,5d05157a8a23e9156d9012fe5bfc8926359e808f10eae8c6681f7702f3b4462c,536dc33fc72f70f24b5e4a66498bcb9f9e3efe2f2c171de6faeab9c91f3265a1,F,product,2.0,h2,35,20.0,15,7,0x9bb488a3f99e440c,U0-2pi,pennylane,,,,0,val_full,600,val,0.5216666666666666,0.5,0.3428258488499452,0.5066666603088379,0.0,0.0296428181043538,0.0015841564647664,68,38,1002.368278771,unknown,56488e26fdba,0.01,0.001 0.003 0.01 0.03,0.0716666666666667,30,300,1.0,,,False,,
a7_20260822T081428Z,2026-08-22T08:58:35+00:00,hyperplanes_n_features20_n_hyperplanes3_dim_hyperplanes5_seed33,5d05157a8a23e9156d9012fe5bfc8926359e808f10eae8c6681f7702f3b4462c,536dc33fc72f70f24b5e4a66498bcb9f9e3efe2f2c171de6faeab9c91f3265a1,E,,,linear,0,,6,10,,,pennylane,,,,0,test_full,1200,test,0.7675,0.8193564951900401,0.7672282713361918,0.7857142686843872,0.0,0.0349786176055041,0.0157081488173975,43,13,0.8055223100000148,unknown,56488e26fdba,0.1,0.001 0.003 0.01 0.03 0.1,0.0716666666666667,30,300,1.0,,,True,0.7758333333333334,1e-06
a7_20260822T081428Z,2026-08-22T08:58:35+00:00,hyperplanes_n_features20_n_hyperplanes3_dim_hyperplanes5_seed33,5d05157a8a23e9156d9012fe5bfc8926359e808f10eae8c6681f7702f3b4462c,536dc33fc72f70f24b5e4a66498bcb9f9e3efe2f2c171de6faeab9c91f3265a1,E,,,linear,0,,6,10,,,pennylane,,,,0,val_full,600,val,0.7716666666666666,0.813638944239739,0.7687835256855624,0.7857142686843872,0.0,0.0349786176055041,0.0157081488173975,43,13,0.8055223100000148,unknown,56488e26fdba,0.1,0.001 0.003 0.01 0.03 0.1,0.0716666666666667,30,300,1.0,,,True,0.76,1e-06
a7_20260822T081428Z,2026-08-22T08:58:38+00:00,hyperplanes_n_features20_n_hyperplanes3_dim_hyperplanes5_seed33,5d05157a8a23e9156d9012fe5bfc8926359e808f10eae8c6681f7702f3b4462c,536dc33fc72f70f24b5e4a66498bcb9f9e3efe2f2c171de6faeab9c91f3265a1,E,,,h2,0,,15,10,,,pennylane,,,,0,test_full,1200,test,0.8183333333333334,0.8858712488034405,0.8170112395390026,0.8490476012229919,0.0,0.010090857627942,0.0648202957814889,112,82,2.850802451999698,unknown,56488e26fdba,0.03,0.001 0.003 0.01 0.03 0.1,0.0716666666666667,30,300,1.0,,,True,0.7758333333333334,1e-06
a7_20260822T081428Z,2026-08-22T08:58:38+00:00,hyperplanes_n_features20_n_hyperplanes3_dim_hyperplanes5_seed33,5d05157a8a23e9156d9012fe5bfc8926359e808f10eae8c6681f7702f3b4462c,536dc33fc72f70f24b5e4a66498bcb9f9e3efe2f2c171de6faeab9c91f3265a1,E,,,h2,0,,15,10,,,pennylane,,,,0,val_full,600,val,0.8466666666666667,0.8891696630339193,0.8421034565612879,0.8490476012229919,0.0,0.010090857627942,0.0648202957814889,112,82,2.850802451999698,unknown,56488e26fdba,0.03,0.001 0.003 0.01 0.03 0.1,0.0716666666666667,30,300,1.0,,,True,0.76,1e-06
a7_20260822T081428Z,2026-08-22T08:58:40+00:00,hyperplanes_n_features20_n_hyperplanes3_dim_hyperplanes5_seed33,5d05157a8a23e9156d9012fe5bfc8926359e808f10eae8c6681f7702f3b4462c,536dc33fc72f70f24b5e4a66498bcb9f9e3efe2f2c171de6faeab9c91f3265a1,E,,,h4,0,,29,10,,,pennylane,,,,0,test_full,1200,test,0.8275,0.8853256455839629,0.8271099167496665,0.8497619032859802,0.0,0.0281757385805544,0.0302567138773684,48,18,1.238829987999452,unknown,56488e26fdba,0.01,0.001 0.003 0.01 0.03 0.1,0.0716666666666667,30,300,1.0,,,True,0.7758333333333334,1e-06
a7_20260822T081428Z,2026-08-22T08:58:40+00:00,hyperplanes_n_features20_n_hyperplanes3_dim_hyperplanes5_seed33,5d05157a8a23e9156d9012fe5bfc8926359e808f10eae8c6681f7702f3b4462c,536dc33fc72f70f24b5e4a66498bcb9f9e3efe2f2c171de6faeab9c91f3265a1,E,,,h4,0,,29,10,,,pennylane,,,,0,val_full,600,val,0.8433333333333334,0.8888245705825383,0.8398891715116279,0.8497619032859802,0.0,0.0281757385805544,0.0302567138773684,48,18,1.238829987999452,unknown,56488e26fdba,0.01,0.001 0.003 0.01 0.03 0.1,0.0716666666666667,30,300,1.0,,,True,0.76,1e-06
a7_20260822T081428Z,2026-08-22T08:58:44+00:00,hyperplanes_n_features20_n_hyperplanes3_dim_hyperplanes5_seed33,5d05157a8a23e9156d9012fe5bfc8926359e808f10eae8c6681f7702f3b4462c,536dc33fc72f70f24b5e4a66498bcb9f9e3efe2f2c171de6faeab9c91f3265a1,E,,,h42,0,,295,10,,,pennylane,,,,0,test_full,1200,test,0.9425,0.9895791180484428,0.9423959526895456,0.9669047594070436,0.0,0.0061585909967374,0.0206551480844869,168,138,4.398003433000667,unknown,56488e26fdba,0.03,0.001 0.003 0.01 0.03 0.1,0.0716666666666667,30,300,1.0,,,True,0.7758333333333334,1e-06
a7_20260822T081428Z,2026-08-22T08:58:44+00:00,hyperplanes_n_features20_n_hyperplanes3_dim_hyperplanes5_seed33,5d05157a8a23e9156d9012fe5bfc8926359e808f10eae8c6681f7702f3b4462c,536dc33fc72f70f24b5e4a66498bcb9f9e3efe2f2c171de6faeab9c91f3265a1,E,,,h42,0,,295,10,,,pennylane,,,,0,val_full,600,val,0.9533333333333334,0.9894357181819192,0.9530810134501096,0.9669047594070436,0.0,0.0061585909967374,0.0206551480844869,168,138,4.398003433000667,unknown,56488e26fdba,0.03,0.001 0.003 0.01 0.03 0.1,0.0716666666666667,30,300,1.0,,,True,0.76,1e-06
a7_20260822T081428Z,2026-08-22T08:58:47+00:00,hyperplanes_n_features20_n_hyperplanes3_dim_hyperplanes5_seed33,5d05157a8a23e9156d9012fe5bfc8926359e808f10eae8c6681f7702f3b4462c,536dc33fc72f70f24b5e4a66498bcb9f9e3efe2f2c171de6faeab9c91f3265a1,A,L2,2.0,linear,35,35.0,6,6,0xfed8b00a5c8d996d,U0-2pi,pennylane,,,,0,test_full,1200,test,0.8183333333333334,0.8545960443068884,0.8183313147923865,0.825952410697937,1.34225594997406,0.0164782250097216,0.078277190949266,104,74,1695.2475491950004,unknown,56488e26fdba,0.03,0.001 0.003 0.01 0.03,0.0716666666666667,30,300,1.0,,,False,,
a7_20260822T081428Z,2026-08-22T08:58:47+00:00,hyperplanes_n_features20_n_hyperplanes3_dim_hyperplanes5_seed33,5d05157a8a23e9156d9012fe5bfc8926359e808f10eae8c6681f7702f3b4462c,536dc33fc72f70f24b5e4a66498bcb9f9e3efe2f2c171de6faeab9c91f3265a1,A,L2,2.0,linear,35,35.0,6,6,0xfed8b00a5c8d996d,U0-2pi,pennylane,,,,0,val_full,600,val,0.835,0.8584341708318957,0.8323809523809524,0.825952410697937,1.34225594997406,0.0164782250097216,0.078277190949266,104,74,1695.2475491950004,unknown,56488e26fdba,0.03,0.001 0.003 0.01 0.03,0.0716666666666667,30,300,1.0,,,False,,
a7_20260822T081428Z,2026-08-22T08:58:49+00:00,hyperplanes_n_features20_n_hyperplanes3_dim_hyperplanes5_seed33,5d05157a8a23e9156d9012fe5bfc8926359e808f10eae8c6681f7702f3b4462c,536dc33fc72f70f24b5e4a66498bcb9f9e3efe2f2c171de6faeab9c91f3265a1,D_best,,2.0,linear,192,,33,10,0x63746545ed6e9f8f,RFF-int-spectrum-U0-2pi,pennylane,,,,0,test_full,1200,test,0.82,0.8614725984388212,0.8196613641170643,0.8361904621124268,0.0,0.1038082084517028,0.0528281992879058,89,59,1.7189832329995625,unknown,56488e26fdba,0.03,0.001 0.003 0.01 0.03,0.0716666666666667,30,300,1.0,32.0,0x63746545ed6e9f8f,True,0.8075,1.0
a7_20260822T081428Z,2026-08-22T08:58:49+00:00,hyperplanes_n_features20_n_hyperplanes3_dim_hyperplanes5_seed33,5d05157a8a23e9156d9012fe5bfc8926359e808f10eae8c6681f7702f3b4462c,536dc33fc72f70f24b5e4a66498bcb9f9e3efe2f2c171de6faeab9c91f3265a1,D_best,,2.0,linear,192,,33,10,0x63746545ed6e9f8f,RFF-int-spectrum-U0-2pi,pennylane,,,,0,val_full,600,val,0.825,0.84234840979172,0.8208797363804627,0.8361904621124268,0.0,0.1038082084517028,0.0528281992879058,89,59,1.7189832329995625,unknown,56488e26fdba,0.03,0.001 0.003 0.01 0.03,0.0716666666666667,30,300,1.0,32.0,0x63746545ed6e9f8f,True,0.7833333333333333,1.0
a7_20260822T081428Z,2026-08-22T08:58:52+00:00,hyperplanes_n_features20_n_hyperplanes3_dim_hyperplanes5_seed33,5d05157a8a23e9156d9012fe5bfc8926359e808f10eae8c6681f7702f3b4462c,536dc33fc72f70f24b5e4a66498bcb9f9e3efe2f2c171de6faeab9c91f3265a1,D_best,,2.0,linear,768,,129,10,0xa0ee54381686f9dd,RFF-int-spectrum-U0-2pi,pennylane,,,,0,test_full,1200,test,0.8133333333333334,0.8842679288566891,0.8122296610074773,0.8535714149475098,0.0,0.0891238015186684,0.0296198830982667,130,100,2.5408870689998366,unknown,56488e26fdba,0.01,0.001 0.003 0.01 0.03,0.0716666666666667,30,300,1.0,128.0,0xa0ee54381686f9dd,True,0.82,1e-06
a7_20260822T081428Z,2026-08-22T08:58:52+00:00,hyperplanes_n_features20_n_hyperplanes3_dim_hyperplanes5_seed33,5d05157a8a23e9156d9012fe5bfc8926359e808f10eae8c6681f7702f3b4462c,536dc33fc72f70f24b5e4a66498bcb9f9e3efe2f2c171de6faeab9c91f3265a1,D_best,,2.0,linear,768,,129,10,0xa0ee54381686f9dd,RFF-int-spectrum-U0-2pi,pennylane,,,,0,val_full,600,val,0.8566666666666667,0.8757110574300632,0.8524010572203343,0.8535714149475098,0.0,0.0891238015186684,0.0296198830982667,130,100,2.5408870689998366,unknown,56488e26fdba,0.01,0.001 0.003 0.01 0.03,0.0716666666666667,30,300,1.0,128.0,0xa0ee54381686f9dd,True,0.835,1e-06
a7_20260822T081428Z,2026-08-22T08:58:53+00:00,hyperplanes_n_features20_n_hyperplanes3_dim_hyperplanes5_seed33,5d05157a8a23e9156d9012fe5bfc8926359e808f10eae8c6681f7702f3b4462c,536dc33fc72f70f24b5e4a66498bcb9f9e3efe2f2c171de6faeab9c91f3265a1,D_best,,2.0,linear,3072,,513,10,0x832fc3cb5ed00a34,RFF-int-spectrum-U0-2pi,pennylane,,,,0,test_full,1200,test,0.8341666666666666,0.8865815097720187,0.8340697587966306,0.8614285588264465,0.0,0.0623032983316624,0.0244926764622463,83,53,1.9471721049994808,unknown,56488e26fdba,0.001,0.001 0.003 0.01 0.03,0.0716666666666667,30,300,1.0,512.0,0x832fc3cb5ed00a34,True,0.8258333333333333,0.01
a7_20260822T081428Z,2026-08-22T08:58:53+00:00,hyperplanes_n_features20_n_hyperplanes3_dim_hyperplanes5_seed33,5d05157a8a23e9156d9012fe5bfc8926359e808f10eae8c6681f7702f3b4462c,536dc33fc72f70f24b5e4a66498bcb9f9e3efe2f2c171de6faeab9c91f3265a1,D_best,,2.0,linear,3072,,513,10,0x832fc3cb5ed00a34,RFF-int-spectrum-U0-2pi,pennylane,,,,0,val_full,600,val,0.85,0.8709465551980942,0.847001223990208,0.8614285588264465,0.0,0.0623032983316624,0.0244926764622463,83,53,1.9471721049994808,unknown,56488e26fdba,0.001,0.001 0.003 0.01 0.03,0.0716666666666667,30,300,1.0,512.0,0x832fc3cb5ed00a34,True,0.845,0.01
a7_20260822T081428Z,2026-08-22T08:58:45+00:00,hyperplanes_n_features20_n_hyperplanes3_dim_hyperplanes5_seed33,5d05157a8a23e9156d9012fe5bfc8926359e808f10eae8c6681f7702f3b4462c,536dc33fc72f70f24b5e4a66498bcb9f9e3efe2f2c171de6faeab9c91f3265a1,D_matched,,2.0,linear,30,,6,10,0x77c729a7070b916f,RFF-int-spectrum-U0-2pi,pennylane,,,,0,test_full,1200,test,0.6633333333333333,0.736712259188042,0.6627938034188035,0.683571457862854,0.0,0.0702176270797629,0.058104629937964,31,1,0.5738808839996636,unknown,56488e26fdba,0.03,0.001 0.003 0.01 0.03,0.0716666666666667,30,300,1.0,,0x77c729a7070b916f,True,0.695,1e-06
a7_20260822T081428Z,2026-08-22T08:58:45+00:00,hyperplanes_n_features20_n_hyperplanes3_dim_hyperplanes5_seed33,5d05157a8a23e9156d9012fe5bfc8926359e808f10eae8c6681f7702f3b4462c,536dc33fc72f70f24b5e4a66498bcb9f9e3efe2f2c171de6faeab9c91f3265a1,D_matched,,2.0,linear,30,,6,10,0x77c729a7070b916f,RFF-int-spectrum-U0-2pi,pennylane,,,,0,val_full,600,val,0.7,0.7333548552281506,0.6956168831168831,0.683571457862854,0.0,0.0702176270797629,0.058104629937964,31,1,0.5738808839996636,unknown,56488e26fdba,0.03,0.001 0.003 0.01 0.03,0.0716666666666667,30,300,1.0,,0x77c729a7070b916f,True,0.6966666666666667,1e-06
a7_20260822T081428Z,2026-08-22T08:58:46+00:00,hyperplanes_n_features20_n_hyperplanes3_dim_hyperplanes5_seed33,5d05157a8a23e9156d9012fe5bfc8926359e808f10eae8c6681f7702f3b4462c,536dc33fc72f70f24b5e4a66498bcb9f9e3efe2f2c171de6faeab9c91f3265a1,D_matched,,2.0,h2,30,,15,10,0x77c729a7070b916f,RFF-int-spectrum-U0-2pi,pennylane,,,,0,test_full,1200,test,0.7308333333333333,0.7879152375397341,0.7308331464119072,0.7364285588264465,0.0,0.0075321458346927,0.0306092016162859,71,41,1.8041702119999168,unknown,56488e26fdba,0.01,0.001 0.003 0.01 0.03,0.0716666666666667,30,300,1.0,,0x77c729a7070b916f,True,0.695,1e-06
a7_20260822T081428Z,2026-08-22T08:58:46+00:00,hyperplanes_n_features20_n_hyperplanes3_dim_hyperplanes5_seed33,5d05157a8a23e9156d9012fe5bfc8926359e808f10eae8c6681f7702f3b4462c,536dc33fc72f70f24b5e4a66498bcb9f9e3efe2f2c171de6faeab9c91f3265a1,D_matched,,2.0,h2,30,,15,10,0x77c729a7070b916f,RFF-int-spectrum-U0-2pi,pennylane,,,,0,val_full,600,val,0.7233333333333334,0.7736193518941124,0.7209020803443329,0.7364285588264465,0.0,0.0075321458346927,0.0306092016162859,71,41,1.8041702119999168,unknown,56488e26fdba,0.01,0.001 0.003 0.01 0.03,0.0716666666666667,30,300,1.0,,0x77c729a7070b916f,True,0.6966666666666667,1e-06
a7_20260822T081428Z,2026-08-22T08:58:48+00:00,hyperplanes_n_features20_n_hyperplanes3_dim_hyperplanes5_seed33,5d05157a8a23e9156d9012fe5bfc8926359e808f10eae8c6681f7702f3b4462c,536dc33fc72f70f24b5e4a66498bcb9f9e3efe2f2c171de6faeab9c91f3265a1,D_matched,,2.0,h2,30,,15,10,0x77c729a7070b916f,RFF-int-spectrum-U0-2pi,pennylane,,,,0,test_full,1200,test,0.725,0.7860049285692359,0.7249877772345438,0.7316666841506958,0.0,0.0075321458346927,0.0303344789245312,71,41,1.7940216440001675,unknown,56488e26fdba,0.03,0.001 0.003 0.01 0.03,0.0716666666666667,30,300,1.0,,0x77c729a7070b916f,True,0.695,1e-06
a7_20260822T081428Z,2026-08-22T08:58:48+00:00,hyperplanes_n_features20_n_hyperplanes3_dim_hyperplanes5_seed33,5d05157a8a23e9156d9012fe5bfc8926359e808f10eae8c6681f7702f3b4462c,536dc33fc72f70f24b5e4a66498bcb9f9e3efe2f2c171de6faeab9c91f3265a1,D_matched,,2.0,h2,30,,15,10,0x77c729a7070b916f,RFF-int-spectrum-U0-2pi,pennylane,,,,0,val_full,600,val,0.7233333333333334,0.7733299195155348,0.7205387205387206,0.7316666841506958,0.0,0.0075321458346927,0.0303344789245312,71,41,1.7940216440001675,unknown,56488e26fdba,0.03,0.001 0.003 0.01 0.03,0.0716666666666667,30,300,1.0,,0x77c729a7070b916f,True,0.6966666666666667,1e-06
a7_20260822T081428Z,2026-08-22T08:58:50+00:00,hyperplanes_n_features20_n_hyperplanes3_dim_hyperplanes5_seed33,5d05157a8a23e9156d9012fe5bfc8926359e808f10eae8c6681f7702f3b4462c,536dc33fc72f70f24b5e4a66498bcb9f9e3efe2f2c171de6faeab9c91f3265a1,D_matched,,2.0,h4,30,,29,10,0x77c729a7070b916f,RFF-int-spectrum-U0-2pi,pennylane,,,,0,test_full,1200,test,0.7483333333333333,0.7947806284344396,0.7481759432978945,0.7504761815071106,0.0,0.0439073182795381,0.0809738813670873,72,42,1.8296807120004808,unknown,56488e26fdba,0.01,0.001 0.003 0.01 0.03,0.0716666666666667,30,300,1.0,,0x77c729a7070b916f,True,0.695,1e-06
a7_20260822T081428Z,2026-08-22T08:58:50+00:00,hyperplanes_n_features20_n_hyperplanes3_dim_hyperplanes5_seed33,5d05157a8a23e9156d9012fe5bfc8926359e808f10eae8c6681f7702f3b4462c,536dc33fc72f70f24b5e4a66498bcb9f9e3efe2f2c171de6faeab9c91f3265a1,D_matched,,2.0,h4,30,,29,10,0x77c729a7070b916f,RFF-int-spectrum-U0-2pi,pennylane,,,,0,val_full,600,val,0.7466666666666667,0.7870556934688471,0.7420814479638009,0.7504761815071106,0.0,0.0439073182795381,0.0809738813670873,72,42,1.8296807120004808,unknown,56488e26fdba,0.01,0.001 0.003 0.01 0.03,0.0716666666666667,30,300,1.0,,0x77c729a7070b916f,True,0.6966666666666667,1e-06
a7_20260822T081428Z,2026-08-22T08:58:54+00:00,hyperplanes_n_features20_n_hyperplanes3_dim_hyperplanes5_seed33,5d05157a8a23e9156d9012fe5bfc8926359e808f10eae8c6681f7702f3b4462c,536dc33fc72f70f24b5e4a66498bcb9f9e3efe2f2c171de6faeab9c91f3265a1,D_matched,,2.0,h42,30,,295,10,0x77c729a7070b916f,RFF-int-spectrum-U0-2pi,pennylane,,,,0,test_full,1200,test,0.7591666666666667,0.8223426611483063,0.7585010351447845,0.7835714221000671,0.0,0.0107739052296545,0.0473634723510832,143,113,3.762161365000793,unknown,56488e26fdba,0.01,0.001 0.003 0.01 0.03,0.0716666666666667,30,300,1.0,,0x77c729a7070b916f,True,0.695,1e-06
a7_20260822T081428Z,2026-08-22T08:58:54+00:00,hyperplanes_n_features20_n_hyperplanes3_dim_hyperplanes5_seed33,5d05157a8a23e9156d9012fe5bfc8926359e808f10eae8c6681f7702f3b4462c,536dc33fc72f70f24b5e4a66498bcb9f9e3efe2f2c171de6faeab9c91f3265a1,D_matched,,2.0,h42,30,,295,10,0x77c729a7070b916f,RFF-int-spectrum-U0-2pi,pennylane,,,,0,val_full,600,val,0.7766666666666666,0.8252607674410838,0.7712894269719175,0.7835714221000671,0.0,0.0107739052296545,0.0473634723510832,143,113,3.762161365000793,unknown,56488e26fdba,0.01,0.001 0.003 0.01 0.03,0.0716666666666667,30,300,1.0,,0x77c729a7070b916f,True,0.6966666666666667,1e-06
a7_20260822T081428Z,2026-08-22T08:58:59+00:00,hyperplanes_n_features20_n_hyperplanes3_dim_hyperplanes5_seed33,5d05157a8a23e9156d9012fe5bfc8926359e808f10eae8c6681f7702f3b4462c,536dc33fc72f70f24b5e4a66498bcb9f9e3efe2f2c171de6faeab9c91f3265a1,F,product,2.0,linear,35,20.0,6,7,0x9bb488a3f99e440c,U0-2pi,pennylane,,,,0,test_full,1200,test,0.7858333333333334,0.8260572283356451,0.7852784869792011,0.8104761838912964,0.8793237209320068,0.020410013632399,0.0388305355747582,72,42,1080.9040830179997,unknown,56488e26fdba,0.03,0.001 0.003 0.01 0.03,0.0716666666666667,30,300,1.0,,,False,,
a7_20260822T081428Z,2026-08-22T08:58:59+00:00,hyperplanes_n_features20_n_hyperplanes3_dim_hyperplanes5_seed33,5d05157a8a23e9156d9012fe5bfc8926359e808f10eae8c6681f7702f3b4462c,536dc33fc72f70f24b5e4a66498bcb9f9e3efe2f2c171de6faeab9c91f3265a1,F,product,2.0,linear,35,20.0,6,7,0x9bb488a3f99e440c,U0-2pi,pennylane,,,,0,val_full,600,val,0.7933333333333333,0.8227671961794927,0.7883573801829684,0.8104761838912964,0.8793237209320068,0.020410013632399,0.0388305355747582,72,42,1080.9040830179997,unknown,56488e26fdba,0.03,0.001 0.003 0.01 0.03,0.0716666666666667,30,300,1.0,,,False,,
a7_20260822T081428Z,2026-08-22T08:59:14+00:00,hyperplanes_n_features20_n_hyperplanes3_dim_hyperplanes5_seed33,5d05157a8a23e9156d9012fe5bfc8926359e808f10eae8c6681f7702f3b4462c,536dc33fc72f70f24b5e4a66498bcb9f9e3efe2f2c171de6faeab9c91f3265a1,A,L1,2.0,h2,35,35.0,15,4,0xc975238400fc39ed,U0-2pi,pennylane,,,,0,test_full,1200,test,0.8483333333333334,0.8720511611162121,0.8480480012467857,0.8678571581840515,1.3141517639160156,0.0034971751942679,0.1663103672862314,162,132,2650.110568632,unknown,56488e26fdba,0.03,0.001 0.003 0.01 0.03,0.0716666666666667,30,300,1.0,,,False,,
a7_20260822T081428Z,2026-08-22T08:59:14+00:00,hyperplanes_n_features20_n_hyperplanes3_dim_hyperplanes5_seed33,5d05157a8a23e9156d9012fe5bfc8926359e808f10eae8c6681f7702f3b4462c,536dc33fc72f70f24b5e4a66498bcb9f9e3efe2f2c171de6faeab9c91f3265a1,A,L1,2.0,h2,35,35.0,15,4,0xc975238400fc39ed,U0-2pi,pennylane,,,,0,val_full,600,val,0.8566666666666667,0.8667219556723179,0.8538011695906433,0.8678571581840515,1.3141517639160156,0.0034971751942679,0.1663103672862314,162,132,2650.110568632,unknown,56488e26fdba,0.03,0.001 0.003 0.01 0.03,0.0716666666666667,30,300,1.0,,,False,,
a7_20260822T081428Z,2026-08-22T08:59:42+00:00,hyperplanes_n_features20_n_hyperplanes3_dim_hyperplanes5_seed33,5d05157a8a23e9156d9012fe5bfc8926359e808f10eae8c6681f7702f3b4462c,536dc33fc72f70f24b5e4a66498bcb9f9e3efe2f2c171de6faeab9c91f3265a1,A,L1,2.0,h42,35,35.0,295,3,0xe98c84d46f8b02b7,U0-2pi,pennylane,,,,0,test_full,1200,test,0.9316666666666666,0.9852338279577696,0.93161176611224,0.9573809504508972,0.9339236617088318,0.0042312169497534,0.0780810234490453,164,134,2678.403514911,unknown,56488e26fdba,0.01,0.001 0.003 0.01 0.03,0.0716666666666667,30,300,1.0,,,False,,
a7_20260822T081428Z,2026-08-22T08:59:42+00:00,hyperplanes_n_features20_n_hyperplanes3_dim_hyperplanes5_seed33,5d05157a8a23e9156d9012fe5bfc8926359e808f10eae8c6681f7702f3b4462c,536dc33fc72f70f24b5e4a66498bcb9f9e3efe2f2c171de6faeab9c91f3265a1,A,L1,2.0,h42,35,35.0,295,3,0xe98c84d46f8b02b7,U0-2pi,pennylane,,,,0,val_full,600,val,0.9416666666666668,0.9842148033529629,0.94130651693307,0.9573809504508972,0.9339236617088318,0.0042312169497534,0.0780810234490453,164,134,2678.403514911,unknown,56488e26fdba,0.01,0.001 0.003 0.01 0.03,0.0716666666666667,30,300,1.0,,,False,,
a7_20260822T081428Z,2026-08-22T09:00:45+00:00,hyperplanes_n_features20_n_hyperplanes3_dim_hyperplanes5_seed33,5d05157a8a23e9156d9012fe5bfc8926359e808f10eae8c6681f7702f3b4462c,536dc33fc72f70f24b5e4a66498bcb9f9e3efe2f2c171de6faeab9c91f3265a1,A,L1,2.0,h2,35,35.0,15,8,0xe2c241f58beaa0b8,U0-2pi,pennylane,,,,0,test_full,1200,test,0.4658333333333333,0.5,0.3177942012507106,0.5066666603088379,0.2145336866378784,0.0263722097064386,0.0041151845179444,61,31,1007.227427205,unknown,56488e26fdba,0.03,0.001 0.003 0.01 0.03,0.0716666666666667,30,300,1.0,,,False,,
a7_20260822T081428Z,2026-08-22T09:00:45+00:00,hyperplanes_n_features20_n_hyperplanes3_dim_hyperplanes5_seed33,5d05157a8a23e9156d9012fe5bfc8926359e808f10eae8c6681f7702f3b4462c,536dc33fc72f70f24b5e4a66498bcb9f9e3efe2f2c171de6faeab9c91f3265a1,A,L1,2.0,h2,35,35.0,15,8,0xe2c241f58beaa0b8,U0-2pi,pennylane,,,,0,val_full,600,val,0.5216666666666666,0.5,0.3428258488499452,0.5066666603088379,0.2145336866378784,0.0263722097064386,0.0041151845179444,61,31,1007.227427205,unknown,56488e26fdba,0.03,0.001 0.003 0.01 0.03,0.0716666666666667,30,300,1.0,,,False,,
a7_20260822T081428Z,2026-08-22T09:00:47+00:00,hyperplanes_n_features20_n_hyperplanes3_dim_hyperplanes5_seed33,5d05157a8a23e9156d9012fe5bfc8926359e808f10eae8c6681f7702f3b4462c,536dc33fc72f70f24b5e4a66498bcb9f9e3efe2f2c171de6faeab9c91f3265a1,F,product,2.0,linear,35,20.0,6,8,0x4d0090b0ff939975,U0-2pi,pennylane,,,,0,test_full,1200,test,0.7891666666666667,0.8300983202118782,0.7877800153922401,0.8080952167510986,0.8476090431213379,0.0170207851345237,0.025561529448089,51,21,760.1897210339994,unknown,56488e26fdba,0.03,0.001 0.003 0.01 0.03,0.0716666666666667,30,300,1.0,,,False,,
a7_20260822T081428Z,2026-08-22T09:00:47+00:00,hyperplanes_n_features20_n_hyperplanes3_dim_hyperplanes5_seed33,5d05157a8a23e9156d9012fe5bfc8926359e808f10eae8c6681f7702f3b4462c,536dc33fc72f70f24b5e4a66498bcb9f9e3efe2f2c171de6faeab9c91f3265a1,F,product,2.0,linear,35,20.0,6,8,0x4d0090b0ff939975,U0-2pi,pennylane,,,,0,val_full,600,val,0.7983333333333333,0.8272088699892021,0.792452236856023,0.8080952167510986,0.8476090431213379,0.0170207851345237,0.025561529448089,51,21,760.1897210339994,unknown,56488e26fdba,0.03,0.001 0.003 0.01 0.03,0.0716666666666667,30,300,1.0,,,False,,
a7_20260822T081428Z,2026-08-22T09:00:53+00:00,hyperplanes_n_features20_n_hyperplanes3_dim_hyperplanes5_seed33,5d05157a8a23e9156d9012fe5bfc8926359e808f10eae8c6681f7702f3b4462c,536dc33fc72f70f24b5e4a66498bcb9f9e3efe2f2c171de6faeab9c91f3265a1,A,L1,2.0,h4,35,35.0,29,4,0xc975238400fc39ed,U0-2pi,pennylane,,,,0,test_full,1200,test,0.8341666666666666,0.9207465973057526,0.8335506886247788,0.8721428513526917,0.9980220198631288,0.0108124029958257,0.1934137451607211,167,137,2749.022082015,unknown,56488e26fdba,0.01,0.001 0.003 0.01 0.03,0.0716666666666667,30,300,1.0,,,False,,
a7_20260822T081428Z,2026-08-22T09:00:53+00:00,hyperplanes_n_features20_n_hyperplanes3_dim_hyperplanes5_seed33,5d05157a8a23e9156d9012fe5bfc8926359e808f10eae8c6681f7702f3b4462c,536dc33fc72f70f24b5e4a66498bcb9f9e3efe2f2c171de6faeab9c91f3265a1,A,L1,2.0,h4,35,35.0,29,4,0xc975238400fc39ed,U0-2pi,pennylane,,,,0,val_full,600,val,0.8733333333333333,0.9329741403301756,0.8702835555960129,0.8721428513526917,0.9980220198631288,0.0108124029958257,0.1934137451607211,167,137,2749.022082015,unknown,56488e26fdba,0.01,0.001 0.003 0.01 0.03,0.0716666666666667,30,300,1.0,,,False,,
a7_20260822T081428Z,2026-08-22T09:00:57+00:00,hyperplanes_n_features20_n_hyperplanes3_dim_hyperplanes5_seed33,5d05157a8a23e9156d9012fe5bfc8926359e808f10eae8c6681f7702f3b4462c,536dc33fc72f70f24b5e4a66498bcb9f9e3efe2f2c171de6faeab9c91f3265a1,F,product,2.0,h4,35,20.0,29,5,0x47580f2ad4dd122e,U0-2pi,pennylane,,,,0,test_full,1200,test,0.8275,0.903100310058914,0.8266707882362218,0.8590475916862488,0.7346811890602112,0.0031831681158653,0.0694580469907011,184,154,2694.015273406,unknown,56488e26fdba,0.01,0.001 0.003 0.01 0.03,0.0716666666666667,30,300,1.0,,,False,,
a7_20260822T081428Z,2026-08-22T09:00:57+00:00,hyperplanes_n_features20_n_hyperplanes3_dim_hyperplanes5_seed33,5d05157a8a23e9156d9012fe5bfc8926359e808f10eae8c6681f7702f3b4462c,536dc33fc72f70f24b5e4a66498bcb9f9e3efe2f2c171de6faeab9c91f3265a1,F,product,2.0,h4,35,20.0,29,5,0x47580f2ad4dd122e,U0-2pi,pennylane,,,,0,val_full,600,val,0.85,0.89726263761953,0.8458886516969373,0.8590475916862488,0.7346811890602112,0.0031831681158653,0.0694580469907011,184,154,2694.015273406,unknown,56488e26fdba,0.01,0.001 0.003 0.01 0.03,0.0716666666666667,30,300,1.0,,,False,,
a7_20260822T081428Z,2026-08-22T09:01:03+00:00,hyperplanes_n_features20_n_hyperplanes3_dim_hyperplanes5_seed33,5d05157a8a23e9156d9012fe5bfc8926359e808f10eae8c6681f7702f3b4462c,536dc33fc72f70f24b5e4a66498bcb9f9e3efe2f2c171de6faeab9c91f3265a1,A,L1,2.0,h42,35,35.0,295,6,0x7f041defed10b1c8,U0-2pi,pennylane,,,,0,test_full,1200,test,0.9058333333333334,0.9745617731686012,0.9058144308128506,0.9302380681037904,0.7668368816375732,0.0039209405352165,0.1096078228609389,117,87,1927.747841985,unknown,56488e26fdba,0.01,0.001 0.003 0.01 0.03,0.0716666666666667,30,300,1.0,,,False,,
a7_20260822T081428Z,2026-08-22T09:01:03+00:00,hyperplanes_n_features20_n_hyperplanes3_dim_hyperplanes5_seed33,5d05157a8a23e9156d9012fe5bfc8926359e808f10eae8c6681f7702f3b4462c,536dc33fc72f70f24b5e4a66498bcb9f9e3efe2f2c171de6faeab9c91f3265a1,A,L1,2.0,h42,35,35.0,295,6,0x7f041defed10b1c8,U0-2pi,pennylane,,,,0,val_full,600,val,0.93,0.9766339014371432,0.9293397189291042,0.9302380681037904,0.7668368816375732,0.0039209405352165,0.1096078228609389,117,87,1927.747841985,unknown,56488e26fdba,0.01,0.001 0.003 0.01 0.03,0.0716666666666667,30,300,1.0,,,False,,
a7_20260822T081428Z,2026-08-22T09:01:08+00:00,hyperplanes_n_features20_n_hyperplanes3_dim_hyperplanes5_seed33,5d05157a8a23e9156d9012fe5bfc8926359e808f10eae8c6681f7702f3b4462c,536dc33fc72f70f24b5e4a66498bcb9f9e3efe2f2c171de6faeab9c91f3265a1,F,product,2.0,h2,35,20.0,15,9,0x7545af47d8de3bdf,U0-2pi,pennylane,,,,0,test_full,1200,test,0.4658333333333333,0.5,0.3177942012507106,0.5066666603088379,0.0,0.0317019327803424,0.008281627603685,35,5,515.3363605589993,unknown,56488e26fdba,0.01,0.001 0.003 0.01 0.03,0.0716666666666667,30,300,1.0,,,False,,
a7_20260822T081428Z,2026-08-22T09:01:08+00:00,hyperplanes_n_features20_n_hyperplanes3_dim_hyperplanes5_seed33,5d05157a8a23e9156d9012fe5bfc8926359e808f10eae8c6681f7702f3b4462c,536dc33fc72f70f24b5e4a66498bcb9f9e3efe2f2c171de6faeab9c91f3265a1,F,product,2.0,h2,35,20.0,15,9,0x7545af47d8de3bdf,U0-2pi,pennylane,,,,0,val_full,600,val,0.5216666666666666,0.5,0.3428258488499452,0.5066666603088379,0.0,0.0317019327803424,0.008281627603685,35,5,515.3363605589993,unknown,56488e26fdba,0.01,0.001 0.003 0.01 0.03,0.0716666666666667,30,300,1.0,,,False,,
a7_20260822T081428Z,2026-08-22T09:01:20+00:00,hyperplanes_n_features20_n_hyperplanes3_dim_hyperplanes5_seed33,5d05157a8a23e9156d9012fe5bfc8926359e808f10eae8c6681f7702f3b4462c,536dc33fc72f70f24b5e4a66498bcb9f9e3efe2f2c171de6faeab9c91f3265a1,A,L1,2.0,h2,35,35.0,15,3,0xe98c84d46f8b02b7,U0-2pi,pennylane,,,,0,test_full,1200,test,0.8525,0.905828326156302,0.852092329483138,0.8754761815071106,1.3262890577316284,0.0051422294381519,0.1244412920897072,168,138,2775.964414975,unknown,56488e26fdba,0.03,0.001 0.003 0.01 0.03,0.0716666666666667,30,300,1.0,,,False,,
a7_20260822T081428Z,2026-08-22T09:01:20+00:00,hyperplanes_n_features20_n_hyperplanes3_dim_hyperplanes5_seed33,5d05157a8a23e9156d9012fe5bfc8926359e808f10eae8c6681f7702f3b4462c,536dc33fc72f70f24b5e4a66498bcb9f9e3efe2f2c171de6faeab9c91f3265a1,A,L1,2.0,h2,35,35.0,15,3,0xe98c84d46f8b02b7,U0-2pi,pennylane,,,,0,val_full,600,val,0.8666666666666667,0.9089512529082387,0.8633117289927214,0.8754761815071106,1.3262890577316284,0.0051422294381519,0.1244412920897072,168,138,2775.964414975,unknown,56488e26fdba,0.03,0.001 0.003 0.01 0.03,0.0716666666666667,30,300,1.0,,,False,,
a7_20260822T081428Z,2026-08-22T09:01:38+00:00,hyperplanes_n_features20_n_hyperplanes3_dim_hyperplanes5_seed33,5d05157a8a23e9156d9012fe5bfc8926359e808f10eae8c6681f7702f3b4462c,536dc33fc72f70f24b5e4a66498bcb9f9e3efe2f2c171de6faeab9c91f3265a1,A,L1,2.0,h4,35,35.0,29,7,0xd86bbfc3a6142e24,U0-2pi,pennylane,,,,0,test_full,1200,test,0.8275,0.8758871285083962,0.8274366069201811,0.8538095355033875,0.8179043531417847,0.0046110347298171,0.181078294967699,93,63,1510.7030153209998,unknown,56488e26fdba,0.01,0.001 0.003 0.01 0.03,0.0716666666666667,30,300,1.0,,,False,,
a7_20260822T081428Z,2026-08-22T09:01:38+00:00,hyperplanes_n_features20_n_hyperplanes3_dim_hyperplanes5_seed33,5d05157a8a23e9156d9012fe5bfc8926359e808f10eae8c6681f7702f3b4462c,536dc33fc72f70f24b5e4a66498bcb9f9e3efe2f2c171de6faeab9c91f3265a1,A,L1,2.0,h4,35,35.0,29,7,0xd86bbfc3a6142e24,U0-2pi,pennylane,,,,0,val_full,600,val,0.8383333333333334,0.8601707651033608,0.835332263841851,0.8538095355033875,0.8179043531417847,0.0046110347298171,0.181078294967699,93,63,1510.7030153209998,unknown,56488e26fdba,0.01,0.001 0.003 0.01 0.03,0.0716666666666667,30,300,1.0,,,False,,
a7_20260822T081428Z,2026-08-22T09:01:40+00:00,hyperplanes_n_features20_n_hyperplanes3_dim_hyperplanes5_seed33,5d05157a8a23e9156d9012fe5bfc8926359e808f10eae8c6681f7702f3b4462c,536dc33fc72f70f24b5e4a66498bcb9f9e3efe2f2c171de6faeab9c91f3265a1,F,product,2.0,h2,35,20.0,15,2,0x499fbb627c0f5f7c,U0-2pi,pennylane,,,,0,test_full,1200,test,0.8358333333333333,0.8987522291589338,0.8351187333436093,0.8590475916862488,0.4407732784748077,0.0071307863040981,0.0825511732527258,186,156,2795.887255806,unknown,56488e26fdba,0.01,0.001 0.003 0.01 0.03,0.0716666666666667,30,300,1.0,,,False,,
a7_20260822T081428Z,2026-08-22T09:01:40+00:00,hyperplanes_n_features20_n_hyperplanes3_dim_hyperplanes5_seed33,5d05157a8a23e9156d9012fe5bfc8926359e808f10eae8c6681f7702f3b4462c,536dc33fc72f70f24b5e4a66498bcb9f9e3efe2f2c171de6faeab9c91f3265a1,F,product,2.0,h2,35,20.0,15,2,0x499fbb627c0f5f7c,U0-2pi,pennylane,,,,0,val_full,600,val,0.85,0.8917968184702386,0.8462256951168114,0.8590475916862488,0.4407732784748077,0.0071307863040981,0.0825511732527258,186,156,2795.887255806,unknown,56488e26fdba,0.01,0.001 0.003 0.01 0.03,0.0716666666666667,30,300,1.0,,,False,,
a7_20260822T081428Z,2026-08-22T09:02:02+00:00,hyperplanes_n_features20_n_hyperplanes3_dim_hyperplanes5_seed33,5d05157a8a23e9156d9012fe5bfc8926359e808f10eae8c6681f7702f3b4462c,536dc33fc72f70f24b5e4a66498bcb9f9e3efe2f2c171de6faeab9c91f3265a1,A,L1,2.0,h2,35,35.0,15,7,0xd86bbfc3a6142e24,U0-2pi,pennylane,,,,0,test_full,1200,test,0.8191666666666667,0.8576547713071313,0.8184575163398693,0.8504762053489685,1.4355770349502563,0.0296586729219318,0.0807715928846388,100,70,1624.6047445760005,unknown,56488e26fdba,0.03,0.001 0.003 0.01 0.03,0.0716666666666667,30,300,1.0,,,False,,
a7_20260822T081428Z,2026-08-22T09:02:02+00:00,hyperplanes_n_features20_n_hyperplanes3_dim_hyperplanes5_seed33,5d05157a8a23e9156d9012fe5bfc8926359e808f10eae8c6681f7702f3b4462c,536dc33fc72f70f24b5e4a66498bcb9f9e3efe2f2c171de6faeab9c91f3265a1,A,L1,2.0,h2,35,35.0,15,7,0xd86bbfc3a6142e24,U0-2pi,pennylane,,,,0,val_full,600,val,0.8416666666666667,0.8550055103472075,0.8372354004437477,0.8504762053489685,1.4355770349502563,0.0296586729219318,0.0807715928846388,100,70,1624.6047445760005,unknown,56488e26fdba,0.03,0.001 0.003 0.01 0.03,0.0716666666666667,30,300,1.0,,,False,,
a7_20260822T081428Z,2026-08-22T09:03:30+00:00,hyperplanes_n_features20_n_hyperplanes3_dim_hyperplanes5_seed33,5d05157a8a23e9156d9012fe5bfc8926359e808f10eae8c6681f7702f3b4462c,536dc33fc72f70f24b5e4a66498bcb9f9e3efe2f2c171de6faeab9c91f3265a1,A,L1,2.0,linear,35,35.0,6,7,0xd86bbfc3a6142e24,U0-2pi,pennylane,,,,0,test_full,1200,test,0.8283333333333334,0.8613274763548681,0.828285634898583,0.8485714197158813,1.5091395378112793,0.0321297961970162,0.0442947090702484,107,77,1714.971484577,unknown,56488e26fdba,0.03,0.001 0.003 0.01 0.03,0.0716666666666667,30,300,1.0,,,False,,
a7_20260822T081428Z,2026-08-22T09:03:30+00:00,hyperplanes_n_features20_n_hyperplanes3_dim_hyperplanes5_seed33,5d05157a8a23e9156d9012fe5bfc8926359e808f10eae8c6681f7702f3b4462c,536dc33fc72f70f24b5e4a66498bcb9f9e3efe2f2c171de6faeab9c91f3265a1,A,L1,2.0,linear,35,35.0,6,7,0xd86bbfc3a6142e24,U0-2pi,pennylane,,,,0,val_full,600,val,0.8433333333333334,0.8577217219000123,0.8403514532546791,0.8485714197158813,1.5091395378112793,0.0321297961970162,0.0442947090702484,107,77,1714.971484577,unknown,56488e26fdba,0.03,0.001 0.003 0.01 0.03,0.0716666666666667,30,300,1.0,,,False,,
a7_20260822T081428Z,2026-08-22T09:03:33+00:00,hyperplanes_n_features20_n_hyperplanes3_dim_hyperplanes5_seed33,5d05157a8a23e9156d9012fe5bfc8926359e808f10eae8c6681f7702f3b4462c,536dc33fc72f70f24b5e4a66498bcb9f9e3efe2f2c171de6faeab9c91f3265a1,F,product,2.0,h42,35,20.0,295,5,0x47580f2ad4dd122e,U0-2pi,pennylane,,,,0,test_full,1200,test,0.9316666666666666,0.9881139431623776,0.9316051112668068,0.958809494972229,0.7425190210342407,0.009320829229495,0.1088154621668007,159,129,2291.842300691,unknown,56488e26fdba,0.01,0.001 0.003 0.01 0.03,0.0716666666666667,30,300,1.0,,,False,,
a7_20260822T081428Z,2026-08-22T09:03:33+00:00,hyperplanes_n_features20_n_hyperplanes3_dim_hyperplanes5_seed33,5d05157a8a23e9156d9012fe5bfc8926359e808f10eae8c6681f7702f3b4462c,536dc33fc72f70f24b5e4a66498bcb9f9e3efe2f2c171de6faeab9c91f3265a1,F,product,2.0,h42,35,20.0,295,5,0x47580f2ad4dd122e,U0-2pi,pennylane,,,,0,val_full,600,val,0.9483333333333334,0.9865525264107046,0.9480143435692904,0.958809494972229,0.7425190210342407,0.009320829229495,0.1088154621668007,159,129,2291.842300691,unknown,56488e26fdba,0.01,0.001 0.003 0.01 0.03,0.0716666666666667,30,300,1.0,,,False,,
a7_20260822T081428Z,2026-08-22T09:03:43+00:00,hyperplanes_n_features20_n_hyperplanes3_dim_hyperplanes5_seed33,5d05157a8a23e9156d9012fe5bfc8926359e808f10eae8c6681f7702f3b4462c,536dc33fc72f70f24b5e4a66498bcb9f9e3efe2f2c171de6faeab9c91f3265a1,A,L1,2.0,h2,35,35.0,15,9,0x6714fd5b78bd8a7d,U0-2pi,pennylane,,,,0,test_full,1200,test,0.4658333333333333,0.5,0.3177942012507106,0.5066666603088379,0.0,0.0317019327803424,0.006063813016038,49,19,803.8278932309995,unknown,56488e26fdba,0.03,0.001 0.003 0.01 0.03,0.0716666666666667,30,300,1.0,,,False,,
a7_20260822T081428Z,2026-08-22T09:03:43+00:00,hyperplanes_n_features20_n_hyperplanes3_dim_hyperplanes5_seed33,5d05157a8a23e9156d9012fe5bfc8926359e808f10eae8c6681f7702f3b4462c,536dc33fc72f70f24b5e4a66498bcb9f9e3efe2f2c171de6faeab9c91f3265a1,A,L1,2.0,h2,35,35.0,15,9,0x6714fd5b78bd8a7d,U0-2pi,pennylane,,,,0,val_full,600,val,0.5216666666666666,0.5,0.3428258488499452,0.5066666603088379,0.0,0.0317019327803424,0.006063813016038,49,19,803.8278932309995,unknown,56488e26fdba,0.03,0.001 0.003 0.01 0.03,0.0716666666666667,30,300,1.0,,,False,,
a7_20260822T081428Z,2026-08-22T09:04:17+00:00,hyperplanes_n_features20_n_hyperplanes3_dim_hyperplanes5_seed33,5d05157a8a23e9156d9012fe5bfc8926359e808f10eae8c6681f7702f3b4462c,536dc33fc72f70f24b5e4a66498bcb9f9e3efe2f2c171de6faeab9c91f3265a1,A,L1,2.0,h42,35,35.0,295,5,0x2560fc84838de57f,U0-2pi,pennylane,,,,0,test_full,1200,test,0.9033333333333332,0.9743831613729664,0.9032363008461262,0.937142848968506,0.7408087253570557,0.0060034145553736,0.1144490054869827,180,150,2929.959734242,unknown,56488e26fdba,0.01,0.001 0.003 0.01 0.03,0.0716666666666667,30,300,1.0,,,False,,
a7_20260822T081428Z,2026-08-22T09:04:17+00:00,hyperplanes_n_features20_n_hyperplanes3_dim_hyperplanes5_seed33,5d05157a8a23e9156d9012fe5bfc8926359e808f10eae8c6681f7702f3b4462c,536dc33fc72f70f24b5e4a66498bcb9f9e3efe2f2c171de6faeab9c91f3265a1,A,L1,2.0,h42,35,35.0,295,5,0x2560fc84838de57f,U0-2pi,pennylane,,,,0,val_full,600,val,0.9233333333333332,0.9743852344958868,0.9228395061728396,0.937142848968506,0.7408087253570557,0.0060034145553736,0.1144490054869827,180,150,2929.959734242,unknown,56488e26fdba,0.01,0.001 0.003 0.01 0.03,0.0716666666666667,30,300,1.0,,,False,,
a7_20260822T081428Z,2026-08-22T09:04:38+00:00,hyperplanes_n_features20_n_hyperplanes3_dim_hyperplanes5_seed33,5d05157a8a23e9156d9012fe5bfc8926359e808f10eae8c6681f7702f3b4462c,536dc33fc72f70f24b5e4a66498bcb9f9e3efe2f2c171de6faeab9c91f3265a1,F,product,2.0,h2,35,20.0,15,9,0x7545af47d8de3bdf,U0-2pi,pennylane,,,,0,test_full,1200,test,0.4658333333333333,0.5,0.3177942012507106,0.5066666603088379,0.0,0.0317019327803424,0.006063813016038,49,19,711.7572436979999,unknown,56488e26fdba,0.03,0.001 0.003 0.01 0.03,0.0716666666666667,30,300,1.0,,,False,,
a7_20260822T081428Z,2026-08-22T09:04:38+00:00,hyperplanes_n_features20_n_hyperplanes3_dim_hyperplanes5_seed33,5d05157a8a23e9156d9012fe5bfc8926359e808f10eae8c6681f7702f3b4462c,536dc33fc72f70f24b5e4a66498bcb9f9e3efe2f2c171de6faeab9c91f3265a1,F,product,2.0,h2,35,20.0,15,9,0x7545af47d8de3bdf,U0-2pi,pennylane,,,,0,val_full,600,val,0.5216666666666666,0.5,0.3428258488499452,0.5066666603088379,0.0,0.0317019327803424,0.006063813016038,49,19,711.7572436979999,unknown,56488e26fdba,0.03,0.001 0.003 0.01 0.03,0.0716666666666667,30,300,1.0,,,False,,
a7_20260822T081428Z,2026-08-22T09:05:31+00:00,hyperplanes_n_features20_n_hyperplanes3_dim_hyperplanes5_seed33,5d05157a8a23e9156d9012fe5bfc8926359e808f10eae8c6681f7702f3b4462c,536dc33fc72f70f24b5e4a66498bcb9f9e3efe2f2c171de6faeab9c91f3265a1,F,product,2.0,h2,35,20.0,15,8,0x4d0090b0ff939975,U0-2pi,pennylane,,,,0,test_full,1200,test,0.8075,0.8475018070490261,0.8071784969243858,0.8197619318962097,0.8421862125396729,0.0263739652107231,0.1582274380674968,70,40,1018.0718539170002,unknown,56488e26fdba,0.03,0.001 0.003 0.01 0.03,0.0716666666666667,30,300,1.0,,,False,,
a7_20260822T081428Z,2026-08-22T09:05:31+00:00,hyperplanes_n_features20_n_hyperplanes3_dim_hyperplanes5_seed33,5d05157a8a23e9156d9012fe5bfc8926359e808f10eae8c6681f7702f3b4462c,536dc33fc72f70f24b5e4a66498bcb9f9e3efe2f2c171de6faeab9c91f3265a1,F,product,2.0,h2,35,20.0,15,8,0x4d0090b0ff939975,U0-2pi,pennylane,,,,0,val_full,600,val,0.81,0.8324019547817568,0.8058230377906976,0.8197619318962097,0.8421862125396729,0.0263739652107231,0.1582274380674968,70,40,1018.0718539170002,unknown,56488e26fdba,0.03,0.001 0.003 0.01 0.03,0.0716666666666667,30,300,1.0,,,False,,
a7_20260822T081428Z,2026-08-22T09:05:33+00:00,hyperplanes_n_features20_n_hyperplanes3_dim_hyperplanes5_seed33,5d05157a8a23e9156d9012fe5bfc8926359e808f10eae8c6681f7702f3b4462c,536dc33fc72f70f24b5e4a66498bcb9f9e3efe2f2c171de6faeab9c91f3265a1,A,L1,2.0,linear,35,35.0,6,8,0xe2c241f58beaa0b8,U0-2pi,pennylane,,,,0,test_full,1200,test,0.8183333333333334,0.85455139135798,0.817815118559458,0.8557142615318298,1.3752247095108032,0.021255545662589,0.0509318302696927,81,51,1300.5575123390004,unknown,56488e26fdba,0.03,0.001 0.003 0.01 0.03,0.0716666666666667,30,300,1.0,,,False,,
a7_20260822T081428Z,2026-08-22T09:05:33+00:00,hyperplanes_n_features20_n_hyperplanes3_dim_hyperplanes5_seed33,5d05157a8a23e9156d9012fe5bfc8926359e808f10eae8c6681f7702f3b4462c,536dc33fc72f70f24b5e4a66498bcb9f9e3efe2f2c171de6faeab9c91f3265a1,A,L1,2.0,linear,35,35.0,6,8,0xe2c241f58beaa0b8,U0-2pi,pennylane,,,,0,val_full,600,val,0.8416666666666667,0.8528236354933152,0.8375952703183988,0.8557142615318298,1.3752247095108032,0.021255545662589,0.0509318302696927,81,51,1300.5575123390004,unknown,56488e26fdba,0.03,0.001 0.003 0.01 0.03,0.0716666666666667,30,300,1.0,,,False,,
a7_20260822T081428Z,2026-08-22T09:06:08+00:00,hyperplanes_n_features20_n_hyperplanes3_dim_hyperplanes5_seed33,5d05157a8a23e9156d9012fe5bfc8926359e808f10eae8c6681f7702f3b4462c,536dc33fc72f70f24b5e4a66498bcb9f9e3efe2f2c171de6faeab9c91f3265a1,F,product,2.0,h2,35,20.0,15,2,0x499fbb627c0f5f7c,U0-2pi,pennylane,,,,0,test_full,1200,test,0.83,0.8883062299236156,0.8292787025181392,0.8547618985176086,0.7287525534629822,0.0071307863040981,0.2444758657571014,209,179,3064.1217252660003,unknown,56488e26fdba,0.03,0.001 0.003 0.01 0.03,0.0716666666666667,30,300,1.0,,,False,,
a7_20260822T081428Z,2026-08-22T09:06:08+00:00,hyperplanes_n_features20_n_hyperplanes3_dim_hyperplanes5_seed33,5d05157a8a23e9156d9012fe5bfc8926359e808f10eae8c6681f7702f3b4462c,536dc33fc72f70f24b5e4a66498bcb9f9e3efe2f2c171de6faeab9c91f3265a1,F,product,2.0,h2,35,20.0,15,2,0x499fbb627c0f5f7c,U0-2pi,pennylane,,,,0,val_full,600,val,0.8533333333333334,0.8896706036891495,0.849480021893815,0.8547618985176086,0.7287525534629822,0.0071307863040981,0.2444758657571014,209,179,3064.1217252660003,unknown,56488e26fdba,0.03,0.001 0.003 0.01 0.03,0.0716666666666667,30,300,1.0,,,False,,
a7_20260822T081428Z,2026-08-22T09:06:48+00:00,hyperplanes_n_features20_n_hyperplanes3_dim_hyperplanes5_seed33,5d05157a8a23e9156d9012fe5bfc8926359e808f10eae8c6681f7702f3b4462c,536dc33fc72f70f24b5e4a66498bcb9f9e3efe2f2c171de6faeab9c91f3265a1,A,L2,2.0,h42,35,35.0,295,4,0xc9f964aa2896fb2f,U0-2pi,pennylane,,,,0,test_full,1200,test,0.9016666666666666,0.9709086037860118,0.901587663429809,0.927142858505249,0.9886410236358644,0.0054777300952671,0.1645141261003246,189,159,3092.101555562,unknown,56488e26fdba,0.01,0.001 0.003 0.01 0.03,0.0716666666666667,30,300,1.0,,,False,,
a7_20260822T081428Z,2026-08-22T09:06:48+00:00,hyperplanes_n_features20_n_hyperplanes3_dim_hyperplanes5_seed33,5d05157a8a23e9156d9012fe5bfc8926359e808f10eae8c6681f7702f3b4462c,536dc33fc72f70f24b5e4a66498bcb9f9e3efe2f2c171de6faeab9c91f3265a1,A,L2,2.0,h42,35,35.0,295,4,0xc9f964aa2896fb2f,U0-2pi,pennylane,,,,0,val_full,600,val,0.92,0.9710901581859268,0.9197422835549708,0.927142858505249,0.9886410236358644,0.0054777300952671,0.1645141261003246,189,159,3092.101555562,unknown,56488e26fdba,0.01,0.001 0.003 0.01 0.03,0.0716666666666667,30,300,1.0,,,False,,
a7_20260822T081428Z,2026-08-22T09:08:30+00:00,hyperplanes_n_features20_n_hyperplanes3_dim_hyperplanes5_seed33,5d05157a8a23e9156d9012fe5bfc8926359e808f10eae8c6681f7702f3b4462c,536dc33fc72f70f24b5e4a66498bcb9f9e3efe2f2c171de6faeab9c91f3265a1,F,product,2.0,linear,35,20.0,6,9,0x7545af47d8de3bdf,U0-2pi,pennylane,,,,0,test_full,1200,test,0.7916666666666666,0.8317058263725898,0.791304347826087,0.8114285469055176,0.7720003724098206,0.0074337592572973,0.0306605484710382,68,38,973.0966654050007,unknown,56488e26fdba,0.03,0.001 0.003 0.01 0.03,0.0716666666666667,30,300,1.0,,,False,,
a7_20260822T081428Z,2026-08-22T09:08:30+00:00,hyperplanes_n_features20_n_hyperplanes3_dim_hyperplanes5_seed33,5d05157a8a23e9156d9012fe5bfc8926359e808f10eae8c6681f7702f3b4462c,536dc33fc72f70f24b5e4a66498bcb9f9e3efe2f2c171de6faeab9c91f3265a1,F,product,2.0,linear,35,20.0,6,9,0x7545af47d8de3bdf,U0-2pi,pennylane,,,,0,val_full,600,val,0.7983333333333333,0.828511315692801,0.7943989283822934,0.8114285469055176,0.7720003724098206,0.0074337592572973,0.0306605484710382,68,38,973.0966654050007,unknown,56488e26fdba,0.03,0.001 0.003 0.01 0.03,0.0716666666666667,30,300,1.0,,,False,,
a7_20260822T081428Z,2026-08-22T09:08:38+00:00,hyperplanes_n_features20_n_hyperplanes3_dim_hyperplanes5_seed33,5d05157a8a23e9156d9012fe5bfc8926359e808f10eae8c6681f7702f3b4462c,536dc33fc72f70f24b5e4a66498bcb9f9e3efe2f2c171de6faeab9c91f3265a1,A,L1,2.0,linear,35,35.0,6,10,0x7a100d81f77e2599,U0-2pi,pennylane,,,,0,test_full,1200,test,0.8191666666666667,0.8532397109837881,0.8190750734225869,0.8504762053489685,1.0615066289901731,0.0273821514159735,0.106429111074026,55,25,858.4044656440001,unknown,56488e26fdba,0.03,0.001 0.003 0.01 0.03,0.0716666666666667,30,300,1.0,,,False,,
a7_20260822T081428Z,2026-08-22T09:08:38+00:00,hyperplanes_n_features20_n_hyperplanes3_dim_hyperplanes5_seed33,5d05157a8a23e9156d9012fe5bfc8926359e808f10eae8c6681f7702f3b4462c,536dc33fc72f70f24b5e4a66498bcb9f9e3efe2f2c171de6faeab9c91f3265a1,A,L1,2.0,linear,35,35.0,6,10,0x7a100d81f77e2599,U0-2pi,pennylane,,,,0,val_full,600,val,0.84,0.8491723347174139,0.8364825581395349,0.8504762053489685,1.0615066289901731,0.0273821514159735,0.106429111074026,55,25,858.4044656440001,unknown,56488e26fdba,0.03,0.001 0.003 0.01 0.03,0.0716666666666667,30,300,1.0,,,False,,
a7_20260822T081428Z,2026-08-22T09:09:23+00:00,hyperplanes_n_features20_n_hyperplanes3_dim_hyperplanes5_seed33,5d05157a8a23e9156d9012fe5bfc8926359e808f10eae8c6681f7702f3b4462c,536dc33fc72f70f24b5e4a66498bcb9f9e3efe2f2c171de6faeab9c91f3265a1,A,L2,2.0,h2,35,35.0,15,9,0x37a73ff05100a2cc,U0-2pi,pennylane,,,,0,test_full,1200,test,0.8258333333333333,0.8548751252375677,0.8257315557210843,0.857619047164917,0.8553946614265442,0.0329590876382296,0.0737404530026342,68,38,1070.8022979079997,unknown,56488e26fdba,0.01,0.001 0.003 0.01 0.03,0.0716666666666667,30,300,1.0,,,False,,
a7_20260822T081428Z,2026-08-22T09:09:23+00:00,hyperplanes_n_features20_n_hyperplanes3_dim_hyperplanes5_seed33,5d05157a8a23e9156d9012fe5bfc8926359e808f10eae8c6681f7702f3b4462c,536dc33fc72f70f24b5e4a66498bcb9f9e3efe2f2c171de6faeab9c91f3265a1,A,L2,2.0,h2,35,35.0,15,9,0x37a73ff05100a2cc,U0-2pi,pennylane,,,,0,val_full,600,val,0.8366666666666667,0.8503078002026027,0.8337104072398189,0.857619047164917,0.8553946614265442,0.0329590876382296,0.0737404530026342,68,38,1070.8022979079997,unknown,56488e26fdba,0.01,0.001 0.003 0.01 0.03,0.0716666666666667,30,300,1.0,,,False,,
a7_20260822T081428Z,2026-08-22T09:09:24+00:00,hyperplanes_n_features20_n_hyperplanes3_dim_hyperplanes5_seed33,5d05157a8a23e9156d9012fe5bfc8926359e808f10eae8c6681f7702f3b4462c,536dc33fc72f70f24b5e4a66498bcb9f9e3efe2f2c171de6faeab9c91f3265a1,A,L1,2.0,h42,35,35.0,295,8,0xe2c241f58beaa0b8,U0-2pi,pennylane,,,,0,test_full,1200,test,0.8908333333333334,0.9643446202964396,0.8907604310932504,0.9169047474861144,0.879706084728241,0.0073419632878258,0.1026399082021404,93,63,1471.3880629659998,unknown,56488e26fdba,0.01,0.001 0.003 0.01 0.03,0.0716666666666667,30,300,1.0,,,False,,
a7_20260822T081428Z,2026-08-22T09:09:24+00:00,hyperplanes_n_features20_n_hyperplanes3_dim_hyperplanes5_seed33,5d05157a8a23e9156d9012fe5bfc8926359e808f10eae8c6681f7702f3b4462c,536dc33fc72f70f24b5e4a66498bcb9f9e3efe2f2c171de6faeab9c91f3265a1,A,L1,2.0,h42,35,35.0,295,8,0xe2c241f58beaa0b8,U0-2pi,pennylane,,,,0,val_full,600,val,0.9183333333333332,0.9716801549576426,0.9177389975909278,0.9169047474861144,0.879706084728241,0.0073419632878258,0.1026399082021404,93,63,1471.3880629659998,unknown,56488e26fdba,0.01,0.001 0.003 0.01 0.03,0.0716666666666667,30,300,1.0,,,False,,
a7_20260822T081428Z,2026-08-22T09:09:52+00:00,hyperplanes_n_features20_n_hyperplanes3_dim_hyperplanes5_seed33,5d05157a8a23e9156d9012fe5bfc8926359e808f10eae8c6681f7702f3b4462c,536dc33fc72f70f24b5e4a66498bcb9f9e3efe2f2c171de6faeab9c91f3265a1,A,L2,2.0,linear,35,35.0,6,9,0x37a73ff05100a2cc,U0-2pi,pennylane,,,,0,test_full,1200,test,0.8225,0.859379491458728,0.8223814642966591,0.8354762196540833,1.0909042358398438,0.0260156183788324,0.0772525908568556,72,42,1119.3722441479997,unknown,56488e26fdba,0.03,0.001 0.003 0.01 0.03,0.0716666666666667,30,300,1.0,,,False,,
a7_20260822T081428Z,2026-08-22T09:09:52+00:00,hyperplanes_n_features20_n_hyperplanes3_dim_hyperplanes5_seed33,5d05157a8a23e9156d9012fe5bfc8926359e808f10eae8c6681f7702f3b4462c,536dc33fc72f70f24b5e4a66498bcb9f9e3efe2f2c171de6faeab9c91f3265a1,A,L2,2.0,linear,35,35.0,6,9,0x37a73ff05100a2cc,U0-2pi,pennylane,,,,0,val_full,600,val,0.8266666666666667,0.8557513553227729,0.8236869765707117,0.8354762196540833,1.0909042358398438,0.0260156183788324,0.0772525908568556,72,42,1119.3722441479997,unknown,56488e26fdba,0.03,0.001 0.003 0.01 0.03,0.0716666666666667,30,300,1.0,,,False,,
a7_20260822T081428Z,2026-08-22T09:10:55+00:00,hyperplanes_n_features20_n_hyperplanes3_dim_hyperplanes5_seed33,5d05157a8a23e9156d9012fe5bfc8926359e808f10eae8c6681f7702f3b4462c,536dc33fc72f70f24b5e4a66498bcb9f9e3efe2f2c171de6faeab9c91f3265a1,A,L2,2.0,h4,35,35.0,29,8,0x3c7362638e9ada30,U0-2pi,pennylane,,,,0,test_full,1200,test,0.8466666666666667,0.9129462852932722,0.846594651378008,0.866190493106842,0.8165895938873291,0.007831929596387,0.129820606960676,92,62,1457.411209928,unknown,56488e26fdba,0.01,0.001 0.003 0.01 0.03,0.0716666666666667,30,300,1.0,,,False,,
a7_20260822T081428Z,2026-08-22T09:10:55+00:00,hyperplanes_n_features20_n_hyperplanes3_dim_hyperplanes5_seed33,5d05157a8a23e9156d9012fe5bfc8926359e808f10eae8c6681f7702f3b4462c,536dc33fc72f70f24b5e4a66498bcb9f9e3efe2f2c171de6faeab9c91f3265a1,A,L2,2.0,h4,35,35.0,29,8,0x3c7362638e9ada30,U0-2pi,pennylane,,,,0,val_full,600,val,0.8616666666666667,0.9152798031859826,0.8590987412255014,0.866190493106842,0.8165895938873291,0.007831929596387,0.129820606960676,92,62,1457.411209928,unknown,56488e26fdba,0.01,0.001 0.003 0.01 0.03,0.0716666666666667,30,300,1.0,,,False,,
a7_20260822T081428Z,2026-08-22T09:11:08+00:00,hyperplanes_n_features20_n_hyperplanes3_dim_hyperplanes5_seed33,5d05157a8a23e9156d9012fe5bfc8926359e808f10eae8c6681f7702f3b4462c,536dc33fc72f70f24b5e4a66498bcb9f9e3efe2f2c171de6faeab9c91f3265a1,F,product,2.0,h2,35,20.0,15,8,0x4d0090b0ff939975,U0-2pi,pennylane,,,,0,test_full,1200,test,0.8116666666666666,0.8451728766825093,0.8110952297366198,0.8252381086349487,0.6875020265579224,0.0263739652107231,0.3508449321200814,97,67,1379.8876927290005,unknown,56488e26fdba,0.01,0.001 0.003 0.01 0.03,0.0716666666666667,30,300,1.0,,,False,,
a7_20260822T081428Z,2026-08-22T09:11:08+00:00,hyperplanes_n_features20_n_hyperplanes3_dim_hyperplanes5_seed33,5d05157a8a23e9156d9012fe5bfc8926359e808f10eae8c6681f7702f3b4462c,536dc33fc72f70f24b5e4a66498bcb9f9e3efe2f2c171de6faeab9c91f3265a1,F,product,2.0,h2,35,20.0,15,8,0x4d0090b0ff939975,U0-2pi,pennylane,,,,0,val_full,600,val,0.8166666666666667,0.8303035700370696,0.8118500273672687,0.8252381086349487,0.6875020265579224,0.0263739652107231,0.3508449321200814,97,67,1379.8876927290005,unknown,56488e26fdba,0.01,0.001 0.003 0.01 0.03,0.0716666666666667,30,300,1.0,,,False,,
a7_20260822T081428Z,2026-08-22T09:12:47+00:00,hyperplanes_n_features20_n_hyperplanes3_dim_hyperplanes5_seed33,5d05157a8a23e9156d9012fe5bfc8926359e808f10eae8c6681f7702f3b4462c,536dc33fc72f70f24b5e4a66498bcb9f9e3efe2f2c171de6faeab9c91f3265a1,A,L1,2.0,linear,35,35.0,6,9,0x6714fd5b78bd8a7d,U0-2pi,pennylane,,,,0,test_full,1200,test,0.8241666666666667,0.8521122240238446,0.8237965169888133,0.8509523868560791,0.9395531415939332,0.0258281977233441,0.0412574467421648,88,58,1348.117384489,unknown,56488e26fdba,0.03,0.001 0.003 0.01 0.03,0.0716666666666667,30,300,1.0,,,False,,
a7_20260822T081428Z,2026-08-22T09:12:47+00:00,hyperplanes_n_features20_n_hyperplanes3_dim_hyperplanes5_seed33,5d05157a8a23e9156d9012fe5bfc8926359e808f10eae8c6681f7702f3b4462c,536dc33fc72f70f24b5e4a66498bcb9f9e3efe2f2c171de6faeab9c91f3265a1,A,L1,2.0,linear,35,35.0,6,9,0x6714fd5b78bd8a7d,U0-2pi,pennylane,,,,0,val_full,600,val,0.835,0.849472899110552,0.830571805893477,0.8509523868560791,0.9395531415939332,0.0258281977233441,0.0412574467421648,88,58,1348.117384489,unknown,56488e26fdba,0.03,0.001 0.003 0.01 0.03,0.0716666666666667,30,300,1.0,,,False,,
a7_20260822T081428Z,2026-08-22T09:12:58+00:00,hyperplanes_n_features20_n_hyperplanes3_dim_hyperplanes5_seed33,5d05157a8a23e9156d9012fe5bfc8926359e808f10eae8c6681f7702f3b4462c,536dc33fc72f70f24b5e4a66498bcb9f9e3efe2f2c171de6faeab9c91f3265a1,A,L2,2.0,h2,35,35.0,15,10,0xca03f308d3264644,U0-2pi,pennylane,,,,0,test_full,1200,test,0.8216666666666667,0.8604511622325357,0.8216423902142236,0.8478571176528931,0.7730830907821655,0.0037818392074208,0.3596159830362644,62,32,955.2941989729998,unknown,56488e26fdba,0.01,0.001 0.003 0.01 0.03,0.0716666666666667,30,300,1.0,,,False,,
a7_20260822T081428Z,2026-08-22T09:12:58+00:00,hyperplanes_n_features20_n_hyperplanes3_dim_hyperplanes5_seed33,5d05157a8a23e9156d9012fe5bfc8926359e808f10eae8c6681f7702f3b4462c,536dc33fc72f70f24b5e4a66498bcb9f9e3efe2f2c171de6faeab9c91f3265a1,A,L2,2.0,h2,35,35.0,15,10,0xca03f308d3264644,U0-2pi,pennylane,,,,0,val_full,600,val,0.8416666666666667,0.8577773819728156,0.8388733572856097,0.8478571176528931,0.7730830907821655,0.0037818392074208,0.3596159830362644,62,32,955.2941989729998,unknown,56488e26fdba,0.01,0.001 0.003 0.01 0.03,0.0716666666666667,30,300,1.0,,,False,,
a7_20260822T081428Z,2026-08-22T09:14:18+00:00,hyperplanes_n_features20_n_hyperplanes3_dim_hyperplanes5_seed33,5d05157a8a23e9156d9012fe5bfc8926359e808f10eae8c6681f7702f3b4462c,536dc33fc72f70f24b5e4a66498bcb9f9e3efe2f2c171de6faeab9c91f3265a1,F,product,2.0,h42,35,20.0,295,10,0xaf315250f59e947e,U0-2pi,pennylane,,,,0,test_full,1200,test,0.9066666666666666,0.9723654062441568,0.9066601847350512,0.9292857050895692,0.6253889203071594,0.0061708112046478,0.0319668526557498,70,40,959.1393091710006,unknown,56488e26fdba,0.01,0.001 0.003 0.01 0.03,0.0716666666666667,30,300,1.0,,,False,,
a7_20260822T081428Z,2026-08-22T09:14:18+00:00,hyperplanes_n_features20_n_hyperplanes3_dim_hyperplanes5_seed33,5d05157a8a23e9156d9012fe5bfc8926359e808f10eae8c6681f7702f3b4462c,536dc33fc72f70f24b5e4a66498bcb9f9e3efe2f2c171de6faeab9c91f3265a1,F,product,2.0,h42,35,20.0,295,10,0xaf315250f59e947e,U0-2pi,pennylane,,,,0,val_full,600,val,0.925,0.9755874920684396,0.9243644512921072,0.9292857050895692,0.6253889203071594,0.0061708112046478,0.0319668526557498,70,40,959.1393091710006,unknown,56488e26fdba,0.01,0.001 0.003 0.01 0.03,0.0716666666666667,30,300,1.0,,,False,,
a7_20260822T081428Z,2026-08-22T09:14:36+00:00,hyperplanes_n_features20_n_hyperplanes3_dim_hyperplanes5_seed33,5d05157a8a23e9156d9012fe5bfc8926359e808f10eae8c6681f7702f3b4462c,536dc33fc72f70f24b5e4a66498bcb9f9e3efe2f2c171de6faeab9c91f3265a1,F,product,2.0,linear,35,20.0,6,10,0xaf315250f59e947e,U0-2pi,pennylane,,,,0,test_full,1200,test,0.7933333333333333,0.8339496370552496,0.7924107142857143,0.8121428489685059,1.0378433465957642,0.0188838008298633,0.0467963360517725,75,45,1033.8054924839998,unknown,56488e26fdba,0.03,0.001 0.003 0.01 0.03,0.0716666666666667,30,300,1.0,,,False,,
a7_20260822T081428Z,2026-08-22T09:14:36+00:00,hyperplanes_n_features20_n_hyperplanes3_dim_hyperplanes5_seed33,5d05157a8a23e9156d9012fe5bfc8926359e808f10eae8c6681f7702f3b4462c,536dc33fc72f70f24b5e4a66498bcb9f9e3efe2f2c171de6faeab9c91f3265a1,F,product,2.0,linear,35,20.0,6,10,0xaf315250f59e947e,U0-2pi,pennylane,,,,0,val_full,600,val,0.7966666666666666,0.8309937549398314,0.7906154532660556,0.8121428489685059,1.0378433465957642,0.0188838008298633,0.0467963360517725,75,45,1033.8054924839998,unknown,56488e26fdba,0.03,0.001 0.003 0.01 0.03,0.0716666666666667,30,300,1.0,,,False,,
a7_20260822T081428Z,2026-08-22T09:16:19+00:00,hyperplanes_n_features20_n_hyperplanes3_dim_hyperplanes5_seed33,5d05157a8a23e9156d9012fe5bfc8926359e808f10eae8c6681f7702f3b4462c,536dc33fc72f70f24b5e4a66498bcb9f9e3efe2f2c171de6faeab9c91f3265a1,A,L2,2.0,h4,35,35.0,29,9,0x37a73ff05100a2cc,U0-2pi,pennylane,,,,0,test_full,1200,test,0.855,0.9076270027545288,0.8545863790336958,0.8764285445213318,0.8744494318962097,0.0284539139577902,0.2783426779246425,94,64,1463.683517636,unknown,56488e26fdba,0.01,0.001 0.003 0.01 0.03,0.0716666666666667,30,300,1.0,,,False,,
a7_20260822T081428Z,2026-08-22T09:16:19+00:00,hyperplanes_n_features20_n_hyperplanes3_dim_hyperplanes5_seed33,5d05157a8a23e9156d9012fe5bfc8926359e808f10eae8c6681f7702f3b4462c,536dc33fc72f70f24b5e4a66498bcb9f9e3efe2f2c171de6faeab9c91f3265a1,A,L2,2.0,h4,35,35.0,29,9,0x37a73ff05100a2cc,U0-2pi,pennylane,,,,0,val_full,600,val,0.8666666666666667,0.908672952544222,0.8635976129582268,0.8764285445213318,0.8744494318962097,0.0284539139577902,0.2783426779246425,94,64,1463.683517636,unknown,56488e26fdba,0.01,0.001 0.003 0.01 0.03,0.0716666666666667,30,300,1.0,,,False,,
a7_20260822T081428Z,2026-08-22T09:16:59+00:00,hyperplanes_n_features20_n_hyperplanes3_dim_hyperplanes5_seed33,5d05157a8a23e9156d9012fe5bfc8926359e808f10eae8c6681f7702f3b4462c,536dc33fc72f70f24b5e4a66498bcb9f9e3efe2f2c171de6faeab9c91f3265a1,F,product,2.0,h42,35,20.0,295,8,0x4d0090b0ff939975,U0-2pi,pennylane,,,,0,test_full,1200,test,0.9075,0.9767860481861136,0.9071175694927238,0.9492856860160828,0.7678730487823486,0.0121011729333077,0.0740837390077696,123,93,1676.141798169,unknown,56488e26fdba,0.01,0.001 0.003 0.01 0.03,0.0716666666666667,30,300,1.0,,,False,,
a7_20260822T081428Z,2026-08-22T09:16:59+00:00,hyperplanes_n_features20_n_hyperplanes3_dim_hyperplanes5_seed33,5d05157a8a23e9156d9012fe5bfc8926359e808f10eae8c6681f7702f3b4462c,536dc33fc72f70f24b5e4a66498bcb9f9e3efe2f2c171de6faeab9c91f3265a1,F,product,2.0,h42,35,20.0,295,8,0x4d0090b0ff939975,U0-2pi,pennylane,,,,0,val_full,600,val,0.9316666666666666,0.9790718126259308,0.9315066586108104,0.9492856860160828,0.7678730487823486,0.0121011729333077,0.0740837390077696,123,93,1676.141798169,unknown,56488e26fdba,0.01,0.001 0.003 0.01 0.03,0.0716666666666667,30,300,1.0,,,False,,
a7_20260822T081428Z,2026-08-22T09:17:06+00:00,hyperplanes_n_features20_n_hyperplanes3_dim_hyperplanes5_seed33,5d05157a8a23e9156d9012fe5bfc8926359e808f10eae8c6681f7702f3b4462c,536dc33fc72f70f24b5e4a66498bcb9f9e3efe2f2c171de6faeab9c91f3265a1,F,product,2.0,h2,35,20.0,15,10,0xaf315250f59e947e,U0-2pi,pennylane,,,,0,test_full,1200,test,0.8033333333333333,0.8546588375162913,0.802541304566093,0.8261904716491699,0.6481314897537231,0.0027261129505253,0.0808827652131114,86,56,1179.4140441159998,unknown,56488e26fdba,0.01,0.001 0.003 0.01 0.03,0.0716666666666667,30,300,1.0,,,False,,
a7_20260822T081428Z,2026-08-22T09:17:06+00:00,hyperplanes_n_features20_n_hyperplanes3_dim_hyperplanes5_seed33,5d05157a8a23e9156d9012fe5bfc8926359e808f10eae8c6681f7702f3b4462c,536dc33fc72f70f24b5e4a66498bcb9f9e3efe2f2c171de6faeab9c91f3265a1,F,product,2.0,h2,35,20.0,15,10,0xaf315250f59e947e,U0-2pi,pennylane,,,,0,val_full,600,val,0.815,0.8392926717948147,0.8104459642921181,0.8261904716491699,0.6481314897537231,0.0027261129505253,0.0808827652131114,86,56,1179.4140441159998,unknown,56488e26fdba,0.01,0.001 0.003 0.01 0.03,0.0716666666666667,30,300,1.0,,,False,,
a7_20260822T081428Z,2026-08-22T09:17:12+00:00,hyperplanes_n_features20_n_hyperplanes3_dim_hyperplanes5_seed33,5d05157a8a23e9156d9012fe5bfc8926359e808f10eae8c6681f7702f3b4462c,536dc33fc72f70f24b5e4a66498bcb9f9e3efe2f2c171de6faeab9c91f3265a1,A,L2,2.0,linear,35,35.0,6,8,0x3c7362638e9ada30,U0-2pi,pennylane,,,,0,test_full,1200,test,0.8233333333333334,0.8563793714539278,0.8227642095172276,0.8514285683631897,1.012751221656799,0.0070627232826099,0.0789325356084407,122,92,1926.988623597,unknown,56488e26fdba,0.03,0.001 0.003 0.01 0.03,0.0716666666666667,30,300,1.0,,,False,,
a7_20260822T081428Z,2026-08-22T09:17:12+00:00,hyperplanes_n_features20_n_hyperplanes3_dim_hyperplanes5_seed33,5d05157a8a23e9156d9012fe5bfc8926359e808f10eae8c6681f7702f3b4462c,536dc33fc72f70f24b5e4a66498bcb9f9e3efe2f2c171de6faeab9c91f3265a1,A,L2,2.0,linear,35,35.0,6,8,0x3c7362638e9ada30,U0-2pi,pennylane,,,,0,val_full,600,val,0.8483333333333334,0.8491612027028532,0.8442629730940041,0.8514285683631897,1.012751221656799,0.0070627232826099,0.0789325356084407,122,92,1926.988623597,unknown,56488e26fdba,0.03,0.001 0.003 0.01 0.03,0.0716666666666667,30,300,1.0,,,False,,
a7_20260822T081428Z,2026-08-22T09:17:25+00:00,hyperplanes_n_features20_n_hyperplanes3_dim_hyperplanes5_seed33,5d05157a8a23e9156d9012fe5bfc8926359e808f10eae8c6681f7702f3b4462c,536dc33fc72f70f24b5e4a66498bcb9f9e3efe2f2c171de6faeab9c91f3265a1,F,product,2.0,h42,35,20.0,295,7,0x9bb488a3f99e440c,U0-2pi,pennylane,,,,0,test_full,1200,test,0.9366666666666666,0.9885800083166116,0.9366215975805016,0.9609524011611938,0.6823786497116089,0.0051054980811249,0.1006970226730613,152,122,2093.27166078,unknown,56488e26fdba,0.01,0.001 0.003 0.01 0.03,0.0716666666666667,30,300,1.0,,,False,,
a7_20260822T081428Z,2026-08-22T09:17:25+00:00,hyperplanes_n_features20_n_hyperplanes3_dim_hyperplanes5_seed33,5d05157a8a23e9156d9012fe5bfc8926359e808f10eae8c6681f7702f3b4462c,536dc33fc72f70f24b5e4a66498bcb9f9e3efe2f2c171de6faeab9c91f3265a1,F,product,2.0,h42,35,20.0,295,7,0x9bb488a3f99e440c,U0-2pi,pennylane,,,,0,val_full,600,val,0.94,0.984270463425766,0.9396135265700484,0.9609524011611938,0.6823786497116089,0.0051054980811249,0.1006970226730613,152,122,2093.27166078,unknown,56488e26fdba,0.01,0.001 0.003 0.01 0.03,0.0716666666666667,30,300,1.0,,,False,,
a7_20260822T081428Z,2026-08-22T09:17:45+00:00,hyperplanes_n_features20_n_hyperplanes3_dim_hyperplanes5_seed33,5d05157a8a23e9156d9012fe5bfc8926359e808f10eae8c6681f7702f3b4462c,536dc33fc72f70f24b5e4a66498bcb9f9e3efe2f2c171de6faeab9c91f3265a1,A,L1,2.0,h4,35,35.0,29,9,0x6714fd5b78bd8a7d,U0-2pi,pennylane,,,,0,test_full,1200,test,0.8358333333333333,0.8961763121687658,0.835709088331384,0.8676190376281738,0.7820603847503662,0.0608631487878076,0.5775393450864437,106,76,1624.8769539719997,unknown,56488e26fdba,0.01,0.001 0.003 0.01 0.03,0.0716666666666667,30,300,1.0,,,False,,
a7_20260822T081428Z,2026-08-22T09:17:45+00:00,hyperplanes_n_features20_n_hyperplanes3_dim_hyperplanes5_seed33,5d05157a8a23e9156d9012fe5bfc8926359e808f10eae8c6681f7702f3b4462c,536dc33fc72f70f24b5e4a66498bcb9f9e3efe2f2c171de6faeab9c91f3265a1,A,L1,2.0,h4,35,35.0,29,9,0x6714fd5b78bd8a7d,U0-2pi,pennylane,,,,0,val_full,600,val,0.86,0.8979750865514132,0.8572011423908609,0.8676190376281738,0.7820603847503662,0.0608631487878076,0.5775393450864437,106,76,1624.8769539719997,unknown,56488e26fdba,0.01,0.001 0.003 0.01 0.03,0.0716666666666667,30,300,1.0,,,False,,
a7_20260822T081428Z,2026-08-22T09:17:53+00:00,hyperplanes_n_features20_n_hyperplanes3_dim_hyperplanes5_seed33,5d05157a8a23e9156d9012fe5bfc8926359e808f10eae8c6681f7702f3b4462c,536dc33fc72f70f24b5e4a66498bcb9f9e3efe2f2c171de6faeab9c91f3265a1,A,L1,2.0,h2,35,35.0,15,10,0x7a100d81f77e2599,U0-2pi,pennylane,,,,0,test_full,1200,test,0.8275,0.8620977397235425,0.8274989218682616,0.8497619032859802,1.3887388706207275,0.0019098548099557,0.2030194186489102,89,59,1349.464381721,unknown,56488e26fdba,0.03,0.001 0.003 0.01 0.03,0.0716666666666667,30,300,1.0,,,False,,
a7_20260822T081428Z,2026-08-22T09:17:53+00:00,hyperplanes_n_features20_n_hyperplanes3_dim_hyperplanes5_seed33,5d05157a8a23e9156d9012fe5bfc8926359e808f10eae8c6681f7702f3b4462c,536dc33fc72f70f24b5e4a66498bcb9f9e3efe2f2c171de6faeab9c91f3265a1,A,L1,2.0,h2,35,35.0,15,10,0x7a100d81f77e2599,U0-2pi,pennylane,,,,0,val_full,600,val,0.8483333333333334,0.8590352996181719,0.845925925925926,0.8497619032859802,1.3887388706207275,0.0019098548099557,0.2030194186489102,89,59,1349.464381721,unknown,56488e26fdba,0.03,0.001 0.003 0.01 0.03,0.0716666666666667,30,300,1.0,,,False,,
a7_20260822T081428Z,2026-08-22T09:18:40+00:00,hyperplanes_n_features20_n_hyperplanes3_dim_hyperplanes5_seed33,5d05157a8a23e9156d9012fe5bfc8926359e808f10eae8c6681f7702f3b4462c,536dc33fc72f70f24b5e4a66498bcb9f9e3efe2f2c171de6faeab9c91f3265a1,A,L2,2.0,linear,35,35.0,6,10,0xca03f308d3264644,U0-2pi,pennylane,,,,0,test_full,1200,test,0.8125,0.8469938797551901,0.8119817747667006,0.848809540271759,0.9372880458831788,0.0045607729166592,0.0609230498296526,85,55,1297.9844697970002,unknown,56488e26fdba,0.03,0.001 0.003 0.01 0.03,0.0716666666666667,30,300,1.0,,,False,,
a7_20260822T081428Z,2026-08-22T09:18:40+00:00,hyperplanes_n_features20_n_hyperplanes3_dim_hyperplanes5_seed33,5d05157a8a23e9156d9012fe5bfc8926359e808f10eae8c6681f7702f3b4462c,536dc33fc72f70f24b5e4a66498bcb9f9e3efe2f2c171de6faeab9c91f3265a1,A,L2,2.0,linear,35,35.0,6,10,0xca03f308d3264644,U0-2pi,pennylane,,,,0,val_full,600,val,0.8416666666666667,0.8428382184323897,0.8374173894937406,0.848809540271759,0.9372880458831788,0.0045607729166592,0.0609230498296526,85,55,1297.9844697970002,unknown,56488e26fdba,0.03,0.001 0.003 0.01 0.03,0.0716666666666667,30,300,1.0,,,False,,
a7_20260822T081428Z,2026-08-22T09:19:53+00:00,hyperplanes_n_features20_n_hyperplanes3_dim_hyperplanes5_seed33,5d05157a8a23e9156d9012fe5bfc8926359e808f10eae8c6681f7702f3b4462c,536dc33fc72f70f24b5e4a66498bcb9f9e3efe2f2c171de6faeab9c91f3265a1,A,L1,2.0,h4,35,35.0,29,5,0x2560fc84838de57f,U0-2pi,pennylane,,,,0,test_full,1200,test,0.8525,0.9276064065818448,0.8520107104112974,0.8830952644348145,0.8699023723602295,0.0022366787233656,0.5616685994286146,243,213,3866.467826086,unknown,56488e26fdba,0.01,0.001 0.003 0.01 0.03,0.0716666666666667,30,300,1.0,,,False,,
a7_20260822T081428Z,2026-08-22T09:19:53+00:00,hyperplanes_n_features20_n_hyperplanes3_dim_hyperplanes5_seed33,5d05157a8a23e9156d9012fe5bfc8926359e808f10eae8c6681f7702f3b4462c,536dc33fc72f70f24b5e4a66498bcb9f9e3efe2f2c171de6faeab9c91f3265a1,A,L1,2.0,h4,35,35.0,29,5,0x2560fc84838de57f,U0-2pi,pennylane,,,,0,val_full,600,val,0.87,0.9418908839932764,0.867007672634271,0.8830952644348145,0.8699023723602295,0.0022366787233656,0.5616685994286146,243,213,3866.467826086,unknown,56488e26fdba,0.01,0.001 0.003 0.01 0.03,0.0716666666666667,30,300,1.0,,,False,,
a7_20260822T081428Z,2026-08-22T09:21:53+00:00,hyperplanes_n_features20_n_hyperplanes3_dim_hyperplanes5_seed33,5d05157a8a23e9156d9012fe5bfc8926359e808f10eae8c6681f7702f3b4462c,536dc33fc72f70f24b5e4a66498bcb9f9e3efe2f2c171de6faeab9c91f3265a1,A,L1,2.0,h4,35,35.0,29,6,0x7f041defed10b1c8,U0-2pi,pennylane,,,,0,test_full,1200,test,0.8608333333333333,0.9409046129287032,0.8607280088900564,0.885952353477478,1.173678636550903,0.0131991077168278,0.5638502059338335,202,172,3194.05951161,unknown,56488e26fdba,0.01,0.001 0.003 0.01 0.03,0.0716666666666667,30,300,1.0,,,False,,
a7_20260822T081428Z,2026-08-22T09:21:53+00:00,hyperplanes_n_features20_n_hyperplanes3_dim_hyperplanes5_seed33,5d05157a8a23e9156d9012fe5bfc8926359e808f10eae8c6681f7702f3b4462c,536dc33fc72f70f24b5e4a66498bcb9f9e3efe2f2c171de6faeab9c91f3265a1,A,L1,2.0,h4,35,35.0,29,6,0x7f041defed10b1c8,U0-2pi,pennylane,,,,0,val_full,600,val,0.8783333333333333,0.94145673542541,0.8760747964995375,0.885952353477478,1.173678636550903,0.0131991077168278,0.5638502059338335,202,172,3194.05951161,unknown,56488e26fdba,0.01,0.001 0.003 0.01 0.03,0.0716666666666667,30,300,1.0,,,False,,
a7_20260822T081428Z,2026-08-22T09:22:48+00:00,hyperplanes_n_features20_n_hyperplanes3_dim_hyperplanes5_seed33,5d05157a8a23e9156d9012fe5bfc8926359e808f10eae8c6681f7702f3b4462c,536dc33fc72f70f24b5e4a66498bcb9f9e3efe2f2c171de6faeab9c91f3265a1,A,L1,2.0,h4,35,35.0,29,10,0x7a100d81f77e2599,U0-2pi,pennylane,,,,0,test_full,1200,test,0.8458333333333333,0.895901417452047,0.845351237294594,0.8676190376281738,0.8858518600463867,0.0314842257780593,0.1102481759928993,107,77,1630.3567473209996,unknown,56488e26fdba,0.01,0.001 0.003 0.01 0.03,0.0716666666666667,30,300,1.0,,,False,,
a7_20260822T081428Z,2026-08-22T09:22:48+00:00,hyperplanes_n_features20_n_hyperplanes3_dim_hyperplanes5_seed33,5d05157a8a23e9156d9012fe5bfc8926359e808f10eae8c6681f7702f3b4462c,536dc33fc72f70f24b5e4a66498bcb9f9e3efe2f2c171de6faeab9c91f3265a1,A,L1,2.0,h4,35,35.0,29,10,0x7a100d81f77e2599,U0-2pi,pennylane,,,,0,val_full,600,val,0.855,0.8956039674499895,0.8509418930379584,0.8676190376281738,0.8858518600463867,0.0314842257780593,0.1102481759928993,107,77,1630.3567473209996,unknown,56488e26fdba,0.01,0.001 0.003 0.01 0.03,0.0716666666666667,30,300,1.0,,,False,,
a7_20260822T081428Z,2026-08-22T09:23:32+00:00,hyperplanes_n_features20_n_hyperplanes3_dim_hyperplanes5_seed33,5d05157a8a23e9156d9012fe5bfc8926359e808f10eae8c6681f7702f3b4462c,536dc33fc72f70f24b5e4a66498bcb9f9e3efe2f2c171de6faeab9c91f3265a1,F,product,2.0,h4,35,20.0,29,9,0x7545af47d8de3bdf,U0-2pi,pennylane,,,,0,test_full,1200,test,0.8425,0.9062734602407352,0.8421183430222643,0.8604761958122253,0.7129071950912476,0.0655185626068726,0.0958986131009003,132,102,1806.50081302,unknown,56488e26fdba,0.01,0.001 0.003 0.01 0.03,0.0716666666666667,30,300,1.0,,,False,,
a7_20260822T081428Z,2026-08-22T09:23:32+00:00,hyperplanes_n_features20_n_hyperplanes3_dim_hyperplanes5_seed33,5d05157a8a23e9156d9012fe5bfc8926359e808f10eae8c6681f7702f3b4462c,536dc33fc72f70f24b5e4a66498bcb9f9e3efe2f2c171de6faeab9c91f3265a1,F,product,2.0,h4,35,20.0,29,9,0x7545af47d8de3bdf,U0-2pi,pennylane,,,,0,val_full,600,val,0.8516666666666667,0.9028787389653908,0.8481742527415352,0.8604761958122253,0.7129071950912476,0.0655185626068726,0.0958986131009003,132,102,1806.50081302,unknown,56488e26fdba,0.01,0.001 0.003 0.01 0.03,0.0716666666666667,30,300,1.0,,,False,,
a7_20260822T081428Z,2026-08-22T09:23:41+00:00,hyperplanes_n_features20_n_hyperplanes3_dim_hyperplanes5_seed33,5d05157a8a23e9156d9012fe5bfc8926359e808f10eae8c6681f7702f3b4462c,536dc33fc72f70f24b5e4a66498bcb9f9e3efe2f2c171de6faeab9c91f3265a1,F,product,2.0,h4,35,20.0,29,10,0xaf315250f59e947e,U0-2pi,pennylane,,,,0,test_full,1200,test,0.8275,0.8971028608586205,0.8266301408106647,0.8557142615318298,0.7457227110862732,0.0299362031295056,0.1445685788306142,116,86,1545.7040959729993,unknown,56488e26fdba,0.01,0.001 0.003 0.01 0.03,0.0716666666666667,30,300,1.0,,,False,,
a7_20260822T081428Z,2026-08-22T09:23:41+00:00,hyperplanes_n_features20_n_hyperplanes3_dim_hyperplanes5_seed33,5d05157a8a23e9156d9012fe5bfc8926359e808f10eae8c6681f7702f3b4462c,536dc33fc72f70f24b5e4a66498bcb9f9e3efe2f2c171de6faeab9c91f3265a1,F,product,2.0,h4,35,20.0,29,10,0xaf315250f59e947e,U0-2pi,pennylane,,,,0,val_full,600,val,0.8516666666666667,0.8899155080094845,0.8476857648941358,0.8557142615318298,0.7457227110862732,0.0299362031295056,0.1445685788306142,116,86,1545.7040959729993,unknown,56488e26fdba,0.01,0.001 0.003 0.01 0.03,0.0716666666666667,30,300,1.0,,,False,,
a7_20260822T081428Z,2026-08-22T09:23:55+00:00,hyperplanes_n_features20_n_hyperplanes3_dim_hyperplanes5_seed33,5d05157a8a23e9156d9012fe5bfc8926359e808f10eae8c6681f7702f3b4462c,536dc33fc72f70f24b5e4a66498bcb9f9e3efe2f2c171de6faeab9c91f3265a1,A,L2,2.0,h4,35,35.0,29,7,0x93234eaab96b5658,U0-2pi,pennylane,,,,0,test_full,1200,test,0.84,0.8676095881044545,0.8393556376130925,0.8733333349227905,0.7273836731910706,0.0021479546139793,0.1431631878342216,175,145,2707.0351355270004,unknown,56488e26fdba,0.01,0.001 0.003 0.01 0.03,0.0716666666666667,30,300,1.0,,,False,,
a7_20260822T081428Z,2026-08-22T09:23:55+00:00,hyperplanes_n_features20_n_hyperplanes3_dim_hyperplanes5_seed33,5d05157a8a23e9156d9012fe5bfc8926359e808f10eae8c6681f7702f3b4462c,536dc33fc72f70f24b5e4a66498bcb9f9e3efe2f2c171de6faeab9c91f3265a1,A,L2,2.0,h4,35,35.0,29,7,0x93234eaab96b5658,U0-2pi,pennylane,,,,0,val_full,600,val,0.8616666666666667,0.8661152608787612,0.8572963679346659,0.8733333349227905,0.7273836731910706,0.0021479546139793,0.1431631878342216,175,145,2707.0351355270004,unknown,56488e26fdba,0.01,0.001 0.003 0.01 0.03,0.0716666666666667,30,300,1.0,,,False,,
a7_20260822T081428Z,2026-08-22T09:24:05+00:00,hyperplanes_n_features20_n_hyperplanes3_dim_hyperplanes5_seed33,5d05157a8a23e9156d9012fe5bfc8926359e808f10eae8c6681f7702f3b4462c,536dc33fc72f70f24b5e4a66498bcb9f9e3efe2f2c171de6faeab9c91f3265a1,A,L2,2.0,h42,35,35.0,295,6,0xfed8b00a5c8d996d,U0-2pi,pennylane,,,,0,test_full,1200,test,0.92,0.982490462409194,0.9199499687304564,0.9528571367263794,0.8208293914794922,0.0026139898092573,0.0269733762556474,197,167,3096.322482001,unknown,56488e26fdba,0.01,0.001 0.003 0.01 0.03,0.0716666666666667,30,300,1.0,,,False,,
a7_20260822T081428Z,2026-08-22T09:24:05+00:00,hyperplanes_n_features20_n_hyperplanes3_dim_hyperplanes5_seed33,5d05157a8a23e9156d9012fe5bfc8926359e808f10eae8c6681f7702f3b4462c,536dc33fc72f70f24b5e4a66498bcb9f9e3efe2f2c171de6faeab9c91f3265a1,A,L2,2.0,h42,35,35.0,295,6,0xfed8b00a5c8d996d,U0-2pi,pennylane,,,,0,val_full,600,val,0.9466666666666668,0.9892019458761452,0.946451879204364,0.9528571367263794,0.8208293914794922,0.0026139898092573,0.0269733762556474,197,167,3096.322482001,unknown,56488e26fdba,0.01,0.001 0.003 0.01 0.03,0.0716666666666667,30,300,1.0,,,False,,
a7_20260822T081428Z,2026-08-22T09:25:06+00:00,hyperplanes_n_features20_n_hyperplanes3_dim_hyperplanes5_seed33,5d05157a8a23e9156d9012fe5bfc8926359e808f10eae8c6681f7702f3b4462c,536dc33fc72f70f24b5e4a66498bcb9f9e3efe2f2c171de6faeab9c91f3265a1,F,product,2.0,h2,35,20.0,15,3,0xa27b3263a781f0fe,U0-2pi,pennylane,,,,0,test_full,1200,test,0.8341666666666666,0.8949106801481364,0.833407630181682,0.8588095307350159,0.9920138120651244,0.0041906849516122,0.2674879994177515,300,276,4202.326352664,unknown,56488e26fdba,0.01,0.001 0.003 0.01 0.03,0.0716666666666667,30,300,1.0,,,False,,
a7_20260822T081428Z,2026-08-22T09:25:06+00:00,hyperplanes_n_features20_n_hyperplanes3_dim_hyperplanes5_seed33,5d05157a8a23e9156d9012fe5bfc8926359e808f10eae8c6681f7702f3b4462c,536dc33fc72f70f24b5e4a66498bcb9f9e3efe2f2c171de6faeab9c91f3265a1,F,product,2.0,h2,35,20.0,15,3,0xa27b3263a781f0fe,U0-2pi,pennylane,,,,0,val_full,600,val,0.8566666666666667,0.8909841814073093,0.8529009304871373,0.8588095307350159,0.9920138120651244,0.0041906849516122,0.2674879994177515,300,276,4202.326352664,unknown,56488e26fdba,0.01,0.001 0.003 0.01 0.03,0.0716666666666667,30,300,1.0,,,False,,
a7_20260822T081428Z,2026-08-22T09:27:13+00:00,hyperplanes_n_features20_n_hyperplanes3_dim_hyperplanes5_seed33,5d05157a8a23e9156d9012fe5bfc8926359e808f10eae8c6681f7702f3b4462c,536dc33fc72f70f24b5e4a66498bcb9f9e3efe2f2c171de6faeab9c91f3265a1,F,product,2.0,h4,35,20.0,29,7,0x9bb488a3f99e440c,U0-2pi,pennylane,,,,0,test_full,1200,test,0.8233333333333334,0.9126434824834854,0.8225045280881003,0.8535714149475098,0.6316078305244446,0.0035483392342807,0.1116400660944966,200,170,2701.713089767,unknown,56488e26fdba,0.01,0.001 0.003 0.01 0.03,0.0716666666666667,30,300,1.0,,,False,,
a7_20260822T081428Z,2026-08-22T09:27:13+00:00,hyperplanes_n_features20_n_hyperplanes3_dim_hyperplanes5_seed33,5d05157a8a23e9156d9012fe5bfc8926359e808f10eae8c6681f7702f3b4462c,536dc33fc72f70f24b5e4a66498bcb9f9e3efe2f2c171de6faeab9c91f3265a1,F,product,2.0,h4,35,20.0,29,7,0x9bb488a3f99e440c,U0-2pi,pennylane,,,,0,val_full,600,val,0.8533333333333334,0.9057674967438856,0.8493133483258941,0.8535714149475098,0.6316078305244446,0.0035483392342807,0.1116400660944966,200,170,2701.713089767,unknown,56488e26fdba,0.01,0.001 0.003 0.01 0.03,0.0716666666666667,30,300,1.0,,,False,,
a7_20260822T081428Z,2026-08-22T09:29:27+00:00,hyperplanes_n_features20_n_hyperplanes3_dim_hyperplanes5_seed33,5d05157a8a23e9156d9012fe5bfc8926359e808f10eae8c6681f7702f3b4462c,536dc33fc72f70f24b5e4a66498bcb9f9e3efe2f2c171de6faeab9c91f3265a1,A,L1,2.0,h42,35,35.0,295,10,0x7a100d81f77e2599,U0-2pi,pennylane,,,,0,test_full,1200,test,0.9075,0.975834382212498,0.9074021935669552,0.9342857003211976,0.6190601587295532,0.0030267980401021,0.0891869881929265,135,105,2004.180251007,unknown,56488e26fdba,0.01,0.001 0.003 0.01 0.03,0.0716666666666667,30,300,1.0,,,False,,
a7_20260822T081428Z,2026-08-22T09:29:27+00:00,hyperplanes_n_features20_n_hyperplanes3_dim_hyperplanes5_seed33,5d05157a8a23e9156d9012fe5bfc8926359e808f10eae8c6681f7702f3b4462c,536dc33fc72f70f24b5e4a66498bcb9f9e3efe2f2c171de6faeab9c91f3265a1,A,L1,2.0,h42,35,35.0,295,10,0x7a100d81f77e2599,U0-2pi,pennylane,,,,0,val_full,600,val,0.9183333333333332,0.9800736939363917,0.9177389975909278,0.9342857003211976,0.6190601587295532,0.0030267980401021,0.0891869881929265,135,105,2004.180251007,unknown,56488e26fdba,0.01,0.001 0.003 0.01 0.03,0.0716666666666667,30,300,1.0,,,False,,
a7_20260822T081428Z,2026-08-22T09:29:32+00:00,hyperplanes_n_features20_n_hyperplanes3_dim_hyperplanes5_seed33,5d05157a8a23e9156d9012fe5bfc8926359e808f10eae8c6681f7702f3b4462c,536dc33fc72f70f24b5e4a66498bcb9f9e3efe2f2c171de6faeab9c91f3265a1,A,L2,2.0,h42,35,35.0,295,7,0x93234eaab96b5658,U0-2pi,pennylane,,,,0,test_full,1200,test,0.8925,0.9716314233964708,0.8920320639661199,0.932619035243988,0.6807487607002258,0.0043044923840758,0.1962676763970516,194,164,3003.33199321,unknown,56488e26fdba,0.01,0.001 0.003 0.01 0.03,0.0716666666666667,30,300,1.0,,,False,,
a7_20260822T081428Z,2026-08-22T09:29:32+00:00,hyperplanes_n_features20_n_hyperplanes3_dim_hyperplanes5_seed33,5d05157a8a23e9156d9012fe5bfc8926359e808f10eae8c6681f7702f3b4462c,536dc33fc72f70f24b5e4a66498bcb9f9e3efe2f2c171de6faeab9c91f3265a1,A,L2,2.0,h42,35,35.0,295,7,0x93234eaab96b5658,U0-2pi,pennylane,,,,0,val_full,600,val,0.9333333333333332,0.978003139228106,0.9330924662116956,0.932619035243988,0.6807487607002258,0.0043044923840758,0.1962676763970516,194,164,3003.33199321,unknown,56488e26fdba,0.01,0.001 0.003 0.01 0.03,0.0716666666666667,30,300,1.0,,,False,,
a7_20260822T081428Z,2026-08-22T09:30:24+00:00,hyperplanes_n_features20_n_hyperplanes3_dim_hyperplanes5_seed33,5d05157a8a23e9156d9012fe5bfc8926359e808f10eae8c6681f7702f3b4462c,536dc33fc72f70f24b5e4a66498bcb9f9e3efe2f2c171de6faeab9c91f3265a1,F,product,2.0,h42,35,20.0,295,9,0x7545af47d8de3bdf,U0-2pi,pennylane,,,,0,test_full,1200,test,0.9316666666666666,0.9868050535974928,0.9315906562847608,0.9640476107597352,0.7316311001777649,0.0189159548431588,0.0434925844964085,163,133,2201.264615068,unknown,56488e26fdba,0.01,0.001 0.003 0.01 0.03,0.0716666666666667,30,300,1.0,,,False,,
a7_20260822T081428Z,2026-08-22T09:30:24+00:00,hyperplanes_n_features20_n_hyperplanes3_dim_hyperplanes5_seed33,5d05157a8a23e9156d9012fe5bfc8926359e808f10eae8c6681f7702f3b4462c,536dc33fc72f70f24b5e4a66498bcb9f9e3efe2f2c171de6faeab9c91f3265a1,F,product,2.0,h42,35,20.0,295,9,0x7545af47d8de3bdf,U0-2pi,pennylane,,,,0,val_full,600,val,0.945,0.9881332724783204,0.94466043025118,0.9640476107597352,0.7316311001777649,0.0189159548431588,0.0434925844964085,163,133,2201.264615068,unknown,56488e26fdba,0.01,0.001 0.003 0.01 0.03,0.0716666666666667,30,300,1.0,,,False,,
a7_20260822T081428Z,2026-08-22T09:32:45+00:00,hyperplanes_n_features20_n_hyperplanes3_dim_hyperplanes5_seed33,5d05157a8a23e9156d9012fe5bfc8926359e808f10eae8c6681f7702f3b4462c,536dc33fc72f70f24b5e4a66498bcb9f9e3efe2f2c171de6faeab9c91f3265a1,F,product,2.0,h2,35,20.0,15,10,0xaf315250f59e947e,U0-2pi,pennylane,,,,0,test_full,1200,test,0.83,0.8939715728164012,0.8291628982011858,0.8588095307350159,0.929540753364563,0.0027261129505253,0.2061097054680566,155,125,2100.7201646920003,unknown,56488e26fdba,0.03,0.001 0.003 0.01 0.03,0.0716666666666667,30,300,1.0,,,False,,
a7_20260822T081428Z,2026-08-22T09:32:45+00:00,hyperplanes_n_features20_n_hyperplanes3_dim_hyperplanes5_seed33,5d05157a8a23e9156d9012fe5bfc8926359e808f10eae8c6681f7702f3b4462c,536dc33fc72f70f24b5e4a66498bcb9f9e3efe2f2c171de6faeab9c91f3265a1,F,product,2.0,h2,35,20.0,15,10,0xaf315250f59e947e,U0-2pi,pennylane,,,,0,val_full,600,val,0.85,0.8895370195144214,0.8462256951168114,0.8588095307350159,0.929540753364563,0.0027261129505253,0.2061097054680566,155,125,2100.7201646920003,unknown,56488e26fdba,0.03,0.001 0.003 0.01 0.03,0.0716666666666667,30,300,1.0,,,False,,
a7_20260822T081428Z,2026-08-22T09:35:32+00:00,hyperplanes_n_features20_n_hyperplanes3_dim_hyperplanes5_seed33,5d05157a8a23e9156d9012fe5bfc8926359e808f10eae8c6681f7702f3b4462c,536dc33fc72f70f24b5e4a66498bcb9f9e3efe2f2c171de6faeab9c91f3265a1,A,L1,2.0,h42,35,35.0,295,7,0xd86bbfc3a6142e24,U0-2pi,pennylane,,,,0,test_full,1200,test,0.9258333333333332,0.983037461033325,0.9257094641829884,0.95333331823349,0.880347490310669,0.0065854799502975,0.0228782155593063,229,199,3518.895587082,unknown,56488e26fdba,0.01,0.001 0.003 0.01 0.03,0.0716666666666667,30,300,1.0,,,False,,
a7_20260822T081428Z,2026-08-22T09:35:32+00:00,hyperplanes_n_features20_n_hyperplanes3_dim_hyperplanes5_seed33,5d05157a8a23e9156d9012fe5bfc8926359e808f10eae8c6681f7702f3b4462c,536dc33fc72f70f24b5e4a66498bcb9f9e3efe2f2c171de6faeab9c91f3265a1,A,L1,2.0,h42,35,35.0,295,7,0xd86bbfc3a6142e24,U0-2pi,pennylane,,,,0,val_full,600,val,0.95,0.986263094032127,0.9497043734841456,0.95333331823349,0.880347490310669,0.0065854799502975,0.0228782155593063,229,199,3518.895587082,unknown,56488e26fdba,0.01,0.001 0.003 0.01 0.03,0.0716666666666667,30,300,1.0,,,False,,
a7_20260822T081428Z,2026-08-22T09:36:29+00:00,hyperplanes_n_features20_n_hyperplanes3_dim_hyperplanes5_seed33,5d05157a8a23e9156d9012fe5bfc8926359e808f10eae8c6681f7702f3b4462c,536dc33fc72f70f24b5e4a66498bcb9f9e3efe2f2c171de6faeab9c91f3265a1,A,L2,2.0,h42,35,35.0,295,10,0xca03f308d3264644,U0-2pi,pennylane,,,,0,test_full,1200,test,0.8966666666666666,0.9679922080604154,0.8966666666666666,0.9228571653366088,0.6124587655067444,0.0026915852248762,0.0932496905877935,158,128,2351.731668455999,unknown,56488e26fdba,0.01,0.001 0.003 0.01 0.03,0.0716666666666667,30,300,1.0,,,False,,
a7_20260822T081428Z,2026-08-22T09:36:29+00:00,hyperplanes_n_features20_n_hyperplanes3_dim_hyperplanes5_seed33,5d05157a8a23e9156d9012fe5bfc8926359e808f10eae8c6681f7702f3b4462c,536dc33fc72f70f24b5e4a66498bcb9f9e3efe2f2c171de6faeab9c91f3265a1,A,L2,2.0,h42,35,35.0,295,10,0xca03f308d3264644,U0-2pi,pennylane,,,,0,val_full,600,val,0.9183333333333332,0.9722590197147978,0.9177389975909278,0.9228571653366088,0.6124587655067444,0.0026915852248762,0.0932496905877935,158,128,2351.731668455999,unknown,56488e26fdba,0.01,0.001 0.003 0.01 0.03,0.0716666666666667,30,300,1.0,,,False,,
a7_20260822T081428Z,2026-08-22T09:40:14+00:00,hyperplanes_n_features20_n_hyperplanes3_dim_hyperplanes5_seed33,5d05157a8a23e9156d9012fe5bfc8926359e808f10eae8c6681f7702f3b4462c,536dc33fc72f70f24b5e4a66498bcb9f9e3efe2f2c171de6faeab9c91f3265a1,A,L1,2.0,h4,35,35.0,29,8,0xe2c241f58beaa0b8,U0-2pi,pennylane,,,,0,test_full,1200,test,0.8483333333333334,0.9166273627689292,0.8480695652173913,0.880476176738739,1.0195040702819824,0.0027251703633073,0.1807857060687991,223,193,3322.703678741,unknown,56488e26fdba,0.01,0.001 0.003 0.01 0.03,0.0716666666666667,30,300,1.0,,,False,,
a7_20260822T081428Z,2026-08-22T09:40:14+00:00,hyperplanes_n_features20_n_hyperplanes3_dim_hyperplanes5_seed33,5d05157a8a23e9156d9012fe5bfc8926359e808f10eae8c6681f7702f3b4462c,536dc33fc72f70f24b5e4a66498bcb9f9e3efe2f2c171de6faeab9c91f3265a1,A,L1,2.0,h4,35,35.0,29,8,0xe2c241f58beaa0b8,U0-2pi,pennylane,,,,0,val_full,600,val,0.8683333333333333,0.9244692812058198,0.865505588327928,0.880476176738739,1.0195040702819824,0.0027251703633073,0.1807857060687991,223,193,3322.703678741,unknown,56488e26fdba,0.01,0.001 0.003 0.01 0.03,0.0716666666666667,30,300,1.0,,,False,,
a7_20260822T081428Z,2026-08-22T09:40:48+00:00,hyperplanes_n_features20_n_hyperplanes3_dim_hyperplanes5_seed33,5d05157a8a23e9156d9012fe5bfc8926359e808f10eae8c6681f7702f3b4462c,536dc33fc72f70f24b5e4a66498bcb9f9e3efe2f2c171de6faeab9c91f3265a1,F,product,2.0,h4,35,20.0,29,8,0x4d0090b0ff939975,U0-2pi,pennylane,,,,0,test_full,1200,test,0.8316666666666667,0.8929919987497175,0.8310919099714306,0.852142870426178,0.6933523416519165,0.00781700614165,0.052840014581231,234,204,3118.0705302610004,unknown,56488e26fdba,0.01,0.001 0.003 0.01 0.03,0.0716666666666667,30,300,1.0,,,False,,
a7_20260822T081428Z,2026-08-22T09:40:48+00:00,hyperplanes_n_features20_n_hyperplanes3_dim_hyperplanes5_seed33,5d05157a8a23e9156d9012fe5bfc8926359e808f10eae8c6681f7702f3b4462c,536dc33fc72f70f24b5e4a66498bcb9f9e3efe2f2c171de6faeab9c91f3265a1,F,product,2.0,h4,35,20.0,29,8,0x4d0090b0ff939975,U0-2pi,pennylane,,,,0,val_full,600,val,0.8516666666666667,0.8830247909964267,0.8475152698894057,0.852142870426178,0.6933523416519165,0.00781700614165,0.052840014581231,234,204,3118.0705302610004,unknown,56488e26fdba,0.01,0.001 0.003 0.01 0.03,0.0716666666666667,30,300,1.0,,,False,,
a7_20260822T081428Z,2026-08-22T09:41:03+00:00,hyperplanes_n_features20_n_hyperplanes3_dim_hyperplanes5_seed33,5d05157a8a23e9156d9012fe5bfc8926359e808f10eae8c6681f7702f3b4462c,536dc33fc72f70f24b5e4a66498bcb9f9e3efe2f2c171de6faeab9c91f3265a1,A,L2,2.0,h42,35,35.0,295,9,0x37a73ff05100a2cc,U0-2pi,pennylane,,,,0,test_full,1200,test,0.9366666666666666,0.9854905824139945,0.9364745020353236,0.9514285922050476,0.95364648103714,0.0133404866256221,0.2244433549213033,197,167,2933.101066824001,unknown,56488e26fdba,0.01,0.001 0.003 0.01 0.03,0.0716666666666667,30,300,1.0,,,False,,
a7_20260822T081428Z,2026-08-22T09:41:03+00:00,hyperplanes_n_features20_n_hyperplanes3_dim_hyperplanes5_seed33,5d05157a8a23e9156d9012fe5bfc8926359e808f10eae8c6681f7702f3b4462c,536dc33fc72f70f24b5e4a66498bcb9f9e3efe2f2c171de6faeab9c91f3265a1,A,L2,2.0,h42,35,35.0,295,9,0x37a73ff05100a2cc,U0-2pi,pennylane,,,,0,val_full,600,val,0.945,0.9832017900279412,0.9447666390499864,0.9514285922050476,0.95364648103714,0.0133404866256221,0.2244433549213033,197,167,2933.101066824001,unknown,56488e26fdba,0.01,0.001 0.003 0.01 0.03,0.0716666666666667,30,300,1.0,,,False,,
a7_20260822T081428Z,2026-08-22T09:43:09+00:00,hyperplanes_n_features20_n_hyperplanes3_dim_hyperplanes5_seed33,5d05157a8a23e9156d9012fe5bfc8926359e808f10eae8c6681f7702f3b4462c,536dc33fc72f70f24b5e4a66498bcb9f9e3efe2f2c171de6faeab9c91f3265a1,A,L1,2.0,h42,35,35.0,295,9,0x6714fd5b78bd8a7d,U0-2pi,pennylane,,,,0,test_full,1200,test,0.9133333333333332,0.976872563274624,0.9131441806601042,0.9383333325386048,1.158272624015808,0.0136701781394678,0.1749432863311764,210,180,3135.6367214950005,unknown,56488e26fdba,0.01,0.001 0.003 0.01 0.03,0.0716666666666667,30,300,1.0,,,False,,
a7_20260822T081428Z,2026-08-22T09:43:09+00:00,hyperplanes_n_features20_n_hyperplanes3_dim_hyperplanes5_seed33,5d05157a8a23e9156d9012fe5bfc8926359e808f10eae8c6681f7702f3b4462c,536dc33fc72f70f24b5e4a66498bcb9f9e3efe2f2c171de6faeab9c91f3265a1,A,L1,2.0,h42,35,35.0,295,9,0x6714fd5b78bd8a7d,U0-2pi,pennylane,,,,0,val_full,600,val,0.925,0.9776135187184825,0.924772436620778,0.9383333325386048,1.158272624015808,0.0136701781394678,0.1749432863311764,210,180,3135.6367214950005,unknown,56488e26fdba,0.01,0.001 0.003 0.01 0.03,0.0716666666666667,30,300,1.0,,,False,,
a7_20260822T081428Z,2026-08-22T09:46:03+00:00,hyperplanes_n_features20_n_hyperplanes3_dim_hyperplanes5_seed33,5d05157a8a23e9156d9012fe5bfc8926359e808f10eae8c6681f7702f3b4462c,536dc33fc72f70f24b5e4a66498bcb9f9e3efe2f2c171de6faeab9c91f3265a1,A,L2,2.0,h4,35,35.0,29,10,0xca03f308d3264644,U0-2pi,pennylane,,,,0,test_full,1200,test,0.8633333333333333,0.9514664307502532,0.8631657113297122,0.8892857432365417,1.0031630992889404,0.0223627831259632,0.3173426046107075,200,170,2938.8327419380003,unknown,56488e26fdba,0.01,0.001 0.003 0.01 0.03,0.0716666666666667,30,300,1.0,,,False,,
a7_20260822T081428Z,2026-08-22T09:46:03+00:00,hyperplanes_n_features20_n_hyperplanes3_dim_hyperplanes5_seed33,5d05157a8a23e9156d9012fe5bfc8926359e808f10eae8c6681f7702f3b4462c,536dc33fc72f70f24b5e4a66498bcb9f9e3efe2f2c171de6faeab9c91f3265a1,A,L2,2.0,h4,35,35.0,29,10,0xca03f308d3264644,U0-2pi,pennylane,,,,0,val_full,600,val,0.895,0.95052932729236,0.8944060339409177,0.8892857432365417,1.0031630992889404,0.0223627831259632,0.3173426046107075,200,170,2938.8327419380003,unknown,56488e26fdba,0.01,0.001 0.003 0.01 0.03,0.0716666666666667,30,300,1.0,,,False,,
a7_20260822T081428Z,2026-08-22T09:49:13+00:00,hyperplanes_n_features20_n_hyperplanes3_dim_hyperplanes5_seed33,5d05157a8a23e9156d9012fe5bfc8926359e808f10eae8c6681f7702f3b4462c,536dc33fc72f70f24b5e4a66498bcb9f9e3efe2f2c171de6faeab9c91f3265a1,A,L2,2.0,h42,35,35.0,295,8,0x3c7362638e9ada30,U0-2pi,pennylane,,,,0,test_full,1200,test,0.905,0.9758092649287368,0.904860197345544,0.932619035243988,0.9074735641479492,0.0086968312513434,0.197655521847322,250,220,3738.396582101,unknown,56488e26fdba,0.01,0.001 0.003 0.01 0.03,0.0716666666666667,30,300,1.0,,,False,,
a7_20260822T081428Z,2026-08-22T09:49:13+00:00,hyperplanes_n_features20_n_hyperplanes3_dim_hyperplanes5_seed33,5d05157a8a23e9156d9012fe5bfc8926359e808f10eae8c6681f7702f3b4462c,536dc33fc72f70f24b5e4a66498bcb9f9e3efe2f2c171de6faeab9c91f3265a1,A,L2,2.0,h42,35,35.0,295,8,0x3c7362638e9ada30,U0-2pi,pennylane,,,,0,val_full,600,val,0.9366666666666666,0.9790940766550522,0.9362922064132513,0.932619035243988,0.9074735641479492,0.008696831251343481,0.197655521847322,250,220,3738.396582101,unknown,56488e26fdba,0.01,0.001 0.003 0.01 0.03,0.0716666666666667,30,300,1.0,,,False,,
