run_id,timestamp_utc,dataset,dataset_hash,pca_hash,arm,ansatz_level,R,dilution,socket_params_nominal,socket_params_effective,head_params,seed,init_seed,init_spec_id,backend,shots,session_id,calibration_set_id,repeat_index,eval_subset_id,n_eval,split,accuracy,auc,macro_f1,train_accuracy,theta_displacement,grad_rms_start,grad_rms_end,epochs_run,best_epoch,wall_seconds,git_commit,env_hash,lr_selected,lr_grid,g1_margin,patience,max_epochs,feature_scale,rff_width,rff_omega_seed,used_feature_cache,ridge_accuracy,ridge_alpha_selected
a7_20260824T115851Z,2026-08-24T11:59:03+00:00,hyperplanes_n_features20_n_hyperplanes3_dim_hyperplanes5_seed11,4360508611e0e8963c01cd3994e98f0e069bb3b004ae6b18c71eecbf920853d1,2bf856a6c49a9c38010e4b719cd3d58e50f10d0c5c7048ed32accf1d9872633f,D_best,,2,linear,192,,33,1,0xebbfbc7ed33e45eb,RFF-int-spectrum-U0-2pi,pennylane,,,,0,test_full,1200,test,0.8066666666666666,0.9068773006817247,0.8066473313998066,0.8123809695243835,0.0,0.07328244682638416,0.01396431345058057,55,25,1.5271120000397786,c5c7920-dirty,8f5e61236010,0.03,0.001 0.003 0.01 0.03,,30,300,1.0,32,0xebbfbc7ed33e45eb,True,0.8025,1e-06
a7_20260824T115851Z,2026-08-24T11:59:03+00:00,hyperplanes_n_features20_n_hyperplanes3_dim_hyperplanes5_seed11,4360508611e0e8963c01cd3994e98f0e069bb3b004ae6b18c71eecbf920853d1,2bf856a6c49a9c38010e4b719cd3d58e50f10d0c5c7048ed32accf1d9872633f,D_best,,2,linear,192,,33,1,0xebbfbc7ed33e45eb,RFF-int-spectrum-U0-2pi,pennylane,,,,0,val_full,600,val,0.7983333333333333,0.8909479049077356,0.7959384442414448,0.8123809695243835,0.0,0.07328244682638416,0.01396431345058057,55,25,1.5271120000397786,c5c7920-dirty,8f5e61236010,0.03,0.001 0.003 0.01 0.03,,30,300,1.0,32,0xebbfbc7ed33e45eb,True,0.7816666666666666,1e-06
a7_20260824T115851Z,2026-08-24T11:59:03+00:00,hyperplanes_n_features20_n_hyperplanes3_dim_hyperplanes5_seed11,4360508611e0e8963c01cd3994e98f0e069bb3b004ae6b18c71eecbf920853d1,2bf856a6c49a9c38010e4b719cd3d58e50f10d0c5c7048ed32accf1d9872633f,E,,,h3,0,,22,1,,,pennylane,,,,0,test_full,1200,test,0.785,0.8827806136634081,0.7847105553021284,0.7754762172698975,0.0,0.05532416713305215,0.03746311097588978,42,12,1.5437514999648556,c5c7920-dirty,8f5e61236010,0.03,0.001 0.003 0.01 0.03 0.1,,30,300,1.0,,,True,0.7516666666666667,1e-06
a7_20260824T115851Z,2026-08-24T11:59:03+00:00,hyperplanes_n_features20_n_hyperplanes3_dim_hyperplanes5_seed11,4360508611e0e8963c01cd3994e98f0e069bb3b004ae6b18c71eecbf920853d1,2bf856a6c49a9c38010e4b719cd3d58e50f10d0c5c7048ed32accf1d9872633f,E,,,h3,0,,22,1,,,pennylane,,,,0,val_full,600,val,0.7666666666666667,0.8614076069340904,0.7624434389140271,0.7754762172698975,0.0,0.05532416713305215,0.03746311097588978,42,12,1.5437514999648556,c5c7920-dirty,8f5e61236010,0.03,0.001 0.003 0.01 0.03 0.1,,30,300,1.0,,,True,0.7383333333333333,1e-06
a7_20260824T115851Z,2026-08-24T11:59:03+00:00,hyperplanes_n_features20_n_hyperplanes3_dim_hyperplanes5_seed11,4360508611e0e8963c01cd3994e98f0e069bb3b004ae6b18c71eecbf920853d1,2bf856a6c49a9c38010e4b719cd3d58e50f10d0c5c7048ed32accf1d9872633f,D_best,,2,linear,768,,129,1,0x8c1cd5484ddd2802,RFF-int-spectrum-U0-2pi,pennylane,,,,0,test_full,1200,test,0.8216666666666667,0.9206980727098835,0.8199254457686687,0.8319047689437866,0.0,0.12600021072719017,0.041688234580005507,59,29,1.613672083010897,c5c7920-dirty,8f5e61236010,0.03,0.001 0.003 0.01 0.03,,30,300,1.0,128,0x8c1cd5484ddd2802,True,0.805,0.01
a7_20260824T115851Z,2026-08-24T11:59:03+00:00,hyperplanes_n_features20_n_hyperplanes3_dim_hyperplanes5_seed11,4360508611e0e8963c01cd3994e98f0e069bb3b004ae6b18c71eecbf920853d1,2bf856a6c49a9c38010e4b719cd3d58e50f10d0c5c7048ed32accf1d9872633f,D_best,,2,linear,768,,129,1,0x8c1cd5484ddd2802,RFF-int-spectrum-U0-2pi,pennylane,,,,0,val_full,600,val,0.8266666666666667,0.8949268478054342,0.8186700142971719,0.8319047689437866,0.0,0.12600021072719017,0.041688234580005507,59,29,1.613672083010897,c5c7920-dirty,8f5e61236010,0.03,0.001 0.003 0.01 0.03,,30,300,1.0,128,0x8c1cd5484ddd2802,True,0.805,0.01
a7_20260824T115851Z,2026-08-24T11:59:03+00:00,hyperplanes_n_features20_n_hyperplanes3_dim_hyperplanes5_seed11,4360508611e0e8963c01cd3994e98f0e069bb3b004ae6b18c71eecbf920853d1,2bf856a6c49a9c38010e4b719cd3d58e50f10d0c5c7048ed32accf1d9872633f,D_matched,,2,h3,30,,22,1,0x7d4f7004e22ea7b3,RFF-int-spectrum-U0-2pi,pennylane,,,,0,test_full,1200,test,0.7083333333333334,0.7719558713953669,0.7075526614100418,0.7311905026435852,0.0,0.0427799295552172,0.11019641153632603,87,57,2.02021008299198,c5c7920-dirty,8f5e61236010,0.003,0.001 0.003 0.01 0.03,,30,300,1.0,,0x7d4f7004e22ea7b3,True,0.6991666666666667,1e-06
a7_20260824T115851Z,2026-08-24T11:59:03+00:00,hyperplanes_n_features20_n_hyperplanes3_dim_hyperplanes5_seed11,4360508611e0e8963c01cd3994e98f0e069bb3b004ae6b18c71eecbf920853d1,2bf856a6c49a9c38010e4b719cd3d58e50f10d0c5c7048ed32accf1d9872633f,D_matched,,2,h3,30,,22,1,0x7d4f7004e22ea7b3,RFF-int-spectrum-U0-2pi,pennylane,,,,0,val_full,600,val,0.7116666666666667,0.791664338165439,0.7114863456326872,0.7311905026435852,0.0,0.0427799295552172,0.11019641153632603,87,57,2.02021008299198,c5c7920-dirty,8f5e61236010,0.003,0.001 0.003 0.01 0.03,,30,300,1.0,,0x7d4f7004e22ea7b3,True,0.7016666666666667,1e-06
a7_20260824T115851Z,2026-08-24T11:59:03+00:00,hyperplanes_n_features20_n_hyperplanes3_dim_hyperplanes5_seed11,4360508611e0e8963c01cd3994e98f0e069bb3b004ae6b18c71eecbf920853d1,2bf856a6c49a9c38010e4b719cd3d58e50f10d0c5c7048ed32accf1d9872633f,D_matched,,2,h3,30,,22,1,0x7d4f7004e22ea7b3,RFF-int-spectrum-U0-2pi,pennylane,,,,0,test_full,1200,test,0.7158333333333333,0.7844768625095921,0.7158094534332399,0.7323809266090393,0.0,0.0427799295552172,0.0689935082928658,42,12,0.42018841695971787,c5c7920-dirty,8f5e61236010,0.03,0.001 0.003 0.01 0.03,,30,300,1.0,,0x7d4f7004e22ea7b3,True,0.6991666666666667,1e-06
a7_20260824T115851Z,2026-08-24T11:59:03+00:00,hyperplanes_n_features20_n_hyperplanes3_dim_hyperplanes5_seed11,4360508611e0e8963c01cd3994e98f0e069bb3b004ae6b18c71eecbf920853d1,2bf856a6c49a9c38010e4b719cd3d58e50f10d0c5c7048ed32accf1d9872633f,D_matched,,2,h3,30,,22,1,0x7d4f7004e22ea7b3,RFF-int-spectrum-U0-2pi,pennylane,,,,0,val_full,600,val,0.725,0.8035732248438042,0.7226696547377267,0.7323809266090393,0.0,0.0427799295552172,0.0689935082928658,42,12,0.42018841695971787,c5c7920-dirty,8f5e61236010,0.03,0.001 0.003 0.01 0.03,,30,300,1.0,,0x7d4f7004e22ea7b3,True,0.7016666666666667,1e-06
a7_20260824T115851Z,2026-08-24T11:59:04+00:00,hyperplanes_n_features20_n_hyperplanes3_dim_hyperplanes5_seed11,4360508611e0e8963c01cd3994e98f0e069bb3b004ae6b18c71eecbf920853d1,2bf856a6c49a9c38010e4b719cd3d58e50f10d0c5c7048ed32accf1d9872633f,D_best,,2,linear,3072,,513,1,0x767dfcd7c4647a26,RFF-int-spectrum-U0-2pi,pennylane,,,,0,test_full,1200,test,0.8266666666666667,0.9238231074633837,0.8262322472848789,0.8361904621124268,0.0,0.07618514204351838,0.024725345432369632,129,99,1.3006925000809133,c5c7920-dirty,8f5e61236010,0.01,0.001 0.003 0.01 0.03,,30,300,1.0,512,0x767dfcd7c4647a26,True,0.8158333333333333,1e-06
a7_20260824T115851Z,2026-08-24T11:59:04+00:00,hyperplanes_n_features20_n_hyperplanes3_dim_hyperplanes5_seed11,4360508611e0e8963c01cd3994e98f0e069bb3b004ae6b18c71eecbf920853d1,2bf856a6c49a9c38010e4b719cd3d58e50f10d0c5c7048ed32accf1d9872633f,D_best,,2,linear,3072,,513,1,0x767dfcd7c4647a26,RFF-int-spectrum-U0-2pi,pennylane,,,,0,val_full,600,val,0.835,0.9050753875557442,0.8297872340425532,0.8361904621124268,0.0,0.07618514204351838,0.024725345432369632,129,99,1.3006925000809133,c5c7920-dirty,8f5e61236010,0.01,0.001 0.003 0.01 0.03,,30,300,1.0,512,0x767dfcd7c4647a26,True,0.81,1e-06
a7_20260824T115851Z,2026-08-24T11:59:09+00:00,hyperplanes_n_features20_n_hyperplanes3_dim_hyperplanes5_seed11,4360508611e0e8963c01cd3994e98f0e069bb3b004ae6b18c71eecbf920853d1,2bf856a6c49a9c38010e4b719cd3d58e50f10d0c5c7048ed32accf1d9872633f,B,L2,2,h3,35,35,22,1,0x9aed96d53998f1c9,U0-2pi,pennylane,,,,0,test_full,1200,test,0.7225,0.7856946251626464,0.7224905569703414,0.7171428799629211,0.0,0.05823856915969101,0.05304699458534474,35,5,8.49631637497805,c5c7920-dirty,8f5e61236010,0.03,0.001 0.003 0.01 0.03,,30,300,1.0,,,True,0.7191666666666666,1.0
a7_20260824T115851Z,2026-08-24T11:59:09+00:00,hyperplanes_n_features20_n_hyperplanes3_dim_hyperplanes5_seed11,4360508611e0e8963c01cd3994e98f0e069bb3b004ae6b18c71eecbf920853d1,2bf856a6c49a9c38010e4b719cd3d58e50f10d0c5c7048ed32accf1d9872633f,B,L2,2,h3,35,35,22,1,0x9aed96d53998f1c9,U0-2pi,pennylane,,,,0,val_full,600,val,0.7433333333333333,0.795838875166255,0.7420694737547315,0.7171428799629211,0.0,0.05823856915969101,0.05304699458534474,35,5,8.49631637497805,c5c7920-dirty,8f5e61236010,0.03,0.001 0.003 0.01 0.03,,30,300,1.0,,,True,0.74,1.0
a7_20260824T115851Z,2026-08-24T11:59:10+00:00,hyperplanes_n_features20_n_hyperplanes3_dim_hyperplanes5_seed11,4360508611e0e8963c01cd3994e98f0e069bb3b004ae6b18c71eecbf920853d1,2bf856a6c49a9c38010e4b719cd3d58e50f10d0c5c7048ed32accf1d9872633f,B,L1,2,h3,35,35,22,1,0x1ddc9c443a3565bb,U0-2pi,pennylane,,,,0,test_full,1200,test,0.48333333333333334,0.49742268041237114,0.3258426966292135,0.4992857277393341,0.0,0.04497865471121871,0.016049830244695838,88,58,9.009300458012149,c5c7920-dirty,8f5e61236010,0.003,0.001 0.003 0.01 0.03,,30,300,1.0,,,True,0.7375,1.0
a7_20260824T115851Z,2026-08-24T11:59:10+00:00,hyperplanes_n_features20_n_hyperplanes3_dim_hyperplanes5_seed11,4360508611e0e8963c01cd3994e98f0e069bb3b004ae6b18c71eecbf920853d1,2bf856a6c49a9c38010e4b719cd3d58e50f10d0c5c7048ed32accf1d9872633f,B,L1,2,h3,35,35,22,1,0x1ddc9c443a3565bb,U0-2pi,pennylane,,,,0,val_full,600,val,0.5383333333333333,0.49870907891942645,0.35320420767515437,0.4992857277393341,0.0,0.04497865471121871,0.016049830244695838,88,58,9.009300458012149,c5c7920-dirty,8f5e61236010,0.003,0.001 0.003 0.01 0.03,,30,300,1.0,,,True,0.7016666666666667,1.0
a7_20260824T115851Z,2026-08-24T11:59:11+00:00,hyperplanes_n_features20_n_hyperplanes3_dim_hyperplanes5_seed11,4360508611e0e8963c01cd3994e98f0e069bb3b004ae6b18c71eecbf920853d1,2bf856a6c49a9c38010e4b719cd3d58e50f10d0c5c7048ed32accf1d9872633f,B,L1,2,h3,35,35,22,2,0x68f1fd9add9ea051,U0-2pi,pennylane,,,,0,test_full,1200,test,0.6716666666666666,0.7537380865000722,0.6715124600159519,0.6828571557998657,0.0,0.008148609043984643,0.02750303832382698,159,129,8.671574082924053,c5c7920-dirty,8f5e61236010,0.003,0.001 0.003 0.01 0.03,,30,300,1.0,,,True,0.6791666666666667,1.0
a7_20260824T115851Z,2026-08-24T11:59:11+00:00,hyperplanes_n_features20_n_hyperplanes3_dim_hyperplanes5_seed11,4360508611e0e8963c01cd3994e98f0e069bb3b004ae6b18c71eecbf920853d1,2bf856a6c49a9c38010e4b719cd3d58e50f10d0c5c7048ed32accf1d9872633f,B,L1,2,h3,35,35,22,2,0x68f1fd9add9ea051,U0-2pi,pennylane,,,,0,val_full,600,val,0.6816666666666666,0.730415441875021,0.6771458112063646,0.6828571557998657,0.0,0.008148609043984643,0.02750303832382698,159,129,8.671574082924053,c5c7920-dirty,8f5e61236010,0.003,0.001 0.003 0.01 0.03,,30,300,1.0,,,True,0.675,1.0
a7_20260824T115851Z,2026-08-24T11:59:12+00:00,hyperplanes_n_features20_n_hyperplanes3_dim_hyperplanes5_seed11,4360508611e0e8963c01cd3994e98f0e069bb3b004ae6b18c71eecbf920853d1,2bf856a6c49a9c38010e4b719cd3d58e50f10d0c5c7048ed32accf1d9872633f,E,,,h3,0,,22,2,,,pennylane,,,,0,test_full,1200,test,0.7741666666666667,0.8836591821528264,0.7740836737940535,0.7664285898208618,0.0,0.008421704782162203,0.05101482123013664,36,6,0.32755033299326897,c5c7920-dirty,8f5e61236010,0.03,0.001 0.003 0.01 0.03 0.1,,30,300,1.0,,,True,0.7516666666666667,1e-06
a7_20260824T115851Z,2026-08-24T11:59:12+00:00,hyperplanes_n_features20_n_hyperplanes3_dim_hyperplanes5_seed11,4360508611e0e8963c01cd3994e98f0e069bb3b004ae6b18c71eecbf920853d1,2bf856a6c49a9c38010e4b719cd3d58e50f10d0c5c7048ed32accf1d9872633f,E,,,h3,0,,22,2,,,pennylane,,,,0,val_full,600,val,0.755,0.8634864928300789,0.7515205981535895,0.7664285898208618,0.0,0.008421704782162203,0.05101482123013664,36,6,0.32755033299326897,c5c7920-dirty,8f5e61236010,0.03,0.001 0.003 0.01 0.03 0.1,,30,300,1.0,,,True,0.7383333333333333,1e-06
a7_20260824T115851Z,2026-08-24T11:59:12+00:00,hyperplanes_n_features20_n_hyperplanes3_dim_hyperplanes5_seed11,4360508611e0e8963c01cd3994e98f0e069bb3b004ae6b18c71eecbf920853d1,2bf856a6c49a9c38010e4b719cd3d58e50f10d0c5c7048ed32accf1d9872633f,B,L2,2,h3,35,35,22,2,0xedbc28bf50f4bc26,U0-2pi,pennylane,,,,0,test_full,1200,test,0.7075,0.7816187346389527,0.7012916370877778,0.7116666436195374,0.0,0.00434839238210428,0.21298330883837896,79,49,7.8179576670518145,c5c7920-dirty,8f5e61236010,0.03,0.001 0.003 0.01 0.03,,30,300,1.0,,,True,0.6566666666666666,1.0
a7_20260824T115851Z,2026-08-24T11:59:12+00:00,hyperplanes_n_features20_n_hyperplanes3_dim_hyperplanes5_seed11,4360508611e0e8963c01cd3994e98f0e069bb3b004ae6b18c71eecbf920853d1,2bf856a6c49a9c38010e4b719cd3d58e50f10d0c5c7048ed32accf1d9872633f,B,L2,2,h3,35,35,22,2,0xedbc28bf50f4bc26,U0-2pi,pennylane,,,,0,val_full,600,val,0.7116666666666667,0.7892948553162478,0.7115312466129933,0.7116666436195374,0.0,0.00434839238210428,0.21298330883837896,79,49,7.8179576670518145,c5c7920-dirty,8f5e61236010,0.03,0.001 0.003 0.01 0.03,,30,300,1.0,,,True,0.6883333333333334,1.0
a7_20260824T115851Z,2026-08-24T11:59:12+00:00,hyperplanes_n_features20_n_hyperplanes3_dim_hyperplanes5_seed11,4360508611e0e8963c01cd3994e98f0e069bb3b004ae6b18c71eecbf920853d1,2bf856a6c49a9c38010e4b719cd3d58e50f10d0c5c7048ed32accf1d9872633f,D_best,,2,linear,192,,33,2,0xd5a39cfa401411b8,RFF-int-spectrum-U0-2pi,pennylane,,,,0,test_full,1200,test,0.8091666666666667,0.9166305230262792,0.8091601728114359,0.8071428537368774,0.0,0.08060329825631977,0.042847548796019805,81,51,0.5291816659737378,c5c7920-dirty,8f5e61236010,0.03,0.001 0.003 0.01 0.03,,30,300,1.0,32,0xd5a39cfa401411b8,True,0.795,1e-06
a7_20260824T115851Z,2026-08-24T11:59:12+00:00,hyperplanes_n_features20_n_hyperplanes3_dim_hyperplanes5_seed11,4360508611e0e8963c01cd3994e98f0e069bb3b004ae6b18c71eecbf920853d1,2bf856a6c49a9c38010e4b719cd3d58e50f10d0c5c7048ed32accf1d9872633f,D_best,,2,linear,192,,33,2,0xd5a39cfa401411b8,RFF-int-spectrum-U0-2pi,pennylane,,,,0,val_full,600,val,0.8016666666666666,0.8961227660359222,0.7991623325297952,0.8071428537368774,0.0,0.08060329825631977,0.042847548796019805,81,51,0.5291816659737378,c5c7920-dirty,8f5e61236010,0.03,0.001 0.003 0.01 0.03,,30,300,1.0,32,0xd5a39cfa401411b8,True,0.775,1e-06
a7_20260824T115851Z,2026-08-24T11:59:13+00:00,hyperplanes_n_features20_n_hyperplanes3_dim_hyperplanes5_seed11,4360508611e0e8963c01cd3994e98f0e069bb3b004ae6b18c71eecbf920853d1,2bf856a6c49a9c38010e4b719cd3d58e50f10d0c5c7048ed32accf1d9872633f,D_best,,2,linear,768,,129,2,0xd8c4a76812405ef6,RFF-int-spectrum-U0-2pi,pennylane,,,,0,test_full,1200,test,0.8233333333333334,0.9177370744781413,0.8230502136752137,0.825952410697937,0.0,0.08366513905367322,0.09381109826218385,96,66,0.7761115829925984,c5c7920-dirty,8f5e61236010,0.03,0.001 0.003 0.01 0.03,,30,300,1.0,128,0xd8c4a76812405ef6,True,0.8058333333333333,1e-06
a7_20260824T115851Z,2026-08-24T11:59:13+00:00,hyperplanes_n_features20_n_hyperplanes3_dim_hyperplanes5_seed11,4360508611e0e8963c01cd3994e98f0e069bb3b004ae6b18c71eecbf920853d1,2bf856a6c49a9c38010e4b719cd3d58e50f10d0c5c7048ed32accf1d9872633f,D_best,,2,linear,768,,129,2,0xd8c4a76812405ef6,RFF-int-spectrum-U0-2pi,pennylane,,,,0,val_full,600,val,0.8266666666666667,0.8999899408746969,0.8223052476905377,0.825952410697937,0.0,0.08366513905367322,0.09381109826218385,96,66,0.7761115829925984,c5c7920-dirty,8f5e61236010,0.03,0.001 0.003 0.01 0.03,,30,300,1.0,128,0xd8c4a76812405ef6,True,0.8,1e-06
a7_20260824T115851Z,2026-08-24T11:59:13+00:00,hyperplanes_n_features20_n_hyperplanes3_dim_hyperplanes5_seed11,4360508611e0e8963c01cd3994e98f0e069bb3b004ae6b18c71eecbf920853d1,2bf856a6c49a9c38010e4b719cd3d58e50f10d0c5c7048ed32accf1d9872633f,D_matched,,2,h3,30,,22,2,0xd7b676f707d89334,RFF-int-spectrum-U0-2pi,pennylane,,,,0,test_full,1200,test,0.7516666666666667,0.8577052680746005,0.7516107790919624,0.7542856931686401,0.0,0.011440642461990558,0.08047001132014427,94,64,0.9165255409898236,c5c7920-dirty,8f5e61236010,0.003,0.001 0.003 0.01 0.03,,30,300,1.0,,0xd7b676f707d89334,True,0.7541666666666667,1e-06
a7_20260824T115851Z,2026-08-24T11:59:13+00:00,hyperplanes_n_features20_n_hyperplanes3_dim_hyperplanes5_seed11,4360508611e0e8963c01cd3994e98f0e069bb3b004ae6b18c71eecbf920853d1,2bf856a6c49a9c38010e4b719cd3d58e50f10d0c5c7048ed32accf1d9872633f,D_matched,,2,h3,30,,22,2,0xd7b676f707d89334,RFF-int-spectrum-U0-2pi,pennylane,,,,0,val_full,600,val,0.7583333333333333,0.8408422840920522,0.7549012702875544,0.7542856931686401,0.0,0.011440642461990558,0.08047001132014427,94,64,0.9165255409898236,c5c7920-dirty,8f5e61236010,0.003,0.001 0.003 0.01 0.03,,30,300,1.0,,0xd7b676f707d89334,True,0.745,1e-06
a7_20260824T115851Z,2026-08-24T11:59:13+00:00,hyperplanes_n_features20_n_hyperplanes3_dim_hyperplanes5_seed11,4360508611e0e8963c01cd3994e98f0e069bb3b004ae6b18c71eecbf920853d1,2bf856a6c49a9c38010e4b719cd3d58e50f10d0c5c7048ed32accf1d9872633f,D_matched,,2,h3,30,,22,2,0xd7b676f707d89334,RFF-int-spectrum-U0-2pi,pennylane,,,,0,test_full,1200,test,0.7625,0.863871929180707,0.7624985156157226,0.7678571343421936,0.0,0.011440642461990558,0.02383255389305765,56,26,0.5409519999520853,c5c7920-dirty,8f5e61236010,0.03,0.001 0.003 0.01 0.03,,30,300,1.0,,0xd7b676f707d89334,True,0.7541666666666667,1e-06
a7_20260824T115851Z,2026-08-24T11:59:13+00:00,hyperplanes_n_features20_n_hyperplanes3_dim_hyperplanes5_seed11,4360508611e0e8963c01cd3994e98f0e069bb3b004ae6b18c71eecbf920853d1,2bf856a6c49a9c38010e4b719cd3d58e50f10d0c5c7048ed32accf1d9872633f,D_matched,,2,h3,30,,22,2,0xd7b676f707d89334,RFF-int-spectrum-U0-2pi,pennylane,,,,0,val_full,600,val,0.7583333333333333,0.8440500273831744,0.7554634249174337,0.7678571343421936,0.0,0.011440642461990558,0.02383255389305765,56,26,0.5409519999520853,c5c7920-dirty,8f5e61236010,0.03,0.001 0.003 0.01 0.03,,30,300,1.0,,0xd7b676f707d89334,True,0.745,1e-06
a7_20260824T115851Z,2026-08-24T11:59:13+00:00,hyperplanes_n_features20_n_hyperplanes3_dim_hyperplanes5_seed11,4360508611e0e8963c01cd3994e98f0e069bb3b004ae6b18c71eecbf920853d1,2bf856a6c49a9c38010e4b719cd3d58e50f10d0c5c7048ed32accf1d9872633f,D_best,,2,linear,3072,,513,2,0x1b8ef9557b42386b,RFF-int-spectrum-U0-2pi,pennylane,,,,0,test_full,1200,test,0.82,0.9178816490396913,0.817993376981218,0.8235714435577393,0.0,0.06387801275509075,0.021480414913527236,38,8,0.36640966695267707,c5c7920-dirty,8f5e61236010,0.01,0.001 0.003 0.01 0.03,,30,300,1.0,512,0x1b8ef9557b42386b,True,0.8183333333333334,0.0001
a7_20260824T115851Z,2026-08-24T11:59:13+00:00,hyperplanes_n_features20_n_hyperplanes3_dim_hyperplanes5_seed11,4360508611e0e8963c01cd3994e98f0e069bb3b004ae6b18c71eecbf920853d1,2bf856a6c49a9c38010e4b719cd3d58e50f10d0c5c7048ed32accf1d9872633f,D_best,,2,linear,3072,,513,2,0x1b8ef9557b42386b,RFF-int-spectrum-U0-2pi,pennylane,,,,0,val_full,600,val,0.8183333333333334,0.8958656995003967,0.8095288022157567,0.8235714435577393,0.0,0.06387801275509075,0.021480414913527236,38,8,0.36640966695267707,c5c7920-dirty,8f5e61236010,0.01,0.001 0.003 0.01 0.03,,30,300,1.0,512,0x1b8ef9557b42386b,True,0.8133333333333334,0.0001
a7_20260824T115851Z,2026-08-24T11:59:22+00:00,hyperplanes_n_features20_n_hyperplanes3_dim_hyperplanes5_seed11,4360508611e0e8963c01cd3994e98f0e069bb3b004ae6b18c71eecbf920853d1,2bf856a6c49a9c38010e4b719cd3d58e50f10d0c5c7048ed32accf1d9872633f,B,L1,2,h3,35,35,22,3,0xe98c84d46f8b02b7,U0-2pi,pennylane,,,,0,test_full,1200,test,0.6616666666666666,0.7331626241395034,0.6612516999991657,0.6752380728721619,0.0,0.0017675904086249556,0.026581539621601903,127,97,8.872520999982953,c5c7920-dirty,8f5e61236010,0.003,0.001 0.003 0.01 0.03,,30,300,1.0,,,True,0.67,1e-06
a7_20260824T115851Z,2026-08-24T11:59:22+00:00,hyperplanes_n_features20_n_hyperplanes3_dim_hyperplanes5_seed11,4360508611e0e8963c01cd3994e98f0e069bb3b004ae6b18c71eecbf920853d1,2bf856a6c49a9c38010e4b719cd3d58e50f10d0c5c7048ed32accf1d9872633f,B,L1,2,h3,35,35,22,3,0xe98c84d46f8b02b7,U0-2pi,pennylane,,,,0,val_full,600,val,0.7033333333333334,0.7648511808295425,0.702857905982906,0.6752380728721619,0.0,0.0017675904086249556,0.026581539621601903,127,97,8.872520999982953,c5c7920-dirty,8f5e61236010,0.003,0.001 0.003 0.01 0.03,,30,300,1.0,,,True,0.6916666666666667,1e-06
a7_20260824T115851Z,2026-08-24T12:04:46+00:00,hyperplanes_n_features20_n_hyperplanes3_dim_hyperplanes5_seed11,4360508611e0e8963c01cd3994e98f0e069bb3b004ae6b18c71eecbf920853d1,2bf856a6c49a9c38010e4b719cd3d58e50f10d0c5c7048ed32accf1d9872633f,F,product,2,h3,35,20,22,1,0x27078a7f911995bb,U0-2pi,pennylane,,,,0,test_full,1200,test,0.485,0.5,0.3265993265993266,0.4988095164299011,0.2563386857509613,0.04128406909370294,0.017146674292956014,43,13,344.5503552920418,c5c7920-dirty,8f5e61236010,0.03,0.001 0.003 0.01 0.03,,30,300,1.0,,,False,,
a7_20260824T115851Z,2026-08-24T12:04:46+00:00,hyperplanes_n_features20_n_hyperplanes3_dim_hyperplanes5_seed11,4360508611e0e8963c01cd3994e98f0e069bb3b004ae6b18c71eecbf920853d1,2bf856a6c49a9c38010e4b719cd3d58e50f10d0c5c7048ed32accf1d9872633f,F,product,2,h3,35,20,22,1,0x27078a7f911995bb,U0-2pi,pennylane,,,,0,val_full,600,val,0.5383333333333333,0.5,0.34994582881906827,0.4988095164299011,0.2563386857509613,0.04128406909370294,0.017146674292956014,43,13,344.5503552920418,c5c7920-dirty,8f5e61236010,0.03,0.001 0.003 0.01 0.03,,30,300,1.0,,,False,,
a7_20260824T115851Z,2026-08-24T12:04:54+00:00,hyperplanes_n_features20_n_hyperplanes3_dim_hyperplanes5_seed11,4360508611e0e8963c01cd3994e98f0e069bb3b004ae6b18c71eecbf920853d1,2bf856a6c49a9c38010e4b719cd3d58e50f10d0c5c7048ed32accf1d9872633f,B,L2,2,h3,35,35,22,3,0xdec7e07515164a44,U0-2pi,pennylane,,,,0,test_full,1200,test,0.7825,0.8709338404564106,0.7818988587293728,0.7614285945892334,0.0,0.01938618972515223,0.1457286820023862,49,19,8.181074708001688,c5c7920-dirty,8f5e61236010,0.03,0.001 0.003 0.01 0.03,,30,300,1.0,,,True,0.7541666666666667,1.0
a7_20260824T115851Z,2026-08-24T12:04:54+00:00,hyperplanes_n_features20_n_hyperplanes3_dim_hyperplanes5_seed11,4360508611e0e8963c01cd3994e98f0e069bb3b004ae6b18c71eecbf920853d1,2bf856a6c49a9c38010e4b719cd3d58e50f10d0c5c7048ed32accf1d9872633f,B,L2,2,h3,35,35,22,3,0xdec7e07515164a44,U0-2pi,pennylane,,,,0,val_full,600,val,0.7566666666666667,0.8342703222273139,0.7505439054117164,0.7614285945892334,0.0,0.01938618972515223,0.1457286820023862,49,19,8.181074708001688,c5c7920-dirty,8f5e61236010,0.03,0.001 0.003 0.01 0.03,,30,300,1.0,,,True,0.7383333333333333,1.0
a7_20260824T115851Z,2026-08-24T12:06:40+00:00,hyperplanes_n_features20_n_hyperplanes3_dim_hyperplanes5_seed11,4360508611e0e8963c01cd3994e98f0e069bb3b004ae6b18c71eecbf920853d1,2bf856a6c49a9c38010e4b719cd3d58e50f10d0c5c7048ed32accf1d9872633f,A,L2,2,h3,35,35,22,3,0xdec7e07515164a44,U0-2pi,pennylane,,,,0,test_full,1200,test,0.8183333333333334,0.9165471146253852,0.8161759539034502,0.8226190209388733,0.7131503224372864,0.012261758626747384,0.15707321933705456,49,19,437.5663677500561,c5c7920-dirty,8f5e61236010,0.03,0.001 0.003 0.01 0.03,,30,300,1.0,,,False,,
a7_20260824T115851Z,2026-08-24T12:06:40+00:00,hyperplanes_n_features20_n_hyperplanes3_dim_hyperplanes5_seed11,4360508611e0e8963c01cd3994e98f0e069bb3b004ae6b18c71eecbf920853d1,2bf856a6c49a9c38010e4b719cd3d58e50f10d0c5c7048ed32accf1d9872633f,A,L2,2,h3,35,35,22,3,0xdec7e07515164a44,U0-2pi,pennylane,,,,0,val_full,600,val,0.82,0.902001765935331,0.8108448928121059,0.8226190209388733,0.7131503224372864,0.012261758626747384,0.15707321933705456,49,19,437.5663677500561,c5c7920-dirty,8f5e61236010,0.03,0.001 0.003 0.01 0.03,,30,300,1.0,,,False,,
a7_20260824T115851Z,2026-08-24T12:06:56+00:00,hyperplanes_n_features20_n_hyperplanes3_dim_hyperplanes5_seed11,4360508611e0e8963c01cd3994e98f0e069bb3b004ae6b18c71eecbf920853d1,2bf856a6c49a9c38010e4b719cd3d58e50f10d0c5c7048ed32accf1d9872633f,F,product,2,h3,35,20,22,2,0x499fbb627c0f5f7c,U0-2pi,pennylane,,,,0,test_full,1200,test,0.8225,0.9210928724741155,0.8216875639633079,0.8185714483261108,0.5829001665115356,0.005255752995483867,0.13221336544020335,59,29,466.2699592090212,c5c7920-dirty,8f5e61236010,0.03,0.001 0.003 0.01 0.03,,30,300,1.0,,,False,,
a7_20260824T115851Z,2026-08-24T12:06:56+00:00,hyperplanes_n_features20_n_hyperplanes3_dim_hyperplanes5_seed11,4360508611e0e8963c01cd3994e98f0e069bb3b004ae6b18c71eecbf920853d1,2bf856a6c49a9c38010e4b719cd3d58e50f10d0c5c7048ed32accf1d9872633f,F,product,2,h3,35,20,22,2,0x499fbb627c0f5f7c,U0-2pi,pennylane,,,,0,val_full,600,val,0.8166666666666667,0.9089649160063037,0.8107602848917893,0.8185714483261108,0.5829001665115356,0.005255752995483867,0.13221336544020335,59,29,466.2699592090212,c5c7920-dirty,8f5e61236010,0.03,0.001 0.003 0.01 0.03,,30,300,1.0,,,False,,
a7_20260824T115851Z,2026-08-24T12:06:57+00:00,hyperplanes_n_features20_n_hyperplanes3_dim_hyperplanes5_seed11,4360508611e0e8963c01cd3994e98f0e069bb3b004ae6b18c71eecbf920853d1,2bf856a6c49a9c38010e4b719cd3d58e50f10d0c5c7048ed32accf1d9872633f,E,,,h3,0,,22,3,,,pennylane,,,,0,test_full,1200,test,0.7883333333333333,0.8845822351227215,0.7875253394157226,0.7797619104385376,0.0,0.016224252259963923,0.04588299430143285,37,7,0.36964950000401586,c5c7920-dirty,8f5e61236010,0.03,0.001 0.003 0.01 0.03 0.1,,30,300,1.0,,,True,0.7516666666666667,1e-06
a7_20260824T115851Z,2026-08-24T12:06:57+00:00,hyperplanes_n_features20_n_hyperplanes3_dim_hyperplanes5_seed11,4360508611e0e8963c01cd3994e98f0e069bb3b004ae6b18c71eecbf920853d1,2bf856a6c49a9c38010e4b719cd3d58e50f10d0c5c7048ed32accf1d9872633f,E,,,h3,0,,22,3,,,pennylane,,,,0,val_full,600,val,0.7583333333333333,0.8652077209375105,0.7531431684499945,0.7797619104385376,0.0,0.016224252259963923,0.04588299430143285,37,7,0.36964950000401586,c5c7920-dirty,8f5e61236010,0.03,0.001 0.003 0.01 0.03 0.1,,30,300,1.0,,,True,0.7383333333333333,1e-06
a7_20260824T115851Z,2026-08-24T12:06:57+00:00,hyperplanes_n_features20_n_hyperplanes3_dim_hyperplanes5_seed11,4360508611e0e8963c01cd3994e98f0e069bb3b004ae6b18c71eecbf920853d1,2bf856a6c49a9c38010e4b719cd3d58e50f10d0c5c7048ed32accf1d9872633f,D_matched,,2,h3,30,,22,3,0x0e4dbf97e6e6ab66,RFF-int-spectrum-U0-2pi,pennylane,,,,0,test_full,1200,test,0.5808333333333333,0.6036071353106685,0.5770831771451153,0.572857141494751,0.0,0.00994392066063643,0.05405625466722486,72,42,0.6987577909603715,c5c7920-dirty,8f5e61236010,0.003,0.001 0.003 0.01 0.03,,30,300,1.0,,0x0e4dbf97e6e6ab66,True,0.5808333333333333,1e-06
a7_20260824T115851Z,2026-08-24T12:06:57+00:00,hyperplanes_n_features20_n_hyperplanes3_dim_hyperplanes5_seed11,4360508611e0e8963c01cd3994e98f0e069bb3b004ae6b18c71eecbf920853d1,2bf856a6c49a9c38010e4b719cd3d58e50f10d0c5c7048ed32accf1d9872633f,D_matched,,2,h3,30,,22,3,0x0e4dbf97e6e6ab66,RFF-int-spectrum-U0-2pi,pennylane,,,,0,val_full,600,val,0.5816666666666667,0.5784108817382169,0.5699587948566387,0.572857141494751,0.0,0.00994392066063643,0.05405625466722486,72,42,0.6987577909603715,c5c7920-dirty,8f5e61236010,0.003,0.001 0.003 0.01 0.03,,30,300,1.0,,0x0e4dbf97e6e6ab66,True,0.5766666666666667,1e-06
a7_20260824T115851Z,2026-08-24T12:06:58+00:00,hyperplanes_n_features20_n_hyperplanes3_dim_hyperplanes5_seed11,4360508611e0e8963c01cd3994e98f0e069bb3b004ae6b18c71eecbf920853d1,2bf856a6c49a9c38010e4b719cd3d58e50f10d0c5c7048ed32accf1d9872633f,D_matched,,2,h3,30,,22,3,0x0e4dbf97e6e6ab66,RFF-int-spectrum-U0-2pi,pennylane,,,,0,test_full,1200,test,0.5741666666666667,0.5959460736885418,0.5730634507640925,0.5711904764175415,0.0,0.00994392066063643,0.03869426405837118,49,19,0.49973120889626443,c5c7920-dirty,8f5e61236010,0.03,0.001 0.003 0.01 0.03,,30,300,1.0,,0x0e4dbf97e6e6ab66,True,0.5808333333333333,1e-06
a7_20260824T115851Z,2026-08-24T12:06:58+00:00,hyperplanes_n_features20_n_hyperplanes3_dim_hyperplanes5_seed11,4360508611e0e8963c01cd3994e98f0e069bb3b004ae6b18c71eecbf920853d1,2bf856a6c49a9c38010e4b719cd3d58e50f10d0c5c7048ed32accf1d9872633f,D_matched,,2,h3,30,,22,3,0x0e4dbf97e6e6ab66,RFF-int-spectrum-U0-2pi,pennylane,,,,0,val_full,600,val,0.5833333333333334,0.5717047982027696,0.5761706167565185,0.5711904764175415,0.0,0.00994392066063643,0.03869426405837118,49,19,0.49973120889626443,c5c7920-dirty,8f5e61236010,0.03,0.001 0.003 0.01 0.03,,30,300,1.0,,0x0e4dbf97e6e6ab66,True,0.5766666666666667,1e-06
a7_20260824T115851Z,2026-08-24T12:06:59+00:00,hyperplanes_n_features20_n_hyperplanes3_dim_hyperplanes5_seed11,4360508611e0e8963c01cd3994e98f0e069bb3b004ae6b18c71eecbf920853d1,2bf856a6c49a9c38010e4b719cd3d58e50f10d0c5c7048ed32accf1d9872633f,D_best,,2,linear,192,,33,3,0x7735a7384fa3a634,RFF-int-spectrum-U0-2pi,pennylane,,,,0,test_full,1200,test,0.8058333333333333,0.9098939045140628,0.8057349866703352,0.8078571557998657,0.0,0.07186201300856478,0.02832284962435361,103,73,0.6923430840251967,c5c7920-dirty,8f5e61236010,0.03,0.001 0.003 0.01 0.03,,30,300,1.0,32,0x7735a7384fa3a634,True,0.7966666666666666,1e-06
a7_20260824T115851Z,2026-08-24T12:06:59+00:00,hyperplanes_n_features20_n_hyperplanes3_dim_hyperplanes5_seed11,4360508611e0e8963c01cd3994e98f0e069bb3b004ae6b18c71eecbf920853d1,2bf856a6c49a9c38010e4b719cd3d58e50f10d0c5c7048ed32accf1d9872633f,D_best,,2,linear,192,,33,3,0x7735a7384fa3a634,RFF-int-spectrum-U0-2pi,pennylane,,,,0,val_full,600,val,0.81,0.8968380816130367,0.8063836773514192,0.8078571557998657,0.0,0.07186201300856478,0.02832284962435361,103,73,0.6923430840251967,c5c7920-dirty,8f5e61236010,0.03,0.001 0.003 0.01 0.03,,30,300,1.0,32,0x7735a7384fa3a634,True,0.7883333333333333,1e-06
a7_20260824T115851Z,2026-08-24T12:06:59+00:00,hyperplanes_n_features20_n_hyperplanes3_dim_hyperplanes5_seed11,4360508611e0e8963c01cd3994e98f0e069bb3b004ae6b18c71eecbf920853d1,2bf856a6c49a9c38010e4b719cd3d58e50f10d0c5c7048ed32accf1d9872633f,D_best,,2,linear,768,,129,3,0x78af1d83bb727726,RFF-int-spectrum-U0-2pi,pennylane,,,,0,test_full,1200,test,0.8241666666666667,0.918996541331643,0.8222997029204749,0.825952410697937,0.0,0.09576556569661586,0.033437763376463245,49,19,0.3570813339902088,c5c7920-dirty,8f5e61236010,0.03,0.001 0.003 0.01 0.03,,30,300,1.0,128,0x78af1d83bb727726,True,0.8116666666666666,0.01
a7_20260824T115851Z,2026-08-24T12:06:59+00:00,hyperplanes_n_features20_n_hyperplanes3_dim_hyperplanes5_seed11,4360508611e0e8963c01cd3994e98f0e069bb3b004ae6b18c71eecbf920853d1,2bf856a6c49a9c38010e4b719cd3d58e50f10d0c5c7048ed32accf1d9872633f,D_best,,2,linear,768,,129,3,0x78af1d83bb727726,RFF-int-spectrum-U0-2pi,pennylane,,,,0,val_full,600,val,0.8233333333333334,0.89736339148998,0.8146313028271641,0.825952410697937,0.0,0.09576556569661586,0.033437763376463245,49,19,0.3570813339902088,c5c7920-dirty,8f5e61236010,0.03,0.001 0.003 0.01 0.03,,30,300,1.0,128,0x78af1d83bb727726,True,0.81,0.01
a7_20260824T115851Z,2026-08-24T12:06:59+00:00,hyperplanes_n_features20_n_hyperplanes3_dim_hyperplanes5_seed11,4360508611e0e8963c01cd3994e98f0e069bb3b004ae6b18c71eecbf920853d1,2bf856a6c49a9c38010e4b719cd3d58e50f10d0c5c7048ed32accf1d9872633f,D_best,,2,linear,3072,,513,3,0x2ea20278ff0b06a0,RFF-int-spectrum-U0-2pi,pennylane,,,,0,test_full,1200,test,0.82,0.9161828979414807,0.8188886808220441,0.8278571367263794,0.0,0.07083791473328747,0.02492606108710825,49,19,0.45685716602019966,c5c7920-dirty,8f5e61236010,0.01,0.001 0.003 0.01 0.03,,30,300,1.0,512,0x2ea20278ff0b06a0,True,0.8208333333333333,0.0001
a7_20260824T115851Z,2026-08-24T12:06:59+00:00,hyperplanes_n_features20_n_hyperplanes3_dim_hyperplanes5_seed11,4360508611e0e8963c01cd3994e98f0e069bb3b004ae6b18c71eecbf920853d1,2bf856a6c49a9c38010e4b719cd3d58e50f10d0c5c7048ed32accf1d9872633f,D_best,,2,linear,3072,,513,3,0x2ea20278ff0b06a0,RFF-int-spectrum-U0-2pi,pennylane,,,,0,val_full,600,val,0.825,0.8983804808261895,0.8183260038930142,0.8278571367263794,0.0,0.07083791473328747,0.02492606108710825,49,19,0.45685716602019966,c5c7920-dirty,8f5e61236010,0.01,0.001 0.003 0.01 0.03,,30,300,1.0,512,0x2ea20278ff0b06a0,True,0.82,0.0001
a7_20260824T115851Z,2026-08-24T12:14:09+00:00,hyperplanes_n_features20_n_hyperplanes3_dim_hyperplanes5_seed11,4360508611e0e8963c01cd3994e98f0e069bb3b004ae6b18c71eecbf920853d1,2bf856a6c49a9c38010e4b719cd3d58e50f10d0c5c7048ed32accf1d9872633f,F,product,2,h3,35,20,22,1,0x27078a7f911995bb,U0-2pi,pennylane,,,,0,test_full,1200,test,0.825,0.9236896540219531,0.8240100565681961,0.8245238065719604,0.6062803864479065,0.04128406909370294,0.3055037438355039,117,87,908.2155354589922,c5c7920-dirty,8f5e61236010,0.003,0.001 0.003 0.01 0.03,,30,300,1.0,,,False,,
a7_20260824T115851Z,2026-08-24T12:14:09+00:00,hyperplanes_n_features20_n_hyperplanes3_dim_hyperplanes5_seed11,4360508611e0e8963c01cd3994e98f0e069bb3b004ae6b18c71eecbf920853d1,2bf856a6c49a9c38010e4b719cd3d58e50f10d0c5c7048ed32accf1d9872633f,F,product,2,h3,35,20,22,1,0x27078a7f911995bb,U0-2pi,pennylane,,,,0,val_full,600,val,0.82,0.9102167182662539,0.8139727159983464,0.8245238065719604,0.6062803864479065,0.04128406909370294,0.3055037438355039,117,87,908.2155354589922,c5c7920-dirty,8f5e61236010,0.003,0.001 0.003 0.01 0.03,,30,300,1.0,,,False,,
a7_20260824T115851Z,2026-08-24T12:14:17+00:00,hyperplanes_n_features20_n_hyperplanes3_dim_hyperplanes5_seed11,4360508611e0e8963c01cd3994e98f0e069bb3b004ae6b18c71eecbf920853d1,2bf856a6c49a9c38010e4b719cd3d58e50f10d0c5c7048ed32accf1d9872633f,B,L1,2,h3,35,35,22,4,0xc975238400fc39ed,U0-2pi,pennylane,,,,0,test_full,1200,test,0.7883333333333333,0.8846267196031985,0.7882339209239894,0.7916666865348816,0.0,0.019975695915442446,0.07088637783223276,52,22,7.712302915984765,c5c7920-dirty,8f5e61236010,0.003,0.001 0.003 0.01 0.03,,30,300,1.0,,,True,0.7841666666666667,1e-06
a7_20260824T115851Z,2026-08-24T12:14:17+00:00,hyperplanes_n_features20_n_hyperplanes3_dim_hyperplanes5_seed11,4360508611e0e8963c01cd3994e98f0e069bb3b004ae6b18c71eecbf920853d1,2bf856a6c49a9c38010e4b719cd3d58e50f10d0c5c7048ed32accf1d9872633f,B,L1,2,h3,35,35,22,4,0xc975238400fc39ed,U0-2pi,pennylane,,,,0,val_full,600,val,0.7866666666666666,0.8708073006896091,0.7826062342191374,0.7916666865348816,0.0,0.019975695915442446,0.07088637783223276,52,22,7.712302915984765,c5c7920-dirty,8f5e61236010,0.003,0.001 0.003 0.01 0.03,,30,300,1.0,,,True,0.7783333333333333,1e-06
a7_20260824T115851Z,2026-08-24T12:14:19+00:00,hyperplanes_n_features20_n_hyperplanes3_dim_hyperplanes5_seed11,4360508611e0e8963c01cd3994e98f0e069bb3b004ae6b18c71eecbf920853d1,2bf856a6c49a9c38010e4b719cd3d58e50f10d0c5c7048ed32accf1d9872633f,F,product,2,h3,35,20,22,3,0xa27b3263a781f0fe,U0-2pi,pennylane,,,,0,test_full,1200,test,0.8233333333333334,0.913758493755491,0.8211025819172966,0.8223809599876404,0.923684298992157,0.013315007160798297,0.1554435042024252,59,29,458.85293312510476,c5c7920-dirty,8f5e61236010,0.03,0.001 0.003 0.01 0.03,,30,300,1.0,,,False,,
a7_20260824T115851Z,2026-08-24T12:14:19+00:00,hyperplanes_n_features20_n_hyperplanes3_dim_hyperplanes5_seed11,4360508611e0e8963c01cd3994e98f0e069bb3b004ae6b18c71eecbf920853d1,2bf856a6c49a9c38010e4b719cd3d58e50f10d0c5c7048ed32accf1d9872633f,F,product,2,h3,35,20,22,3,0xa27b3263a781f0fe,U0-2pi,pennylane,,,,0,val_full,600,val,0.8183333333333334,0.8953962736529155,0.8095288022157567,0.8223809599876404,0.923684298992157,0.013315007160798297,0.1554435042024252,59,29,458.85293312510476,c5c7920-dirty,8f5e61236010,0.03,0.001 0.003 0.01 0.03,,30,300,1.0,,,False,,
a7_20260824T115851Z,2026-08-24T12:14:26+00:00,hyperplanes_n_features20_n_hyperplanes3_dim_hyperplanes5_seed11,4360508611e0e8963c01cd3994e98f0e069bb3b004ae6b18c71eecbf920853d1,2bf856a6c49a9c38010e4b719cd3d58e50f10d0c5c7048ed32accf1d9872633f,B,L2,2,h3,35,35,22,4,0xc9f964aa2896fb2f,U0-2pi,pennylane,,,,0,test_full,1200,test,0.7833333333333333,0.8612890490330185,0.7826353512947131,0.7778571248054504,0.0,0.01485322777273669,0.10732962976671519,37,7,7.819461000035517,c5c7920-dirty,8f5e61236010,0.03,0.001 0.003 0.01 0.03,,30,300,1.0,,,True,0.7625,1.0
a7_20260824T115851Z,2026-08-24T12:14:26+00:00,hyperplanes_n_features20_n_hyperplanes3_dim_hyperplanes5_seed11,4360508611e0e8963c01cd3994e98f0e069bb3b004ae6b18c71eecbf920853d1,2bf856a6c49a9c38010e4b719cd3d58e50f10d0c5c7048ed32accf1d9872633f,B,L2,2,h3,35,35,22,4,0xc9f964aa2896fb2f,U0-2pi,pennylane,,,,0,val_full,600,val,0.7683333333333333,0.829117814710912,0.7621159698908415,0.7778571248054504,0.0,0.01485322777273669,0.10732962976671519,37,7,7.819461000035517,c5c7920-dirty,8f5e61236010,0.03,0.001 0.003 0.01 0.03,,30,300,1.0,,,True,0.75,1.0
a7_20260824T115851Z,2026-08-24T12:15:10+00:00,hyperplanes_n_features20_n_hyperplanes3_dim_hyperplanes5_seed11,4360508611e0e8963c01cd3994e98f0e069bb3b004ae6b18c71eecbf920853d1,2bf856a6c49a9c38010e4b719cd3d58e50f10d0c5c7048ed32accf1d9872633f,A,L2,2,h3,35,35,22,1,0x9aed96d53998f1c9,U0-2pi,pennylane,,,,0,test_full,1200,test,0.8275,0.9208634993716567,0.8256684289314612,0.8357142806053162,1.028502106666565,0.036586989311012924,0.1523934848467998,112,82,968.8007834169548,c5c7920-dirty,8f5e61236010,0.03,0.001 0.003 0.01 0.03,,30,300,1.0,,,False,,
a7_20260824T115851Z,2026-08-24T12:15:10+00:00,hyperplanes_n_features20_n_hyperplanes3_dim_hyperplanes5_seed11,4360508611e0e8963c01cd3994e98f0e069bb3b004ae6b18c71eecbf920853d1,2bf856a6c49a9c38010e4b719cd3d58e50f10d0c5c7048ed32accf1d9872633f,A,L2,2,h3,35,35,22,1,0x9aed96d53998f1c9,U0-2pi,pennylane,,,,0,val_full,600,val,0.8333333333333334,0.9104290775782098,0.8256442445165115,0.8357142806053162,1.028502106666565,0.036586989311012924,0.1523934848467998,112,82,968.8007834169548,c5c7920-dirty,8f5e61236010,0.03,0.001 0.003 0.01 0.03,,30,300,1.0,,,False,,
a7_20260824T115851Z,2026-08-24T12:18:35+00:00,hyperplanes_n_features20_n_hyperplanes3_dim_hyperplanes5_seed11,4360508611e0e8963c01cd3994e98f0e069bb3b004ae6b18c71eecbf920853d1,2bf856a6c49a9c38010e4b719cd3d58e50f10d0c5c7048ed32accf1d9872633f,A,L1,2,h3,35,35,22,3,0xe98c84d46f8b02b7,U0-2pi,pennylane,,,,0,test_full,1200,test,0.8025,0.9164498048243418,0.8024691358024691,0.8088095188140869,0.6915566921234131,0.0016744832874978385,0.08246225511860646,133,103,1161.6912479579914,c5c7920-dirty,8f5e61236010,0.003,0.001 0.003 0.01 0.03,,30,300,1.0,,,False,,
a7_20260824T115851Z,2026-08-24T12:18:35+00:00,hyperplanes_n_features20_n_hyperplanes3_dim_hyperplanes5_seed11,4360508611e0e8963c01cd3994e98f0e069bb3b004ae6b18c71eecbf920853d1,2bf856a6c49a9c38010e4b719cd3d58e50f10d0c5c7048ed32accf1d9872633f,A,L1,2,h3,35,35,22,3,0xe98c84d46f8b02b7,U0-2pi,pennylane,,,,0,val_full,600,val,0.8133333333333334,0.9032312145834964,0.8111850386621111,0.8088095188140869,0.6915566921234131,0.0016744832874978385,0.08246225511860646,133,103,1161.6912479579914,c5c7920-dirty,8f5e61236010,0.003,0.001 0.003 0.01 0.03,,30,300,1.0,,,False,,
a7_20260824T115851Z,2026-08-24T12:18:35+00:00,hyperplanes_n_features20_n_hyperplanes3_dim_hyperplanes5_seed11,4360508611e0e8963c01cd3994e98f0e069bb3b004ae6b18c71eecbf920853d1,2bf856a6c49a9c38010e4b719cd3d58e50f10d0c5c7048ed32accf1d9872633f,E,,,h3,0,,22,4,,,pennylane,,,,0,test_full,1200,test,0.7983333333333333,0.8953725019183932,0.7962271141436907,0.8030952215194702,0.0,0.013288154253155526,0.05463379655248349,49,19,0.48210708296392113,c5c7920-dirty,8f5e61236010,0.03,0.001 0.003 0.01 0.03 0.1,,30,300,1.0,,,True,0.7516666666666667,1e-06
a7_20260824T115851Z,2026-08-24T12:18:35+00:00,hyperplanes_n_features20_n_hyperplanes3_dim_hyperplanes5_seed11,4360508611e0e8963c01cd3994e98f0e069bb3b004ae6b18c71eecbf920853d1,2bf856a6c49a9c38010e4b719cd3d58e50f10d0c5c7048ed32accf1d9872633f,E,,,h3,0,,22,4,,,pennylane,,,,0,val_full,600,val,0.785,0.8814476198991852,0.7768005190685603,0.8030952215194702,0.0,0.013288154253155526,0.05463379655248349,49,19,0.48210708296392113,c5c7920-dirty,8f5e61236010,0.03,0.001 0.003 0.01 0.03 0.1,,30,300,1.0,,,True,0.7383333333333333,1e-06
a7_20260824T115851Z,2026-08-24T12:18:36+00:00,hyperplanes_n_features20_n_hyperplanes3_dim_hyperplanes5_seed11,4360508611e0e8963c01cd3994e98f0e069bb3b004ae6b18c71eecbf920853d1,2bf856a6c49a9c38010e4b719cd3d58e50f10d0c5c7048ed32accf1d9872633f,D_matched,,2,h3,30,,22,4,0x80ec42dc400d77f3,RFF-int-spectrum-U0-2pi,pennylane,,,,0,test_full,1200,test,0.7016666666666667,0.7504309434046195,0.6977848813650893,0.6990476250648499,0.0,0.014659993714031568,0.06455213059783224,39,9,0.38350995804648846,c5c7920-dirty,8f5e61236010,0.003,0.001 0.003 0.01 0.03,,30,300,1.0,,0x80ec42dc400d77f3,True,0.675,1e-06
a7_20260824T115851Z,2026-08-24T12:18:36+00:00,hyperplanes_n_features20_n_hyperplanes3_dim_hyperplanes5_seed11,4360508611e0e8963c01cd3994e98f0e069bb3b004ae6b18c71eecbf920853d1,2bf856a6c49a9c38010e4b719cd3d58e50f10d0c5c7048ed32accf1d9872633f,D_matched,,2,h3,30,,22,4,0x80ec42dc400d77f3,RFF-int-spectrum-U0-2pi,pennylane,,,,0,val_full,600,val,0.7133333333333334,0.75626739390417,0.7131293364170077,0.6990476250648499,0.0,0.014659993714031568,0.06455213059783224,39,9,0.38350995804648846,c5c7920-dirty,8f5e61236010,0.003,0.001 0.003 0.01 0.03,,30,300,1.0,,0x80ec42dc400d77f3,True,0.655,1e-06
a7_20260824T115851Z,2026-08-24T12:18:36+00:00,hyperplanes_n_features20_n_hyperplanes3_dim_hyperplanes5_seed11,4360508611e0e8963c01cd3994e98f0e069bb3b004ae6b18c71eecbf920853d1,2bf856a6c49a9c38010e4b719cd3d58e50f10d0c5c7048ed32accf1d9872633f,D_matched,,2,h3,30,,22,4,0x80ec42dc400d77f3,RFF-int-spectrum-U0-2pi,pennylane,,,,0,test_full,1200,test,0.6991666666666667,0.7598338504654188,0.694583510470667,0.6921428442001343,0.0,0.014659993714031568,0.03807497846382657,72,42,0.7203083749627694,c5c7920-dirty,8f5e61236010,0.03,0.001 0.003 0.01 0.03,,30,300,1.0,,0x80ec42dc400d77f3,True,0.675,1e-06
a7_20260824T115851Z,2026-08-24T12:18:36+00:00,hyperplanes_n_features20_n_hyperplanes3_dim_hyperplanes5_seed11,4360508611e0e8963c01cd3994e98f0e069bb3b004ae6b18c71eecbf920853d1,2bf856a6c49a9c38010e4b719cd3d58e50f10d0c5c7048ed32accf1d9872633f,D_matched,,2,h3,30,,22,4,0x80ec42dc400d77f3,RFF-int-spectrum-U0-2pi,pennylane,,,,0,val_full,600,val,0.6916666666666667,0.7537749661901622,0.6907311283298645,0.6921428442001343,0.0,0.014659993714031568,0.03807497846382657,72,42,0.7203083749627694,c5c7920-dirty,8f5e61236010,0.03,0.001 0.003 0.01 0.03,,30,300,1.0,,0x80ec42dc400d77f3,True,0.655,1e-06
a7_20260824T115851Z,2026-08-24T12:18:37+00:00,hyperplanes_n_features20_n_hyperplanes3_dim_hyperplanes5_seed11,4360508611e0e8963c01cd3994e98f0e069bb3b004ae6b18c71eecbf920853d1,2bf856a6c49a9c38010e4b719cd3d58e50f10d0c5c7048ed32accf1d9872633f,D_best,,2,linear,192,,33,4,0x81f13209d45c857b,RFF-int-spectrum-U0-2pi,pennylane,,,,0,test_full,1200,test,0.8016666666666666,0.9115898753322433,0.801611558766324,0.8045238256454468,0.0,0.05415006555533739,0.025578975015792163,73,43,0.48655454197432846,c5c7920-dirty,8f5e61236010,0.03,0.001 0.003 0.01 0.03,,30,300,1.0,32,0x81f13209d45c857b,True,0.7958333333333333,1.0
a7_20260824T115851Z,2026-08-24T12:18:37+00:00,hyperplanes_n_features20_n_hyperplanes3_dim_hyperplanes5_seed11,4360508611e0e8963c01cd3994e98f0e069bb3b004ae6b18c71eecbf920853d1,2bf856a6c49a9c38010e4b719cd3d58e50f10d0c5c7048ed32accf1d9872633f,D_best,,2,linear,192,,33,4,0x81f13209d45c857b,RFF-int-spectrum-U0-2pi,pennylane,,,,0,val_full,600,val,0.7983333333333333,0.8883660627465882,0.7963642891402702,0.8045238256454468,0.0,0.05415006555533739,0.025578975015792163,73,43,0.48655454197432846,c5c7920-dirty,8f5e61236010,0.03,0.001 0.003 0.01 0.03,,30,300,1.0,32,0x81f13209d45c857b,True,0.7783333333333333,1.0
a7_20260824T115851Z,2026-08-24T12:18:37+00:00,hyperplanes_n_features20_n_hyperplanes3_dim_hyperplanes5_seed11,4360508611e0e8963c01cd3994e98f0e069bb3b004ae6b18c71eecbf920853d1,2bf856a6c49a9c38010e4b719cd3d58e50f10d0c5c7048ed32accf1d9872633f,D_best,,2,linear,768,,129,4,0x08491676e12f22b5,RFF-int-spectrum-U0-2pi,pennylane,,,,0,test_full,1200,test,0.825,0.9136250403140604,0.8244024806633684,0.8257142901420593,0.0,0.06993662425764874,0.039390842379650896,46,16,0.3447875410784036,c5c7920-dirty,8f5e61236010,0.03,0.001 0.003 0.01 0.03,,30,300,1.0,128,0x08491676e12f22b5,True,0.8133333333333334,1e-06
a7_20260824T115851Z,2026-08-24T12:18:37+00:00,hyperplanes_n_features20_n_hyperplanes3_dim_hyperplanes5_seed11,4360508611e0e8963c01cd3994e98f0e069bb3b004ae6b18c71eecbf920853d1,2bf856a6c49a9c38010e4b719cd3d58e50f10d0c5c7048ed32accf1d9872633f,D_best,,2,linear,768,,129,4,0x08491676e12f22b5,RFF-int-spectrum-U0-2pi,pennylane,,,,0,val_full,600,val,0.8283333333333334,0.8954074504588079,0.8233271107121518,0.8257142901420593,0.0,0.06993662425764874,0.039390842379650896,46,16,0.3447875410784036,c5c7920-dirty,8f5e61236010,0.03,0.001 0.003 0.01 0.03,,30,300,1.0,128,0x08491676e12f22b5,True,0.8066666666666666,1e-06
a7_20260824T115851Z,2026-08-24T12:18:38+00:00,hyperplanes_n_features20_n_hyperplanes3_dim_hyperplanes5_seed11,4360508611e0e8963c01cd3994e98f0e069bb3b004ae6b18c71eecbf920853d1,2bf856a6c49a9c38010e4b719cd3d58e50f10d0c5c7048ed32accf1d9872633f,D_best,,2,linear,3072,,513,4,0x919c9577afb001d0,RFF-int-spectrum-U0-2pi,pennylane,,,,0,test_full,1200,test,0.8041666666666667,0.9198528675808226,0.804106674335682,0.814047634601593,0.0,0.064694678870692,0.033009953986293,68,38,0.6252672499977052,c5c7920-dirty,8f5e61236010,0.01,0.001 0.003 0.01 0.03,,30,300,1.0,512,0x919c9577afb001d0,True,0.8183333333333334,1e-06
a7_20260824T115851Z,2026-08-24T12:18:38+00:00,hyperplanes_n_features20_n_hyperplanes3_dim_hyperplanes5_seed11,4360508611e0e8963c01cd3994e98f0e069bb3b004ae6b18c71eecbf920853d1,2bf856a6c49a9c38010e4b719cd3d58e50f10d0c5c7048ed32accf1d9872633f,D_best,,2,linear,3072,,513,4,0x919c9577afb001d0,RFF-int-spectrum-U0-2pi,pennylane,,,,0,val_full,600,val,0.8183333333333334,0.9022700092767488,0.8166788600452416,0.814047634601593,0.0,0.064694678870692,0.033009953986293,68,38,0.6252672499977052,c5c7920-dirty,8f5e61236010,0.01,0.001 0.003 0.01 0.03,,30,300,1.0,512,0x919c9577afb001d0,True,0.8183333333333334,1e-06
a7_20260824T115851Z,2026-08-24T12:18:53+00:00,hyperplanes_n_features20_n_hyperplanes3_dim_hyperplanes5_seed11,4360508611e0e8963c01cd3994e98f0e069bb3b004ae6b18c71eecbf920853d1,2bf856a6c49a9c38010e4b719cd3d58e50f10d0c5c7048ed32accf1d9872633f,A,L1,2,h3,35,35,22,2,0x68f1fd9add9ea051,U0-2pi,pennylane,,,,0,test_full,1200,test,0.8225,0.9167194919872329,0.8220698786441392,0.8169047832489014,0.6134032011032104,0.005137999222244019,0.2980671051717253,137,107,1190.9195822080364,c5c7920-dirty,8f5e61236010,0.003,0.001 0.003 0.01 0.03,,30,300,1.0,,,False,,
a7_20260824T115851Z,2026-08-24T12:18:53+00:00,hyperplanes_n_features20_n_hyperplanes3_dim_hyperplanes5_seed11,4360508611e0e8963c01cd3994e98f0e069bb3b004ae6b18c71eecbf920853d1,2bf856a6c49a9c38010e4b719cd3d58e50f10d0c5c7048ed32accf1d9872633f,A,L1,2,h3,35,35,22,2,0x68f1fd9add9ea051,U0-2pi,pennylane,,,,0,val_full,600,val,0.8133333333333334,0.9029741480479709,0.808,0.8169047832489014,0.6134032011032104,0.005137999222244019,0.2980671051717253,137,107,1190.9195822080364,c5c7920-dirty,8f5e61236010,0.003,0.001 0.003 0.01 0.03,,30,300,1.0,,,False,,
a7_20260824T115851Z,2026-08-24T12:19:02+00:00,hyperplanes_n_features20_n_hyperplanes3_dim_hyperplanes5_seed11,4360508611e0e8963c01cd3994e98f0e069bb3b004ae6b18c71eecbf920853d1,2bf856a6c49a9c38010e4b719cd3d58e50f10d0c5c7048ed32accf1d9872633f,B,L1,2,h3,35,35,22,5,0x2560fc84838de57f,U0-2pi,pennylane,,,,0,test_full,1200,test,0.7475,0.8464645959141004,0.7474787812031427,0.7545238137245178,0.0,0.018426487332307166,0.0501876176088998,52,22,8.097810792038217,c5c7920-dirty,8f5e61236010,0.003,0.001 0.003 0.01 0.03,,30,300,1.0,,,True,0.7625,1.0
a7_20260824T115851Z,2026-08-24T12:19:02+00:00,hyperplanes_n_features20_n_hyperplanes3_dim_hyperplanes5_seed11,4360508611e0e8963c01cd3994e98f0e069bb3b004ae6b18c71eecbf920853d1,2bf856a6c49a9c38010e4b719cd3d58e50f10d0c5c7048ed32accf1d9872633f,B,L1,2,h3,35,35,22,5,0x2560fc84838de57f,U0-2pi,pennylane,,,,0,val_full,600,val,0.74,0.8277654211979301,0.7366169915807483,0.7545238137245178,0.0,0.018426487332307166,0.0501876176088998,52,22,8.097810792038217,c5c7920-dirty,8f5e61236010,0.003,0.001 0.003 0.01 0.03,,30,300,1.0,,,True,0.73,1.0
a7_20260824T115851Z,2026-08-24T12:22:43+00:00,hyperplanes_n_features20_n_hyperplanes3_dim_hyperplanes5_seed11,4360508611e0e8963c01cd3994e98f0e069bb3b004ae6b18c71eecbf920853d1,2bf856a6c49a9c38010e4b719cd3d58e50f10d0c5c7048ed32accf1d9872633f,A,L2,2,h3,35,35,22,2,0xedbc28bf50f4bc26,U0-2pi,pennylane,,,,0,test_full,1200,test,0.8558333333333333,0.93881715766412,0.8557971824881099,0.8602380752563477,1.1315014362335205,0.002844726141866522,0.21491800613054435,165,135,1419.0711792920483,c5c7920-dirty,8f5e61236010,0.03,0.001 0.003 0.01 0.03,,30,300,1.0,,,False,,
a7_20260824T115851Z,2026-08-24T12:22:43+00:00,hyperplanes_n_features20_n_hyperplanes3_dim_hyperplanes5_seed11,4360508611e0e8963c01cd3994e98f0e069bb3b004ae6b18c71eecbf920853d1,2bf856a6c49a9c38010e4b719cd3d58e50f10d0c5c7048ed32accf1d9872633f,A,L2,2,h3,35,35,22,2,0xedbc28bf50f4bc26,U0-2pi,pennylane,,,,0,val_full,600,val,0.8616666666666667,0.9227347408657554,0.8590987412255014,0.8602380752563477,1.1315014362335205,0.002844726141866522,0.21491800613054435,165,135,1419.0711792920483,c5c7920-dirty,8f5e61236010,0.03,0.001 0.003 0.01 0.03,,30,300,1.0,,,False,,
a7_20260824T115851Z,2026-08-24T12:22:52+00:00,hyperplanes_n_features20_n_hyperplanes3_dim_hyperplanes5_seed11,4360508611e0e8963c01cd3994e98f0e069bb3b004ae6b18c71eecbf920853d1,2bf856a6c49a9c38010e4b719cd3d58e50f10d0c5c7048ed32accf1d9872633f,B,L2,2,h3,35,35,22,5,0xf9ea9d8280d97e94,U0-2pi,pennylane,,,,0,test_full,1200,test,0.7691666666666667,0.852233676975945,0.7675847906480147,0.7599999904632568,0.0,0.013792221333425484,0.07685485398866387,179,149,9.244456375017762,c5c7920-dirty,8f5e61236010,0.03,0.001 0.003 0.01 0.03,,30,300,1.0,,,True,0.75,1e-06
a7_20260824T115851Z,2026-08-24T12:22:52+00:00,hyperplanes_n_features20_n_hyperplanes3_dim_hyperplanes5_seed11,4360508611e0e8963c01cd3994e98f0e069bb3b004ae6b18c71eecbf920853d1,2bf856a6c49a9c38010e4b719cd3d58e50f10d0c5c7048ed32accf1d9872633f,B,L2,2,h3,35,35,22,5,0xf9ea9d8280d97e94,U0-2pi,pennylane,,,,0,val_full,600,val,0.7683333333333333,0.8215231751070179,0.7610143993122717,0.7599999904632568,0.0,0.013792221333425484,0.07685485398866387,179,149,9.244456375017762,c5c7920-dirty,8f5e61236010,0.03,0.001 0.003 0.01 0.03,,30,300,1.0,,,True,0.7433333333333333,1e-06
a7_20260824T115851Z,2026-08-24T12:24:06+00:00,hyperplanes_n_features20_n_hyperplanes3_dim_hyperplanes5_seed11,4360508611e0e8963c01cd3994e98f0e069bb3b004ae6b18c71eecbf920853d1,2bf856a6c49a9c38010e4b719cd3d58e50f10d0c5c7048ed32accf1d9872633f,A,L2,2,h3,35,35,22,4,0xc9f964aa2896fb2f,U0-2pi,pennylane,,,,0,test_full,1200,test,0.8425,0.8552266484280296,0.8402950738635283,0.8478571176528931,0.9298924803733826,0.009488666374609368,0.04624633293301083,68,38,589.0697350000264,c5c7920-dirty,8f5e61236010,0.03,0.001 0.003 0.01 0.03,,30,300,1.0,,,False,,
a7_20260824T115851Z,2026-08-24T12:24:06+00:00,hyperplanes_n_features20_n_hyperplanes3_dim_hyperplanes5_seed11,4360508611e0e8963c01cd3994e98f0e069bb3b004ae6b18c71eecbf920853d1,2bf856a6c49a9c38010e4b719cd3d58e50f10d0c5c7048ed32accf1d9872633f,A,L2,2,h3,35,35,22,4,0xc9f964aa2896fb2f,U0-2pi,pennylane,,,,0,val_full,600,val,0.8383333333333334,0.8291513451285891,0.829979170987786,0.8478571176528931,0.9298924803733826,0.009488666374609368,0.04624633293301083,68,38,589.0697350000264,c5c7920-dirty,8f5e61236010,0.03,0.001 0.003 0.01 0.03,,30,300,1.0,,,False,,
a7_20260824T115851Z,2026-08-24T12:24:35+00:00,hyperplanes_n_features20_n_hyperplanes3_dim_hyperplanes5_seed11,4360508611e0e8963c01cd3994e98f0e069bb3b004ae6b18c71eecbf920853d1,2bf856a6c49a9c38010e4b719cd3d58e50f10d0c5c7048ed32accf1d9872633f,F,product,2,h3,35,20,22,4,0x6ff3a4afd33346b9,U0-2pi,pennylane,,,,0,test_full,1200,test,0.8208333333333333,0.9227026546113725,0.81979704117917,0.8188095092773438,0.8377301692962646,0.010465462346769412,0.05371485935195013,73,43,565.2537437919527,c5c7920-dirty,8f5e61236010,0.03,0.001 0.003 0.01 0.03,,30,300,1.0,,,False,,
a7_20260824T115851Z,2026-08-24T12:24:35+00:00,hyperplanes_n_features20_n_hyperplanes3_dim_hyperplanes5_seed11,4360508611e0e8963c01cd3994e98f0e069bb3b004ae6b18c71eecbf920853d1,2bf856a6c49a9c38010e4b719cd3d58e50f10d0c5c7048ed32accf1d9872633f,F,product,2,h3,35,20,22,4,0x6ff3a4afd33346b9,U0-2pi,pennylane,,,,0,val_full,600,val,0.8216666666666667,0.9106302600842731,0.8153469148266073,0.8188095092773438,0.8377301692962646,0.010465462346769412,0.05371485935195013,73,43,565.2537437919527,c5c7920-dirty,8f5e61236010,0.03,0.001 0.003 0.01 0.03,,30,300,1.0,,,False,,
a7_20260824T115851Z,2026-08-24T12:24:35+00:00,hyperplanes_n_features20_n_hyperplanes3_dim_hyperplanes5_seed11,4360508611e0e8963c01cd3994e98f0e069bb3b004ae6b18c71eecbf920853d1,2bf856a6c49a9c38010e4b719cd3d58e50f10d0c5c7048ed32accf1d9872633f,E,,,h3,0,,22,5,,,pennylane,,,,0,test_full,1200,test,0.7841666666666667,0.8830920050267462,0.783806193521281,0.7814285755157471,0.0,0.022031839216507625,0.049138621360432476,38,8,0.38656887505203485,c5c7920-dirty,8f5e61236010,0.03,0.001 0.003 0.01 0.03 0.1,,30,300,1.0,,,True,0.7516666666666667,1e-06
a7_20260824T115851Z,2026-08-24T12:24:35+00:00,hyperplanes_n_features20_n_hyperplanes3_dim_hyperplanes5_seed11,4360508611e0e8963c01cd3994e98f0e069bb3b004ae6b18c71eecbf920853d1,2bf856a6c49a9c38010e4b719cd3d58e50f10d0c5c7048ed32accf1d9872633f,E,,,h3,0,,22,5,,,pennylane,,,,0,val_full,600,val,0.77,0.8615081981871221,0.7658371040723982,0.7814285755157471,0.0,0.022031839216507625,0.049138621360432476,38,8,0.38656887505203485,c5c7920-dirty,8f5e61236010,0.03,0.001 0.003 0.01 0.03 0.1,,30,300,1.0,,,True,0.7383333333333333,1e-06
a7_20260824T115851Z,2026-08-24T12:24:37+00:00,hyperplanes_n_features20_n_hyperplanes3_dim_hyperplanes5_seed11,4360508611e0e8963c01cd3994e98f0e069bb3b004ae6b18c71eecbf920853d1,2bf856a6c49a9c38010e4b719cd3d58e50f10d0c5c7048ed32accf1d9872633f,D_matched,,2,h3,30,,22,5,0x5fea624fe73dbb57,RFF-int-spectrum-U0-2pi,pennylane,,,,0,test_full,1200,test,0.755,0.8502429964746048,0.7546394563121921,0.732619047164917,0.0,0.049792939218224135,0.034611370142659595,128,98,1.2418049999978393,c5c7920-dirty,8f5e61236010,0.003,0.001 0.003 0.01 0.03,,30,300,1.0,,0x5fea624fe73dbb57,True,0.7216666666666667,1e-06
a7_20260824T115851Z,2026-08-24T12:24:37+00:00,hyperplanes_n_features20_n_hyperplanes3_dim_hyperplanes5_seed11,4360508611e0e8963c01cd3994e98f0e069bb3b004ae6b18c71eecbf920853d1,2bf856a6c49a9c38010e4b719cd3d58e50f10d0c5c7048ed32accf1d9872633f,D_matched,,2,h3,30,,22,5,0x5fea624fe73dbb57,RFF-int-spectrum-U0-2pi,pennylane,,,,0,val_full,600,val,0.7433333333333333,0.8121961305898,0.7395833333333334,0.732619047164917,0.0,0.049792939218224135,0.034611370142659595,128,98,1.2418049999978393,c5c7920-dirty,8f5e61236010,0.003,0.001 0.003 0.01 0.03,,30,300,1.0,,0x5fea624fe73dbb57,True,0.705,1e-06
a7_20260824T115851Z,2026-08-24T12:24:37+00:00,hyperplanes_n_features20_n_hyperplanes3_dim_hyperplanes5_seed11,4360508611e0e8963c01cd3994e98f0e069bb3b004ae6b18c71eecbf920853d1,2bf856a6c49a9c38010e4b719cd3d58e50f10d0c5c7048ed32accf1d9872633f,D_matched,,2,h3,30,,22,5,0x5fea624fe73dbb57,RFF-int-spectrum-U0-2pi,pennylane,,,,0,test_full,1200,test,0.7575,0.8474460347646215,0.7573380568559991,0.732619047164917,0.0,0.049792939218224135,0.05499563071143013,50,20,0.49031512497458607,c5c7920-dirty,8f5e61236010,0.03,0.001 0.003 0.01 0.03,,30,300,1.0,,0x5fea624fe73dbb57,True,0.7216666666666667,1e-06
a7_20260824T115851Z,2026-08-24T12:24:37+00:00,hyperplanes_n_features20_n_hyperplanes3_dim_hyperplanes5_seed11,4360508611e0e8963c01cd3994e98f0e069bb3b004ae6b18c71eecbf920853d1,2bf856a6c49a9c38010e4b719cd3d58e50f10d0c5c7048ed32accf1d9872633f,D_matched,,2,h3,30,,22,5,0x5fea624fe73dbb57,RFF-int-spectrum-U0-2pi,pennylane,,,,0,val_full,600,val,0.7416666666666667,0.8122408378133698,0.7389686172915046,0.732619047164917,0.0,0.049792939218224135,0.05499563071143013,50,20,0.49031512497458607,c5c7920-dirty,8f5e61236010,0.03,0.001 0.003 0.01 0.03,,30,300,1.0,,0x5fea624fe73dbb57,True,0.705,1e-06
a7_20260824T115851Z,2026-08-24T12:24:38+00:00,hyperplanes_n_features20_n_hyperplanes3_dim_hyperplanes5_seed11,4360508611e0e8963c01cd3994e98f0e069bb3b004ae6b18c71eecbf920853d1,2bf856a6c49a9c38010e4b719cd3d58e50f10d0c5c7048ed32accf1d9872633f,D_best,,2,linear,192,,33,5,0x7bba18422325b3f3,RFF-int-spectrum-U0-2pi,pennylane,,,,0,test_full,1200,test,0.8141666666666667,0.9082479787364184,0.8137754658223003,0.8185714483261108,0.0,0.05974613754855415,0.07106209149934208,135,105,0.8807572919176891,c5c7920-dirty,8f5e61236010,0.03,0.001 0.003 0.01 0.03,,30,300,1.0,32,0x7bba18422325b3f3,True,0.785,1e-06
a7_20260824T115851Z,2026-08-24T12:24:38+00:00,hyperplanes_n_features20_n_hyperplanes3_dim_hyperplanes5_seed11,4360508611e0e8963c01cd3994e98f0e069bb3b004ae6b18c71eecbf920853d1,2bf856a6c49a9c38010e4b719cd3d58e50f10d0c5c7048ed32accf1d9872633f,D_best,,2,linear,192,,33,5,0x7bba18422325b3f3,RFF-int-spectrum-U0-2pi,pennylane,,,,0,val_full,600,val,0.8066666666666666,0.8897184562595701,0.8020117427518092,0.8185714483261108,0.0,0.05974613754855415,0.07106209149934208,135,105,0.8807572919176891,c5c7920-dirty,8f5e61236010,0.03,0.001 0.003 0.01 0.03,,30,300,1.0,32,0x7bba18422325b3f3,True,0.7783333333333333,1e-06
a7_20260824T115851Z,2026-08-24T12:24:39+00:00,hyperplanes_n_features20_n_hyperplanes3_dim_hyperplanes5_seed11,4360508611e0e8963c01cd3994e98f0e069bb3b004ae6b18c71eecbf920853d1,2bf856a6c49a9c38010e4b719cd3d58e50f10d0c5c7048ed32accf1d9872633f,D_best,,2,linear,768,,129,5,0xb50902aa88037212,RFF-int-spectrum-U0-2pi,pennylane,,,,0,test_full,1200,test,0.8266666666666667,0.9202782504253828,0.8258928571428572,0.8276190757751465,0.0,0.05641370001887541,0.03545448163619247,74,44,0.5418133330531418,c5c7920-dirty,8f5e61236010,0.03,0.001 0.003 0.01 0.03,,30,300,1.0,128,0xb50902aa88037212,True,0.8116666666666666,1e-06
a7_20260824T115851Z,2026-08-24T12:24:39+00:00,hyperplanes_n_features20_n_hyperplanes3_dim_hyperplanes5_seed11,4360508611e0e8963c01cd3994e98f0e069bb3b004ae6b18c71eecbf920853d1,2bf856a6c49a9c38010e4b719cd3d58e50f10d0c5c7048ed32accf1d9872633f,D_best,,2,linear,768,,129,5,0xb50902aa88037212,RFF-int-spectrum-U0-2pi,pennylane,,,,0,val_full,600,val,0.8216666666666667,0.900593488392887,0.8155803044361267,0.8276190757751465,0.0,0.05641370001887541,0.03545448163619247,74,44,0.5418133330531418,c5c7920-dirty,8f5e61236010,0.03,0.001 0.003 0.01 0.03,,30,300,1.0,128,0xb50902aa88037212,True,0.8083333333333333,1e-06
a7_20260824T115851Z,2026-08-24T12:24:39+00:00,hyperplanes_n_features20_n_hyperplanes3_dim_hyperplanes5_seed11,4360508611e0e8963c01cd3994e98f0e069bb3b004ae6b18c71eecbf920853d1,2bf856a6c49a9c38010e4b719cd3d58e50f10d0c5c7048ed32accf1d9872633f,D_best,,2,linear,3072,,513,5,0x10a2f35f53be67b9,RFF-int-spectrum-U0-2pi,pennylane,,,,0,test_full,1200,test,0.8241666666666667,0.9174868492754591,0.823010210465465,0.8278571367263794,0.0,0.0749136458048543,0.03619494978099774,78,48,0.7145136250182986,c5c7920-dirty,8f5e61236010,0.01,0.001 0.003 0.01 0.03,,30,300,1.0,512,0x10a2f35f53be67b9,True,0.8183333333333334,1e-06
a7_20260824T115851Z,2026-08-24T12:24:39+00:00,hyperplanes_n_features20_n_hyperplanes3_dim_hyperplanes5_seed11,4360508611e0e8963c01cd3994e98f0e069bb3b004ae6b18c71eecbf920853d1,2bf856a6c49a9c38010e4b719cd3d58e50f10d0c5c7048ed32accf1d9872633f,D_best,,2,linear,3072,,513,5,0x10a2f35f53be67b9,RFF-int-spectrum-U0-2pi,pennylane,,,,0,val_full,600,val,0.835,0.8945356595991998,0.8284778710465448,0.8278571367263794,0.0,0.0749136458048543,0.03619494978099774,78,48,0.7145136250182986,c5c7920-dirty,8f5e61236010,0.01,0.001 0.003 0.01 0.03,,30,300,1.0,512,0x10a2f35f53be67b9,True,0.8183333333333334,1e-06
a7_20260824T115851Z,2026-08-24T12:26:32+00:00,hyperplanes_n_features20_n_hyperplanes3_dim_hyperplanes5_seed11,4360508611e0e8963c01cd3994e98f0e069bb3b004ae6b18c71eecbf920853d1,2bf856a6c49a9c38010e4b719cd3d58e50f10d0c5c7048ed32accf1d9872633f,A,L1,2,h3,35,35,22,4,0xc975238400fc39ed,U0-2pi,pennylane,,,,0,test_full,1200,test,0.8108333333333333,0.9196582479787364,0.8108037714226182,0.8083333373069763,0.7337349653244019,0.012598014574766649,0.11815954556210628,137,107,1172.536618999904,c5c7920-dirty,8f5e61236010,0.003,0.001 0.003 0.01 0.03,,30,300,1.0,,,False,,
a7_20260824T115851Z,2026-08-24T12:26:32+00:00,hyperplanes_n_features20_n_hyperplanes3_dim_hyperplanes5_seed11,4360508611e0e8963c01cd3994e98f0e069bb3b004ae6b18c71eecbf920853d1,2bf856a6c49a9c38010e4b719cd3d58e50f10d0c5c7048ed32accf1d9872633f,A,L1,2,h3,35,35,22,4,0xc975238400fc39ed,U0-2pi,pennylane,,,,0,val_full,600,val,0.8183333333333334,0.9027841423477998,0.8154497354497354,0.8083333373069763,0.7337349653244019,0.012598014574766649,0.11815954556210628,137,107,1172.536618999904,c5c7920-dirty,8f5e61236010,0.003,0.001 0.003 0.01 0.03,,30,300,1.0,,,False,,
a7_20260824T115851Z,2026-08-24T12:26:40+00:00,hyperplanes_n_features20_n_hyperplanes3_dim_hyperplanes5_seed11,4360508611e0e8963c01cd3994e98f0e069bb3b004ae6b18c71eecbf920853d1,2bf856a6c49a9c38010e4b719cd3d58e50f10d0c5c7048ed32accf1d9872633f,B,L1,2,h3,35,35,22,6,0x7f041defed10b1c8,U0-2pi,pennylane,,,,0,test_full,1200,test,0.6783333333333333,0.761910719647683,0.6771711494714305,0.6623809337615967,0.0,0.028252651217482584,0.01664065171663011,55,25,7.78174391691573,c5c7920-dirty,8f5e61236010,0.003,0.001 0.003 0.01 0.03,,30,300,1.0,,,True,0.6883333333333334,1e-06
a7_20260824T115851Z,2026-08-24T12:26:40+00:00,hyperplanes_n_features20_n_hyperplanes3_dim_hyperplanes5_seed11,4360508611e0e8963c01cd3994e98f0e069bb3b004ae6b18c71eecbf920853d1,2bf856a6c49a9c38010e4b719cd3d58e50f10d0c5c7048ed32accf1d9872633f,B,L1,2,h3,35,35,22,6,0x7f041defed10b1c8,U0-2pi,pennylane,,,,0,val_full,600,val,0.6883333333333334,0.7417207810351958,0.6880204872107865,0.6623809337615967,0.0,0.028252651217482584,0.01664065171663011,55,25,7.78174391691573,c5c7920-dirty,8f5e61236010,0.003,0.001 0.003 0.01 0.03,,30,300,1.0,,,True,0.6733333333333333,1e-06
a7_20260824T115851Z,2026-08-24T12:27:33+00:00,hyperplanes_n_features20_n_hyperplanes3_dim_hyperplanes5_seed11,4360508611e0e8963c01cd3994e98f0e069bb3b004ae6b18c71eecbf920853d1,2bf856a6c49a9c38010e4b719cd3d58e50f10d0c5c7048ed32accf1d9872633f,A,L1,2,h3,35,35,22,1,0x1ddc9c443a3565bb,U0-2pi,pennylane,,,,0,test_full,1200,test,0.85,0.8591371122899498,0.8480482643735086,0.8516666889190674,0.7586127519607544,0.028774156456254765,0.5121603435526372,199,169,1711.793280624901,c5c7920-dirty,8f5e61236010,0.003,0.001 0.003 0.01 0.03,,30,300,1.0,,,False,,
a7_20260824T115851Z,2026-08-24T12:27:33+00:00,hyperplanes_n_features20_n_hyperplanes3_dim_hyperplanes5_seed11,4360508611e0e8963c01cd3994e98f0e069bb3b004ae6b18c71eecbf920853d1,2bf856a6c49a9c38010e4b719cd3d58e50f10d0c5c7048ed32accf1d9872633f,A,L1,2,h3,35,35,22,1,0x1ddc9c443a3565bb,U0-2pi,pennylane,,,,0,val_full,600,val,0.8416666666666667,0.8303696169708621,0.8332236120254553,0.8516666889190674,0.7586127519607544,0.028774156456254765,0.5121603435526372,199,169,1711.793280624901,c5c7920-dirty,8f5e61236010,0.003,0.001 0.003 0.01 0.03,,30,300,1.0,,,False,,
a7_20260824T115851Z,2026-08-24T12:27:41+00:00,hyperplanes_n_features20_n_hyperplanes3_dim_hyperplanes5_seed11,4360508611e0e8963c01cd3994e98f0e069bb3b004ae6b18c71eecbf920853d1,2bf856a6c49a9c38010e4b719cd3d58e50f10d0c5c7048ed32accf1d9872633f,B,L2,2,h3,35,35,22,6,0xfed8b00a5c8d996d,U0-2pi,pennylane,,,,0,test_full,1200,test,0.6758333333333333,0.7694355475483491,0.6729331131400593,0.6761904954910278,0.0,0.03661409195519226,0.010751457112373596,58,28,7.825469833100215,c5c7920-dirty,8f5e61236010,0.03,0.001 0.003 0.01 0.03,,30,300,1.0,,,True,0.6825,1e-06
a7_20260824T115851Z,2026-08-24T12:27:41+00:00,hyperplanes_n_features20_n_hyperplanes3_dim_hyperplanes5_seed11,4360508611e0e8963c01cd3994e98f0e069bb3b004ae6b18c71eecbf920853d1,2bf856a6c49a9c38010e4b719cd3d58e50f10d0c5c7048ed32accf1d9872633f,B,L2,2,h3,35,35,22,6,0xfed8b00a5c8d996d,U0-2pi,pennylane,,,,0,val_full,600,val,0.6983333333333334,0.7671871332610567,0.6983257914781202,0.6761904954910278,0.0,0.03661409195519226,0.010751457112373596,58,28,7.825469833100215,c5c7920-dirty,8f5e61236010,0.03,0.001 0.003 0.01 0.03,,30,300,1.0,,,True,0.675,1e-06
a7_20260824T115851Z,2026-08-24T12:28:34+00:00,hyperplanes_n_features20_n_hyperplanes3_dim_hyperplanes5_seed11,4360508611e0e8963c01cd3994e98f0e069bb3b004ae6b18c71eecbf920853d1,2bf856a6c49a9c38010e4b719cd3d58e50f10d0c5c7048ed32accf1d9872633f,F,product,2,h3,35,20,22,2,0x499fbb627c0f5f7c,U0-2pi,pennylane,,,,0,test_full,1200,test,0.825,0.929111200080072,0.8238250106963386,0.8266666531562805,0.5316967368125916,0.005255752995483867,0.11264996282368694,229,199,1764.5600626249798,c5c7920-dirty,8f5e61236010,0.003,0.001 0.003 0.01 0.03,,30,300,1.0,,,False,,
a7_20260824T115851Z,2026-08-24T12:28:34+00:00,hyperplanes_n_features20_n_hyperplanes3_dim_hyperplanes5_seed11,4360508611e0e8963c01cd3994e98f0e069bb3b004ae6b18c71eecbf920853d1,2bf856a6c49a9c38010e4b719cd3d58e50f10d0c5c7048ed32accf1d9872633f,F,product,2,h3,35,20,22,2,0x499fbb627c0f5f7c,U0-2pi,pennylane,,,,0,val_full,600,val,0.8216666666666667,0.9118261783147613,0.81510867405272,0.8266666531562805,0.5316967368125916,0.005255752995483867,0.11264996282368694,229,199,1764.5600626249798,c5c7920-dirty,8f5e61236010,0.003,0.001 0.003 0.01 0.03,,30,300,1.0,,,False,,
a7_20260824T115851Z,2026-08-24T12:30:47+00:00,hyperplanes_n_features20_n_hyperplanes3_dim_hyperplanes5_seed11,4360508611e0e8963c01cd3994e98f0e069bb3b004ae6b18c71eecbf920853d1,2bf856a6c49a9c38010e4b719cd3d58e50f10d0c5c7048ed32accf1d9872633f,A,L2,2,h3,35,35,22,5,0xf9ea9d8280d97e94,U0-2pi,pennylane,,,,0,test_full,1200,test,0.825,0.9298590954080894,0.8228565644295981,0.8330952525138855,0.7696999311447144,0.008835503239937904,0.17987601581246535,81,51,705.2638018329162,c5c7920-dirty,8f5e61236010,0.03,0.001 0.003 0.01 0.03,,30,300,1.0,,,False,,
a7_20260824T115851Z,2026-08-24T12:30:47+00:00,hyperplanes_n_features20_n_hyperplanes3_dim_hyperplanes5_seed11,4360508611e0e8963c01cd3994e98f0e069bb3b004ae6b18c71eecbf920853d1,2bf856a6c49a9c38010e4b719cd3d58e50f10d0c5c7048ed32accf1d9872633f,A,L2,2,h3,35,35,22,5,0xf9ea9d8280d97e94,U0-2pi,pennylane,,,,0,val_full,600,val,0.8366666666666667,0.9188116819975187,0.8283592545887628,0.8330952525138855,0.7696999311447144,0.008835503239937904,0.17987601581246535,81,51,705.2638018329162,c5c7920-dirty,8f5e61236010,0.03,0.001 0.003 0.01 0.03,,30,300,1.0,,,False,,
a7_20260824T115851Z,2026-08-24T12:30:47+00:00,hyperplanes_n_features20_n_hyperplanes3_dim_hyperplanes5_seed11,4360508611e0e8963c01cd3994e98f0e069bb3b004ae6b18c71eecbf920853d1,2bf856a6c49a9c38010e4b719cd3d58e50f10d0c5c7048ed32accf1d9872633f,E,,,h3,0,,22,6,,,pennylane,,,,0,test_full,1200,test,0.8041666666666667,0.8959758226848609,0.8027131834466567,0.8071428537368774,0.0,0.03015341609610351,0.026015819272538238,57,27,0.5533105001086369,c5c7920-dirty,8f5e61236010,0.03,0.001 0.003 0.01 0.03 0.1,,30,300,1.0,,,True,0.7516666666666667,1e-06
a7_20260824T115851Z,2026-08-24T12:30:47+00:00,hyperplanes_n_features20_n_hyperplanes3_dim_hyperplanes5_seed11,4360508611e0e8963c01cd3994e98f0e069bb3b004ae6b18c71eecbf920853d1,2bf856a6c49a9c38010e4b719cd3d58e50f10d0c5c7048ed32accf1d9872633f,E,,,h3,0,,22,6,,,pennylane,,,,0,val_full,600,val,0.7916666666666666,0.8792681427501648,0.7842837790030459,0.8071428537368774,0.0,0.03015341609610351,0.026015819272538238,57,27,0.5533105001086369,c5c7920-dirty,8f5e61236010,0.03,0.001 0.003 0.01 0.03 0.1,,30,300,1.0,,,True,0.7383333333333333,1e-06
a7_20260824T115851Z,2026-08-24T12:30:50+00:00,hyperplanes_n_features20_n_hyperplanes3_dim_hyperplanes5_seed11,4360508611e0e8963c01cd3994e98f0e069bb3b004ae6b18c71eecbf920853d1,2bf856a6c49a9c38010e4b719cd3d58e50f10d0c5c7048ed32accf1d9872633f,D_matched,,2,h3,30,,22,6,0x88bb3901c7635059,RFF-int-spectrum-U0-2pi,pennylane,,,,0,test_full,1200,test,0.6883333333333334,0.7733126480499116,0.6881869544313859,0.6964285969734192,0.0,0.04654383402831288,0.05068169375356149,271,241,2.6855462919920683,c5c7920-dirty,8f5e61236010,0.003,0.001 0.003 0.01 0.03,,30,300,1.0,,0x88bb3901c7635059,True,0.6783333333333333,1e-06
a7_20260824T115851Z,2026-08-24T12:30:50+00:00,hyperplanes_n_features20_n_hyperplanes3_dim_hyperplanes5_seed11,4360508611e0e8963c01cd3994e98f0e069bb3b004ae6b18c71eecbf920853d1,2bf856a6c49a9c38010e4b719cd3d58e50f10d0c5c7048ed32accf1d9872633f,D_matched,,2,h3,30,,22,6,0x88bb3901c7635059,RFF-int-spectrum-U0-2pi,pennylane,,,,0,val_full,600,val,0.6916666666666667,0.7499301449631725,0.6870338990219105,0.6964285969734192,0.0,0.04654383402831288,0.05068169375356149,271,241,2.6855462919920683,c5c7920-dirty,8f5e61236010,0.003,0.001 0.003 0.01 0.03,,30,300,1.0,,0x88bb3901c7635059,True,0.655,1e-06
a7_20260824T115851Z,2026-08-24T12:30:51+00:00,hyperplanes_n_features20_n_hyperplanes3_dim_hyperplanes5_seed11,4360508611e0e8963c01cd3994e98f0e069bb3b004ae6b18c71eecbf920853d1,2bf856a6c49a9c38010e4b719cd3d58e50f10d0c5c7048ed32accf1d9872633f,D_matched,,2,h3,30,,22,6,0x88bb3901c7635059,RFF-int-spectrum-U0-2pi,pennylane,,,,0,test_full,1200,test,0.6958333333333333,0.7651886698028225,0.6951455053798465,0.6935714483261108,0.0,0.04654383402831288,0.017759413295329977,47,17,0.4600233749952167,c5c7920-dirty,8f5e61236010,0.03,0.001 0.003 0.01 0.03,,30,300,1.0,,0x88bb3901c7635059,True,0.6783333333333333,1e-06
a7_20260824T115851Z,2026-08-24T12:30:51+00:00,hyperplanes_n_features20_n_hyperplanes3_dim_hyperplanes5_seed11,4360508611e0e8963c01cd3994e98f0e069bb3b004ae6b18c71eecbf920853d1,2bf856a6c49a9c38010e4b719cd3d58e50f10d0c5c7048ed32accf1d9872633f,D_matched,,2,h3,30,,22,6,0x88bb3901c7635059,RFF-int-spectrum-U0-2pi,pennylane,,,,0,val_full,600,val,0.6833333333333333,0.7428216964155983,0.6828258547008547,0.6935714483261108,0.0,0.04654383402831288,0.017759413295329977,47,17,0.4600233749952167,c5c7920-dirty,8f5e61236010,0.03,0.001 0.003 0.01 0.03,,30,300,1.0,,0x88bb3901c7635059,True,0.655,1e-06
a7_20260824T115851Z,2026-08-24T12:30:51+00:00,hyperplanes_n_features20_n_hyperplanes3_dim_hyperplanes5_seed11,4360508611e0e8963c01cd3994e98f0e069bb3b004ae6b18c71eecbf920853d1,2bf856a6c49a9c38010e4b719cd3d58e50f10d0c5c7048ed32accf1d9872633f,D_best,,2,linear,192,,33,6,0x9a1aca9cdc0b384a,RFF-int-spectrum-U0-2pi,pennylane,,,,0,test_full,1200,test,0.8191666666666667,0.9174534859151013,0.8190459049407278,0.8095238208770752,0.0,0.1084198929185955,0.024986183648165343,119,89,0.7944402090506628,c5c7920-dirty,8f5e61236010,0.03,0.001 0.003 0.01 0.03,,30,300,1.0,32,0x9a1aca9cdc0b384a,True,0.8016666666666666,1e-06
a7_20260824T115851Z,2026-08-24T12:30:51+00:00,hyperplanes_n_features20_n_hyperplanes3_dim_hyperplanes5_seed11,4360508611e0e8963c01cd3994e98f0e069bb3b004ae6b18c71eecbf920853d1,2bf856a6c49a9c38010e4b719cd3d58e50f10d0c5c7048ed32accf1d9872633f,D_best,,2,linear,192,,33,6,0x9a1aca9cdc0b384a,RFF-int-spectrum-U0-2pi,pennylane,,,,0,val_full,600,val,0.8116666666666666,0.9011858591051849,0.8078095103111048,0.8095238208770752,0.0,0.1084198929185955,0.024986183648165343,119,89,0.7944402090506628,c5c7920-dirty,8f5e61236010,0.03,0.001 0.003 0.01 0.03,,30,300,1.0,32,0x9a1aca9cdc0b384a,True,0.7833333333333333,1e-06
a7_20260824T115851Z,2026-08-24T12:30:52+00:00,hyperplanes_n_features20_n_hyperplanes3_dim_hyperplanes5_seed11,4360508611e0e8963c01cd3994e98f0e069bb3b004ae6b18c71eecbf920853d1,2bf856a6c49a9c38010e4b719cd3d58e50f10d0c5c7048ed32accf1d9872633f,D_best,,2,linear,768,,129,6,0x0765a6307b9ee5f9,RFF-int-spectrum-U0-2pi,pennylane,,,,0,test_full,1200,test,0.8241666666666667,0.9138863866368621,0.8233214314871633,0.8269047737121582,0.0,0.05745817208543375,0.04044598904838946,44,14,0.3167457089293748,c5c7920-dirty,8f5e61236010,0.03,0.001 0.003 0.01 0.03,,30,300,1.0,128,0x0765a6307b9ee5f9,True,0.8041666666666667,0.01
a7_20260824T115851Z,2026-08-24T12:30:52+00:00,hyperplanes_n_features20_n_hyperplanes3_dim_hyperplanes5_seed11,4360508611e0e8963c01cd3994e98f0e069bb3b004ae6b18c71eecbf920853d1,2bf856a6c49a9c38010e4b719cd3d58e50f10d0c5c7048ed32accf1d9872633f,D_best,,2,linear,768,,129,6,0x0765a6307b9ee5f9,RFF-int-spectrum-U0-2pi,pennylane,,,,0,val_full,600,val,0.83,0.8888354885940696,0.8240873814314458,0.8269047737121582,0.0,0.05745817208543375,0.04044598904838946,44,14,0.3167457089293748,c5c7920-dirty,8f5e61236010,0.03,0.001 0.003 0.01 0.03,,30,300,1.0,128,0x0765a6307b9ee5f9,True,0.8016666666666666,0.01
a7_20260824T115851Z,2026-08-24T12:30:52+00:00,hyperplanes_n_features20_n_hyperplanes3_dim_hyperplanes5_seed11,4360508611e0e8963c01cd3994e98f0e069bb3b004ae6b18c71eecbf920853d1,2bf856a6c49a9c38010e4b719cd3d58e50f10d0c5c7048ed32accf1d9872633f,D_best,,2,linear,3072,,513,6,0xac5b090c25741663,RFF-int-spectrum-U0-2pi,pennylane,,,,0,test_full,1200,test,0.8291666666666667,0.9214932327984073,0.8287527001035142,0.8302381038665771,0.0,0.07473067378931394,0.06592926527335281,72,42,0.6251860409975052,c5c7920-dirty,8f5e61236010,0.01,0.001 0.003 0.01 0.03,,30,300,1.0,512,0xac5b090c25741663,True,0.8208333333333333,0.0001
a7_20260824T115851Z,2026-08-24T12:30:52+00:00,hyperplanes_n_features20_n_hyperplanes3_dim_hyperplanes5_seed11,4360508611e0e8963c01cd3994e98f0e069bb3b004ae6b18c71eecbf920853d1,2bf856a6c49a9c38010e4b719cd3d58e50f10d0c5c7048ed32accf1d9872633f,D_best,,2,linear,3072,,513,6,0xac5b090c25741663,RFF-int-spectrum-U0-2pi,pennylane,,,,0,val_full,600,val,0.8316666666666667,0.8994199237741839,0.8265553491646894,0.8302381038665771,0.0,0.07473067378931394,0.06592926527335281,72,42,0.6251860409975052,c5c7920-dirty,8f5e61236010,0.01,0.001 0.003 0.01 0.03,,30,300,1.0,512,0xac5b090c25741663,True,0.8116666666666666,0.0001
a7_20260824T115851Z,2026-08-24T12:31:01+00:00,hyperplanes_n_features20_n_hyperplanes3_dim_hyperplanes5_seed11,4360508611e0e8963c01cd3994e98f0e069bb3b004ae6b18c71eecbf920853d1,2bf856a6c49a9c38010e4b719cd3d58e50f10d0c5c7048ed32accf1d9872633f,F,product,2,h3,35,20,22,5,0x47580f2ad4dd122e,U0-2pi,pennylane,,,,0,test_full,1200,test,0.8075,0.9077086044106363,0.8071784969243858,0.8009523749351501,0.46239417791366577,0.017642624664810553,0.11458250704076488,63,33,488.8703112079529,c5c7920-dirty,8f5e61236010,0.003,0.001 0.003 0.01 0.03,,30,300,1.0,,,False,,
a7_20260824T115851Z,2026-08-24T12:31:01+00:00,hyperplanes_n_features20_n_hyperplanes3_dim_hyperplanes5_seed11,4360508611e0e8963c01cd3994e98f0e069bb3b004ae6b18c71eecbf920853d1,2bf856a6c49a9c38010e4b719cd3d58e50f10d0c5c7048ed32accf1d9872633f,F,product,2,h3,35,20,22,5,0x47580f2ad4dd122e,U0-2pi,pennylane,,,,0,val_full,600,val,0.7933333333333333,0.8922667680030402,0.7889984231602591,0.8009523749351501,0.46239417791366577,0.017642624664810553,0.11458250704076488,63,33,488.8703112079529,c5c7920-dirty,8f5e61236010,0.003,0.001 0.003 0.01 0.03,,30,300,1.0,,,False,,
a7_20260824T115851Z,2026-08-24T12:31:09+00:00,hyperplanes_n_features20_n_hyperplanes3_dim_hyperplanes5_seed11,4360508611e0e8963c01cd3994e98f0e069bb3b004ae6b18c71eecbf920853d1,2bf856a6c49a9c38010e4b719cd3d58e50f10d0c5c7048ed32accf1d9872633f,B,L1,2,h3,35,35,22,7,0xd86bbfc3a6142e24,U0-2pi,pennylane,,,,0,test_full,1200,test,0.77,0.8535237269097744,0.7699686901828304,0.7611904740333557,0.0,0.047425387562216446,0.05385051426962212,55,25,8.05245295795612,c5c7920-dirty,8f5e61236010,0.003,0.001 0.003 0.01 0.03,,30,300,1.0,,,True,0.7641666666666667,1e-06
a7_20260824T115851Z,2026-08-24T12:31:09+00:00,hyperplanes_n_features20_n_hyperplanes3_dim_hyperplanes5_seed11,4360508611e0e8963c01cd3994e98f0e069bb3b004ae6b18c71eecbf920853d1,2bf856a6c49a9c38010e4b719cd3d58e50f10d0c5c7048ed32accf1d9872633f,B,L1,2,h3,35,35,22,7,0xd86bbfc3a6142e24,U0-2pi,pennylane,,,,0,val_full,600,val,0.7633333333333333,0.8414570084161348,0.7588287910868556,0.7611904740333557,0.0,0.047425387562216446,0.05385051426962212,55,25,8.05245295795612,c5c7920-dirty,8f5e61236010,0.003,0.001 0.003 0.01 0.03,,30,300,1.0,,,True,0.7383333333333333,1e-06
a7_20260824T115851Z,2026-08-24T12:33:04+00:00,hyperplanes_n_features20_n_hyperplanes3_dim_hyperplanes5_seed11,4360508611e0e8963c01cd3994e98f0e069bb3b004ae6b18c71eecbf920853d1,2bf856a6c49a9c38010e4b719cd3d58e50f10d0c5c7048ed32accf1d9872633f,F,product,2,h3,35,20,22,3,0xa27b3263a781f0fe,U0-2pi,pennylane,,,,0,test_full,1200,test,0.8225,0.9267006972942314,0.8213805272628802,0.825952410697937,0.525641918182373,0.013315007160798297,0.5842596712106453,221,191,1690.3403522080043,c5c7920-dirty,8f5e61236010,0.003,0.001 0.003 0.01 0.03,,30,300,1.0,,,False,,
a7_20260824T115851Z,2026-08-24T12:33:04+00:00,hyperplanes_n_features20_n_hyperplanes3_dim_hyperplanes5_seed11,4360508611e0e8963c01cd3994e98f0e069bb3b004ae6b18c71eecbf920853d1,2bf856a6c49a9c38010e4b719cd3d58e50f10d0c5c7048ed32accf1d9872633f,F,product,2,h3,35,20,22,3,0xa27b3263a781f0fe,U0-2pi,pennylane,,,,0,val_full,600,val,0.8183333333333334,0.9130220965452492,0.8114050897556052,0.825952410697937,0.525641918182373,0.013315007160798297,0.5842596712106453,221,191,1690.3403522080043,c5c7920-dirty,8f5e61236010,0.003,0.001 0.003 0.01 0.03,,30,300,1.0,,,False,,
a7_20260824T115851Z,2026-08-24T12:33:12+00:00,hyperplanes_n_features20_n_hyperplanes3_dim_hyperplanes5_seed11,4360508611e0e8963c01cd3994e98f0e069bb3b004ae6b18c71eecbf920853d1,2bf856a6c49a9c38010e4b719cd3d58e50f10d0c5c7048ed32accf1d9872633f,B,L2,2,h3,35,35,22,7,0x93234eaab96b5658,U0-2pi,pennylane,,,,0,test_full,1200,test,0.7908333333333334,0.879922485792769,0.7907913463188099,0.7926190495491028,0.0,0.04617124120683705,0.02522118317444525,47,17,8.119053666945547,c5c7920-dirty,8f5e61236010,0.03,0.001 0.003 0.01 0.03,,30,300,1.0,,,True,0.77,1e-06
a7_20260824T115851Z,2026-08-24T12:33:12+00:00,hyperplanes_n_features20_n_hyperplanes3_dim_hyperplanes5_seed11,4360508611e0e8963c01cd3994e98f0e069bb3b004ae6b18c71eecbf920853d1,2bf856a6c49a9c38010e4b719cd3d58e50f10d0c5c7048ed32accf1d9872633f,B,L2,2,h3,35,35,22,7,0x93234eaab96b5658,U0-2pi,pennylane,,,,0,val_full,600,val,0.7933333333333333,0.8707178862424696,0.7912457912457913,0.7926190495491028,0.0,0.04617124120683705,0.02522118317444525,47,17,8.119053666945547,c5c7920-dirty,8f5e61236010,0.03,0.001 0.003 0.01 0.03,,30,300,1.0,,,True,0.7616666666666667,1e-06
a7_20260824T115851Z,2026-08-24T12:34:10+00:00,hyperplanes_n_features20_n_hyperplanes3_dim_hyperplanes5_seed11,4360508611e0e8963c01cd3994e98f0e069bb3b004ae6b18c71eecbf920853d1,2bf856a6c49a9c38010e4b719cd3d58e50f10d0c5c7048ed32accf1d9872633f,F,product,2,h3,35,20,22,4,0x6ff3a4afd33346b9,U0-2pi,pennylane,,,,0,test_full,1200,test,0.8283333333333334,0.9238258877434135,0.8275669642857143,0.8242856860160828,0.6350541710853577,0.010465462346769412,0.04262315265034411,153,123,1183.289225500077,c5c7920-dirty,8f5e61236010,0.003,0.001 0.003 0.01 0.03,,30,300,1.0,,,False,,
a7_20260824T115851Z,2026-08-24T12:34:10+00:00,hyperplanes_n_features20_n_hyperplanes3_dim_hyperplanes5_seed11,4360508611e0e8963c01cd3994e98f0e069bb3b004ae6b18c71eecbf920853d1,2bf856a6c49a9c38010e4b719cd3d58e50f10d0c5c7048ed32accf1d9872633f,F,product,2,h3,35,20,22,4,0x6ff3a4afd33346b9,U0-2pi,pennylane,,,,0,val_full,600,val,0.8183333333333334,0.9087860871120252,0.8121332073227834,0.8242856860160828,0.6350541710853577,0.010465462346769412,0.04262315265034411,153,123,1183.289225500077,c5c7920-dirty,8f5e61236010,0.003,0.001 0.003 0.01 0.03,,30,300,1.0,,,False,,
a7_20260824T115851Z,2026-08-24T12:35:56+00:00,hyperplanes_n_features20_n_hyperplanes3_dim_hyperplanes5_seed11,4360508611e0e8963c01cd3994e98f0e069bb3b004ae6b18c71eecbf920853d1,2bf856a6c49a9c38010e4b719cd3d58e50f10d0c5c7048ed32accf1d9872633f,F,product,2,h3,35,20,22,6,0x5a38e794abf67abb,U0-2pi,pennylane,,,,0,test_full,1200,test,0.81,0.9166416441463984,0.8097442116623461,0.8019047379493713,0.8614659309387207,0.02907926714348531,0.08659164337990352,56,26,441.91633266594727,c5c7920-dirty,8f5e61236010,0.03,0.001 0.003 0.01 0.03,,30,300,1.0,,,False,,
a7_20260824T115851Z,2026-08-24T12:35:56+00:00,hyperplanes_n_features20_n_hyperplanes3_dim_hyperplanes5_seed11,4360508611e0e8963c01cd3994e98f0e069bb3b004ae6b18c71eecbf920853d1,2bf856a6c49a9c38010e4b719cd3d58e50f10d0c5c7048ed32accf1d9872633f,F,product,2,h3,35,20,22,6,0x5a38e794abf67abb,U0-2pi,pennylane,,,,0,val_full,600,val,0.8066666666666666,0.8963463021537705,0.8022165387894289,0.8019047379493713,0.8614659309387207,0.02907926714348531,0.08659164337990352,56,26,441.91633266594727,c5c7920-dirty,8f5e61236010,0.03,0.001 0.003 0.01 0.03,,30,300,1.0,,,False,,
a7_20260824T115851Z,2026-08-24T12:35:57+00:00,hyperplanes_n_features20_n_hyperplanes3_dim_hyperplanes5_seed11,4360508611e0e8963c01cd3994e98f0e069bb3b004ae6b18c71eecbf920853d1,2bf856a6c49a9c38010e4b719cd3d58e50f10d0c5c7048ed32accf1d9872633f,E,,,h3,0,,22,7,,,pennylane,,,,0,test_full,1200,test,0.8166666666666667,0.9175104816557125,0.8163968720703478,0.8171428442001343,0.0,0.046365436492644664,0.02494137776004979,96,66,1.0169652089243755,c5c7920-dirty,8f5e61236010,0.03,0.001 0.003 0.01 0.03 0.1,,30,300,1.0,,,True,0.7516666666666667,1e-06
a7_20260824T115851Z,2026-08-24T12:35:57+00:00,hyperplanes_n_features20_n_hyperplanes3_dim_hyperplanes5_seed11,4360508611e0e8963c01cd3994e98f0e069bb3b004ae6b18c71eecbf920853d1,2bf856a6c49a9c38010e4b719cd3d58e50f10d0c5c7048ed32accf1d9872633f,E,,,h3,0,,22,7,,,pennylane,,,,0,val_full,600,val,0.8183333333333334,0.906886030110315,0.8170112395390026,0.8171428442001343,0.0,0.046365436492644664,0.02494137776004979,96,66,1.0169652089243755,c5c7920-dirty,8f5e61236010,0.03,0.001 0.003 0.01 0.03 0.1,,30,300,1.0,,,True,0.7383333333333333,1e-06
a7_20260824T115851Z,2026-08-24T12:35:57+00:00,hyperplanes_n_features20_n_hyperplanes3_dim_hyperplanes5_seed11,4360508611e0e8963c01cd3994e98f0e069bb3b004ae6b18c71eecbf920853d1,2bf856a6c49a9c38010e4b719cd3d58e50f10d0c5c7048ed32accf1d9872633f,D_matched,,2,h3,30,,22,7,0x1faf6886a6db9d45,RFF-int-spectrum-U0-2pi,pennylane,,,,0,test_full,1200,test,0.7558333333333334,0.8704945562117017,0.7557436030319471,0.7561904788017273,0.0,0.05417083843474278,0.01953408890091615,39,9,0.38934195798356086,c5c7920-dirty,8f5e61236010,0.003,0.001 0.003 0.01 0.03,,30,300,1.0,,0x1faf6886a6db9d45,True,0.7366666666666667,1e-06
a7_20260824T115851Z,2026-08-24T12:35:57+00:00,hyperplanes_n_features20_n_hyperplanes3_dim_hyperplanes5_seed11,4360508611e0e8963c01cd3994e98f0e069bb3b004ae6b18c71eecbf920853d1,2bf856a6c49a9c38010e4b719cd3d58e50f10d0c5c7048ed32accf1d9872633f,D_matched,,2,h3,30,,22,7,0x1faf6886a6db9d45,RFF-int-spectrum-U0-2pi,pennylane,,,,0,val_full,600,val,0.745,0.8496440187323266,0.7419717518094302,0.7561904788017273,0.0,0.05417083843474278,0.01953408890091615,39,9,0.38934195798356086,c5c7920-dirty,8f5e61236010,0.003,0.001 0.003 0.01 0.03,,30,300,1.0,,0x1faf6886a6db9d45,True,0.7183333333333334,1e-06
a7_20260824T115851Z,2026-08-24T12:35:58+00:00,hyperplanes_n_features20_n_hyperplanes3_dim_hyperplanes5_seed11,4360508611e0e8963c01cd3994e98f0e069bb3b004ae6b18c71eecbf920853d1,2bf856a6c49a9c38010e4b719cd3d58e50f10d0c5c7048ed32accf1d9872633f,D_matched,,2,h3,30,,22,7,0x1faf6886a6db9d45,RFF-int-spectrum-U0-2pi,pennylane,,,,0,test_full,1200,test,0.76,0.8693546413994817,0.7599673288864317,0.7542856931686401,0.0,0.05417083843474278,0.04290428638758469,31,1,0.2964828750118613,c5c7920-dirty,8f5e61236010,0.03,0.001 0.003 0.01 0.03,,30,300,1.0,,0x1faf6886a6db9d45,True,0.7366666666666667,1e-06
a7_20260824T115851Z,2026-08-24T12:35:58+00:00,hyperplanes_n_features20_n_hyperplanes3_dim_hyperplanes5_seed11,4360508611e0e8963c01cd3994e98f0e069bb3b004ae6b18c71eecbf920853d1,2bf856a6c49a9c38010e4b719cd3d58e50f10d0c5c7048ed32accf1d9872633f,D_matched,,2,h3,30,,22,7,0x1faf6886a6db9d45,RFF-int-spectrum-U0-2pi,pennylane,,,,0,val_full,600,val,0.7466666666666667,0.8486101641872785,0.7439324341019105,0.7542856931686401,0.0,0.05417083843474278,0.04290428638758469,31,1,0.2964828750118613,c5c7920-dirty,8f5e61236010,0.03,0.001 0.003 0.01 0.03,,30,300,1.0,,0x1faf6886a6db9d45,True,0.7183333333333334,1e-06
a7_20260824T115851Z,2026-08-24T12:35:58+00:00,hyperplanes_n_features20_n_hyperplanes3_dim_hyperplanes5_seed11,4360508611e0e8963c01cd3994e98f0e069bb3b004ae6b18c71eecbf920853d1,2bf856a6c49a9c38010e4b719cd3d58e50f10d0c5c7048ed32accf1d9872633f,D_best,,2,linear,192,,33,7,0x0b43632cc101e959,RFF-int-spectrum-U0-2pi,pennylane,,,,0,test_full,1200,test,0.8116666666666666,0.9100940846762086,0.8115326454367551,0.8092857003211975,0.0,0.0672291181916655,0.019795991818168258,48,18,0.31531579105649143,c5c7920-dirty,8f5e61236010,0.03,0.001 0.003 0.01 0.03,,30,300,1.0,32,0x0b43632cc101e959,True,0.7966666666666666,1e-06
a7_20260824T115851Z,2026-08-24T12:35:58+00:00,hyperplanes_n_features20_n_hyperplanes3_dim_hyperplanes5_seed11,4360508611e0e8963c01cd3994e98f0e069bb3b004ae6b18c71eecbf920853d1,2bf856a6c49a9c38010e4b719cd3d58e50f10d0c5c7048ed32accf1d9872633f,D_best,,2,linear,192,,33,7,0x0b43632cc101e959,RFF-int-spectrum-U0-2pi,pennylane,,,,0,val_full,600,val,0.81,0.8934068022040661,0.8067338012409724,0.8092857003211975,0.0,0.0672291181916655,0.019795991818168258,48,18,0.31531579105649143,c5c7920-dirty,8f5e61236010,0.03,0.001 0.003 0.01 0.03,,30,300,1.0,32,0x0b43632cc101e959,True,0.7916666666666666,1e-06
a7_20260824T115851Z,2026-08-24T12:35:59+00:00,hyperplanes_n_features20_n_hyperplanes3_dim_hyperplanes5_seed11,4360508611e0e8963c01cd3994e98f0e069bb3b004ae6b18c71eecbf920853d1,2bf856a6c49a9c38010e4b719cd3d58e50f10d0c5c7048ed32accf1d9872633f,D_best,,2,linear,768,,129,7,0x7c054db42ab0a66c,RFF-int-spectrum-U0-2pi,pennylane,,,,0,test_full,1200,test,0.8266666666666667,0.9164609259444612,0.8262607925737626,0.8252381086349487,0.0,0.12048329495289774,0.033647283246473716,107,77,0.8060039579868317,c5c7920-dirty,8f5e61236010,0.03,0.001 0.003 0.01 0.03,,30,300,1.0,128,0x7c054db42ab0a66c,True,0.7975,1.0
a7_20260824T115851Z,2026-08-24T12:35:59+00:00,hyperplanes_n_features20_n_hyperplanes3_dim_hyperplanes5_seed11,4360508611e0e8963c01cd3994e98f0e069bb3b004ae6b18c71eecbf920853d1,2bf856a6c49a9c38010e4b719cd3d58e50f10d0c5c7048ed32accf1d9872633f,D_best,,2,linear,768,,129,7,0x7c054db42ab0a66c,RFF-int-spectrum-U0-2pi,pennylane,,,,0,val_full,600,val,0.8283333333333334,0.8929150227448001,0.8235289078495369,0.8252381086349487,0.0,0.12048329495289774,0.033647283246473716,107,77,0.8060039579868317,c5c7920-dirty,8f5e61236010,0.03,0.001 0.003 0.01 0.03,,30,300,1.0,128,0x7c054db42ab0a66c,True,0.8066666666666666,1.0
a7_20260824T115851Z,2026-08-24T12:35:59+00:00,hyperplanes_n_features20_n_hyperplanes3_dim_hyperplanes5_seed11,4360508611e0e8963c01cd3994e98f0e069bb3b004ae6b18c71eecbf920853d1,2bf856a6c49a9c38010e4b719cd3d58e50f10d0c5c7048ed32accf1d9872633f,D_best,,2,linear,3072,,513,7,0xbd1cf10942c2e933,RFF-int-spectrum-U0-2pi,pennylane,,,,0,test_full,1200,test,0.8175,0.9160272022598115,0.8173933526455381,0.8192856907844543,0.0,0.15786776052876267,0.05669706286974159,56,26,0.5150562090566382,c5c7920-dirty,8f5e61236010,0.01,0.001 0.003 0.01 0.03,,30,300,1.0,512,0xbd1cf10942c2e933,True,0.8225,1e-06
a7_20260824T115851Z,2026-08-24T12:35:59+00:00,hyperplanes_n_features20_n_hyperplanes3_dim_hyperplanes5_seed11,4360508611e0e8963c01cd3994e98f0e069bb3b004ae6b18c71eecbf920853d1,2bf856a6c49a9c38010e4b719cd3d58e50f10d0c5c7048ed32accf1d9872633f,D_best,,2,linear,3072,,513,7,0xbd1cf10942c2e933,RFF-int-spectrum-U0-2pi,pennylane,,,,0,val_full,600,val,0.8216666666666667,0.896603368689296,0.8196786234906511,0.8192856907844543,0.0,0.15786776052876267,0.05669706286974159,56,26,0.5150562090566382,c5c7920-dirty,8f5e61236010,0.01,0.001 0.003 0.01 0.03,,30,300,1.0,512,0xbd1cf10942c2e933,True,0.8216666666666667,1e-06
a7_20260824T115851Z,2026-08-24T12:38:39+00:00,hyperplanes_n_features20_n_hyperplanes3_dim_hyperplanes5_seed11,4360508611e0e8963c01cd3994e98f0e069bb3b004ae6b18c71eecbf920853d1,2bf856a6c49a9c38010e4b719cd3d58e50f10d0c5c7048ed32accf1d9872633f,A,L1,2,h3,35,35,22,5,0x2560fc84838de57f,U0-2pi,pennylane,,,,0,test_full,1200,test,0.8141666666666667,0.9194260945962478,0.8141293634625282,0.8138095140457153,0.7908675074577332,0.011756078432608045,0.11070895093124146,137,107,1201.128998166998,c5c7920-dirty,8f5e61236010,0.003,0.001 0.003 0.01 0.03,,30,300,1.0,,,False,,
a7_20260824T115851Z,2026-08-24T12:38:39+00:00,hyperplanes_n_features20_n_hyperplanes3_dim_hyperplanes5_seed11,4360508611e0e8963c01cd3994e98f0e069bb3b004ae6b18c71eecbf920853d1,2bf856a6c49a9c38010e4b719cd3d58e50f10d0c5c7048ed32accf1d9872633f,A,L1,2,h3,35,35,22,5,0x2560fc84838de57f,U0-2pi,pennylane,,,,0,val_full,600,val,0.815,0.903465927507237,0.811902132623118,0.8138095140457153,0.7908675074577332,0.011756078432608045,0.11070895093124146,137,107,1201.128998166998,c5c7920-dirty,8f5e61236010,0.003,0.001 0.003 0.01 0.03,,30,300,1.0,,,False,,
a7_20260824T115851Z,2026-08-24T12:38:48+00:00,hyperplanes_n_features20_n_hyperplanes3_dim_hyperplanes5_seed11,4360508611e0e8963c01cd3994e98f0e069bb3b004ae6b18c71eecbf920853d1,2bf856a6c49a9c38010e4b719cd3d58e50f10d0c5c7048ed32accf1d9872633f,B,L1,2,h3,35,35,22,8,0xe2c241f58beaa0b8,U0-2pi,pennylane,,,,0,test_full,1200,test,0.77,0.8523059642567199,0.7699591038406828,0.7516666650772095,0.0,0.039545554210334934,0.07598656424816948,127,97,8.812277458026074,c5c7920-dirty,8f5e61236010,0.003,0.001 0.003 0.01 0.03,,30,300,1.0,,,True,0.7925,1e-06
a7_20260824T115851Z,2026-08-24T12:38:48+00:00,hyperplanes_n_features20_n_hyperplanes3_dim_hyperplanes5_seed11,4360508611e0e8963c01cd3994e98f0e069bb3b004ae6b18c71eecbf920853d1,2bf856a6c49a9c38010e4b719cd3d58e50f10d0c5c7048ed32accf1d9872633f,B,L1,2,h3,35,35,22,8,0xe2c241f58beaa0b8,U0-2pi,pennylane,,,,0,val_full,600,val,0.7533333333333333,0.8241161940740576,0.7514665711342976,0.7516666650772095,0.0,0.039545554210334934,0.07598656424816948,127,97,8.812277458026074,c5c7920-dirty,8f5e61236010,0.003,0.001 0.003 0.01 0.03,,30,300,1.0,,,True,0.7566666666666667,1e-06
a7_20260824T115851Z,2026-08-24T12:40:04+00:00,hyperplanes_n_features20_n_hyperplanes3_dim_hyperplanes5_seed11,4360508611e0e8963c01cd3994e98f0e069bb3b004ae6b18c71eecbf920853d1,2bf856a6c49a9c38010e4b719cd3d58e50f10d0c5c7048ed32accf1d9872633f,A,L2,2,h3,35,35,22,6,0xfed8b00a5c8d996d,U0-2pi,pennylane,,,,0,test_full,1200,test,0.8383333333333334,0.9251798841179284,0.838304587482219,0.8407142758369446,1.0214018821716309,0.022905381127541504,0.0982178189005774,92,62,804.0899738329463,c5c7920-dirty,8f5e61236010,0.03,0.001 0.003 0.01 0.03,,30,300,1.0,,,False,,
a7_20260824T115851Z,2026-08-24T12:40:04+00:00,hyperplanes_n_features20_n_hyperplanes3_dim_hyperplanes5_seed11,4360508611e0e8963c01cd3994e98f0e069bb3b004ae6b18c71eecbf920853d1,2bf856a6c49a9c38010e4b719cd3d58e50f10d0c5c7048ed32accf1d9872633f,A,L2,2,h3,35,35,22,6,0xfed8b00a5c8d996d,U0-2pi,pennylane,,,,0,val_full,600,val,0.8433333333333334,0.9115579349733433,0.8404977375565611,0.8407142758369446,1.0214018821716309,0.022905381127541504,0.0982178189005774,92,62,804.0899738329463,c5c7920-dirty,8f5e61236010,0.03,0.001 0.003 0.01 0.03,,30,300,1.0,,,False,,
a7_20260824T115851Z,2026-08-24T12:40:12+00:00,hyperplanes_n_features20_n_hyperplanes3_dim_hyperplanes5_seed11,4360508611e0e8963c01cd3994e98f0e069bb3b004ae6b18c71eecbf920853d1,2bf856a6c49a9c38010e4b719cd3d58e50f10d0c5c7048ed32accf1d9872633f,B,L2,2,h3,35,35,22,8,0x3c7362638e9ada30,U0-2pi,pennylane,,,,0,test_full,1200,test,0.485,0.5,0.3265993265993266,0.4988095164299011,0.0,0.038321213069019484,0.02025782781856554,78,48,8.4188686250709,c5c7920-dirty,8f5e61236010,0.03,0.001 0.003 0.01 0.03,,30,300,1.0,,,True,0.7641666666666667,1e-06
a7_20260824T115851Z,2026-08-24T12:40:12+00:00,hyperplanes_n_features20_n_hyperplanes3_dim_hyperplanes5_seed11,4360508611e0e8963c01cd3994e98f0e069bb3b004ae6b18c71eecbf920853d1,2bf856a6c49a9c38010e4b719cd3d58e50f10d0c5c7048ed32accf1d9872633f,B,L2,2,h3,35,35,22,8,0x3c7362638e9ada30,U0-2pi,pennylane,,,,0,val_full,600,val,0.5383333333333333,0.5,0.34994582881906827,0.4988095164299011,0.0,0.038321213069019484,0.02025782781856554,78,48,8.4188686250709,c5c7920-dirty,8f5e61236010,0.03,0.001 0.003 0.01 0.03,,30,300,1.0,,,True,0.7616666666666667,1e-06
a7_20260824T115851Z,2026-08-24T12:40:51+00:00,hyperplanes_n_features20_n_hyperplanes3_dim_hyperplanes5_seed11,4360508611e0e8963c01cd3994e98f0e069bb3b004ae6b18c71eecbf920853d1,2bf856a6c49a9c38010e4b719cd3d58e50f10d0c5c7048ed32accf1d9872633f,F,product,2,h3,35,20,22,7,0x9bb488a3f99e440c,U0-2pi,pennylane,,,,0,test_full,1200,test,0.815,0.9106362392820204,0.8142549559901382,0.8052380681037903,0.6510969996452332,0.028686762442452853,0.08035273130039026,50,20,401.66032716596965,c5c7920-dirty,8f5e61236010,0.03,0.001 0.003 0.01 0.03,,30,300,1.0,,,False,,
a7_20260824T115851Z,2026-08-24T12:40:51+00:00,hyperplanes_n_features20_n_hyperplanes3_dim_hyperplanes5_seed11,4360508611e0e8963c01cd3994e98f0e069bb3b004ae6b18c71eecbf920853d1,2bf856a6c49a9c38010e4b719cd3d58e50f10d0c5c7048ed32accf1d9872633f,F,product,2,h3,35,20,22,7,0x9bb488a3f99e440c,U0-2pi,pennylane,,,,0,val_full,600,val,0.81,0.8907131919839948,0.8043455874781176,0.8052380681037903,0.6510969996452332,0.028686762442452853,0.08035273130039026,50,20,401.66032716596965,c5c7920-dirty,8f5e61236010,0.03,0.001 0.003 0.01 0.03,,30,300,1.0,,,False,,
a7_20260824T115851Z,2026-08-24T12:41:18+00:00,hyperplanes_n_features20_n_hyperplanes3_dim_hyperplanes5_seed11,4360508611e0e8963c01cd3994e98f0e069bb3b004ae6b18c71eecbf920853d1,2bf856a6c49a9c38010e4b719cd3d58e50f10d0c5c7048ed32accf1d9872633f,F,product,2,h3,35,20,22,7,0x9bb488a3f99e440c,U0-2pi,pennylane,,,,0,test_full,1200,test,0.805,0.9086177559803823,0.8047374803903025,0.7992857098579407,0.3633587062358856,0.028686762442452853,0.03831619731047745,61,31,485.6677054169122,c5c7920-dirty,8f5e61236010,0.003,0.001 0.003 0.01 0.03,,30,300,1.0,,,False,,
a7_20260824T115851Z,2026-08-24T12:41:18+00:00,hyperplanes_n_features20_n_hyperplanes3_dim_hyperplanes5_seed11,4360508611e0e8963c01cd3994e98f0e069bb3b004ae6b18c71eecbf920853d1,2bf856a6c49a9c38010e4b719cd3d58e50f10d0c5c7048ed32accf1d9872633f,F,product,2,h3,35,20,22,7,0x9bb488a3f99e440c,U0-2pi,pennylane,,,,0,val_full,600,val,0.79,0.8908473136547037,0.7853833575581395,0.7992857098579407,0.3633587062358856,0.028686762442452853,0.03831619731047745,61,31,485.6677054169122,c5c7920-dirty,8f5e61236010,0.003,0.001 0.003 0.01 0.03,,30,300,1.0,,,False,,
a7_20260824T115851Z,2026-08-24T12:41:18+00:00,hyperplanes_n_features20_n_hyperplanes3_dim_hyperplanes5_seed11,4360508611e0e8963c01cd3994e98f0e069bb3b004ae6b18c71eecbf920853d1,2bf856a6c49a9c38010e4b719cd3d58e50f10d0c5c7048ed32accf1d9872633f,E,,,h3,0,,22,8,,,pennylane,,,,0,test_full,1200,test,0.77,0.8835980159921708,0.7699360933592665,0.7623809576034546,0.0,0.039990377477980135,0.01702584777082666,46,16,0.4582435420015827,c5c7920-dirty,8f5e61236010,0.03,0.001 0.003 0.01 0.03 0.1,,30,300,1.0,,,True,0.7516666666666667,1e-06
a7_20260824T115851Z,2026-08-24T12:41:18+00:00,hyperplanes_n_features20_n_hyperplanes3_dim_hyperplanes5_seed11,4360508611e0e8963c01cd3994e98f0e069bb3b004ae6b18c71eecbf920853d1,2bf856a6c49a9c38010e4b719cd3d58e50f10d0c5c7048ed32accf1d9872633f,E,,,h3,0,,22,8,,,pennylane,,,,0,val_full,600,val,0.7566666666666667,0.8635312000536487,0.7533089270627992,0.7623809576034546,0.0,0.039990377477980135,0.01702584777082666,46,16,0.4582435420015827,c5c7920-dirty,8f5e61236010,0.03,0.001 0.003 0.01 0.03 0.1,,30,300,1.0,,,True,0.7383333333333333,1e-06
a7_20260824T115851Z,2026-08-24T12:41:19+00:00,hyperplanes_n_features20_n_hyperplanes3_dim_hyperplanes5_seed11,4360508611e0e8963c01cd3994e98f0e069bb3b004ae6b18c71eecbf920853d1,2bf856a6c49a9c38010e4b719cd3d58e50f10d0c5c7048ed32accf1d9872633f,D_matched,,2,h3,30,,22,8,0x25c7a59bcb8f24fd,RFF-int-spectrum-U0-2pi,pennylane,,,,0,test_full,1200,test,0.6916666666666667,0.7583227682692201,0.6907311283298645,0.7140476107597351,0.0,0.04098610320637781,0.027868484445791545,79,49,0.7552114999853075,c5c7920-dirty,8f5e61236010,0.003,0.001 0.003 0.01 0.03,,30,300,1.0,,0x25c7a59bcb8f24fd,True,0.6716666666666666,1e-06
a7_20260824T115851Z,2026-08-24T12:41:19+00:00,hyperplanes_n_features20_n_hyperplanes3_dim_hyperplanes5_seed11,4360508611e0e8963c01cd3994e98f0e069bb3b004ae6b18c71eecbf920853d1,2bf856a6c49a9c38010e4b719cd3d58e50f10d0c5c7048ed32accf1d9872633f,D_matched,,2,h3,30,,22,8,0x25c7a59bcb8f24fd,RFF-int-spectrum-U0-2pi,pennylane,,,,0,val_full,600,val,0.6916666666666667,0.7359982564182808,0.690841384919187,0.7140476107597351,0.0,0.04098610320637781,0.027868484445791545,79,49,0.7552114999853075,c5c7920-dirty,8f5e61236010,0.003,0.001 0.003 0.01 0.03,,30,300,1.0,,0x25c7a59bcb8f24fd,True,0.645,1e-06
a7_20260824T115851Z,2026-08-24T12:41:20+00:00,hyperplanes_n_features20_n_hyperplanes3_dim_hyperplanes5_seed11,4360508611e0e8963c01cd3994e98f0e069bb3b004ae6b18c71eecbf920853d1,2bf856a6c49a9c38010e4b719cd3d58e50f10d0c5c7048ed32accf1d9872633f,D_matched,,2,h3,30,,22,8,0x25c7a59bcb8f24fd,RFF-int-spectrum-U0-2pi,pennylane,,,,0,test_full,1200,test,0.6958333333333333,0.7556578698606523,0.6944411307352458,0.7109524011611938,0.0,0.04098610320637781,0.06257141636148059,70,40,0.6946661249967292,c5c7920-dirty,8f5e61236010,0.03,0.001 0.003 0.01 0.03,,30,300,1.0,,0x25c7a59bcb8f24fd,True,0.6716666666666666,1e-06
a7_20260824T115851Z,2026-08-24T12:41:20+00:00,hyperplanes_n_features20_n_hyperplanes3_dim_hyperplanes5_seed11,4360508611e0e8963c01cd3994e98f0e069bb3b004ae6b18c71eecbf920853d1,2bf856a6c49a9c38010e4b719cd3d58e50f10d0c5c7048ed32accf1d9872633f,D_matched,,2,h3,30,,22,8,0x25c7a59bcb8f24fd,RFF-int-spectrum-U0-2pi,pennylane,,,,0,val_full,600,val,0.6966666666666667,0.7398374892423244,0.6963934207453375,0.7109524011611938,0.0,0.04098610320637781,0.06257141636148059,70,40,0.6946661249967292,c5c7920-dirty,8f5e61236010,0.03,0.001 0.003 0.01 0.03,,30,300,1.0,,0x25c7a59bcb8f24fd,True,0.645,1e-06
a7_20260824T115851Z,2026-08-24T12:41:20+00:00,hyperplanes_n_features20_n_hyperplanes3_dim_hyperplanes5_seed11,4360508611e0e8963c01cd3994e98f0e069bb3b004ae6b18c71eecbf920853d1,2bf856a6c49a9c38010e4b719cd3d58e50f10d0c5c7048ed32accf1d9872633f,D_best,,2,linear,192,,33,8,0xdead39ffa3b8d809,RFF-int-spectrum-U0-2pi,pennylane,,,,0,test_full,1200,test,0.8183333333333334,0.9054426761863456,0.8176017135398654,0.8149999976158142,0.0,0.0916417450974237,0.02120981854684032,44,14,0.28679824993014336,c5c7920-dirty,8f5e61236010,0.03,0.001 0.003 0.01 0.03,,30,300,1.0,32,0xdead39ffa3b8d809,True,0.7975,1.0
a7_20260824T115851Z,2026-08-24T12:41:20+00:00,hyperplanes_n_features20_n_hyperplanes3_dim_hyperplanes5_seed11,4360508611e0e8963c01cd3994e98f0e069bb3b004ae6b18c71eecbf920853d1,2bf856a6c49a9c38010e4b719cd3d58e50f10d0c5c7048ed32accf1d9872633f,D_best,,2,linear,192,,33,8,0xdead39ffa3b8d809,RFF-int-spectrum-U0-2pi,pennylane,,,,0,val_full,600,val,0.805,0.8787763632908986,0.7990789688343432,0.8149999976158142,0.0,0.0916417450974237,0.02120981854684032,44,14,0.28679824993014336,c5c7920-dirty,8f5e61236010,0.03,0.001 0.003 0.01 0.03,,30,300,1.0,32,0xdead39ffa3b8d809,True,0.7683333333333333,1.0
a7_20260824T115851Z,2026-08-24T12:41:21+00:00,hyperplanes_n_features20_n_hyperplanes3_dim_hyperplanes5_seed11,4360508611e0e8963c01cd3994e98f0e069bb3b004ae6b18c71eecbf920853d1,2bf856a6c49a9c38010e4b719cd3d58e50f10d0c5c7048ed32accf1d9872633f,D_best,,2,linear,768,,129,8,0x7e666b538f76ff75,RFF-int-spectrum-U0-2pi,pennylane,,,,0,test_full,1200,test,0.8283333333333334,0.9192106228939378,0.8275669642857143,0.8273809552192688,0.0,0.08140723131692555,0.08657813990804958,56,26,0.39789633301552385,c5c7920-dirty,8f5e61236010,0.03,0.001 0.003 0.01 0.03,,30,300,1.0,128,0x7e666b538f76ff75,True,0.8108333333333333,1e-06
a7_20260824T115851Z,2026-08-24T12:41:21+00:00,hyperplanes_n_features20_n_hyperplanes3_dim_hyperplanes5_seed11,4360508611e0e8963c01cd3994e98f0e069bb3b004ae6b18c71eecbf920853d1,2bf856a6c49a9c38010e4b719cd3d58e50f10d0c5c7048ed32accf1d9872633f,D_best,,2,linear,768,,129,8,0x7e666b538f76ff75,RFF-int-spectrum-U0-2pi,pennylane,,,,0,val_full,600,val,0.8266666666666667,0.9005711347811023,0.8206381144006898,0.8273809552192688,0.0,0.08140723131692555,0.08657813990804958,56,26,0.39789633301552385,c5c7920-dirty,8f5e61236010,0.03,0.001 0.003 0.01 0.03,,30,300,1.0,128,0x7e666b538f76ff75,True,0.8116666666666666,1e-06
a7_20260824T115851Z,2026-08-24T12:41:21+00:00,hyperplanes_n_features20_n_hyperplanes3_dim_hyperplanes5_seed11,4360508611e0e8963c01cd3994e98f0e069bb3b004ae6b18c71eecbf920853d1,2bf856a6c49a9c38010e4b719cd3d58e50f10d0c5c7048ed32accf1d9872633f,D_best,,2,linear,3072,,513,8,0xef57d4b5699c3697,RFF-int-spectrum-U0-2pi,pennylane,,,,0,test_full,1200,test,0.8241666666666667,0.9204978925477373,0.8231496543665342,0.8297619223594666,0.0,0.06278220724612425,0.04072077481990864,105,75,0.909075791016221,c5c7920-dirty,8f5e61236010,0.01,0.001 0.003 0.01 0.03,,30,300,1.0,512,0xef57d4b5699c3697,True,0.8183333333333334,1e-06
a7_20260824T115851Z,2026-08-24T12:41:21+00:00,hyperplanes_n_features20_n_hyperplanes3_dim_hyperplanes5_seed11,4360508611e0e8963c01cd3994e98f0e069bb3b004ae6b18c71eecbf920853d1,2bf856a6c49a9c38010e4b719cd3d58e50f10d0c5c7048ed32accf1d9872633f,D_best,,2,linear,3072,,513,8,0xef57d4b5699c3697,RFF-int-spectrum-U0-2pi,pennylane,,,,0,val_full,600,val,0.8283333333333334,0.9027059047065529,0.8220204993217772,0.8297619223594666,0.0,0.06278220724612425,0.04072077481990864,105,75,0.909075791016221,c5c7920-dirty,8f5e61236010,0.01,0.001 0.003 0.01 0.03,,30,300,1.0,512,0xef57d4b5699c3697,True,0.8166666666666667,1e-06
a7_20260824T115851Z,2026-08-24T12:44:10+00:00,hyperplanes_n_features20_n_hyperplanes3_dim_hyperplanes5_seed11,4360508611e0e8963c01cd3994e98f0e069bb3b004ae6b18c71eecbf920853d1,2bf856a6c49a9c38010e4b719cd3d58e50f10d0c5c7048ed32accf1d9872633f,F,product,2,h3,35,20,22,5,0x47580f2ad4dd122e,U0-2pi,pennylane,,,,0,test_full,1200,test,0.8716666666666667,0.9538167684249158,0.8715967582350391,0.8707143068313599,0.7629891633987427,0.017642624664810553,0.04825132437649435,155,125,1204.1582784579368,c5c7920-dirty,8f5e61236010,0.03,0.001 0.003 0.01 0.03,,30,300,1.0,,,False,,
a7_20260824T115851Z,2026-08-24T12:44:10+00:00,hyperplanes_n_features20_n_hyperplanes3_dim_hyperplanes5_seed11,4360508611e0e8963c01cd3994e98f0e069bb3b004ae6b18c71eecbf920853d1,2bf856a6c49a9c38010e4b719cd3d58e50f10d0c5c7048ed32accf1d9872633f,F,product,2,h3,35,20,22,5,0x47580f2ad4dd122e,U0-2pi,pennylane,,,,0,val_full,600,val,0.8616666666666667,0.9339674307876296,0.8588335341223159,0.8707143068313599,0.7629891633987427,0.017642624664810553,0.04825132437649435,155,125,1204.1582784579368,c5c7920-dirty,8f5e61236010,0.03,0.001 0.003 0.01 0.03,,30,300,1.0,,,False,,
a7_20260824T115851Z,2026-08-24T12:44:18+00:00,hyperplanes_n_features20_n_hyperplanes3_dim_hyperplanes5_seed11,4360508611e0e8963c01cd3994e98f0e069bb3b004ae6b18c71eecbf920853d1,2bf856a6c49a9c38010e4b719cd3d58e50f10d0c5c7048ed32accf1d9872633f,B,L1,2,h3,35,35,22,9,0x6714fd5b78bd8a7d,U0-2pi,pennylane,,,,0,test_full,1200,test,0.7666666666666667,0.8466258521558292,0.7666251778093883,0.7523809671401978,0.0,0.020600942044002802,0.10111815601626643,54,24,7.980481292004697,c5c7920-dirty,8f5e61236010,0.003,0.001 0.003 0.01 0.03,,30,300,1.0,,,True,0.75,1e-06
a7_20260824T115851Z,2026-08-24T12:44:18+00:00,hyperplanes_n_features20_n_hyperplanes3_dim_hyperplanes5_seed11,4360508611e0e8963c01cd3994e98f0e069bb3b004ae6b18c71eecbf920853d1,2bf856a6c49a9c38010e4b719cd3d58e50f10d0c5c7048ed32accf1d9872633f,B,L1,2,h3,35,35,22,9,0x6714fd5b78bd8a7d,U0-2pi,pennylane,,,,0,val_full,600,val,0.7566666666666667,0.8354103564283398,0.7524836401858068,0.7523809671401978,0.0,0.020600942044002802,0.10111815601626643,54,24,7.980481292004697,c5c7920-dirty,8f5e61236010,0.003,0.001 0.003 0.01 0.03,,30,300,1.0,,,True,0.7283333333333334,1e-06
a7_20260824T115851Z,2026-08-24T12:45:53+00:00,hyperplanes_n_features20_n_hyperplanes3_dim_hyperplanes5_seed11,4360508611e0e8963c01cd3994e98f0e069bb3b004ae6b18c71eecbf920853d1,2bf856a6c49a9c38010e4b719cd3d58e50f10d0c5c7048ed32accf1d9872633f,A,L2,2,h3,35,35,22,7,0x93234eaab96b5658,U0-2pi,pennylane,,,,0,test_full,1200,test,0.8375,0.9261724440885686,0.8373616444544838,0.8326190710067749,0.8297467827796936,0.02872535217888161,0.019837998457843075,101,71,884.4018209580099,c5c7920-dirty,8f5e61236010,0.03,0.001 0.003 0.01 0.03,,30,300,1.0,,,False,,
a7_20260824T115851Z,2026-08-24T12:45:53+00:00,hyperplanes_n_features20_n_hyperplanes3_dim_hyperplanes5_seed11,4360508611e0e8963c01cd3994e98f0e069bb3b004ae6b18c71eecbf920853d1,2bf856a6c49a9c38010e4b719cd3d58e50f10d0c5c7048ed32accf1d9872633f,A,L2,2,h3,35,35,22,7,0x93234eaab96b5658,U0-2pi,pennylane,,,,0,val_full,600,val,0.83,0.9134244615573762,0.8260869565217391,0.8326190710067749,0.8297467827796936,0.02872535217888161,0.019837998457843075,101,71,884.4018209580099,c5c7920-dirty,8f5e61236010,0.03,0.001 0.003 0.01 0.03,,30,300,1.0,,,False,,
a7_20260824T115851Z,2026-08-24T12:45:53+00:00,hyperplanes_n_features20_n_hyperplanes3_dim_hyperplanes5_seed11,4360508611e0e8963c01cd3994e98f0e069bb3b004ae6b18c71eecbf920853d1,2bf856a6c49a9c38010e4b719cd3d58e50f10d0c5c7048ed32accf1d9872633f,F,product,2,h3,35,20,22,8,0x4d0090b0ff939975,U0-2pi,pennylane,,,,0,test_full,1200,test,0.8208333333333333,0.9092405387070586,0.8197507110415265,0.8121428489685059,0.610846757888794,0.02382346183735665,0.16783281342634473,38,8,301.93080904206727,c5c7920-dirty,8f5e61236010,0.03,0.001 0.003 0.01 0.03,,30,300,1.0,,,False,,
a7_20260824T115851Z,2026-08-24T12:45:53+00:00,hyperplanes_n_features20_n_hyperplanes3_dim_hyperplanes5_seed11,4360508611e0e8963c01cd3994e98f0e069bb3b004ae6b18c71eecbf920853d1,2bf856a6c49a9c38010e4b719cd3d58e50f10d0c5c7048ed32accf1d9872633f,F,product,2,h3,35,20,22,8,0x4d0090b0ff939975,U0-2pi,pennylane,,,,0,val_full,600,val,0.8116666666666666,0.8908920208782735,0.8052390130960965,0.8121428489685059,0.610846757888794,0.02382346183735665,0.16783281342634473,38,8,301.93080904206727,c5c7920-dirty,8f5e61236010,0.03,0.001 0.003 0.01 0.03,,30,300,1.0,,,False,,
a7_20260824T115851Z,2026-08-24T12:46:02+00:00,hyperplanes_n_features20_n_hyperplanes3_dim_hyperplanes5_seed11,4360508611e0e8963c01cd3994e98f0e069bb3b004ae6b18c71eecbf920853d1,2bf856a6c49a9c38010e4b719cd3d58e50f10d0c5c7048ed32accf1d9872633f,B,L2,2,h3,35,35,22,9,0x37a73ff05100a2cc,U0-2pi,pennylane,,,,0,test_full,1200,test,0.6983333333333334,0.754865490052158,0.69558599695586,0.6795238256454468,0.0,0.01651338834524555,0.02982663880031598,107,77,8.352395290974528,c5c7920-dirty,8f5e61236010,0.03,0.001 0.003 0.01 0.03,,30,300,1.0,,,True,0.6933333333333334,1e-06
a7_20260824T115851Z,2026-08-24T12:46:02+00:00,hyperplanes_n_features20_n_hyperplanes3_dim_hyperplanes5_seed11,4360508611e0e8963c01cd3994e98f0e069bb3b004ae6b18c71eecbf920853d1,2bf856a6c49a9c38010e4b719cd3d58e50f10d0c5c7048ed32accf1d9872633f,B,L2,2,h3,35,35,22,9,0x37a73ff05100a2cc,U0-2pi,pennylane,,,,0,val_full,600,val,0.7066666666666667,0.7650747169473907,0.706663407371193,0.6795238256454468,0.0,0.01651338834524555,0.02982663880031598,107,77,8.352395290974528,c5c7920-dirty,8f5e61236010,0.03,0.001 0.003 0.01 0.03,,30,300,1.0,,,True,0.7016666666666667,1e-06
a7_20260824T115851Z,2026-08-24T12:46:13+00:00,hyperplanes_n_features20_n_hyperplanes3_dim_hyperplanes5_seed11,4360508611e0e8963c01cd3994e98f0e069bb3b004ae6b18c71eecbf920853d1,2bf856a6c49a9c38010e4b719cd3d58e50f10d0c5c7048ed32accf1d9872633f,A,L1,2,h3,35,35,22,9,0x6714fd5b78bd8a7d,U0-2pi,pennylane,,,,0,test_full,1200,test,0.78,0.8608636661884586,0.7794111503207173,0.7788095474243164,0.3337312638759613,0.013212071479981494,0.02212580674218287,33,3,291.8968970000278,c5c7920-dirty,8f5e61236010,0.003,0.001 0.003 0.01 0.03,,30,300,1.0,,,False,,
a7_20260824T115851Z,2026-08-24T12:46:13+00:00,hyperplanes_n_features20_n_hyperplanes3_dim_hyperplanes5_seed11,4360508611e0e8963c01cd3994e98f0e069bb3b004ae6b18c71eecbf920853d1,2bf856a6c49a9c38010e4b719cd3d58e50f10d0c5c7048ed32accf1d9872633f,A,L1,2,h3,35,35,22,9,0x6714fd5b78bd8a7d,U0-2pi,pennylane,,,,0,val_full,600,val,0.77,0.8386628069430319,0.76287573313783,0.7788095474243164,0.3337312638759613,0.013212071479981494,0.02212580674218287,33,3,291.8968970000278,c5c7920-dirty,8f5e61236010,0.003,0.001 0.003 0.01 0.03,,30,300,1.0,,,False,,
a7_20260824T115851Z,2026-08-24T12:46:14+00:00,hyperplanes_n_features20_n_hyperplanes3_dim_hyperplanes5_seed11,4360508611e0e8963c01cd3994e98f0e069bb3b004ae6b18c71eecbf920853d1,2bf856a6c49a9c38010e4b719cd3d58e50f10d0c5c7048ed32accf1d9872633f,E,,,h3,0,,22,9,,,pennylane,,,,0,test_full,1200,test,0.7966666666666666,0.8830503008262992,0.7956169325228744,0.788095235824585,0.0,0.021264894451899743,0.023639447191230945,32,2,0.31243512500077486,c5c7920-dirty,8f5e61236010,0.03,0.001 0.003 0.01 0.03 0.1,,30,300,1.0,,,True,0.7516666666666667,1e-06
a7_20260824T115851Z,2026-08-24T12:46:14+00:00,hyperplanes_n_features20_n_hyperplanes3_dim_hyperplanes5_seed11,4360508611e0e8963c01cd3994e98f0e069bb3b004ae6b18c71eecbf920853d1,2bf856a6c49a9c38010e4b719cd3d58e50f10d0c5c7048ed32accf1d9872633f,E,,,h3,0,,22,9,,,pennylane,,,,0,val_full,600,val,0.7766666666666666,0.8633635479652624,0.7712894269719175,0.788095235824585,0.0,0.021264894451899743,0.023639447191230945,32,2,0.31243512500077486,c5c7920-dirty,8f5e61236010,0.03,0.001 0.003 0.01 0.03 0.1,,30,300,1.0,,,True,0.7383333333333333,1e-06
a7_20260824T115851Z,2026-08-24T12:46:16+00:00,hyperplanes_n_features20_n_hyperplanes3_dim_hyperplanes5_seed11,4360508611e0e8963c01cd3994e98f0e069bb3b004ae6b18c71eecbf920853d1,2bf856a6c49a9c38010e4b719cd3d58e50f10d0c5c7048ed32accf1d9872633f,D_matched,,2,h3,30,,22,9,0xa62498f8735d06b9,RFF-int-spectrum-U0-2pi,pennylane,,,,0,test_full,1200,test,0.7275,0.8002257587384201,0.7240069631270771,0.7104762196540833,0.0,0.032716392706222605,0.15196556964771255,190,160,1.8625857919687405,c5c7920-dirty,8f5e61236010,0.003,0.001 0.003 0.01 0.03,,30,300,1.0,,0xa62498f8735d06b9,True,0.6791666666666667,1e-06
a7_20260824T115851Z,2026-08-24T12:46:16+00:00,hyperplanes_n_features20_n_hyperplanes3_dim_hyperplanes5_seed11,4360508611e0e8963c01cd3994e98f0e069bb3b004ae6b18c71eecbf920853d1,2bf856a6c49a9c38010e4b719cd3d58e50f10d0c5c7048ed32accf1d9872633f,D_matched,,2,h3,30,,22,9,0xa62498f8735d06b9,RFF-int-spectrum-U0-2pi,pennylane,,,,0,val_full,600,val,0.7316666666666667,0.7752344335035933,0.723518922925891,0.7104762196540833,0.0,0.032716392706222605,0.15196556964771255,190,160,1.8625857919687405,c5c7920-dirty,8f5e61236010,0.003,0.001 0.003 0.01 0.03,,30,300,1.0,,0xa62498f8735d06b9,True,0.6816666666666666,1e-06
a7_20260824T115851Z,2026-08-24T12:46:16+00:00,hyperplanes_n_features20_n_hyperplanes3_dim_hyperplanes5_seed11,4360508611e0e8963c01cd3994e98f0e069bb3b004ae6b18c71eecbf920853d1,2bf856a6c49a9c38010e4b719cd3d58e50f10d0c5c7048ed32accf1d9872633f,D_matched,,2,h3,30,,22,9,0xa62498f8735d06b9,RFF-int-spectrum-U0-2pi,pennylane,,,,0,test_full,1200,test,0.7241666666666666,0.8004648628209834,0.7191104598823687,0.7099999785423279,0.0,0.032716392706222605,0.033336042505519047,61,31,0.5795870419824496,c5c7920-dirty,8f5e61236010,0.03,0.001 0.003 0.01 0.03,,30,300,1.0,,0xa62498f8735d06b9,True,0.6791666666666667,1e-06
a7_20260824T115851Z,2026-08-24T12:46:16+00:00,hyperplanes_n_features20_n_hyperplanes3_dim_hyperplanes5_seed11,4360508611e0e8963c01cd3994e98f0e069bb3b004ae6b18c71eecbf920853d1,2bf856a6c49a9c38010e4b719cd3d58e50f10d0c5c7048ed32accf1d9872633f,D_matched,,2,h3,30,,22,9,0xa62498f8735d06b9,RFF-int-spectrum-U0-2pi,pennylane,,,,0,val_full,600,val,0.7416666666666667,0.7776877423969779,0.730714995121019,0.7099999785423279,0.0,0.032716392706222605,0.033336042505519047,61,31,0.5795870419824496,c5c7920-dirty,8f5e61236010,0.03,0.001 0.003 0.01 0.03,,30,300,1.0,,0xa62498f8735d06b9,True,0.6816666666666666,1e-06
a7_20260824T115851Z,2026-08-24T12:46:17+00:00,hyperplanes_n_features20_n_hyperplanes3_dim_hyperplanes5_seed11,4360508611e0e8963c01cd3994e98f0e069bb3b004ae6b18c71eecbf920853d1,2bf856a6c49a9c38010e4b719cd3d58e50f10d0c5c7048ed32accf1d9872633f,D_best,,2,linear,192,,33,9,0x82d30d660e805c92,RFF-int-spectrum-U0-2pi,pennylane,,,,0,test_full,1200,test,0.8258333333333333,0.9072415173656291,0.8245406610227712,0.8192856907844543,0.0,0.09013684936311586,0.04070385017270714,56,26,0.3626305420184508,c5c7920-dirty,8f5e61236010,0.03,0.001 0.003 0.01 0.03,,30,300,1.0,32,0x82d30d660e805c92,True,0.7916666666666666,1e-06
a7_20260824T115851Z,2026-08-24T12:46:17+00:00,hyperplanes_n_features20_n_hyperplanes3_dim_hyperplanes5_seed11,4360508611e0e8963c01cd3994e98f0e069bb3b004ae6b18c71eecbf920853d1,2bf856a6c49a9c38010e4b719cd3d58e50f10d0c5c7048ed32accf1d9872633f,D_best,,2,linear,192,,33,9,0x82d30d660e805c92,RFF-int-spectrum-U0-2pi,pennylane,,,,0,val_full,600,val,0.8066666666666666,0.8868460171452202,0.7991597026640196,0.8192856907844543,0.0,0.09013684936311586,0.04070385017270714,56,26,0.3626305420184508,c5c7920-dirty,8f5e61236010,0.03,0.001 0.003 0.01 0.03,,30,300,1.0,32,0x82d30d660e805c92,True,0.7783333333333333,1e-06
a7_20260824T115851Z,2026-08-24T12:46:17+00:00,hyperplanes_n_features20_n_hyperplanes3_dim_hyperplanes5_seed11,4360508611e0e8963c01cd3994e98f0e069bb3b004ae6b18c71eecbf920853d1,2bf856a6c49a9c38010e4b719cd3d58e50f10d0c5c7048ed32accf1d9872633f,D_best,,2,linear,768,,129,9,0x709aa72cd73e2b60,RFF-int-spectrum-U0-2pi,pennylane,,,,0,test_full,1200,test,0.8216666666666667,0.9168737975288872,0.8208300425040258,0.8311904668807983,0.0,0.11033714038202586,0.061172393222409825,59,29,0.4282587500056252,c5c7920-dirty,8f5e61236010,0.03,0.001 0.003 0.01 0.03,,30,300,1.0,128,0x709aa72cd73e2b60,True,0.8091666666666667,1e-06
a7_20260824T115851Z,2026-08-24T12:46:17+00:00,hyperplanes_n_features20_n_hyperplanes3_dim_hyperplanes5_seed11,4360508611e0e8963c01cd3994e98f0e069bb3b004ae6b18c71eecbf920853d1,2bf856a6c49a9c38010e4b719cd3d58e50f10d0c5c7048ed32accf1d9872633f,D_best,,2,linear,768,,129,9,0x709aa72cd73e2b60,RFF-int-spectrum-U0-2pi,pennylane,,,,0,val_full,600,val,0.8233333333333334,0.8995987526684625,0.8169552403757598,0.8311904668807983,0.0,0.11033714038202586,0.061172393222409825,59,29,0.4282587500056252,c5c7920-dirty,8f5e61236010,0.03,0.001 0.003 0.01 0.03,,30,300,1.0,128,0x709aa72cd73e2b60,True,0.7983333333333333,1e-06
a7_20260824T115851Z,2026-08-24T12:46:17+00:00,hyperplanes_n_features20_n_hyperplanes3_dim_hyperplanes5_seed11,4360508611e0e8963c01cd3994e98f0e069bb3b004ae6b18c71eecbf920853d1,2bf856a6c49a9c38010e4b719cd3d58e50f10d0c5c7048ed32accf1d9872633f,D_best,,2,linear,3072,,513,9,0xf6b1cc10b76179ab,RFF-int-spectrum-U0-2pi,pennylane,,,,0,test_full,1200,test,0.8166666666666667,0.9123210889800819,0.815720185061608,0.8188095092773438,0.0,0.09440670365686674,0.04360252352421009,39,9,0.359935584012419,c5c7920-dirty,8f5e61236010,0.01,0.001 0.003 0.01 0.03,,30,300,1.0,512,0xf6b1cc10b76179ab,True,0.8225,1e-06
a7_20260824T115851Z,2026-08-24T12:46:17+00:00,hyperplanes_n_features20_n_hyperplanes3_dim_hyperplanes5_seed11,4360508611e0e8963c01cd3994e98f0e069bb3b004ae6b18c71eecbf920853d1,2bf856a6c49a9c38010e4b719cd3d58e50f10d0c5c7048ed32accf1d9872633f,D_best,,2,linear,3072,,513,9,0xf6b1cc10b76179ab,RFF-int-spectrum-U0-2pi,pennylane,,,,0,val_full,600,val,0.8183333333333334,0.8949603782231114,0.8121332073227834,0.8188095092773438,0.0,0.09440670365686674,0.04360252352421009,39,9,0.359935584012419,c5c7920-dirty,8f5e61236010,0.01,0.001 0.003 0.01 0.03,,30,300,1.0,512,0xf6b1cc10b76179ab,True,0.8266666666666667,1e-06
a7_20260824T115851Z,2026-08-24T12:49:16+00:00,hyperplanes_n_features20_n_hyperplanes3_dim_hyperplanes5_seed11,4360508611e0e8963c01cd3994e98f0e069bb3b004ae6b18c71eecbf920853d1,2bf856a6c49a9c38010e4b719cd3d58e50f10d0c5c7048ed32accf1d9872633f,F,product,2,h3,35,20,22,6,0x5a38e794abf67abb,U0-2pi,pennylane,,,,0,test_full,1200,test,0.8233333333333334,0.9259291695859607,0.822463404012997,0.8261904716491699,0.5304512977600098,0.02907926714348531,0.09654674250504625,166,136,1295.579164374969,c5c7920-dirty,8f5e61236010,0.003,0.001 0.003 0.01 0.03,,30,300,1.0,,,False,,
a7_20260824T115851Z,2026-08-24T12:49:16+00:00,hyperplanes_n_features20_n_hyperplanes3_dim_hyperplanes5_seed11,4360508611e0e8963c01cd3994e98f0e069bb3b004ae6b18c71eecbf920853d1,2bf856a6c49a9c38010e4b719cd3d58e50f10d0c5c7048ed32accf1d9872633f,F,product,2,h3,35,20,22,6,0x5a38e794abf67abb,U0-2pi,pennylane,,,,0,val_full,600,val,0.82,0.9106973209196275,0.8137395803391779,0.8261904716491699,0.5304512977600098,0.02907926714348531,0.09654674250504625,166,136,1295.579164374969,c5c7920-dirty,8f5e61236010,0.003,0.001 0.003 0.01 0.03,,30,300,1.0,,,False,,
a7_20260824T115851Z,2026-08-24T12:49:25+00:00,hyperplanes_n_features20_n_hyperplanes3_dim_hyperplanes5_seed11,4360508611e0e8963c01cd3994e98f0e069bb3b004ae6b18c71eecbf920853d1,2bf856a6c49a9c38010e4b719cd3d58e50f10d0c5c7048ed32accf1d9872633f,B,L1,2,h3,35,35,22,10,0x7a100d81f77e2599,U0-2pi,pennylane,,,,0,test_full,1200,test,0.6691666666666667,0.7345527641544057,0.6647976296604845,0.6602380871772766,0.0,0.0031352545433886592,0.1571979356635443,67,37,8.30161079193931,c5c7920-dirty,8f5e61236010,0.003,0.001 0.003 0.01 0.03,,30,300,1.0,,,True,0.715,1.0
a7_20260824T115851Z,2026-08-24T12:49:25+00:00,hyperplanes_n_features20_n_hyperplanes3_dim_hyperplanes5_seed11,4360508611e0e8963c01cd3994e98f0e069bb3b004ae6b18c71eecbf920853d1,2bf856a6c49a9c38010e4b719cd3d58e50f10d0c5c7048ed32accf1d9872633f,B,L1,2,h3,35,35,22,10,0x7a100d81f77e2599,U0-2pi,pennylane,,,,0,val_full,600,val,0.6783333333333333,0.7355791261973155,0.6769685253529496,0.6602380871772766,0.0,0.0031352545433886592,0.1571979356635443,67,37,8.30161079193931,c5c7920-dirty,8f5e61236010,0.003,0.001 0.003 0.01 0.03,,30,300,1.0,,,True,0.7,1.0
a7_20260824T115851Z,2026-08-24T12:50:22+00:00,hyperplanes_n_features20_n_hyperplanes3_dim_hyperplanes5_seed11,4360508611e0e8963c01cd3994e98f0e069bb3b004ae6b18c71eecbf920853d1,2bf856a6c49a9c38010e4b719cd3d58e50f10d0c5c7048ed32accf1d9872633f,A,L2,2,h3,35,35,22,8,0x3c7362638e9ada30,U0-2pi,pennylane,,,,0,test_full,1200,test,0.485,0.5,0.3265993265993266,0.4988095164299011,0.17730006575584412,0.02380747486145973,0.012585393186384729,78,48,694.3170202079928,c5c7920-dirty,8f5e61236010,0.03,0.001 0.003 0.01 0.03,,30,300,1.0,,,False,,
a7_20260824T115851Z,2026-08-24T12:50:22+00:00,hyperplanes_n_features20_n_hyperplanes3_dim_hyperplanes5_seed11,4360508611e0e8963c01cd3994e98f0e069bb3b004ae6b18c71eecbf920853d1,2bf856a6c49a9c38010e4b719cd3d58e50f10d0c5c7048ed32accf1d9872633f,A,L2,2,h3,35,35,22,8,0x3c7362638e9ada30,U0-2pi,pennylane,,,,0,val_full,600,val,0.5383333333333333,0.5,0.34994582881906827,0.4988095164299011,0.17730006575584412,0.02380747486145973,0.012585393186384729,78,48,694.3170202079928,c5c7920-dirty,8f5e61236010,0.03,0.001 0.003 0.01 0.03,,30,300,1.0,,,False,,
a7_20260824T115851Z,2026-08-24T12:50:30+00:00,hyperplanes_n_features20_n_hyperplanes3_dim_hyperplanes5_seed11,4360508611e0e8963c01cd3994e98f0e069bb3b004ae6b18c71eecbf920853d1,2bf856a6c49a9c38010e4b719cd3d58e50f10d0c5c7048ed32accf1d9872633f,B,L2,2,h3,35,35,22,10,0xca03f308d3264644,U0-2pi,pennylane,,,,0,test_full,1200,test,0.7408333333333333,0.8183128704723139,0.7389842907989165,0.7557142972946167,0.0,0.001179845990613163,0.08228492064191532,38,8,7.86984937498346,c5c7920-dirty,8f5e61236010,0.03,0.001 0.003 0.01 0.03,,30,300,1.0,,,True,0.7333333333333333,1e-06
a7_20260824T115851Z,2026-08-24T12:50:30+00:00,hyperplanes_n_features20_n_hyperplanes3_dim_hyperplanes5_seed11,4360508611e0e8963c01cd3994e98f0e069bb3b004ae6b18c71eecbf920853d1,2bf856a6c49a9c38010e4b719cd3d58e50f10d0c5c7048ed32accf1d9872633f,B,L2,2,h3,35,35,22,10,0xca03f308d3264644,U0-2pi,pennylane,,,,0,val_full,600,val,0.745,0.8077924690681897,0.7372571130910641,0.7557142972946167,0.0,0.001179845990613163,0.08228492064191532,38,8,7.86984937498346,c5c7920-dirty,8f5e61236010,0.03,0.001 0.003 0.01 0.03,,30,300,1.0,,,True,0.735,1e-06
a7_20260824T115851Z,2026-08-24T12:51:24+00:00,hyperplanes_n_features20_n_hyperplanes3_dim_hyperplanes5_seed11,4360508611e0e8963c01cd3994e98f0e069bb3b004ae6b18c71eecbf920853d1,2bf856a6c49a9c38010e4b719cd3d58e50f10d0c5c7048ed32accf1d9872633f,A,L1,2,h3,35,35,22,7,0xd86bbfc3a6142e24,U0-2pi,pennylane,,,,0,test_full,1200,test,0.8133333333333334,0.9146926678455054,0.8131459602545886,0.811904788017273,0.6720255613327026,0.029499431611420032,0.16823265521579614,140,110,1231.5243377499282,c5c7920-dirty,8f5e61236010,0.003,0.001 0.003 0.01 0.03,,30,300,1.0,,,False,,
a7_20260824T115851Z,2026-08-24T12:51:24+00:00,hyperplanes_n_features20_n_hyperplanes3_dim_hyperplanes5_seed11,4360508611e0e8963c01cd3994e98f0e069bb3b004ae6b18c71eecbf920853d1,2bf856a6c49a9c38010e4b719cd3d58e50f10d0c5c7048ed32accf1d9872633f,A,L1,2,h3,35,35,22,7,0xd86bbfc3a6142e24,U0-2pi,pennylane,,,,0,val_full,600,val,0.8116666666666666,0.8974416291312269,0.8072324781999267,0.811904788017273,0.6720255613327026,0.029499431611420032,0.16823265521579614,140,110,1231.5243377499282,c5c7920-dirty,8f5e61236010,0.003,0.001 0.003 0.01 0.03,,30,300,1.0,,,False,,
a7_20260824T115851Z,2026-08-24T12:53:04+00:00,hyperplanes_n_features20_n_hyperplanes3_dim_hyperplanes5_seed11,4360508611e0e8963c01cd3994e98f0e069bb3b004ae6b18c71eecbf920853d1,2bf856a6c49a9c38010e4b719cd3d58e50f10d0c5c7048ed32accf1d9872633f,F,product,2,h3,35,20,22,9,0x7545af47d8de3bdf,U0-2pi,pennylane,,,,0,test_full,1200,test,0.81,0.9068800809617544,0.8094580139062222,0.8038095235824585,0.46610531210899353,0.008787597993056511,0.06027634184883711,54,24,430.913240749971,c5c7920-dirty,8f5e61236010,0.003,0.001 0.003 0.01 0.03,,30,300,1.0,,,False,,
a7_20260824T115851Z,2026-08-24T12:53:04+00:00,hyperplanes_n_features20_n_hyperplanes3_dim_hyperplanes5_seed11,4360508611e0e8963c01cd3994e98f0e069bb3b004ae6b18c71eecbf920853d1,2bf856a6c49a9c38010e4b719cd3d58e50f10d0c5c7048ed32accf1d9872633f,F,product,2,h3,35,20,22,9,0x7545af47d8de3bdf,U0-2pi,pennylane,,,,0,val_full,600,val,0.795,0.8893943288886903,0.7897286131490847,0.8038095235824585,0.46610531210899353,0.008787597993056511,0.06027634184883711,54,24,430.913240749971,c5c7920-dirty,8f5e61236010,0.003,0.001 0.003 0.01 0.03,,30,300,1.0,,,False,,
a7_20260824T115851Z,2026-08-24T12:53:05+00:00,hyperplanes_n_features20_n_hyperplanes3_dim_hyperplanes5_seed11,4360508611e0e8963c01cd3994e98f0e069bb3b004ae6b18c71eecbf920853d1,2bf856a6c49a9c38010e4b719cd3d58e50f10d0c5c7048ed32accf1d9872633f,E,,,h3,0,,22,10,,,pennylane,,,,0,test_full,1200,test,0.7716666666666666,0.8837870750341974,0.7715422841324722,0.7671428322792053,0.0,0.00439018527259842,0.012772233330696523,32,2,0.33458975004032254,c5c7920-dirty,8f5e61236010,0.03,0.001 0.003 0.01 0.03 0.1,,30,300,1.0,,,True,0.7516666666666667,1e-06
a7_20260824T115851Z,2026-08-24T12:53:05+00:00,hyperplanes_n_features20_n_hyperplanes3_dim_hyperplanes5_seed11,4360508611e0e8963c01cd3994e98f0e069bb3b004ae6b18c71eecbf920853d1,2bf856a6c49a9c38010e4b719cd3d58e50f10d0c5c7048ed32accf1d9872633f,E,,,h3,0,,22,10,,,pennylane,,,,0,val_full,600,val,0.755,0.8627264700293951,0.7517164500519369,0.7671428322792053,0.0,0.00439018527259842,0.012772233330696523,32,2,0.33458975004032254,c5c7920-dirty,8f5e61236010,0.03,0.001 0.003 0.01 0.03 0.1,,30,300,1.0,,,True,0.7383333333333333,1e-06
a7_20260824T115851Z,2026-08-24T12:53:05+00:00,hyperplanes_n_features20_n_hyperplanes3_dim_hyperplanes5_seed11,4360508611e0e8963c01cd3994e98f0e069bb3b004ae6b18c71eecbf920853d1,2bf856a6c49a9c38010e4b719cd3d58e50f10d0c5c7048ed32accf1d9872633f,D_matched,,2,h3,30,,22,10,0x77c729a7070b916f,RFF-int-spectrum-U0-2pi,pennylane,,,,0,test_full,1200,test,0.7191666666666666,0.7881829757893215,0.7186976340412035,0.7164285778999329,0.0,0.015973604887206415,0.05906162016420342,57,27,0.5579226249828935,c5c7920-dirty,8f5e61236010,0.003,0.001 0.003 0.01 0.03,,30,300,1.0,,0x77c729a7070b916f,True,0.7075,1e-06
a7_20260824T115851Z,2026-08-24T12:53:05+00:00,hyperplanes_n_features20_n_hyperplanes3_dim_hyperplanes5_seed11,4360508611e0e8963c01cd3994e98f0e069bb3b004ae6b18c71eecbf920853d1,2bf856a6c49a9c38010e4b719cd3d58e50f10d0c5c7048ed32accf1d9872633f,D_matched,,2,h3,30,,22,10,0x77c729a7070b916f,RFF-int-spectrum-U0-2pi,pennylane,,,,0,val_full,600,val,0.7183333333333334,0.7689530685920577,0.7149884055934228,0.7164285778999329,0.0,0.015973604887206415,0.05906162016420342,57,27,0.5579226249828935,c5c7920-dirty,8f5e61236010,0.003,0.001 0.003 0.01 0.03,,30,300,1.0,,0x77c729a7070b916f,True,0.6783333333333333,1e-06
a7_20260824T115851Z,2026-08-24T12:53:06+00:00,hyperplanes_n_features20_n_hyperplanes3_dim_hyperplanes5_seed11,4360508611e0e8963c01cd3994e98f0e069bb3b004ae6b18c71eecbf920853d1,2bf856a6c49a9c38010e4b719cd3d58e50f10d0c5c7048ed32accf1d9872633f,D_matched,,2,h3,30,,22,10,0x77c729a7070b916f,RFF-int-spectrum-U0-2pi,pennylane,,,,0,test_full,1200,test,0.7025,0.7706630411815077,0.7002046921744607,0.708809494972229,0.0,0.015973604887206415,0.07013547140455899,43,13,0.41130816703662276,c5c7920-dirty,8f5e61236010,0.03,0.001 0.003 0.01 0.03,,30,300,1.0,,0x77c729a7070b916f,True,0.7075,1e-06
a7_20260824T115851Z,2026-08-24T12:53:06+00:00,hyperplanes_n_features20_n_hyperplanes3_dim_hyperplanes5_seed11,4360508611e0e8963c01cd3994e98f0e069bb3b004ae6b18c71eecbf920853d1,2bf856a6c49a9c38010e4b719cd3d58e50f10d0c5c7048ed32accf1d9872633f,D_matched,,2,h3,30,,22,10,0x77c729a7070b916f,RFF-int-spectrum-U0-2pi,pennylane,,,,0,val_full,600,val,0.725,0.7584804014708676,0.7190939503051661,0.708809494972229,0.0,0.015973604887206415,0.07013547140455899,43,13,0.41130816703662276,c5c7920-dirty,8f5e61236010,0.03,0.001 0.003 0.01 0.03,,30,300,1.0,,0x77c729a7070b916f,True,0.6783333333333333,1e-06
a7_20260824T115851Z,2026-08-24T12:53:06+00:00,hyperplanes_n_features20_n_hyperplanes3_dim_hyperplanes5_seed11,4360508611e0e8963c01cd3994e98f0e069bb3b004ae6b18c71eecbf920853d1,2bf856a6c49a9c38010e4b719cd3d58e50f10d0c5c7048ed32accf1d9872633f,D_best,,2,linear,192,,33,10,0x63746545ed6e9f8f,RFF-int-spectrum-U0-2pi,pennylane,,,,0,test_full,1200,test,0.8116666666666666,0.9087984741823197,0.8111625756533413,0.8185714483261108,0.0,0.09297520206163033,0.035258079050659696,57,27,0.38063108397182077,c5c7920-dirty,8f5e61236010,0.03,0.001 0.003 0.01 0.03,,30,300,1.0,32,0x63746545ed6e9f8f,True,0.7925,1e-06
a7_20260824T115851Z,2026-08-24T12:53:06+00:00,hyperplanes_n_features20_n_hyperplanes3_dim_hyperplanes5_seed11,4360508611e0e8963c01cd3994e98f0e069bb3b004ae6b18c71eecbf920853d1,2bf856a6c49a9c38010e4b719cd3d58e50f10d0c5c7048ed32accf1d9872633f,D_best,,2,linear,192,,33,10,0x63746545ed6e9f8f,RFF-int-spectrum-U0-2pi,pennylane,,,,0,val_full,600,val,0.8,0.8934626862335282,0.7935566744274065,0.8185714483261108,0.0,0.09297520206163033,0.035258079050659696,57,27,0.38063108397182077,c5c7920-dirty,8f5e61236010,0.03,0.001 0.003 0.01 0.03,,30,300,1.0,32,0x63746545ed6e9f8f,True,0.7783333333333333,1e-06
a7_20260824T115851Z,2026-08-24T12:53:06+00:00,hyperplanes_n_features20_n_hyperplanes3_dim_hyperplanes5_seed11,4360508611e0e8963c01cd3994e98f0e069bb3b004ae6b18c71eecbf920853d1,2bf856a6c49a9c38010e4b719cd3d58e50f10d0c5c7048ed32accf1d9872633f,D_best,,2,linear,768,,129,10,0xa0ee54381686f9dd,RFF-int-spectrum-U0-2pi,pennylane,,,,0,test_full,1200,test,0.8325,0.9211790611550394,0.8304168356990841,0.829285740852356,0.0,0.10401988789143253,0.05282796773861882,62,32,0.45292470906861126,c5c7920-dirty,8f5e61236010,0.03,0.001 0.003 0.01 0.03,,30,300,1.0,128,0xa0ee54381686f9dd,True,0.805,0.01
a7_20260824T115851Z,2026-08-24T12:53:06+00:00,hyperplanes_n_features20_n_hyperplanes3_dim_hyperplanes5_seed11,4360508611e0e8963c01cd3994e98f0e069bb3b004ae6b18c71eecbf920853d1,2bf856a6c49a9c38010e4b719cd3d58e50f10d0c5c7048ed32accf1d9872633f,D_best,,2,linear,768,,129,10,0xa0ee54381686f9dd,RFF-int-spectrum-U0-2pi,pennylane,,,,0,val_full,600,val,0.83,0.895083323087928,0.8210756510858253,0.829285740852356,0.0,0.10401988789143253,0.05282796773861882,62,32,0.45292470906861126,c5c7920-dirty,8f5e61236010,0.03,0.001 0.003 0.01 0.03,,30,300,1.0,128,0xa0ee54381686f9dd,True,0.7983333333333333,0.01
a7_20260824T115851Z,2026-08-24T12:53:07+00:00,hyperplanes_n_features20_n_hyperplanes3_dim_hyperplanes5_seed11,4360508611e0e8963c01cd3994e98f0e069bb3b004ae6b18c71eecbf920853d1,2bf856a6c49a9c38010e4b719cd3d58e50f10d0c5c7048ed32accf1d9872633f,D_best,,2,linear,3072,,513,10,0x832fc3cb5ed00a34,RFF-int-spectrum-U0-2pi,pennylane,,,,0,test_full,1200,test,0.8208333333333333,0.916277427462494,0.8203991732792952,0.8214285969734192,0.0,0.0643152287726529,0.0524529421590504,39,9,0.3808204591041431,c5c7920-dirty,8f5e61236010,0.01,0.001 0.003 0.01 0.03,,30,300,1.0,512,0x832fc3cb5ed00a34,True,0.8191666666666667,1e-06
a7_20260824T115851Z,2026-08-24T12:53:07+00:00,hyperplanes_n_features20_n_hyperplanes3_dim_hyperplanes5_seed11,4360508611e0e8963c01cd3994e98f0e069bb3b004ae6b18c71eecbf920853d1,2bf856a6c49a9c38010e4b719cd3d58e50f10d0c5c7048ed32accf1d9872633f,D_best,,2,linear,3072,,513,10,0x832fc3cb5ed00a34,RFF-int-spectrum-U0-2pi,pennylane,,,,0,val_full,600,val,0.8233333333333334,0.8919985246616222,0.8184910786652815,0.8214285969734192,0.0,0.0643152287726529,0.0524529421590504,39,9,0.3808204591041431,c5c7920-dirty,8f5e61236010,0.01,0.001 0.003 0.01 0.03,,30,300,1.0,512,0x832fc3cb5ed00a34,True,0.8166666666666667,1e-06
a7_20260824T115851Z,2026-08-24T12:53:33+00:00,hyperplanes_n_features20_n_hyperplanes3_dim_hyperplanes5_seed11,4360508611e0e8963c01cd3994e98f0e069bb3b004ae6b18c71eecbf920853d1,2bf856a6c49a9c38010e4b719cd3d58e50f10d0c5c7048ed32accf1d9872633f,F,product,2,h3,35,20,22,8,0x4d0090b0ff939975,U0-2pi,pennylane,,,,0,test_full,1200,test,0.8091666666666667,0.9128521224657749,0.8085699099484434,0.8107143044471741,0.5368680953979492,0.02382346183735665,0.20129936486699893,102,72,800.4427662909729,c5c7920-dirty,8f5e61236010,0.003,0.001 0.003 0.01 0.03,,30,300,1.0,,,False,,
a7_20260824T115851Z,2026-08-24T12:53:33+00:00,hyperplanes_n_features20_n_hyperplanes3_dim_hyperplanes5_seed11,4360508611e0e8963c01cd3994e98f0e069bb3b004ae6b18c71eecbf920853d1,2bf856a6c49a9c38010e4b719cd3d58e50f10d0c5c7048ed32accf1d9872633f,F,product,2,h3,35,20,22,8,0x4d0090b0ff939975,U0-2pi,pennylane,,,,0,val_full,600,val,0.7983333333333333,0.8974304523253345,0.7922098737517567,0.8107143044471741,0.5368680953979492,0.02382346183735665,0.20129936486699893,102,72,800.4427662909729,c5c7920-dirty,8f5e61236010,0.003,0.001 0.003 0.01 0.03,,30,300,1.0,,,False,,
a7_20260824T115851Z,2026-08-24T12:53:41+00:00,hyperplanes_n_features20_n_hyperplanes3_dim_hyperplanes5_seed22,daf152204bbd72927ebe009bee77245588374523bc0144bb5e7d3d282686d97e,f087808ca635cff7ff23816ed69bcf872092e3ee826c2b73a96b833594ccb0d5,B,L1,2,h3,35,35,22,1,0x1ddc9c443a3565bb,U0-2pi,pennylane,,,,0,test_full,1200,test,0.8108333333333333,0.8448226512827353,0.809200807744598,0.7985714077949524,0.0,0.05461843488734042,0.052952956996054984,65,35,8.190803957986645,c5c7920-dirty,8f5e61236010,0.01,0.001 0.003 0.01 0.03,,30,300,1.0,,,True,0.7541666666666667,1.0
a7_20260824T115851Z,2026-08-24T12:53:41+00:00,hyperplanes_n_features20_n_hyperplanes3_dim_hyperplanes5_seed22,daf152204bbd72927ebe009bee77245588374523bc0144bb5e7d3d282686d97e,f087808ca635cff7ff23816ed69bcf872092e3ee826c2b73a96b833594ccb0d5,B,L1,2,h3,35,35,22,1,0x1ddc9c443a3565bb,U0-2pi,pennylane,,,,0,val_full,600,val,0.815,0.839841665184131,0.8143683367012752,0.7985714077949524,0.0,0.05461843488734042,0.052952956996054984,65,35,8.190803957986645,c5c7920-dirty,8f5e61236010,0.01,0.001 0.003 0.01 0.03,,30,300,1.0,,,True,0.75,1.0
a7_20260824T115851Z,2026-08-24T12:54:19+00:00,hyperplanes_n_features20_n_hyperplanes3_dim_hyperplanes5_seed11,4360508611e0e8963c01cd3994e98f0e069bb3b004ae6b18c71eecbf920853d1,2bf856a6c49a9c38010e4b719cd3d58e50f10d0c5c7048ed32accf1d9872633f,F,product,2,h3,35,20,22,9,0x7545af47d8de3bdf,U0-2pi,pennylane,,,,0,test_full,1200,test,0.83,0.9248337392542176,0.8286630962146302,0.8280952572822571,0.844659149646759,0.008787597993056511,0.093948479563124,63,33,497.39323149994016,c5c7920-dirty,8f5e61236010,0.03,0.001 0.003 0.01 0.03,,30,300,1.0,,,False,,
a7_20260824T115851Z,2026-08-24T12:54:19+00:00,hyperplanes_n_features20_n_hyperplanes3_dim_hyperplanes5_seed11,4360508611e0e8963c01cd3994e98f0e069bb3b004ae6b18c71eecbf920853d1,2bf856a6c49a9c38010e4b719cd3d58e50f10d0c5c7048ed32accf1d9872633f,F,product,2,h3,35,20,22,9,0x7545af47d8de3bdf,U0-2pi,pennylane,,,,0,val_full,600,val,0.8183333333333334,0.9075789920756446,0.8114050897556052,0.8280952572822571,0.844659149646759,0.008787597993056511,0.093948479563124,63,33,497.39323149994016,c5c7920-dirty,8f5e61236010,0.03,0.001 0.003 0.01 0.03,,30,300,1.0,,,False,,
a7_20260824T115851Z,2026-08-24T12:54:28+00:00,hyperplanes_n_features20_n_hyperplanes3_dim_hyperplanes5_seed22,daf152204bbd72927ebe009bee77245588374523bc0144bb5e7d3d282686d97e,f087808ca635cff7ff23816ed69bcf872092e3ee826c2b73a96b833594ccb0d5,B,L2,2,h3,35,35,22,1,0x9aed96d53998f1c9,U0-2pi,pennylane,,,,0,test_full,1200,test,0.6541666666666667,0.7161600751411675,0.6509610835625799,0.6638095378875732,0.0,0.06762587643784407,0.09583740837150685,162,132,9.0975294590462,c5c7920-dirty,8f5e61236010,0.003,0.001 0.003 0.01 0.03,,30,300,1.0,,,True,0.5991666666666666,1e-06
a7_20260824T115851Z,2026-08-24T12:54:28+00:00,hyperplanes_n_features20_n_hyperplanes3_dim_hyperplanes5_seed22,daf152204bbd72927ebe009bee77245588374523bc0144bb5e7d3d282686d97e,f087808ca635cff7ff23816ed69bcf872092e3ee826c2b73a96b833594ccb0d5,B,L2,2,h3,35,35,22,1,0x9aed96d53998f1c9,U0-2pi,pennylane,,,,0,val_full,600,val,0.6683333333333333,0.7089485856609145,0.6677565217391304,0.6638095378875732,0.0,0.06762587643784407,0.09583740837150685,162,132,9.0975294590462,c5c7920-dirty,8f5e61236010,0.003,0.001 0.003 0.01 0.03,,30,300,1.0,,,True,0.62,1e-06
a7_20260824T115851Z,2026-08-24T12:55:27+00:00,hyperplanes_n_features20_n_hyperplanes3_dim_hyperplanes5_seed11,4360508611e0e8963c01cd3994e98f0e069bb3b004ae6b18c71eecbf920853d1,2bf856a6c49a9c38010e4b719cd3d58e50f10d0c5c7048ed32accf1d9872633f,A,L2,2,h3,35,35,22,9,0x37a73ff05100a2cc,U0-2pi,pennylane,,,,0,test_full,1200,test,0.8525,0.9365095252393821,0.8523440383905501,0.852142870426178,0.9194333553314209,0.010606998250342647,0.14423115812642065,76,46,668.3828967500012,c5c7920-dirty,8f5e61236010,0.03,0.001 0.003 0.01 0.03,,30,300,1.0,,,False,,
a7_20260824T115851Z,2026-08-24T12:55:27+00:00,hyperplanes_n_features20_n_hyperplanes3_dim_hyperplanes5_seed11,4360508611e0e8963c01cd3994e98f0e069bb3b004ae6b18c71eecbf920853d1,2bf856a6c49a9c38010e4b719cd3d58e50f10d0c5c7048ed32accf1d9872633f,A,L2,2,h3,35,35,22,9,0x37a73ff05100a2cc,U0-2pi,pennylane,,,,0,val_full,600,val,0.8516666666666667,0.9132344558572051,0.8478524111403947,0.852142870426178,0.9194333553314209,0.010606998250342647,0.14423115812642065,76,46,668.3828967500012,c5c7920-dirty,8f5e61236010,0.03,0.001 0.003 0.01 0.03,,30,300,1.0,,,False,,
a7_20260824T115851Z,2026-08-24T12:57:40+00:00,hyperplanes_n_features20_n_hyperplanes3_dim_hyperplanes5_seed11,4360508611e0e8963c01cd3994e98f0e069bb3b004ae6b18c71eecbf920853d1,2bf856a6c49a9c38010e4b719cd3d58e50f10d0c5c7048ed32accf1d9872633f,F,product,2,h3,35,20,22,10,0xaf315250f59e947e,U0-2pi,pennylane,,,,0,test_full,1200,test,0.82,0.9071859117650329,0.8175875959565251,0.8221428394317627,0.7310599088668823,0.012196152214507011,0.04390718109848321,47,17,376.35006462503225,c5c7920-dirty,8f5e61236010,0.03,0.001 0.003 0.01 0.03,,30,300,1.0,,,False,,
a7_20260824T115851Z,2026-08-24T12:57:40+00:00,hyperplanes_n_features20_n_hyperplanes3_dim_hyperplanes5_seed11,4360508611e0e8963c01cd3994e98f0e069bb3b004ae6b18c71eecbf920853d1,2bf856a6c49a9c38010e4b719cd3d58e50f10d0c5c7048ed32accf1d9872633f,F,product,2,h3,35,20,22,10,0xaf315250f59e947e,U0-2pi,pennylane,,,,0,val_full,600,val,0.8133333333333334,0.8911155569961215,0.803223388305847,0.8221428394317627,0.7310599088668823,0.012196152214507011,0.04390718109848321,47,17,376.35006462503225,c5c7920-dirty,8f5e61236010,0.03,0.001 0.003 0.01 0.03,,30,300,1.0,,,False,,
a7_20260824T115851Z,2026-08-24T12:57:41+00:00,hyperplanes_n_features20_n_hyperplanes3_dim_hyperplanes5_seed22,daf152204bbd72927ebe009bee77245588374523bc0144bb5e7d3d282686d97e,f087808ca635cff7ff23816ed69bcf872092e3ee826c2b73a96b833594ccb0d5,E,,,h3,0,,22,1,,,pennylane,,,,0,test_full,1200,test,0.8725,0.9256174692099062,0.8701628409728169,0.8592857122421265,0.0,0.06112580269921799,0.00616811674717512,103,73,1.039628625032492,c5c7920-dirty,8f5e61236010,0.1,0.001 0.003 0.01 0.03 0.1,,30,300,1.0,,,True,0.775,1e-06
a7_20260824T115851Z,2026-08-24T12:57:41+00:00,hyperplanes_n_features20_n_hyperplanes3_dim_hyperplanes5_seed22,daf152204bbd72927ebe009bee77245588374523bc0144bb5e7d3d282686d97e,f087808ca635cff7ff23816ed69bcf872092e3ee826c2b73a96b833594ccb0d5,E,,,h3,0,,22,1,,,pennylane,,,,0,val_full,600,val,0.8766666666666667,0.9304727806440134,0.8756595086870316,0.8592857122421265,0.0,0.06112580269921799,0.00616811674717512,103,73,1.039628625032492,c5c7920-dirty,8f5e61236010,0.1,0.001 0.003 0.01 0.03 0.1,,30,300,1.0,,,True,0.775,1e-06
a7_20260824T115851Z,2026-08-24T12:57:43+00:00,hyperplanes_n_features20_n_hyperplanes3_dim_hyperplanes5_seed22,daf152204bbd72927ebe009bee77245588374523bc0144bb5e7d3d282686d97e,f087808ca635cff7ff23816ed69bcf872092e3ee826c2b73a96b833594ccb0d5,D_matched,,2,h3,30,,22,1,0x7d4f7004e22ea7b3,RFF-int-spectrum-U0-2pi,pennylane,,,,0,test_full,1200,test,0.7375,0.8274532035036237,0.7339300433102763,0.729285717010498,0.0,0.046114061033456374,0.06201248918631383,162,132,1.6124911250080913,c5c7920-dirty,8f5e61236010,0.003,0.001 0.003 0.01 0.03,,30,300,1.0,,0x7d4f7004e22ea7b3,True,0.66,1e-06
a7_20260824T115851Z,2026-08-24T12:57:43+00:00,hyperplanes_n_features20_n_hyperplanes3_dim_hyperplanes5_seed22,daf152204bbd72927ebe009bee77245588374523bc0144bb5e7d3d282686d97e,f087808ca635cff7ff23816ed69bcf872092e3ee826c2b73a96b833594ccb0d5,D_matched,,2,h3,30,,22,1,0x7d4f7004e22ea7b3,RFF-int-spectrum-U0-2pi,pennylane,,,,0,val_full,600,val,0.73,0.7933196940046255,0.7274532015836876,0.729285717010498,0.0,0.046114061033456374,0.06201248918631383,162,132,1.6124911250080913,c5c7920-dirty,8f5e61236010,0.003,0.001 0.003 0.01 0.03,,30,300,1.0,,0x7d4f7004e22ea7b3,True,0.6433333333333333,1e-06
a7_20260824T115851Z,2026-08-24T12:57:44+00:00,hyperplanes_n_features20_n_hyperplanes3_dim_hyperplanes5_seed22,daf152204bbd72927ebe009bee77245588374523bc0144bb5e7d3d282686d97e,f087808ca635cff7ff23816ed69bcf872092e3ee826c2b73a96b833594ccb0d5,D_matched,,2,h3,30,,22,1,0x7d4f7004e22ea7b3,RFF-int-spectrum-U0-2pi,pennylane,,,,0,test_full,1200,test,0.7341666666666666,0.8237711751367214,0.7298897331990779,0.7383333444595337,0.0,0.046114061033456374,0.06360090318788184,135,105,1.3004573750076815,c5c7920-dirty,8f5e61236010,0.01,0.001 0.003 0.01 0.03,,30,300,1.0,,0x7d4f7004e22ea7b3,True,0.66,1e-06
a7_20260824T115851Z,2026-08-24T12:57:44+00:00,hyperplanes_n_features20_n_hyperplanes3_dim_hyperplanes5_seed22,daf152204bbd72927ebe009bee77245588374523bc0144bb5e7d3d282686d97e,f087808ca635cff7ff23816ed69bcf872092e3ee826c2b73a96b833594ccb0d5,D_matched,,2,h3,30,,22,1,0x7d4f7004e22ea7b3,RFF-int-spectrum-U0-2pi,pennylane,,,,0,val_full,600,val,0.7466666666666667,0.8025040028464685,0.7447494514352246,0.7383333444595337,0.0,0.046114061033456374,0.06360090318788184,135,105,1.3004573750076815,c5c7920-dirty,8f5e61236010,0.01,0.001 0.003 0.01 0.03,,30,300,1.0,,0x7d4f7004e22ea7b3,True,0.6433333333333333,1e-06
a7_20260824T115851Z,2026-08-24T12:57:44+00:00,hyperplanes_n_features20_n_hyperplanes3_dim_hyperplanes5_seed22,daf152204bbd72927ebe009bee77245588374523bc0144bb5e7d3d282686d97e,f087808ca635cff7ff23816ed69bcf872092e3ee826c2b73a96b833594ccb0d5,D_best,,2,linear,192,,33,1,0xebbfbc7ed33e45eb,RFF-int-spectrum-U0-2pi,pennylane,,,,0,test_full,1200,test,0.8091666666666667,0.8551226045973945,0.8060963915441657,0.7904762029647827,0.0,0.06781904615032157,0.03424499385966674,33,3,0.22160599997732788,c5c7920-dirty,8f5e61236010,0.03,0.001 0.003 0.01 0.03,,30,300,1.0,32,0xebbfbc7ed33e45eb,True,0.8133333333333334,1.0
a7_20260824T115851Z,2026-08-24T12:57:44+00:00,hyperplanes_n_features20_n_hyperplanes3_dim_hyperplanes5_seed22,daf152204bbd72927ebe009bee77245588374523bc0144bb5e7d3d282686d97e,f087808ca635cff7ff23816ed69bcf872092e3ee826c2b73a96b833594ccb0d5,D_best,,2,linear,192,,33,1,0xebbfbc7ed33e45eb,RFF-int-spectrum-U0-2pi,pennylane,,,,0,val_full,600,val,0.82,0.8559975982921189,0.8189357445429245,0.7904762029647827,0.0,0.06781904615032157,0.03424499385966674,33,3,0.22160599997732788,c5c7920-dirty,8f5e61236010,0.03,0.001 0.003 0.01 0.03,,30,300,1.0,32,0xebbfbc7ed33e45eb,True,0.8083333333333333,1.0
a7_20260824T115851Z,2026-08-24T12:57:45+00:00,hyperplanes_n_features20_n_hyperplanes3_dim_hyperplanes5_seed22,daf152204bbd72927ebe009bee77245588374523bc0144bb5e7d3d282686d97e,f087808ca635cff7ff23816ed69bcf872092e3ee826c2b73a96b833594ccb0d5,D_best,,2,linear,768,,129,1,0x8c1cd5484ddd2802,RFF-int-spectrum-U0-2pi,pennylane,,,,0,test_full,1200,test,0.8408333333333333,0.8942354719665644,0.8396053114995015,0.8211904764175415,0.0,0.06319632202903881,0.021980983925583578,101,71,0.7517111669294536,c5c7920-dirty,8f5e61236010,0.01,0.001 0.003 0.01 0.03,,30,300,1.0,128,0x8c1cd5484ddd2802,True,0.8158333333333333,0.01
a7_20260824T115851Z,2026-08-24T12:57:45+00:00,hyperplanes_n_features20_n_hyperplanes3_dim_hyperplanes5_seed22,daf152204bbd72927ebe009bee77245588374523bc0144bb5e7d3d282686d97e,f087808ca635cff7ff23816ed69bcf872092e3ee826c2b73a96b833594ccb0d5,D_best,,2,linear,768,,129,1,0x8c1cd5484ddd2802,RFF-int-spectrum-U0-2pi,pennylane,,,,0,val_full,600,val,0.8466666666666667,0.8817937199786515,0.8464209401709402,0.8211904764175415,0.0,0.06319632202903881,0.021980983925583578,101,71,0.7517111669294536,c5c7920-dirty,8f5e61236010,0.01,0.001 0.003 0.01 0.03,,30,300,1.0,128,0x8c1cd5484ddd2802,True,0.8333333333333334,0.01
a7_20260824T115851Z,2026-08-24T12:57:46+00:00,hyperplanes_n_features20_n_hyperplanes3_dim_hyperplanes5_seed22,daf152204bbd72927ebe009bee77245588374523bc0144bb5e7d3d282686d97e,f087808ca635cff7ff23816ed69bcf872092e3ee826c2b73a96b833594ccb0d5,D_best,,2,linear,3072,,513,1,0x767dfcd7c4647a26,RFF-int-spectrum-U0-2pi,pennylane,,,,0,test_full,1200,test,0.8491666666666666,0.9103141256502603,0.8482552497605409,0.8354762196540833,0.0,0.06382953855001983,0.051014473040636076,104,74,0.9644445000449196,c5c7920-dirty,8f5e61236010,0.003,0.001 0.003 0.01 0.03,,30,300,1.0,512,0x767dfcd7c4647a26,True,0.8433333333333334,1e-06
a7_20260824T115851Z,2026-08-24T12:57:46+00:00,hyperplanes_n_features20_n_hyperplanes3_dim_hyperplanes5_seed22,daf152204bbd72927ebe009bee77245588374523bc0144bb5e7d3d282686d97e,f087808ca635cff7ff23816ed69bcf872092e3ee826c2b73a96b833594ccb0d5,D_best,,2,linear,3072,,513,1,0x767dfcd7c4647a26,RFF-int-spectrum-U0-2pi,pennylane,,,,0,val_full,600,val,0.8516666666666667,0.8966264899484078,0.8514847354676145,0.8354762196540833,0.0,0.06382953855001983,0.051014473040636076,104,74,0.9644445000449196,c5c7920-dirty,8f5e61236010,0.003,0.001 0.003 0.01 0.03,,30,300,1.0,512,0x767dfcd7c4647a26,True,0.845,1e-06
a7_20260824T115851Z,2026-08-24T12:57:50+00:00,hyperplanes_n_features20_n_hyperplanes3_dim_hyperplanes5_seed11,4360508611e0e8963c01cd3994e98f0e069bb3b004ae6b18c71eecbf920853d1,2bf856a6c49a9c38010e4b719cd3d58e50f10d0c5c7048ed32accf1d9872633f,A,L1,2,h3,35,35,22,10,0x7a100d81f77e2599,U0-2pi,pennylane,,,,0,test_full,1200,test,0.8133333333333334,0.9093600907483402,0.8126959793742596,0.8111904859542847,0.510001540184021,0.002253293158825279,0.13193950232032062,79,49,692.8523430409841,c5c7920-dirty,8f5e61236010,0.003,0.001 0.003 0.01 0.03,,30,300,1.0,,,False,,
a7_20260824T115851Z,2026-08-24T12:57:50+00:00,hyperplanes_n_features20_n_hyperplanes3_dim_hyperplanes5_seed11,4360508611e0e8963c01cd3994e98f0e069bb3b004ae6b18c71eecbf920853d1,2bf856a6c49a9c38010e4b719cd3d58e50f10d0c5c7048ed32accf1d9872633f,A,L1,2,h3,35,35,22,10,0x7a100d81f77e2599,U0-2pi,pennylane,,,,0,val_full,600,val,0.805,0.8955080417118397,0.7990789688343432,0.8111904859542847,0.510001540184021,0.002253293158825279,0.13193950232032062,79,49,692.8523430409841,c5c7920-dirty,8f5e61236010,0.003,0.001 0.003 0.01 0.03,,30,300,1.0,,,False,,
a7_20260824T115851Z,2026-08-24T12:57:59+00:00,hyperplanes_n_features20_n_hyperplanes3_dim_hyperplanes5_seed22,daf152204bbd72927ebe009bee77245588374523bc0144bb5e7d3d282686d97e,f087808ca635cff7ff23816ed69bcf872092e3ee826c2b73a96b833594ccb0d5,B,L1,2,h3,35,35,22,2,0x68f1fd9add9ea051,U0-2pi,pennylane,,,,0,test_full,1200,test,0.8183333333333334,0.8472889155662267,0.8155272985749906,0.7923809289932251,0.0,0.02146225673461039,0.01733344548069469,103,73,8.420135458000004,c5c7920-dirty,8f5e61236010,0.01,0.001 0.003 0.01 0.03,,30,300,1.0,,,True,0.7858333333333334,1e-06
a7_20260824T115851Z,2026-08-24T12:57:59+00:00,hyperplanes_n_features20_n_hyperplanes3_dim_hyperplanes5_seed22,daf152204bbd72927ebe009bee77245588374523bc0144bb5e7d3d282686d97e,f087808ca635cff7ff23816ed69bcf872092e3ee826c2b73a96b833594ccb0d5,B,L1,2,h3,35,35,22,2,0x68f1fd9add9ea051,U0-2pi,pennylane,,,,0,val_full,600,val,0.815,0.8366838640811243,0.813953488372093,0.7923809289932251,0.0,0.02146225673461039,0.01733344548069469,103,73,8.420135458000004,c5c7920-dirty,8f5e61236010,0.01,0.001 0.003 0.01 0.03,,30,300,1.0,,,True,0.7816666666666666,1e-06
a7_20260824T115851Z,2026-08-24T12:58:32+00:00,hyperplanes_n_features20_n_hyperplanes3_dim_hyperplanes5_seed11,4360508611e0e8963c01cd3994e98f0e069bb3b004ae6b18c71eecbf920853d1,2bf856a6c49a9c38010e4b719cd3d58e50f10d0c5c7048ed32accf1d9872633f,A,L2,2,h3,35,35,22,10,0xca03f308d3264644,U0-2pi,pennylane,,,,0,test_full,1200,test,0.83,0.9156435236156986,0.8282245094434418,0.8295238018035889,0.9031823873519897,0.0007511819547573875,0.05344907766297302,62,32,547.197244167095,c5c7920-dirty,8f5e61236010,0.03,0.001 0.003 0.01 0.03,,30,300,1.0,,,False,,
a7_20260824T115851Z,2026-08-24T12:58:32+00:00,hyperplanes_n_features20_n_hyperplanes3_dim_hyperplanes5_seed11,4360508611e0e8963c01cd3994e98f0e069bb3b004ae6b18c71eecbf920853d1,2bf856a6c49a9c38010e4b719cd3d58e50f10d0c5c7048ed32accf1d9872633f,A,L2,2,h3,35,35,22,10,0xca03f308d3264644,U0-2pi,pennylane,,,,0,val_full,600,val,0.82,0.8973857451017648,0.8116957840778325,0.8295238018035889,0.9031823873519897,0.0007511819547573875,0.05344907766297302,62,32,547.197244167095,c5c7920-dirty,8f5e61236010,0.03,0.001 0.003 0.01 0.03,,30,300,1.0,,,False,,
a7_20260824T115851Z,2026-08-24T12:58:40+00:00,hyperplanes_n_features20_n_hyperplanes3_dim_hyperplanes5_seed22,daf152204bbd72927ebe009bee77245588374523bc0144bb5e7d3d282686d97e,f087808ca635cff7ff23816ed69bcf872092e3ee826c2b73a96b833594ccb0d5,B,L2,2,h3,35,35,22,2,0xedbc28bf50f4bc26,U0-2pi,pennylane,,,,0,test_full,1200,test,0.6475,0.6657607487439421,0.6364727544350539,0.6259523630142212,0.0,0.018913295447442927,0.04289916565564959,131,101,8.613205958041362,c5c7920-dirty,8f5e61236010,0.003,0.001 0.003 0.01 0.03,,30,300,1.0,,,True,0.62,1.0
a7_20260824T115851Z,2026-08-24T12:58:40+00:00,hyperplanes_n_features20_n_hyperplanes3_dim_hyperplanes5_seed22,daf152204bbd72927ebe009bee77245588374523bc0144bb5e7d3d282686d97e,f087808ca635cff7ff23816ed69bcf872092e3ee826c2b73a96b833594ccb0d5,B,L2,2,h3,35,35,22,2,0xedbc28bf50f4bc26,U0-2pi,pennylane,,,,0,val_full,600,val,0.6483333333333333,0.6582625422522682,0.6396765627534858,0.6259523630142212,0.0,0.018913295447442927,0.04289916565564959,131,101,8.613205958041362,c5c7920-dirty,8f5e61236010,0.003,0.001 0.003 0.01 0.03,,30,300,1.0,,,True,0.6233333333333333,1.0
a7_20260824T115851Z,2026-08-24T13:00:53+00:00,hyperplanes_n_features20_n_hyperplanes3_dim_hyperplanes5_seed22,daf152204bbd72927ebe009bee77245588374523bc0144bb5e7d3d282686d97e,f087808ca635cff7ff23816ed69bcf872092e3ee826c2b73a96b833594ccb0d5,F,product,2,h3,35,20,22,1,0x27078a7f911995bb,U0-2pi,pennylane,,,,0,test_full,1200,test,0.49,0.5,0.3288590604026846,0.5009523630142212,0.13501442968845367,0.04784417120929649,0.016343432165389308,41,11,326.8634899170138,c5c7920-dirty,8f5e61236010,0.01,0.001 0.003 0.01 0.03,,30,300,1.0,,,False,,
a7_20260824T115851Z,2026-08-24T13:00:53+00:00,hyperplanes_n_features20_n_hyperplanes3_dim_hyperplanes5_seed22,daf152204bbd72927ebe009bee77245588374523bc0144bb5e7d3d282686d97e,f087808ca635cff7ff23816ed69bcf872092e3ee826c2b73a96b833594ccb0d5,F,product,2,h3,35,20,22,1,0x27078a7f911995bb,U0-2pi,pennylane,,,,0,val_full,600,val,0.5133333333333333,0.5,0.3392070484581498,0.5009523630142212,0.13501442968845367,0.04784417120929649,0.016343432165389308,41,11,326.8634899170138,c5c7920-dirty,8f5e61236010,0.01,0.001 0.003 0.01 0.03,,30,300,1.0,,,False,,
a7_20260824T115851Z,2026-08-24T13:00:59+00:00,hyperplanes_n_features20_n_hyperplanes3_dim_hyperplanes5_seed11,4360508611e0e8963c01cd3994e98f0e069bb3b004ae6b18c71eecbf920853d1,2bf856a6c49a9c38010e4b719cd3d58e50f10d0c5c7048ed32accf1d9872633f,F,product,2,h3,35,20,22,10,0xaf315250f59e947e,U0-2pi,pennylane,,,,0,test_full,1200,test,0.8058333333333333,0.9067494078003536,0.8053942541191899,0.8007143139839172,0.5311798453330994,0.012196152214507011,0.08034334179313736,79,49,628.6725477920845,c5c7920-dirty,8f5e61236010,0.003,0.001 0.003 0.01 0.03,,30,300,1.0,,,False,,
a7_20260824T115851Z,2026-08-24T13:00:59+00:00,hyperplanes_n_features20_n_hyperplanes3_dim_hyperplanes5_seed11,4360508611e0e8963c01cd3994e98f0e069bb3b004ae6b18c71eecbf920853d1,2bf856a6c49a9c38010e4b719cd3d58e50f10d0c5c7048ed32accf1d9872633f,F,product,2,h3,35,20,22,10,0xaf315250f59e947e,U0-2pi,pennylane,,,,0,val_full,600,val,0.7983333333333333,0.8908584904605962,0.7933690241382549,0.8007143139839172,0.5311798453330994,0.012196152214507011,0.08034334179313736,79,49,628.6725477920845,c5c7920-dirty,8f5e61236010,0.003,0.001 0.003 0.01 0.03,,30,300,1.0,,,False,,
a7_20260824T115851Z,2026-08-24T13:00:59+00:00,hyperplanes_n_features20_n_hyperplanes3_dim_hyperplanes5_seed22,daf152204bbd72927ebe009bee77245588374523bc0144bb5e7d3d282686d97e,f087808ca635cff7ff23816ed69bcf872092e3ee826c2b73a96b833594ccb0d5,E,,,h3,0,,22,2,,,pennylane,,,,0,test_full,1200,test,0.8333333333333334,0.8663270863901118,0.8309663933017616,0.8121428489685059,0.0,0.019661234663193458,0.047685418226890125,34,4,0.33450529200490564,c5c7920-dirty,8f5e61236010,0.1,0.001 0.003 0.01 0.03 0.1,,30,300,1.0,,,True,0.775,1e-06
a7_20260824T115851Z,2026-08-24T13:00:59+00:00,hyperplanes_n_features20_n_hyperplanes3_dim_hyperplanes5_seed22,daf152204bbd72927ebe009bee77245588374523bc0144bb5e7d3d282686d97e,f087808ca635cff7ff23816ed69bcf872092e3ee826c2b73a96b833594ccb0d5,E,,,h3,0,,22,2,,,pennylane,,,,0,val_full,600,val,0.835,0.8659602383917452,0.8342259271766219,0.8121428489685059,0.0,0.019661234663193458,0.047685418226890125,34,4,0.33450529200490564,c5c7920-dirty,8f5e61236010,0.1,0.001 0.003 0.01 0.03 0.1,,30,300,1.0,,,True,0.775,1e-06
a7_20260824T115851Z,2026-08-24T13:01:00+00:00,hyperplanes_n_features20_n_hyperplanes3_dim_hyperplanes5_seed22,daf152204bbd72927ebe009bee77245588374523bc0144bb5e7d3d282686d97e,f087808ca635cff7ff23816ed69bcf872092e3ee826c2b73a96b833594ccb0d5,D_matched,,2,h3,30,,22,2,0xd7b676f707d89334,RFF-int-spectrum-U0-2pi,pennylane,,,,0,test_full,1200,test,0.7733333333333333,0.853453881552621,0.7725594035258867,0.7509523630142212,0.0,0.021040470774114424,0.020323157999972627,74,44,0.7451112079434097,c5c7920-dirty,8f5e61236010,0.003,0.001 0.003 0.01 0.03,,30,300,1.0,,0xd7b676f707d89334,True,0.7758333333333334,1e-06
a7_20260824T115851Z,2026-08-24T13:01:00+00:00,hyperplanes_n_features20_n_hyperplanes3_dim_hyperplanes5_seed22,daf152204bbd72927ebe009bee77245588374523bc0144bb5e7d3d282686d97e,f087808ca635cff7ff23816ed69bcf872092e3ee826c2b73a96b833594ccb0d5,D_matched,,2,h3,30,,22,2,0xd7b676f707d89334,RFF-int-spectrum-U0-2pi,pennylane,,,,0,val_full,600,val,0.775,0.8243083970823697,0.7747741485211559,0.7509523630142212,0.0,0.021040470774114424,0.020323157999972627,74,44,0.7451112079434097,c5c7920-dirty,8f5e61236010,0.003,0.001 0.003 0.01 0.03,,30,300,1.0,,0xd7b676f707d89334,True,0.7733333333333333,1e-06
a7_20260824T115851Z,2026-08-24T13:01:00+00:00,hyperplanes_n_features20_n_hyperplanes3_dim_hyperplanes5_seed22,daf152204bbd72927ebe009bee77245588374523bc0144bb5e7d3d282686d97e,f087808ca635cff7ff23816ed69bcf872092e3ee826c2b73a96b833594ccb0d5,D_matched,,2,h3,30,,22,2,0xd7b676f707d89334,RFF-int-spectrum-U0-2pi,pennylane,,,,0,test_full,1200,test,0.7708333333333334,0.8545835000666935,0.769835795276612,0.7516666650772095,0.0,0.021040470774114424,0.056691636620071935,61,31,0.5643676249310374,c5c7920-dirty,8f5e61236010,0.01,0.001 0.003 0.01 0.03,,30,300,1.0,,0xd7b676f707d89334,True,0.7758333333333334,1e-06
a7_20260824T115851Z,2026-08-24T13:01:00+00:00,hyperplanes_n_features20_n_hyperplanes3_dim_hyperplanes5_seed22,daf152204bbd72927ebe009bee77245588374523bc0144bb5e7d3d282686d97e,f087808ca635cff7ff23816ed69bcf872092e3ee826c2b73a96b833594ccb0d5,D_matched,,2,h3,30,,22,2,0xd7b676f707d89334,RFF-int-spectrum-U0-2pi,pennylane,,,,0,val_full,600,val,0.7766666666666666,0.8262987012987012,0.7763087606837606,0.7516666650772095,0.0,0.021040470774114424,0.056691636620071935,61,31,0.5643676249310374,c5c7920-dirty,8f5e61236010,0.01,0.001 0.003 0.01 0.03,,30,300,1.0,,0xd7b676f707d89334,True,0.7733333333333333,1e-06
a7_20260824T115851Z,2026-08-24T13:01:01+00:00,hyperplanes_n_features20_n_hyperplanes3_dim_hyperplanes5_seed22,daf152204bbd72927ebe009bee77245588374523bc0144bb5e7d3d282686d97e,f087808ca635cff7ff23816ed69bcf872092e3ee826c2b73a96b833594ccb0d5,D_best,,2,linear,192,,33,2,0xd5a39cfa401411b8,RFF-int-spectrum-U0-2pi,pennylane,,,,0,test_full,1200,test,0.8133333333333334,0.8456854964207905,0.8109763129692189,0.8014285564422607,0.0,0.0552008071596989,0.02252968839597073,32,2,0.2121977920178324,c5c7920-dirty,8f5e61236010,0.03,0.001 0.003 0.01 0.03,,30,300,1.0,32,0xd5a39cfa401411b8,True,0.8158333333333333,1e-06
a7_20260824T115851Z,2026-08-24T13:01:01+00:00,hyperplanes_n_features20_n_hyperplanes3_dim_hyperplanes5_seed22,daf152204bbd72927ebe009bee77245588374523bc0144bb5e7d3d282686d97e,f087808ca635cff7ff23816ed69bcf872092e3ee826c2b73a96b833594ccb0d5,D_best,,2,linear,192,,33,2,0xd5a39cfa401411b8,RFF-int-spectrum-U0-2pi,pennylane,,,,0,val_full,600,val,0.82,0.8488925458103541,0.8194201379986846,0.8014285564422607,0.0,0.0552008071596989,0.02252968839597073,32,2,0.2121977920178324,c5c7920-dirty,8f5e61236010,0.03,0.001 0.003 0.01 0.03,,30,300,1.0,32,0xd5a39cfa401411b8,True,0.8,1e-06
a7_20260824T115851Z,2026-08-24T13:01:01+00:00,hyperplanes_n_features20_n_hyperplanes3_dim_hyperplanes5_seed22,daf152204bbd72927ebe009bee77245588374523bc0144bb5e7d3d282686d97e,f087808ca635cff7ff23816ed69bcf872092e3ee826c2b73a96b833594ccb0d5,D_best,,2,linear,768,,129,2,0xd8c4a76812405ef6,RFF-int-spectrum-U0-2pi,pennylane,,,,0,test_full,1200,test,0.8483333333333334,0.8948551642879374,0.8471406054463858,0.8278571367263794,0.0,0.08011840150293474,0.0545141859896036,66,36,0.4601304579991847,c5c7920-dirty,8f5e61236010,0.01,0.001 0.003 0.01 0.03,,30,300,1.0,128,0xd8c4a76812405ef6,True,0.8333333333333334,1e-06
a7_20260824T115851Z,2026-08-24T13:01:01+00:00,hyperplanes_n_features20_n_hyperplanes3_dim_hyperplanes5_seed22,daf152204bbd72927ebe009bee77245588374523bc0144bb5e7d3d282686d97e,f087808ca635cff7ff23816ed69bcf872092e3ee826c2b73a96b833594ccb0d5,D_best,,2,linear,768,,129,2,0xd8c4a76812405ef6,RFF-int-spectrum-U0-2pi,pennylane,,,,0,val_full,600,val,0.8433333333333334,0.8800591531755915,0.8431590656284761,0.8278571367263794,0.0,0.08011840150293474,0.0545141859896036,66,36,0.4601304579991847,c5c7920-dirty,8f5e61236010,0.01,0.001 0.003 0.01 0.03,,30,300,1.0,128,0xd8c4a76812405ef6,True,0.8333333333333334,1e-06
a7_20260824T115851Z,2026-08-24T13:01:02+00:00,hyperplanes_n_features20_n_hyperplanes3_dim_hyperplanes5_seed22,daf152204bbd72927ebe009bee77245588374523bc0144bb5e7d3d282686d97e,f087808ca635cff7ff23816ed69bcf872092e3ee826c2b73a96b833594ccb0d5,D_best,,2,linear,3072,,513,2,0x1b8ef9557b42386b,RFF-int-spectrum-U0-2pi,pennylane,,,,0,test_full,1200,test,0.8516666666666667,0.9024554266150904,0.8502674996354826,0.8330952525138855,0.0,0.08658554347203629,0.0548678847804537,66,36,0.6055251659126952,c5c7920-dirty,8f5e61236010,0.003,0.001 0.003 0.01 0.03,,30,300,1.0,512,0x1b8ef9557b42386b,True,0.845,0.0001
a7_20260824T115851Z,2026-08-24T13:01:02+00:00,hyperplanes_n_features20_n_hyperplanes3_dim_hyperplanes5_seed22,daf152204bbd72927ebe009bee77245588374523bc0144bb5e7d3d282686d97e,f087808ca635cff7ff23816ed69bcf872092e3ee826c2b73a96b833594ccb0d5,D_best,,2,linear,3072,,513,2,0x1b8ef9557b42386b,RFF-int-spectrum-U0-2pi,pennylane,,,,0,val_full,600,val,0.8483333333333334,0.8893880092510229,0.8481473137927295,0.8330952525138855,0.0,0.08658554347203629,0.0548678847804537,66,36,0.6055251659126952,c5c7920-dirty,8f5e61236010,0.003,0.001 0.003 0.01 0.03,,30,300,1.0,512,0x1b8ef9557b42386b,True,0.85,0.0001
a7_20260824T115851Z,2026-08-24T13:04:16+00:00,hyperplanes_n_features20_n_hyperplanes3_dim_hyperplanes5_seed11,4360508611e0e8963c01cd3994e98f0e069bb3b004ae6b18c71eecbf920853d1,2bf856a6c49a9c38010e4b719cd3d58e50f10d0c5c7048ed32accf1d9872633f,A,L1,2,h3,35,35,22,6,0x7f041defed10b1c8,U0-2pi,pennylane,,,,0,test_full,1200,test,0.8575,0.9336180340083853,0.8573921528155668,0.8680952191352844,0.8880252838134766,0.01766032757329676,0.3817657514463498,275,245,2377.079430499929,c5c7920-dirty,8f5e61236010,0.003,0.001 0.003 0.01 0.03,,30,300,1.0,,,False,,
a7_20260824T115851Z,2026-08-24T13:04:16+00:00,hyperplanes_n_features20_n_hyperplanes3_dim_hyperplanes5_seed11,4360508611e0e8963c01cd3994e98f0e069bb3b004ae6b18c71eecbf920853d1,2bf856a6c49a9c38010e4b719cd3d58e50f10d0c5c7048ed32accf1d9872633f,A,L1,2,h3,35,35,22,6,0x7f041defed10b1c8,U0-2pi,pennylane,,,,0,val_full,600,val,0.8616666666666667,0.9112058655877324,0.8588335341223159,0.8680952191352844,0.8880252838134766,0.01766032757329676,0.3817657514463498,275,245,2377.079430499929,c5c7920-dirty,8f5e61236010,0.003,0.001 0.003 0.01 0.03,,30,300,1.0,,,False,,
a7_20260824T115851Z,2026-08-24T13:04:25+00:00,hyperplanes_n_features20_n_hyperplanes3_dim_hyperplanes5_seed22,daf152204bbd72927ebe009bee77245588374523bc0144bb5e7d3d282686d97e,f087808ca635cff7ff23816ed69bcf872092e3ee826c2b73a96b833594ccb0d5,B,L1,2,h3,35,35,22,3,0xe98c84d46f8b02b7,U0-2pi,pennylane,,,,0,test_full,1200,test,0.7925,0.8382547463429817,0.790576650137548,0.7823809385299683,0.0,0.023920214700811814,0.4884016309116008,146,116,8.726484708953649,c5c7920-dirty,8f5e61236010,0.01,0.001 0.003 0.01 0.03,,30,300,1.0,,,True,0.7375,1e-06
a7_20260824T115851Z,2026-08-24T13:04:25+00:00,hyperplanes_n_features20_n_hyperplanes3_dim_hyperplanes5_seed22,daf152204bbd72927ebe009bee77245588374523bc0144bb5e7d3d282686d97e,f087808ca635cff7ff23816ed69bcf872092e3ee826c2b73a96b833594ccb0d5,B,L1,2,h3,35,35,22,3,0xe98c84d46f8b02b7,U0-2pi,pennylane,,,,0,val_full,600,val,0.7933333333333333,0.8310465219711796,0.7929445291714441,0.7823809385299683,0.0,0.023920214700811814,0.4884016309116008,146,116,8.726484708953649,c5c7920-dirty,8f5e61236010,0.01,0.001 0.003 0.01 0.03,,30,300,1.0,,,True,0.7216666666666667,1e-06
a7_20260824T115851Z,2026-08-24T13:04:42+00:00,hyperplanes_n_features20_n_hyperplanes3_dim_hyperplanes5_seed11,4360508611e0e8963c01cd3994e98f0e069bb3b004ae6b18c71eecbf920853d1,2bf856a6c49a9c38010e4b719cd3d58e50f10d0c5c7048ed32accf1d9872633f,A,L1,2,h3,35,35,22,8,0xe2c241f58beaa0b8,U0-2pi,pennylane,,,,0,test_full,1200,test,0.8333333333333334,0.9171281931516142,0.8324728955105528,0.829285740852356,0.803991973400116,0.024568289271620698,0.18176518844702014,198,168,1722.5129582500085,c5c7920-dirty,8f5e61236010,0.003,0.001 0.003 0.01 0.03,,30,300,1.0,,,False,,
a7_20260824T115851Z,2026-08-24T13:04:42+00:00,hyperplanes_n_features20_n_hyperplanes3_dim_hyperplanes5_seed11,4360508611e0e8963c01cd3994e98f0e069bb3b004ae6b18c71eecbf920853d1,2bf856a6c49a9c38010e4b719cd3d58e50f10d0c5c7048ed32accf1d9872633f,A,L1,2,h3,35,35,22,8,0xe2c241f58beaa0b8,U0-2pi,pennylane,,,,0,val_full,600,val,0.8183333333333334,0.8985481329145756,0.8121332073227834,0.829285740852356,0.803991973400116,0.024568289271620698,0.18176518844702014,198,168,1722.5129582500085,c5c7920-dirty,8f5e61236010,0.003,0.001 0.003 0.01 0.03,,30,300,1.0,,,False,,
a7_20260824T115851Z,2026-08-24T13:04:50+00:00,hyperplanes_n_features20_n_hyperplanes3_dim_hyperplanes5_seed22,daf152204bbd72927ebe009bee77245588374523bc0144bb5e7d3d282686d97e,f087808ca635cff7ff23816ed69bcf872092e3ee826c2b73a96b833594ccb0d5,B,L2,2,h3,35,35,22,3,0xdec7e07515164a44,U0-2pi,pennylane,,,,0,test_full,1200,test,0.7766666666666666,0.8263847205548887,0.7766567402995689,0.7735714316368103,0.0,0.004465313451572712,0.07544125711663136,65,35,7.951497541042045,c5c7920-dirty,8f5e61236010,0.003,0.001 0.003 0.01 0.03,,30,300,1.0,,,True,0.7683333333333333,1e-06
a7_20260824T115851Z,2026-08-24T13:04:50+00:00,hyperplanes_n_features20_n_hyperplanes3_dim_hyperplanes5_seed22,daf152204bbd72927ebe009bee77245588374523bc0144bb5e7d3d282686d97e,f087808ca635cff7ff23816ed69bcf872092e3ee826c2b73a96b833594ccb0d5,B,L2,2,h3,35,35,22,3,0xdec7e07515164a44,U0-2pi,pennylane,,,,0,val_full,600,val,0.8183333333333334,0.8154243017256715,0.818219720658745,0.7735714316368103,0.0,0.004465313451572712,0.07544125711663136,65,35,7.951497541042045,c5c7920-dirty,8f5e61236010,0.003,0.001 0.003 0.01 0.03,,30,300,1.0,,,True,0.7716666666666666,1e-06
a7_20260824T115851Z,2026-08-24T13:11:15+00:00,hyperplanes_n_features20_n_hyperplanes3_dim_hyperplanes5_seed22,daf152204bbd72927ebe009bee77245588374523bc0144bb5e7d3d282686d97e,f087808ca635cff7ff23816ed69bcf872092e3ee826c2b73a96b833594ccb0d5,F,product,2,h3,35,20,22,2,0x499fbb627c0f5f7c,U0-2pi,pennylane,,,,0,test_full,1200,test,0.8233333333333334,0.8682361833622338,0.8211694840908323,0.8121428489685059,0.7126535773277283,0.013645366670326486,0.0796773374814812,79,49,621.3571511250921,c5c7920-dirty,8f5e61236010,0.01,0.001 0.003 0.01 0.03,,30,300,1.0,,,False,,
a7_20260824T115851Z,2026-08-24T13:11:15+00:00,hyperplanes_n_features20_n_hyperplanes3_dim_hyperplanes5_seed22,daf152204bbd72927ebe009bee77245588374523bc0144bb5e7d3d282686d97e,f087808ca635cff7ff23816ed69bcf872092e3ee826c2b73a96b833594ccb0d5,F,product,2,h3,35,20,22,2,0x499fbb627c0f5f7c,U0-2pi,pennylane,,,,0,val_full,600,val,0.8366666666666667,0.8713974381782601,0.8360765422186538,0.8121428489685059,0.7126535773277283,0.013645366670326486,0.0796773374814812,79,49,621.3571511250921,c5c7920-dirty,8f5e61236010,0.01,0.001 0.003 0.01 0.03,,30,300,1.0,,,False,,
a7_20260824T115851Z,2026-08-24T13:12:26+00:00,hyperplanes_n_features20_n_hyperplanes3_dim_hyperplanes5_seed22,daf152204bbd72927ebe009bee77245588374523bc0144bb5e7d3d282686d97e,f087808ca635cff7ff23816ed69bcf872092e3ee826c2b73a96b833594ccb0d5,A,L1,2,h3,35,35,22,2,0x68f1fd9add9ea051,U0-2pi,pennylane,,,,0,test_full,1200,test,0.8641666666666666,0.8912426081543728,0.8614180279842062,0.8473809361457825,0.832977294921875,0.013378194334546858,0.3097792415521281,100,70,879.771364208078,c5c7920-dirty,8f5e61236010,0.01,0.001 0.003 0.01 0.03,,30,300,1.0,,,False,,
a7_20260824T115851Z,2026-08-24T13:12:26+00:00,hyperplanes_n_features20_n_hyperplanes3_dim_hyperplanes5_seed22,daf152204bbd72927ebe009bee77245588374523bc0144bb5e7d3d282686d97e,f087808ca635cff7ff23816ed69bcf872092e3ee826c2b73a96b833594ccb0d5,A,L1,2,h3,35,35,22,2,0x68f1fd9add9ea051,U0-2pi,pennylane,,,,0,val_full,600,val,0.8516666666666667,0.8857076143035048,0.8503157664589587,0.8473809361457825,0.832977294921875,0.013378194334546858,0.3097792415521281,100,70,879.771364208078,c5c7920-dirty,8f5e61236010,0.01,0.001 0.003 0.01 0.03,,30,300,1.0,,,False,,
a7_20260824T115851Z,2026-08-24T13:12:26+00:00,hyperplanes_n_features20_n_hyperplanes3_dim_hyperplanes5_seed22,daf152204bbd72927ebe009bee77245588374523bc0144bb5e7d3d282686d97e,f087808ca635cff7ff23816ed69bcf872092e3ee826c2b73a96b833594ccb0d5,E,,,h3,0,,22,3,,,pennylane,,,,0,test_full,1200,test,0.81,0.8458939131208039,0.805008210180624,0.8033333420753479,0.0,0.01264142808695032,0.0283056871342842,42,12,0.4180215420201421,c5c7920-dirty,8f5e61236010,0.1,0.001 0.003 0.01 0.03 0.1,,30,300,1.0,,,True,0.775,1e-06
a7_20260824T115851Z,2026-08-24T13:12:26+00:00,hyperplanes_n_features20_n_hyperplanes3_dim_hyperplanes5_seed22,daf152204bbd72927ebe009bee77245588374523bc0144bb5e7d3d282686d97e,f087808ca635cff7ff23816ed69bcf872092e3ee826c2b73a96b833594ccb0d5,E,,,h3,0,,22,3,,,pennylane,,,,0,val_full,600,val,0.825,0.8449564134495642,0.823406241327985,0.8033333420753479,0.0,0.01264142808695032,0.0283056871342842,42,12,0.4180215420201421,c5c7920-dirty,8f5e61236010,0.1,0.001 0.003 0.01 0.03 0.1,,30,300,1.0,,,True,0.775,1e-06
a7_20260824T115851Z,2026-08-24T13:12:27+00:00,hyperplanes_n_features20_n_hyperplanes3_dim_hyperplanes5_seed22,daf152204bbd72927ebe009bee77245588374523bc0144bb5e7d3d282686d97e,f087808ca635cff7ff23816ed69bcf872092e3ee826c2b73a96b833594ccb0d5,D_matched,,2,h3,30,,22,3,0x0e4dbf97e6e6ab66,RFF-int-spectrum-U0-2pi,pennylane,,,,0,test_full,1200,test,0.7375,0.7841858965808546,0.73617630123362,0.7049999833106995,0.0,0.0402664415045619,0.047076822369975395,38,8,0.3758701670449227,c5c7920-dirty,8f5e61236010,0.003,0.001 0.003 0.01 0.03,,30,300,1.0,,0x0e4dbf97e6e6ab66,True,0.7308333333333333,1e-06
a7_20260824T115851Z,2026-08-24T13:12:27+00:00,hyperplanes_n_features20_n_hyperplanes3_dim_hyperplanes5_seed22,daf152204bbd72927ebe009bee77245588374523bc0144bb5e7d3d282686d97e,f087808ca635cff7ff23816ed69bcf872092e3ee826c2b73a96b833594ccb0d5,D_matched,,2,h3,30,,22,3,0x0e4dbf97e6e6ab66,RFF-int-spectrum-U0-2pi,pennylane,,,,0,val_full,600,val,0.71,0.7607965664472514,0.7096774193548387,0.7049999833106995,0.0,0.0402664415045619,0.047076822369975395,38,8,0.3758701670449227,c5c7920-dirty,8f5e61236010,0.003,0.001 0.003 0.01 0.03,,30,300,1.0,,0x0e4dbf97e6e6ab66,True,0.7133333333333334,1e-06
a7_20260824T115851Z,2026-08-24T13:12:27+00:00,hyperplanes_n_features20_n_hyperplanes3_dim_hyperplanes5_seed22,daf152204bbd72927ebe009bee77245588374523bc0144bb5e7d3d282686d97e,f087808ca635cff7ff23816ed69bcf872092e3ee826c2b73a96b833594ccb0d5,D_matched,,2,h3,30,,22,3,0x0e4dbf97e6e6ab66,RFF-int-spectrum-U0-2pi,pennylane,,,,0,test_full,1200,test,0.7333333333333333,0.80786620203637,0.7260242696834438,0.723809540271759,0.0,0.0402664415045619,0.08589545466856048,63,33,0.6062689580721781,c5c7920-dirty,8f5e61236010,0.01,0.001 0.003 0.01 0.03,,30,300,1.0,,0x0e4dbf97e6e6ab66,True,0.7308333333333333,1e-06
a7_20260824T115851Z,2026-08-24T13:12:27+00:00,hyperplanes_n_features20_n_hyperplanes3_dim_hyperplanes5_seed22,daf152204bbd72927ebe009bee77245588374523bc0144bb5e7d3d282686d97e,f087808ca635cff7ff23816ed69bcf872092e3ee826c2b73a96b833594ccb0d5,D_matched,,2,h3,30,,22,3,0x0e4dbf97e6e6ab66,RFF-int-spectrum-U0-2pi,pennylane,,,,0,val_full,600,val,0.7233333333333334,0.786525974025974,0.719733465400027,0.723809540271759,0.0,0.0402664415045619,0.08589545466856048,63,33,0.6062689580721781,c5c7920-dirty,8f5e61236010,0.01,0.001 0.003 0.01 0.03,,30,300,1.0,,0x0e4dbf97e6e6ab66,True,0.7133333333333334,1e-06
a7_20260824T115851Z,2026-08-24T13:12:28+00:00,hyperplanes_n_features20_n_hyperplanes3_dim_hyperplanes5_seed22,daf152204bbd72927ebe009bee77245588374523bc0144bb5e7d3d282686d97e,f087808ca635cff7ff23816ed69bcf872092e3ee826c2b73a96b833594ccb0d5,D_best,,2,linear,192,,33,3,0x7735a7384fa3a634,RFF-int-spectrum-U0-2pi,pennylane,,,,0,test_full,1200,test,0.8233333333333334,0.8910453070116937,0.8226589447091858,0.8114285469055176,0.0,0.11129549375694528,0.02631649857733494,97,67,0.6768953748978674,c5c7920-dirty,8f5e61236010,0.03,0.001 0.003 0.01 0.03,,30,300,1.0,32,0x7735a7384fa3a634,True,0.8175,1e-06
a7_20260824T115851Z,2026-08-24T13:12:28+00:00,hyperplanes_n_features20_n_hyperplanes3_dim_hyperplanes5_seed22,daf152204bbd72927ebe009bee77245588374523bc0144bb5e7d3d282686d97e,f087808ca635cff7ff23816ed69bcf872092e3ee826c2b73a96b833594ccb0d5,D_best,,2,linear,192,,33,3,0x7735a7384fa3a634,RFF-int-spectrum-U0-2pi,pennylane,,,,0,val_full,600,val,0.8266666666666667,0.8725204589930617,0.8266493315998267,0.8114285469055176,0.0,0.11129549375694528,0.02631649857733494,97,67,0.6768953748978674,c5c7920-dirty,8f5e61236010,0.03,0.001 0.003 0.01 0.03,,30,300,1.0,32,0x7735a7384fa3a634,True,0.82,1e-06
a7_20260824T115851Z,2026-08-24T13:12:29+00:00,hyperplanes_n_features20_n_hyperplanes3_dim_hyperplanes5_seed22,daf152204bbd72927ebe009bee77245588374523bc0144bb5e7d3d282686d97e,f087808ca635cff7ff23816ed69bcf872092e3ee826c2b73a96b833594ccb0d5,D_best,,2,linear,768,,129,3,0x78af1d83bb727726,RFF-int-spectrum-U0-2pi,pennylane,,,,0,test_full,1200,test,0.8508333333333333,0.903327997865813,0.8496378498212525,0.8330952525138855,0.0,0.07341714317839872,0.04811419581541229,78,48,0.5681878339964896,c5c7920-dirty,8f5e61236010,0.01,0.001 0.003 0.01 0.03,,30,300,1.0,128,0x78af1d83bb727726,True,0.825,0.01
a7_20260824T115851Z,2026-08-24T13:12:29+00:00,hyperplanes_n_features20_n_hyperplanes3_dim_hyperplanes5_seed22,daf152204bbd72927ebe009bee77245588374523bc0144bb5e7d3d282686d97e,f087808ca635cff7ff23816ed69bcf872092e3ee826c2b73a96b833594ccb0d5,D_best,,2,linear,768,,129,3,0x78af1d83bb727726,RFF-int-spectrum-U0-2pi,pennylane,,,,0,val_full,600,val,0.8466666666666667,0.8901552214908379,0.8464209401709402,0.8330952525138855,0.0,0.07341714317839872,0.04811419581541229,78,48,0.5681878339964896,c5c7920-dirty,8f5e61236010,0.01,0.001 0.003 0.01 0.03,,30,300,1.0,128,0x78af1d83bb727726,True,0.8333333333333334,0.01
a7_20260824T115851Z,2026-08-24T13:12:29+00:00,hyperplanes_n_features20_n_hyperplanes3_dim_hyperplanes5_seed22,daf152204bbd72927ebe009bee77245588374523bc0144bb5e7d3d282686d97e,f087808ca635cff7ff23816ed69bcf872092e3ee826c2b73a96b833594ccb0d5,D_best,,2,linear,3072,,513,3,0x2ea20278ff0b06a0,RFF-int-spectrum-U0-2pi,pennylane,,,,0,test_full,1200,test,0.8475,0.9061791383219955,0.8464970071809483,0.8326190710067749,0.0,0.0805350651504107,0.0192146495733323,85,55,0.7701418329961598,c5c7920-dirty,8f5e61236010,0.003,0.001 0.003 0.01 0.03,,30,300,1.0,512,0x2ea20278ff0b06a0,True,0.8408333333333333,0.0001
a7_20260824T115851Z,2026-08-24T13:12:29+00:00,hyperplanes_n_features20_n_hyperplanes3_dim_hyperplanes5_seed22,daf152204bbd72927ebe009bee77245588374523bc0144bb5e7d3d282686d97e,f087808ca635cff7ff23816ed69bcf872092e3ee826c2b73a96b833594ccb0d5,D_best,,2,linear,3072,,513,3,0x2ea20278ff0b06a0,RFF-int-spectrum-U0-2pi,pennylane,,,,0,val_full,600,val,0.85,0.8945583526062979,0.8497980618386942,0.8326190710067749,0.0,0.0805350651504107,0.0192146495733323,85,55,0.7701418329961598,c5c7920-dirty,8f5e61236010,0.003,0.001 0.003 0.01 0.03,,30,300,1.0,512,0x2ea20278ff0b06a0,True,0.8483333333333334,0.0001
a7_20260824T115851Z,2026-08-24T13:14:29+00:00,hyperplanes_n_features20_n_hyperplanes3_dim_hyperplanes5_seed22,daf152204bbd72927ebe009bee77245588374523bc0144bb5e7d3d282686d97e,f087808ca635cff7ff23816ed69bcf872092e3ee826c2b73a96b833594ccb0d5,A,L2,2,h3,35,35,22,1,0x9aed96d53998f1c9,U0-2pi,pennylane,,,,0,test_full,1200,test,0.8641666666666666,0.888706871637544,0.8614180279842062,0.8440476059913635,0.5979313254356384,0.04243894588304512,0.03553811292655717,143,113,1247.6798524580663,c5c7920-dirty,8f5e61236010,0.003,0.001 0.003 0.01 0.03,,30,300,1.0,,,False,,
a7_20260824T115851Z,2026-08-24T13:14:29+00:00,hyperplanes_n_features20_n_hyperplanes3_dim_hyperplanes5_seed22,daf152204bbd72927ebe009bee77245588374523bc0144bb5e7d3d282686d97e,f087808ca635cff7ff23816ed69bcf872092e3ee826c2b73a96b833594ccb0d5,A,L2,2,h3,35,35,22,1,0x9aed96d53998f1c9,U0-2pi,pennylane,,,,0,val_full,600,val,0.8583333333333333,0.8928071072762854,0.8573023427597727,0.8440476059913635,0.5979313254356384,0.04243894588304512,0.03553811292655717,143,113,1247.6798524580663,c5c7920-dirty,8f5e61236010,0.003,0.001 0.003 0.01 0.03,,30,300,1.0,,,False,,
a7_20260824T115851Z,2026-08-24T13:14:36+00:00,hyperplanes_n_features20_n_hyperplanes3_dim_hyperplanes5_seed22,daf152204bbd72927ebe009bee77245588374523bc0144bb5e7d3d282686d97e,f087808ca635cff7ff23816ed69bcf872092e3ee826c2b73a96b833594ccb0d5,B,L1,2,h3,35,35,22,4,0xc975238400fc39ed,U0-2pi,pennylane,,,,0,test_full,1200,test,0.795,0.8385326352763328,0.792489118331815,0.7788095474243164,0.0,0.021398086939551936,0.057151268944488895,41,11,7.800759625039063,c5c7920-dirty,8f5e61236010,0.01,0.001 0.003 0.01 0.03,,30,300,1.0,,,True,0.7916666666666666,1.0
a7_20260824T115851Z,2026-08-24T13:14:36+00:00,hyperplanes_n_features20_n_hyperplanes3_dim_hyperplanes5_seed22,daf152204bbd72927ebe009bee77245588374523bc0144bb5e7d3d282686d97e,f087808ca635cff7ff23816ed69bcf872092e3ee826c2b73a96b833594ccb0d5,B,L1,2,h3,35,35,22,4,0xc975238400fc39ed,U0-2pi,pennylane,,,,0,val_full,600,val,0.7966666666666666,0.8354941291585127,0.7961570593149541,0.7788095474243164,0.0,0.021398086939551936,0.057151268944488895,41,11,7.800759625039063,c5c7920-dirty,8f5e61236010,0.01,0.001 0.003 0.01 0.03,,30,300,1.0,,,True,0.7816666666666666,1.0
a7_20260824T115851Z,2026-08-24T13:14:40+00:00,hyperplanes_n_features20_n_hyperplanes3_dim_hyperplanes5_seed22,daf152204bbd72927ebe009bee77245588374523bc0144bb5e7d3d282686d97e,f087808ca635cff7ff23816ed69bcf872092e3ee826c2b73a96b833594ccb0d5,A,L1,2,h3,35,35,22,3,0xe98c84d46f8b02b7,U0-2pi,pennylane,,,,0,test_full,1200,test,0.8575,0.8688030767862701,0.854616458805517,0.836904764175415,0.8102133274078369,0.015385792208660575,0.18729766343437385,92,62,818.5412210420473,c5c7920-dirty,8f5e61236010,0.01,0.001 0.003 0.01 0.03,,30,300,1.0,,,False,,
a7_20260824T115851Z,2026-08-24T13:14:40+00:00,hyperplanes_n_features20_n_hyperplanes3_dim_hyperplanes5_seed22,daf152204bbd72927ebe009bee77245588374523bc0144bb5e7d3d282686d97e,f087808ca635cff7ff23816ed69bcf872092e3ee826c2b73a96b833594ccb0d5,A,L1,2,h3,35,35,22,3,0xe98c84d46f8b02b7,U0-2pi,pennylane,,,,0,val_full,600,val,0.8483333333333334,0.8675836150151218,0.8471406054463858,0.836904764175415,0.8102133274078369,0.015385792208660575,0.18729766343437385,92,62,818.5412210420473,c5c7920-dirty,8f5e61236010,0.01,0.001 0.003 0.01 0.03,,30,300,1.0,,,False,,
a7_20260824T115851Z,2026-08-24T13:14:51+00:00,hyperplanes_n_features20_n_hyperplanes3_dim_hyperplanes5_seed22,daf152204bbd72927ebe009bee77245588374523bc0144bb5e7d3d282686d97e,f087808ca635cff7ff23816ed69bcf872092e3ee826c2b73a96b833594ccb0d5,B,L2,2,h3,35,35,22,4,0xc9f964aa2896fb2f,U0-2pi,pennylane,,,,0,test_full,1200,test,0.785,0.8372321150682495,0.7804902950618824,0.7647619247436523,0.0,0.01882922899639461,0.04567367085866125,300,299,10.45555491594132,c5c7920-dirty,8f5e61236010,0.003,0.001 0.003 0.01 0.03,,30,300,1.0,,,True,0.7275,1e-06
a7_20260824T115851Z,2026-08-24T13:14:51+00:00,hyperplanes_n_features20_n_hyperplanes3_dim_hyperplanes5_seed22,daf152204bbd72927ebe009bee77245588374523bc0144bb5e7d3d282686d97e,f087808ca635cff7ff23816ed69bcf872092e3ee826c2b73a96b833594ccb0d5,B,L2,2,h3,35,35,22,4,0xc9f964aa2896fb2f,U0-2pi,pennylane,,,,0,val_full,600,val,0.8083333333333333,0.8448229852339442,0.8065877881211265,0.7647619247436523,0.0,0.01882922899639461,0.04567367085866125,300,299,10.45555491594132,c5c7920-dirty,8f5e61236010,0.003,0.001 0.003 0.01 0.03,,30,300,1.0,,,True,0.735,1e-06
a7_20260824T115851Z,2026-08-24T13:15:10+00:00,hyperplanes_n_features20_n_hyperplanes3_dim_hyperplanes5_seed22,daf152204bbd72927ebe009bee77245588374523bc0144bb5e7d3d282686d97e,f087808ca635cff7ff23816ed69bcf872092e3ee826c2b73a96b833594ccb0d5,F,product,2,h3,35,20,22,2,0x499fbb627c0f5f7c,U0-2pi,pennylane,,,,0,test_full,1200,test,0.8225,0.8590352807789782,0.8194883384240541,0.8104761838912964,0.42970386147499084,0.013645366670326486,0.09033698851904716,126,96,989.6921754170908,c5c7920-dirty,8f5e61236010,0.003,0.001 0.003 0.01 0.03,,30,300,1.0,,,False,,
a7_20260824T115851Z,2026-08-24T13:15:10+00:00,hyperplanes_n_features20_n_hyperplanes3_dim_hyperplanes5_seed22,daf152204bbd72927ebe009bee77245588374523bc0144bb5e7d3d282686d97e,f087808ca635cff7ff23816ed69bcf872092e3ee826c2b73a96b833594ccb0d5,F,product,2,h3,35,20,22,2,0x499fbb627c0f5f7c,U0-2pi,pennylane,,,,0,val_full,600,val,0.835,0.8648650151218644,0.8337024169142,0.8104761838912964,0.42970386147499084,0.013645366670326486,0.09033698851904716,126,96,989.6921754170908,c5c7920-dirty,8f5e61236010,0.003,0.001 0.003 0.01 0.03,,30,300,1.0,,,False,,
a7_20260824T115851Z,2026-08-24T13:17:21+00:00,hyperplanes_n_features20_n_hyperplanes3_dim_hyperplanes5_seed22,daf152204bbd72927ebe009bee77245588374523bc0144bb5e7d3d282686d97e,f087808ca635cff7ff23816ed69bcf872092e3ee826c2b73a96b833594ccb0d5,F,product,2,h3,35,20,22,3,0xa27b3263a781f0fe,U0-2pi,pennylane,,,,0,test_full,1200,test,0.8258333333333333,0.8488339780356586,0.8223090052067429,0.8133333325386047,0.6941512227058411,0.001980720036914513,0.07899674828672097,46,16,366.39662983303424,c5c7920-dirty,8f5e61236010,0.01,0.001 0.003 0.01 0.03,,30,300,1.0,,,False,,
a7_20260824T115851Z,2026-08-24T13:17:21+00:00,hyperplanes_n_features20_n_hyperplanes3_dim_hyperplanes5_seed22,daf152204bbd72927ebe009bee77245588374523bc0144bb5e7d3d282686d97e,f087808ca635cff7ff23816ed69bcf872092e3ee826c2b73a96b833594ccb0d5,F,product,2,h3,35,20,22,3,0xa27b3263a781f0fe,U0-2pi,pennylane,,,,0,val_full,600,val,0.8333333333333334,0.848025262408824,0.8321678321678322,0.8133333325386047,0.6941512227058411,0.001980720036914513,0.07899674828672097,46,16,366.39662983303424,c5c7920-dirty,8f5e61236010,0.01,0.001 0.003 0.01 0.03,,30,300,1.0,,,False,,
a7_20260824T115851Z,2026-08-24T13:17:22+00:00,hyperplanes_n_features20_n_hyperplanes3_dim_hyperplanes5_seed22,daf152204bbd72927ebe009bee77245588374523bc0144bb5e7d3d282686d97e,f087808ca635cff7ff23816ed69bcf872092e3ee826c2b73a96b833594ccb0d5,E,,,h3,0,,22,4,,,pennylane,,,,0,test_full,1200,test,0.8125,0.8642123516073096,0.8092345997565268,0.8071428537368774,0.0,0.018057848567730975,0.016271624692783856,101,71,1.026141042006202,c5c7920-dirty,8f5e61236010,0.1,0.001 0.003 0.01 0.03 0.1,,30,300,1.0,,,True,0.775,1e-06
a7_20260824T115851Z,2026-08-24T13:17:22+00:00,hyperplanes_n_features20_n_hyperplanes3_dim_hyperplanes5_seed22,daf152204bbd72927ebe009bee77245588374523bc0144bb5e7d3d282686d97e,f087808ca635cff7ff23816ed69bcf872092e3ee826c2b73a96b833594ccb0d5,E,,,h3,0,,22,4,,,pennylane,,,,0,val_full,600,val,0.8266666666666667,0.8637253157801104,0.8256418280783717,0.8071428537368774,0.0,0.018057848567730975,0.016271624692783856,101,71,1.026141042006202,c5c7920-dirty,8f5e61236010,0.1,0.001 0.003 0.01 0.03 0.1,,30,300,1.0,,,True,0.775,1e-06
a7_20260824T115851Z,2026-08-24T13:17:23+00:00,hyperplanes_n_features20_n_hyperplanes3_dim_hyperplanes5_seed22,daf152204bbd72927ebe009bee77245588374523bc0144bb5e7d3d282686d97e,f087808ca635cff7ff23816ed69bcf872092e3ee826c2b73a96b833594ccb0d5,D_matched,,2,h3,30,,22,4,0x80ec42dc400d77f3,RFF-int-spectrum-U0-2pi,pennylane,,,,0,test_full,1200,test,0.7083333333333334,0.7589869281045751,0.7046504890144045,0.6930952668190002,0.0,0.015481236792737219,0.10022084507229863,65,35,0.6425991669530049,c5c7920-dirty,8f5e61236010,0.003,0.001 0.003 0.01 0.03,,30,300,1.0,,0x80ec42dc400d77f3,True,0.7008333333333333,1e-06
a7_20260824T115851Z,2026-08-24T13:17:23+00:00,hyperplanes_n_features20_n_hyperplanes3_dim_hyperplanes5_seed22,daf152204bbd72927ebe009bee77245588374523bc0144bb5e7d3d282686d97e,f087808ca635cff7ff23816ed69bcf872092e3ee826c2b73a96b833594ccb0d5,D_matched,,2,h3,30,,22,4,0x80ec42dc400d77f3,RFF-int-spectrum-U0-2pi,pennylane,,,,0,val_full,600,val,0.705,0.763420654687778,0.7039927531182496,0.6930952668190002,0.0,0.015481236792737219,0.10022084507229863,65,35,0.6425991669530049,c5c7920-dirty,8f5e61236010,0.003,0.001 0.003 0.01 0.03,,30,300,1.0,,0x80ec42dc400d77f3,True,0.6816666666666666,1e-06
a7_20260824T115851Z,2026-08-24T13:17:24+00:00,hyperplanes_n_features20_n_hyperplanes3_dim_hyperplanes5_seed22,daf152204bbd72927ebe009bee77245588374523bc0144bb5e7d3d282686d97e,f087808ca635cff7ff23816ed69bcf872092e3ee826c2b73a96b833594ccb0d5,D_matched,,2,h3,30,,22,4,0x80ec42dc400d77f3,RFF-int-spectrum-U0-2pi,pennylane,,,,0,test_full,1200,test,0.7516666666666667,0.8179299497576809,0.7495622942783109,0.7240476012229919,0.0,0.015481236792737219,0.0655838584712868,141,111,1.3407996670575812,c5c7920-dirty,8f5e61236010,0.01,0.001 0.003 0.01 0.03,,30,300,1.0,,0x80ec42dc400d77f3,True,0.7008333333333333,1e-06
a7_20260824T115851Z,2026-08-24T13:17:24+00:00,hyperplanes_n_features20_n_hyperplanes3_dim_hyperplanes5_seed22,daf152204bbd72927ebe009bee77245588374523bc0144bb5e7d3d282686d97e,f087808ca635cff7ff23816ed69bcf872092e3ee826c2b73a96b833594ccb0d5,D_matched,,2,h3,30,,22,4,0x80ec42dc400d77f3,RFF-int-spectrum-U0-2pi,pennylane,,,,0,val_full,600,val,0.7416666666666667,0.8083192492439067,0.7414073557094754,0.7240476012229919,0.0,0.015481236792737219,0.0655838584712868,141,111,1.3407996670575812,c5c7920-dirty,8f5e61236010,0.01,0.001 0.003 0.01 0.03,,30,300,1.0,,0x80ec42dc400d77f3,True,0.6816666666666666,1e-06
a7_20260824T115851Z,2026-08-24T13:17:25+00:00,hyperplanes_n_features20_n_hyperplanes3_dim_hyperplanes5_seed22,daf152204bbd72927ebe009bee77245588374523bc0144bb5e7d3d282686d97e,f087808ca635cff7ff23816ed69bcf872092e3ee826c2b73a96b833594ccb0d5,D_best,,2,linear,192,,33,4,0x81f13209d45c857b,RFF-int-spectrum-U0-2pi,pennylane,,,,0,test_full,1200,test,0.8116666666666666,0.8752834467120181,0.8098278072136408,0.8064285516738892,0.0,0.05398447099152431,0.07786060028804818,76,46,0.5275138330180198,c5c7920-dirty,8f5e61236010,0.03,0.001 0.003 0.01 0.03,,30,300,1.0,32,0x81f13209d45c857b,True,0.805,1.0
a7_20260824T115851Z,2026-08-24T13:17:25+00:00,hyperplanes_n_features20_n_hyperplanes3_dim_hyperplanes5_seed22,daf152204bbd72927ebe009bee77245588374523bc0144bb5e7d3d282686d97e,f087808ca635cff7ff23816ed69bcf872092e3ee826c2b73a96b833594ccb0d5,D_best,,2,linear,192,,33,4,0x81f13209d45c857b,RFF-int-spectrum-U0-2pi,pennylane,,,,0,val_full,600,val,0.82,0.8646815513253869,0.8192750923147291,0.8064285516738892,0.0,0.05398447099152431,0.07786060028804818,76,46,0.5275138330180198,c5c7920-dirty,8f5e61236010,0.03,0.001 0.003 0.01 0.03,,30,300,1.0,32,0x81f13209d45c857b,True,0.8133333333333334,1.0
a7_20260824T115851Z,2026-08-24T13:17:25+00:00,hyperplanes_n_features20_n_hyperplanes3_dim_hyperplanes5_seed22,daf152204bbd72927ebe009bee77245588374523bc0144bb5e7d3d282686d97e,f087808ca635cff7ff23816ed69bcf872092e3ee826c2b73a96b833594ccb0d5,D_best,,2,linear,768,,129,4,0x08491676e12f22b5,RFF-int-spectrum-U0-2pi,pennylane,,,,0,test_full,1200,test,0.8491666666666666,0.9045451513938909,0.8481330220479808,0.8278571367263794,0.0,0.05292609379352481,0.032907379692841104,96,66,0.6807800830574706,c5c7920-dirty,8f5e61236010,0.01,0.001 0.003 0.01 0.03,,30,300,1.0,128,0x08491676e12f22b5,True,0.8175,0.01
a7_20260824T115851Z,2026-08-24T13:17:25+00:00,hyperplanes_n_features20_n_hyperplanes3_dim_hyperplanes5_seed22,daf152204bbd72927ebe009bee77245588374523bc0144bb5e7d3d282686d97e,f087808ca635cff7ff23816ed69bcf872092e3ee826c2b73a96b833594ccb0d5,D_best,,2,linear,768,,129,4,0x08491676e12f22b5,RFF-int-spectrum-U0-2pi,pennylane,,,,0,val_full,600,val,0.8483333333333334,0.8937911403664829,0.8482114808832646,0.8278571367263794,0.0,0.05292609379352481,0.032907379692841104,96,66,0.6807800830574706,c5c7920-dirty,8f5e61236010,0.01,0.001 0.003 0.01 0.03,,30,300,1.0,128,0x08491676e12f22b5,True,0.8283333333333334,0.01
a7_20260824T115851Z,2026-08-24T13:17:26+00:00,hyperplanes_n_features20_n_hyperplanes3_dim_hyperplanes5_seed22,daf152204bbd72927ebe009bee77245588374523bc0144bb5e7d3d282686d97e,f087808ca635cff7ff23816ed69bcf872092e3ee826c2b73a96b833594ccb0d5,D_best,,2,linear,3072,,513,4,0x919c9577afb001d0,RFF-int-spectrum-U0-2pi,pennylane,,,,0,test_full,1200,test,0.85,0.9053815970832779,0.8489928663111475,0.8323809504508972,0.0,0.06681189239111132,0.023971672669304247,70,40,0.6262643330264837,c5c7920-dirty,8f5e61236010,0.003,0.001 0.003 0.01 0.03,,30,300,1.0,512,0x919c9577afb001d0,True,0.845,0.0001
a7_20260824T115851Z,2026-08-24T13:17:26+00:00,hyperplanes_n_features20_n_hyperplanes3_dim_hyperplanes5_seed22,daf152204bbd72927ebe009bee77245588374523bc0144bb5e7d3d282686d97e,f087808ca635cff7ff23816ed69bcf872092e3ee826c2b73a96b833594ccb0d5,D_best,,2,linear,3072,,513,4,0x919c9577afb001d0,RFF-int-spectrum-U0-2pi,pennylane,,,,0,val_full,600,val,0.85,0.8906222202455079,0.849893257427504,0.8323809504508972,0.0,0.06681189239111132,0.023971672669304247,70,40,0.6262643330264837,c5c7920-dirty,8f5e61236010,0.003,0.001 0.003 0.01 0.03,,30,300,1.0,512,0x919c9577afb001d0,True,0.8433333333333334,0.0001
a7_20260824T115851Z,2026-08-24T13:19:01+00:00,hyperplanes_n_features20_n_hyperplanes3_dim_hyperplanes5_seed22,daf152204bbd72927ebe009bee77245588374523bc0144bb5e7d3d282686d97e,f087808ca635cff7ff23816ed69bcf872092e3ee826c2b73a96b833594ccb0d5,A,L1,2,h3,35,35,22,1,0x1ddc9c443a3565bb,U0-2pi,pennylane,,,,0,test_full,1200,test,0.8666666666666667,0.8748040883019874,0.8635976129582268,0.8500000238418579,0.858802318572998,0.03489843133816122,0.10266442629894937,178,148,1554.0523362079402,c5c7920-dirty,8f5e61236010,0.01,0.001 0.003 0.01 0.03,,30,300,1.0,,,False,,
a7_20260824T115851Z,2026-08-24T13:19:01+00:00,hyperplanes_n_features20_n_hyperplanes3_dim_hyperplanes5_seed22,daf152204bbd72927ebe009bee77245588374523bc0144bb5e7d3d282686d97e,f087808ca635cff7ff23816ed69bcf872092e3ee826c2b73a96b833594ccb0d5,A,L1,2,h3,35,35,22,1,0x1ddc9c443a3565bb,U0-2pi,pennylane,,,,0,val_full,600,val,0.8616666666666667,0.8701632271837751,0.8603159999887804,0.8500000238418579,0.858802318572998,0.03489843133816122,0.10266442629894937,178,148,1554.0523362079402,c5c7920-dirty,8f5e61236010,0.01,0.001 0.003 0.01 0.03,,30,300,1.0,,,False,,
a7_20260824T115851Z,2026-08-24T13:19:09+00:00,hyperplanes_n_features20_n_hyperplanes3_dim_hyperplanes5_seed22,daf152204bbd72927ebe009bee77245588374523bc0144bb5e7d3d282686d97e,f087808ca635cff7ff23816ed69bcf872092e3ee826c2b73a96b833594ccb0d5,B,L1,2,h3,35,35,22,5,0x2560fc84838de57f,U0-2pi,pennylane,,,,0,test_full,1200,test,0.8008333333333333,0.8417380841225379,0.7992966986826222,0.7959523797035217,0.0,0.001693345170024733,0.027925502451858278,47,17,7.816865624976344,c5c7920-dirty,8f5e61236010,0.01,0.001 0.003 0.01 0.03,,30,300,1.0,,,True,0.7941666666666667,1e-06
a7_20260824T115851Z,2026-08-24T13:19:09+00:00,hyperplanes_n_features20_n_hyperplanes3_dim_hyperplanes5_seed22,daf152204bbd72927ebe009bee77245588374523bc0144bb5e7d3d282686d97e,f087808ca635cff7ff23816ed69bcf872092e3ee826c2b73a96b833594ccb0d5,B,L1,2,h3,35,35,22,5,0x2560fc84838de57f,U0-2pi,pennylane,,,,0,val_full,600,val,0.8066666666666666,0.8351160825475894,0.8064925099255997,0.7959523797035217,0.0,0.001693345170024733,0.027925502451858278,47,17,7.816865624976344,c5c7920-dirty,8f5e61236010,0.01,0.001 0.003 0.01 0.03,,30,300,1.0,,,True,0.7966666666666666,1e-06
a7_20260824T115851Z,2026-08-24T13:22:18+00:00,hyperplanes_n_features20_n_hyperplanes3_dim_hyperplanes5_seed22,daf152204bbd72927ebe009bee77245588374523bc0144bb5e7d3d282686d97e,f087808ca635cff7ff23816ed69bcf872092e3ee826c2b73a96b833594ccb0d5,A,L2,2,h3,35,35,22,3,0xdec7e07515164a44,U0-2pi,pennylane,,,,0,test_full,1200,test,0.8633333333333333,0.8715944711217821,0.8606011151910785,0.8438095450401306,0.6743617653846741,0.0029854480984116685,0.0036990323544900026,123,93,1072.5404927079799,c5c7920-dirty,8f5e61236010,0.003,0.001 0.003 0.01 0.03,,30,300,1.0,,,False,,
a7_20260824T115851Z,2026-08-24T13:22:18+00:00,hyperplanes_n_features20_n_hyperplanes3_dim_hyperplanes5_seed22,daf152204bbd72927ebe009bee77245588374523bc0144bb5e7d3d282686d97e,f087808ca635cff7ff23816ed69bcf872092e3ee826c2b73a96b833594ccb0d5,A,L2,2,h3,35,35,22,3,0xdec7e07515164a44,U0-2pi,pennylane,,,,0,val_full,600,val,0.86,0.8708192492439069,0.8589404863194662,0.8438095450401306,0.6743617653846741,0.0029854480984116685,0.0036990323544900026,123,93,1072.5404927079799,c5c7920-dirty,8f5e61236010,0.003,0.001 0.003 0.01 0.03,,30,300,1.0,,,False,,
a7_20260824T115851Z,2026-08-24T13:22:26+00:00,hyperplanes_n_features20_n_hyperplanes3_dim_hyperplanes5_seed22,daf152204bbd72927ebe009bee77245588374523bc0144bb5e7d3d282686d97e,f087808ca635cff7ff23816ed69bcf872092e3ee826c2b73a96b833594ccb0d5,B,L2,2,h3,35,35,22,5,0xf9ea9d8280d97e94,U0-2pi,pennylane,,,,0,test_full,1200,test,0.7308333333333333,0.776844070961718,0.7289887631021976,0.7099999785423279,0.0,0.010280820548743096,0.048306553026659045,84,54,8.174426957964897,c5c7920-dirty,8f5e61236010,0.003,0.001 0.003 0.01 0.03,,30,300,1.0,,,True,0.7141666666666666,1e-06
a7_20260824T115851Z,2026-08-24T13:22:26+00:00,hyperplanes_n_features20_n_hyperplanes3_dim_hyperplanes5_seed22,daf152204bbd72927ebe009bee77245588374523bc0144bb5e7d3d282686d97e,f087808ca635cff7ff23816ed69bcf872092e3ee826c2b73a96b833594ccb0d5,B,L2,2,h3,35,35,22,5,0xf9ea9d8280d97e94,U0-2pi,pennylane,,,,0,val_full,600,val,0.7083333333333334,0.7405432752179328,0.7081509276631228,0.7099999785423279,0.0,0.010280820548743096,0.048306553026659045,84,54,8.174426957964897,c5c7920-dirty,8f5e61236010,0.003,0.001 0.003 0.01 0.03,,30,300,1.0,,,True,0.6983333333333334,1e-06
a7_20260824T115851Z,2026-08-24T13:23:36+00:00,hyperplanes_n_features20_n_hyperplanes3_dim_hyperplanes5_seed22,daf152204bbd72927ebe009bee77245588374523bc0144bb5e7d3d282686d97e,f087808ca635cff7ff23816ed69bcf872092e3ee826c2b73a96b833594ccb0d5,A,L2,2,h3,35,35,22,2,0xedbc28bf50f4bc26,U0-2pi,pennylane,,,,0,test_full,1200,test,0.8625,0.8724656529278378,0.8600428777729006,0.842380940914154,0.7296442985534668,0.011890234960737557,0.2150749042063254,177,147,1537.2258955830475,c5c7920-dirty,8f5e61236010,0.003,0.001 0.003 0.01 0.03,,30,300,1.0,,,False,,
a7_20260824T115851Z,2026-08-24T13:23:36+00:00,hyperplanes_n_features20_n_hyperplanes3_dim_hyperplanes5_seed22,daf152204bbd72927ebe009bee77245588374523bc0144bb5e7d3d282686d97e,f087808ca635cff7ff23816ed69bcf872092e3ee826c2b73a96b833594ccb0d5,A,L2,2,h3,35,35,22,2,0xedbc28bf50f4bc26,U0-2pi,pennylane,,,,0,val_full,600,val,0.8566666666666667,0.8692292296744352,0.8556643356643356,0.842380940914154,0.7296442985534668,0.011890234960737557,0.2150749042063254,177,147,1537.2258955830475,c5c7920-dirty,8f5e61236010,0.003,0.001 0.003 0.01 0.03,,30,300,1.0,,,False,,
a7_20260824T115851Z,2026-08-24T13:26:05+00:00,hyperplanes_n_features20_n_hyperplanes3_dim_hyperplanes5_seed22,daf152204bbd72927ebe009bee77245588374523bc0144bb5e7d3d282686d97e,f087808ca635cff7ff23816ed69bcf872092e3ee826c2b73a96b833594ccb0d5,F,product,2,h3,35,20,22,4,0x6ff3a4afd33346b9,U0-2pi,pennylane,,,,0,test_full,1200,test,0.8258333333333333,0.8503915455070917,0.8223090052067429,0.8142856955528259,0.7570773363113403,0.011493650704150225,0.11455577523644202,85,55,673.9261130420491,c5c7920-dirty,8f5e61236010,0.003,0.001 0.003 0.01 0.03,,30,300,1.0,,,False,,
a7_20260824T115851Z,2026-08-24T13:26:05+00:00,hyperplanes_n_features20_n_hyperplanes3_dim_hyperplanes5_seed22,daf152204bbd72927ebe009bee77245588374523bc0144bb5e7d3d282686d97e,f087808ca635cff7ff23816ed69bcf872092e3ee826c2b73a96b833594ccb0d5,F,product,2,h3,35,20,22,4,0x6ff3a4afd33346b9,U0-2pi,pennylane,,,,0,val_full,600,val,0.835,0.8477750845045366,0.833601792842636,0.8142856955528259,0.7570773363113403,0.011493650704150225,0.11455577523644202,85,55,673.9261130420491,c5c7920-dirty,8f5e61236010,0.003,0.001 0.003 0.01 0.03,,30,300,1.0,,,False,,
a7_20260824T115851Z,2026-08-24T13:26:05+00:00,hyperplanes_n_features20_n_hyperplanes3_dim_hyperplanes5_seed22,daf152204bbd72927ebe009bee77245588374523bc0144bb5e7d3d282686d97e,f087808ca635cff7ff23816ed69bcf872092e3ee826c2b73a96b833594ccb0d5,E,,,h3,0,,22,5,,,pennylane,,,,0,test_full,1200,test,0.8375,0.8852013027433195,0.834445402711558,0.82833331823349,0.0,0.007903853352335972,0.00557949063958258,70,40,0.6857780000427738,c5c7920-dirty,8f5e61236010,0.1,0.001 0.003 0.01 0.03 0.1,,30,300,1.0,,,True,0.775,1e-06
a7_20260824T115851Z,2026-08-24T13:26:05+00:00,hyperplanes_n_features20_n_hyperplanes3_dim_hyperplanes5_seed22,daf152204bbd72927ebe009bee77245588374523bc0144bb5e7d3d282686d97e,f087808ca635cff7ff23816ed69bcf872092e3ee826c2b73a96b833594ccb0d5,E,,,h3,0,,22,5,,,pennylane,,,,0,val_full,600,val,0.8433333333333334,0.883683953033268,0.8422377622377623,0.82833331823349,0.0,0.007903853352335972,0.00557949063958258,70,40,0.6857780000427738,c5c7920-dirty,8f5e61236010,0.1,0.001 0.003 0.01 0.03 0.1,,30,300,1.0,,,True,0.775,1e-06
a7_20260824T115851Z,2026-08-24T13:26:06+00:00,hyperplanes_n_features20_n_hyperplanes3_dim_hyperplanes5_seed22,daf152204bbd72927ebe009bee77245588374523bc0144bb5e7d3d282686d97e,f087808ca635cff7ff23816ed69bcf872092e3ee826c2b73a96b833594ccb0d5,D_matched,,2,h3,30,,22,5,0x5fea624fe73dbb57,RFF-int-spectrum-U0-2pi,pennylane,,,,0,test_full,1200,test,0.7733333333333333,0.828070116935663,0.7732268759500989,0.7595238089561462,0.0,0.019149993355079168,0.043373171168142655,58,28,0.5496179169276729,c5c7920-dirty,8f5e61236010,0.003,0.001 0.003 0.01 0.03,,30,300,1.0,,0x5fea624fe73dbb57,True,0.7475,1e-06
a7_20260824T115851Z,2026-08-24T13:26:06+00:00,hyperplanes_n_features20_n_hyperplanes3_dim_hyperplanes5_seed22,daf152204bbd72927ebe009bee77245588374523bc0144bb5e7d3d282686d97e,f087808ca635cff7ff23816ed69bcf872092e3ee826c2b73a96b833594ccb0d5,D_matched,,2,h3,30,,22,5,0x5fea624fe73dbb57,RFF-int-spectrum-U0-2pi,pennylane,,,,0,val_full,600,val,0.7766666666666666,0.8152797544920831,0.7766443310997766,0.7595238089561462,0.0,0.019149993355079168,0.043373171168142655,58,28,0.5496179169276729,c5c7920-dirty,8f5e61236010,0.003,0.001 0.003 0.01 0.03,,30,300,1.0,,0x5fea624fe73dbb57,True,0.755,1e-06
a7_20260824T115851Z,2026-08-24T13:26:06+00:00,hyperplanes_n_features20_n_hyperplanes3_dim_hyperplanes5_seed22,daf152204bbd72927ebe009bee77245588374523bc0144bb5e7d3d282686d97e,f087808ca635cff7ff23816ed69bcf872092e3ee826c2b73a96b833594ccb0d5,D_matched,,2,h3,30,,22,5,0x5fea624fe73dbb57,RFF-int-spectrum-U0-2pi,pennylane,,,,0,test_full,1200,test,0.7791666666666667,0.8345143613000755,0.7790548131658319,0.7671428322792053,0.0,0.019149993355079168,0.10884300502141507,40,10,0.39541274996008724,c5c7920-dirty,8f5e61236010,0.01,0.001 0.003 0.01 0.03,,30,300,1.0,,0x5fea624fe73dbb57,True,0.7475,1e-06
a7_20260824T115851Z,2026-08-24T13:26:06+00:00,hyperplanes_n_features20_n_hyperplanes3_dim_hyperplanes5_seed22,daf152204bbd72927ebe009bee77245588374523bc0144bb5e7d3d282686d97e,f087808ca635cff7ff23816ed69bcf872092e3ee826c2b73a96b833594ccb0d5,D_matched,,2,h3,30,,22,5,0x5fea624fe73dbb57,RFF-int-spectrum-U0-2pi,pennylane,,,,0,val_full,600,val,0.7716666666666666,0.8166807507560933,0.7716152801046903,0.7671428322792053,0.0,0.019149993355079168,0.10884300502141507,40,10,0.39541274996008724,c5c7920-dirty,8f5e61236010,0.01,0.001 0.003 0.01 0.03,,30,300,1.0,,0x5fea624fe73dbb57,True,0.755,1e-06
a7_20260824T115851Z,2026-08-24T13:26:07+00:00,hyperplanes_n_features20_n_hyperplanes3_dim_hyperplanes5_seed22,daf152204bbd72927ebe009bee77245588374523bc0144bb5e7d3d282686d97e,f087808ca635cff7ff23816ed69bcf872092e3ee826c2b73a96b833594ccb0d5,D_best,,2,linear,192,,33,5,0x7bba18422325b3f3,RFF-int-spectrum-U0-2pi,pennylane,,,,0,test_full,1200,test,0.825,0.8757058378907119,0.8236756078993328,0.8095238208770752,0.0,0.0684953427280384,0.04404993271322768,78,48,0.5411481249611825,c5c7920-dirty,8f5e61236010,0.03,0.001 0.003 0.01 0.03,,30,300,1.0,32,0x7bba18422325b3f3,True,0.8191666666666667,1e-06
a7_20260824T115851Z,2026-08-24T13:26:07+00:00,hyperplanes_n_features20_n_hyperplanes3_dim_hyperplanes5_seed22,daf152204bbd72927ebe009bee77245588374523bc0144bb5e7d3d282686d97e,f087808ca635cff7ff23816ed69bcf872092e3ee826c2b73a96b833594ccb0d5,D_best,,2,linear,192,,33,5,0x7bba18422325b3f3,RFF-int-spectrum-U0-2pi,pennylane,,,,0,val_full,600,val,0.8283333333333334,0.8594222558263653,0.8280347826086957,0.8095238208770752,0.0,0.0684953427280384,0.04404993271322768,78,48,0.5411481249611825,c5c7920-dirty,8f5e61236010,0.03,0.001 0.003 0.01 0.03,,30,300,1.0,32,0x7bba18422325b3f3,True,0.8116666666666666,1e-06
a7_20260824T115851Z,2026-08-24T13:26:08+00:00,hyperplanes_n_features20_n_hyperplanes3_dim_hyperplanes5_seed22,daf152204bbd72927ebe009bee77245588374523bc0144bb5e7d3d282686d97e,f087808ca635cff7ff23816ed69bcf872092e3ee826c2b73a96b833594ccb0d5,D_best,,2,linear,768,,129,5,0xb50902aa88037212,RFF-int-spectrum-U0-2pi,pennylane,,,,0,test_full,1200,test,0.8333333333333334,0.8960278555866792,0.8319723090365292,0.8309524059295654,0.0,0.09848326035354697,0.03732201722443982,99,69,0.7555795829975978,c5c7920-dirty,8f5e61236010,0.01,0.001 0.003 0.01 0.03,,30,300,1.0,128,0xb50902aa88037212,True,0.8283333333333334,1e-06
a7_20260824T115851Z,2026-08-24T13:26:08+00:00,hyperplanes_n_features20_n_hyperplanes3_dim_hyperplanes5_seed22,daf152204bbd72927ebe009bee77245588374523bc0144bb5e7d3d282686d97e,f087808ca635cff7ff23816ed69bcf872092e3ee826c2b73a96b833594ccb0d5,D_best,,2,linear,768,,129,5,0xb50902aa88037212,RFF-int-spectrum-U0-2pi,pennylane,,,,0,val_full,600,val,0.8433333333333334,0.884284380003558,0.8430822649572649,0.8309524059295654,0.0,0.09848326035354697,0.03732201722443982,99,69,0.7555795829975978,c5c7920-dirty,8f5e61236010,0.01,0.001 0.003 0.01 0.03,,30,300,1.0,128,0xb50902aa88037212,True,0.8283333333333334,1e-06
a7_20260824T115851Z,2026-08-24T13:26:08+00:00,hyperplanes_n_features20_n_hyperplanes3_dim_hyperplanes5_seed22,daf152204bbd72927ebe009bee77245588374523bc0144bb5e7d3d282686d97e,f087808ca635cff7ff23816ed69bcf872092e3ee826c2b73a96b833594ccb0d5,D_best,,2,linear,3072,,513,5,0x10a2f35f53be67b9,RFF-int-spectrum-U0-2pi,pennylane,,,,0,test_full,1200,test,0.8533333333333334,0.9068043884220354,0.8526111278598465,0.8342857360839844,0.0,0.0674628265544786,0.0194753666176144,95,65,0.8446022500284016,c5c7920-dirty,8f5e61236010,0.003,0.001 0.003 0.01 0.03,,30,300,1.0,512,0x10a2f35f53be67b9,True,0.8475,0.0001
a7_20260824T115851Z,2026-08-24T13:26:08+00:00,hyperplanes_n_features20_n_hyperplanes3_dim_hyperplanes5_seed22,daf152204bbd72927ebe009bee77245588374523bc0144bb5e7d3d282686d97e,f087808ca635cff7ff23816ed69bcf872092e3ee826c2b73a96b833594ccb0d5,D_best,,2,linear,3072,,513,5,0x10a2f35f53be67b9,RFF-int-spectrum-U0-2pi,pennylane,,,,0,val_full,600,val,0.8533333333333334,0.8963707525351361,0.8531701890989989,0.8342857360839844,0.0,0.0674628265544786,0.0194753666176144,95,65,0.8446022500284016,c5c7920-dirty,8f5e61236010,0.003,0.001 0.003 0.01 0.03,,30,300,1.0,512,0x10a2f35f53be67b9,True,0.8483333333333334,0.0001
a7_20260824T115851Z,2026-08-24T13:27:05+00:00,hyperplanes_n_features20_n_hyperplanes3_dim_hyperplanes5_seed22,daf152204bbd72927ebe009bee77245588374523bc0144bb5e7d3d282686d97e,f087808ca635cff7ff23816ed69bcf872092e3ee826c2b73a96b833594ccb0d5,F,product,2,h3,35,20,22,1,0x27078a7f911995bb,U0-2pi,pennylane,,,,0,test_full,1200,test,0.8241666666666667,0.8968142812680628,0.8217050824613994,0.816428542137146,0.8349668383598328,0.04784417120929649,0.1032589935238929,252,222,1956.8794298750581,c5c7920-dirty,8f5e61236010,0.003,0.001 0.003 0.01 0.03,,30,300,1.0,,,False,,
a7_20260824T115851Z,2026-08-24T13:27:05+00:00,hyperplanes_n_features20_n_hyperplanes3_dim_hyperplanes5_seed22,daf152204bbd72927ebe009bee77245588374523bc0144bb5e7d3d282686d97e,f087808ca635cff7ff23816ed69bcf872092e3ee826c2b73a96b833594ccb0d5,F,product,2,h3,35,20,22,1,0x27078a7f911995bb,U0-2pi,pennylane,,,,0,val_full,600,val,0.8366666666666667,0.8797867372353674,0.8359375,0.816428542137146,0.8349668383598328,0.04784417120929649,0.1032589935238929,252,222,1956.8794298750581,c5c7920-dirty,8f5e61236010,0.003,0.001 0.003 0.01 0.03,,30,300,1.0,,,False,,
a7_20260824T115851Z,2026-08-24T13:27:13+00:00,hyperplanes_n_features20_n_hyperplanes3_dim_hyperplanes5_seed22,daf152204bbd72927ebe009bee77245588374523bc0144bb5e7d3d282686d97e,f087808ca635cff7ff23816ed69bcf872092e3ee826c2b73a96b833594ccb0d5,B,L1,2,h3,35,35,22,6,0x7f041defed10b1c8,U0-2pi,pennylane,,,,0,test_full,1200,test,0.805,0.8785944933528966,0.8013801532937791,0.7971428632736206,0.0,0.03723586229653194,0.05602167214225959,93,63,8.089199458016083,c5c7920-dirty,8f5e61236010,0.01,0.001 0.003 0.01 0.03,,30,300,1.0,,,True,0.6775,1e-06
a7_20260824T115851Z,2026-08-24T13:27:13+00:00,hyperplanes_n_features20_n_hyperplanes3_dim_hyperplanes5_seed22,daf152204bbd72927ebe009bee77245588374523bc0144bb5e7d3d282686d97e,f087808ca635cff7ff23816ed69bcf872092e3ee826c2b73a96b833594ccb0d5,B,L1,2,h3,35,35,22,6,0x7f041defed10b1c8,U0-2pi,pennylane,,,,0,val_full,600,val,0.8066666666666666,0.8672722825120085,0.8050878784823738,0.7971428632736206,0.0,0.03723586229653194,0.05602167214225959,93,63,8.089199458016083,c5c7920-dirty,8f5e61236010,0.01,0.001 0.003 0.01 0.03,,30,300,1.0,,,True,0.675,1e-06
a7_20260824T115851Z,2026-08-24T13:27:20+00:00,hyperplanes_n_features20_n_hyperplanes3_dim_hyperplanes5_seed22,daf152204bbd72927ebe009bee77245588374523bc0144bb5e7d3d282686d97e,f087808ca635cff7ff23816ed69bcf872092e3ee826c2b73a96b833594ccb0d5,F,product,2,h3,35,20,22,3,0xa27b3263a781f0fe,U0-2pi,pennylane,,,,0,test_full,1200,test,0.83,0.8697201102663287,0.8275857211677968,0.817380964756012,0.6903114914894104,0.001980720036914513,0.17619228195151673,173,143,1349.7582000000402,c5c7920-dirty,8f5e61236010,0.003,0.001 0.003 0.01 0.03,,30,300,1.0,,,False,,
a7_20260824T115851Z,2026-08-24T13:27:20+00:00,hyperplanes_n_features20_n_hyperplanes3_dim_hyperplanes5_seed22,daf152204bbd72927ebe009bee77245588374523bc0144bb5e7d3d282686d97e,f087808ca635cff7ff23816ed69bcf872092e3ee826c2b73a96b833594ccb0d5,F,product,2,h3,35,20,22,3,0xa27b3263a781f0fe,U0-2pi,pennylane,,,,0,val_full,600,val,0.8383333333333334,0.8673501156377869,0.8374987086452361,0.817380964756012,0.6903114914894104,0.001980720036914513,0.17619228195151673,173,143,1349.7582000000402,c5c7920-dirty,8f5e61236010,0.003,0.001 0.003 0.01 0.03,,30,300,1.0,,,False,,
a7_20260824T115851Z,2026-08-24T13:27:27+00:00,hyperplanes_n_features20_n_hyperplanes3_dim_hyperplanes5_seed22,daf152204bbd72927ebe009bee77245588374523bc0144bb5e7d3d282686d97e,f087808ca635cff7ff23816ed69bcf872092e3ee826c2b73a96b833594ccb0d5,B,L2,2,h3,35,35,22,6,0xfed8b00a5c8d996d,U0-2pi,pennylane,,,,0,test_full,1200,test,0.5466666666666666,0.5625138944466676,0.5466553330499929,0.54666668176651,0.0,0.047028742795113446,0.023370909194793746,39,9,7.7256547920405865,c5c7920-dirty,8f5e61236010,0.003,0.001 0.003 0.01 0.03,,30,300,1.0,,,True,0.5658333333333333,1.0
a7_20260824T115851Z,2026-08-24T13:27:27+00:00,hyperplanes_n_features20_n_hyperplanes3_dim_hyperplanes5_seed22,daf152204bbd72927ebe009bee77245588374523bc0144bb5e7d3d282686d97e,f087808ca635cff7ff23816ed69bcf872092e3ee826c2b73a96b833594ccb0d5,B,L2,2,h3,35,35,22,6,0xfed8b00a5c8d996d,U0-2pi,pennylane,,,,0,val_full,600,val,0.5366666666666666,0.5441313823163139,0.5351740589225401,0.54666668176651,0.0,0.047028742795113446,0.023370909194793746,39,9,7.7256547920405865,c5c7920-dirty,8f5e61236010,0.003,0.001 0.003 0.01 0.03,,30,300,1.0,,,True,0.5433333333333333,1.0
a7_20260824T115851Z,2026-08-24T13:28:44+00:00,hyperplanes_n_features20_n_hyperplanes3_dim_hyperplanes5_seed22,daf152204bbd72927ebe009bee77245588374523bc0144bb5e7d3d282686d97e,f087808ca635cff7ff23816ed69bcf872092e3ee826c2b73a96b833594ccb0d5,F,product,2,h3,35,20,22,4,0x6ff3a4afd33346b9,U0-2pi,pennylane,,,,0,test_full,1200,test,0.8241666666666667,0.8491285403050108,0.8212610414720974,0.8104761838912964,0.8539038300514221,0.011493650704150225,0.051020183811313166,104,74,813.7799474589992,c5c7920-dirty,8f5e61236010,0.01,0.001 0.003 0.01 0.03,,30,300,1.0,,,False,,
a7_20260824T115851Z,2026-08-24T13:28:44+00:00,hyperplanes_n_features20_n_hyperplanes3_dim_hyperplanes5_seed22,daf152204bbd72927ebe009bee77245588374523bc0144bb5e7d3d282686d97e,f087808ca635cff7ff23816ed69bcf872092e3ee826c2b73a96b833594ccb0d5,F,product,2,h3,35,20,22,4,0x6ff3a4afd33346b9,U0-2pi,pennylane,,,,0,val_full,600,val,0.835,0.8486924034869241,0.833892152942262,0.8104761838912964,0.8539038300514221,0.011493650704150225,0.051020183811313166,104,74,813.7799474589992,c5c7920-dirty,8f5e61236010,0.01,0.001 0.003 0.01 0.03,,30,300,1.0,,,False,,
a7_20260824T115851Z,2026-08-24T13:29:37+00:00,hyperplanes_n_features20_n_hyperplanes3_dim_hyperplanes5_seed22,daf152204bbd72927ebe009bee77245588374523bc0144bb5e7d3d282686d97e,f087808ca635cff7ff23816ed69bcf872092e3ee826c2b73a96b833594ccb0d5,A,L1,2,h3,35,35,22,4,0xc975238400fc39ed,U0-2pi,pennylane,,,,0,test_full,1200,test,0.8566666666666667,0.9203667578142368,0.853938563615983,0.8447619080543518,0.9301692247390747,0.01332394986924023,0.15690342755309808,117,87,1027.1263405419886,c5c7920-dirty,8f5e61236010,0.01,0.001 0.003 0.01 0.03,,30,300,1.0,,,False,,
a7_20260824T115851Z,2026-08-24T13:29:37+00:00,hyperplanes_n_features20_n_hyperplanes3_dim_hyperplanes5_seed22,daf152204bbd72927ebe009bee77245588374523bc0144bb5e7d3d282686d97e,f087808ca635cff7ff23816ed69bcf872092e3ee826c2b73a96b833594ccb0d5,A,L1,2,h3,35,35,22,4,0xc975238400fc39ed,U0-2pi,pennylane,,,,0,val_full,600,val,0.8583333333333333,0.8949252801992528,0.8573821515160837,0.8447619080543518,0.9301692247390747,0.01332394986924023,0.15690342755309808,117,87,1027.1263405419886,c5c7920-dirty,8f5e61236010,0.01,0.001 0.003 0.01 0.03,,30,300,1.0,,,False,,
a7_20260824T115851Z,2026-08-24T13:29:37+00:00,hyperplanes_n_features20_n_hyperplanes3_dim_hyperplanes5_seed22,daf152204bbd72927ebe009bee77245588374523bc0144bb5e7d3d282686d97e,f087808ca635cff7ff23816ed69bcf872092e3ee826c2b73a96b833594ccb0d5,E,,,h3,0,,22,6,,,pennylane,,,,0,test_full,1200,test,0.8183333333333334,0.8658352229780801,0.8161082430745352,0.8102381229400635,0.0,0.03498333860775146,0.02565317762217562,49,19,0.4801788750337437,c5c7920-dirty,8f5e61236010,0.1,0.001 0.003 0.01 0.03 0.1,,30,300,1.0,,,True,0.775,1e-06
a7_20260824T115851Z,2026-08-24T13:29:37+00:00,hyperplanes_n_features20_n_hyperplanes3_dim_hyperplanes5_seed22,daf152204bbd72927ebe009bee77245588374523bc0144bb5e7d3d282686d97e,f087808ca635cff7ff23816ed69bcf872092e3ee826c2b73a96b833594ccb0d5,E,,,h3,0,,22,6,,,pennylane,,,,0,val_full,600,val,0.8266666666666667,0.8633973047500445,0.8258928571428572,0.8102381229400635,0.0,0.03498333860775146,0.02565317762217562,49,19,0.4801788750337437,c5c7920-dirty,8f5e61236010,0.1,0.001 0.003 0.01 0.03 0.1,,30,300,1.0,,,True,0.775,1e-06
a7_20260824T115851Z,2026-08-24T13:29:38+00:00,hyperplanes_n_features20_n_hyperplanes3_dim_hyperplanes5_seed22,daf152204bbd72927ebe009bee77245588374523bc0144bb5e7d3d282686d97e,f087808ca635cff7ff23816ed69bcf872092e3ee826c2b73a96b833594ccb0d5,D_matched,,2,h3,30,,22,6,0x88bb3901c7635059,RFF-int-spectrum-U0-2pi,pennylane,,,,0,test_full,1200,test,0.6908333333333333,0.7288734938419812,0.68816519679844,0.6726190447807312,0.0,0.059681808483961554,0.06787392173461483,66,36,0.6652024999493733,c5c7920-dirty,8f5e61236010,0.003,0.001 0.003 0.01 0.03,,30,300,1.0,,0x88bb3901c7635059,True,0.6658333333333334,1.0
a7_20260824T115851Z,2026-08-24T13:29:38+00:00,hyperplanes_n_features20_n_hyperplanes3_dim_hyperplanes5_seed22,daf152204bbd72927ebe009bee77245588374523bc0144bb5e7d3d282686d97e,f087808ca635cff7ff23816ed69bcf872092e3ee826c2b73a96b833594ccb0d5,D_matched,,2,h3,30,,22,6,0x88bb3901c7635059,RFF-int-spectrum-U0-2pi,pennylane,,,,0,val_full,600,val,0.6666666666666666,0.7125845045365593,0.6659391563850162,0.6726190447807312,0.0,0.059681808483961554,0.06787392173461483,66,36,0.6652024999493733,c5c7920-dirty,8f5e61236010,0.003,0.001 0.003 0.01 0.03,,30,300,1.0,,0x88bb3901c7635059,True,0.6516666666666666,1.0
a7_20260824T115851Z,2026-08-24T13:29:39+00:00,hyperplanes_n_features20_n_hyperplanes3_dim_hyperplanes5_seed22,daf152204bbd72927ebe009bee77245588374523bc0144bb5e7d3d282686d97e,f087808ca635cff7ff23816ed69bcf872092e3ee826c2b73a96b833594ccb0d5,D_matched,,2,h3,30,,22,6,0x88bb3901c7635059,RFF-int-spectrum-U0-2pi,pennylane,,,,0,test_full,1200,test,0.695,0.7501361655773419,0.6876564562377679,0.6947619318962097,0.0,0.059681808483961554,0.07613391685234798,93,63,0.922424792079255,c5c7920-dirty,8f5e61236010,0.01,0.001 0.003 0.01 0.03,,30,300,1.0,,0x88bb3901c7635059,True,0.6658333333333334,1.0
a7_20260824T115851Z,2026-08-24T13:29:39+00:00,hyperplanes_n_features20_n_hyperplanes3_dim_hyperplanes5_seed22,daf152204bbd72927ebe009bee77245588374523bc0144bb5e7d3d282686d97e,f087808ca635cff7ff23816ed69bcf872092e3ee826c2b73a96b833594ccb0d5,D_matched,,2,h3,30,,22,6,0x88bb3901c7635059,RFF-int-spectrum-U0-2pi,pennylane,,,,0,val_full,600,val,0.6833333333333333,0.7299524106030955,0.677889668734954,0.6947619318962097,0.0,0.059681808483961554,0.07613391685234798,93,63,0.922424792079255,c5c7920-dirty,8f5e61236010,0.01,0.001 0.003 0.01 0.03,,30,300,1.0,,0x88bb3901c7635059,True,0.6516666666666666,1.0
a7_20260824T115851Z,2026-08-24T13:29:39+00:00,hyperplanes_n_features20_n_hyperplanes3_dim_hyperplanes5_seed22,daf152204bbd72927ebe009bee77245588374523bc0144bb5e7d3d282686d97e,f087808ca635cff7ff23816ed69bcf872092e3ee826c2b73a96b833594ccb0d5,D_best,,2,linear,192,,33,6,0x9a1aca9cdc0b384a,RFF-int-spectrum-U0-2pi,pennylane,,,,0,test_full,1200,test,0.825,0.8791711128896004,0.8229859737457292,0.8188095092773438,0.0,0.10601128397287359,0.0977062782108871,82,52,0.5795005830004811,c5c7920-dirty,8f5e61236010,0.03,0.001 0.003 0.01 0.03,,30,300,1.0,32,0x9a1aca9cdc0b384a,True,0.8108333333333333,1.0
a7_20260824T115851Z,2026-08-24T13:29:39+00:00,hyperplanes_n_features20_n_hyperplanes3_dim_hyperplanes5_seed22,daf152204bbd72927ebe009bee77245588374523bc0144bb5e7d3d282686d97e,f087808ca635cff7ff23816ed69bcf872092e3ee826c2b73a96b833594ccb0d5,D_best,,2,linear,192,,33,6,0x9a1aca9cdc0b384a,RFF-int-spectrum-U0-2pi,pennylane,,,,0,val_full,600,val,0.845,0.8796588685287315,0.8445297023496076,0.8188095092773438,0.0,0.10601128397287359,0.0977062782108871,82,52,0.5795005830004811,c5c7920-dirty,8f5e61236010,0.03,0.001 0.003 0.01 0.03,,30,300,1.0,32,0x9a1aca9cdc0b384a,True,0.8116666666666666,1.0
a7_20260824T115851Z,2026-08-24T13:29:40+00:00,hyperplanes_n_features20_n_hyperplanes3_dim_hyperplanes5_seed22,daf152204bbd72927ebe009bee77245588374523bc0144bb5e7d3d282686d97e,f087808ca635cff7ff23816ed69bcf872092e3ee826c2b73a96b833594ccb0d5,D_best,,2,linear,768,,129,6,0x0765a6307b9ee5f9,RFF-int-spectrum-U0-2pi,pennylane,,,,0,test_full,1200,test,0.8508333333333333,0.9047174425325686,0.8494017083230796,0.8326190710067749,0.0,0.05273787962553398,0.07345679991938137,82,52,0.5973879169905558,c5c7920-dirty,8f5e61236010,0.01,0.001 0.003 0.01 0.03,,30,300,1.0,128,0x0765a6307b9ee5f9,True,0.8266666666666667,1e-06
a7_20260824T115851Z,2026-08-24T13:29:40+00:00,hyperplanes_n_features20_n_hyperplanes3_dim_hyperplanes5_seed22,daf152204bbd72927ebe009bee77245588374523bc0144bb5e7d3d282686d97e,f087808ca635cff7ff23816ed69bcf872092e3ee826c2b73a96b833594ccb0d5,D_best,,2,linear,768,,129,6,0x0765a6307b9ee5f9,RFF-int-spectrum-U0-2pi,pennylane,,,,0,val_full,600,val,0.8433333333333334,0.8894324853228963,0.8429914035009576,0.8326190710067749,0.0,0.05273787962553398,0.07345679991938137,82,52,0.5973879169905558,c5c7920-dirty,8f5e61236010,0.01,0.001 0.003 0.01 0.03,,30,300,1.0,128,0x0765a6307b9ee5f9,True,0.8316666666666667,1e-06
a7_20260824T115851Z,2026-08-24T13:29:41+00:00,hyperplanes_n_features20_n_hyperplanes3_dim_hyperplanes5_seed22,daf152204bbd72927ebe009bee77245588374523bc0144bb5e7d3d282686d97e,f087808ca635cff7ff23816ed69bcf872092e3ee826c2b73a96b833594ccb0d5,D_best,,2,linear,3072,,513,6,0xac5b090c25741663,RFF-int-spectrum-U0-2pi,pennylane,,,,0,test_full,1200,test,0.8441666666666666,0.9099139655862345,0.8430548629562618,0.8345237970352173,0.0,0.06534239171924808,0.01649751235324154,139,109,1.1985974580748007,c5c7920-dirty,8f5e61236010,0.003,0.001 0.003 0.01 0.03,,30,300,1.0,512,0xac5b090c25741663,True,0.8358333333333333,0.0001
a7_20260824T115851Z,2026-08-24T13:29:41+00:00,hyperplanes_n_features20_n_hyperplanes3_dim_hyperplanes5_seed22,daf152204bbd72927ebe009bee77245588374523bc0144bb5e7d3d282686d97e,f087808ca635cff7ff23816ed69bcf872092e3ee826c2b73a96b833594ccb0d5,D_best,,2,linear,3072,,513,6,0xac5b090c25741663,RFF-int-spectrum-U0-2pi,pennylane,,,,0,val_full,600,val,0.8466666666666667,0.8978718199608611,0.8463781990626844,0.8345237970352173,0.0,0.06534239171924808,0.01649751235324154,139,109,1.1985974580748007,c5c7920-dirty,8f5e61236010,0.003,0.001 0.003 0.01 0.03,,30,300,1.0,512,0xac5b090c25741663,True,0.8466666666666667,0.0001
a7_20260824T115851Z,2026-08-24T13:33:46+00:00,hyperplanes_n_features20_n_hyperplanes3_dim_hyperplanes5_seed22,daf152204bbd72927ebe009bee77245588374523bc0144bb5e7d3d282686d97e,f087808ca635cff7ff23816ed69bcf872092e3ee826c2b73a96b833594ccb0d5,F,product,2,h3,35,20,22,5,0x47580f2ad4dd122e,U0-2pi,pennylane,,,,0,test_full,1200,test,0.8266666666666667,0.8833561202258682,0.8242748521543227,0.816428542137146,0.5621448755264282,0.006732317981635541,0.16710089748466672,78,48,609.7049078339478,c5c7920-dirty,8f5e61236010,0.01,0.001 0.003 0.01 0.03,,30,300,1.0,,,False,,
a7_20260824T115851Z,2026-08-24T13:33:46+00:00,hyperplanes_n_features20_n_hyperplanes3_dim_hyperplanes5_seed22,daf152204bbd72927ebe009bee77245588374523bc0144bb5e7d3d282686d97e,f087808ca635cff7ff23816ed69bcf872092e3ee826c2b73a96b833594ccb0d5,F,product,2,h3,35,20,22,5,0x47580f2ad4dd122e,U0-2pi,pennylane,,,,0,val_full,600,val,0.835,0.8644369329300836,0.8343701464736735,0.816428542137146,0.5621448755264282,0.006732317981635541,0.16710089748466672,78,48,609.7049078339478,c5c7920-dirty,8f5e61236010,0.01,0.001 0.003 0.01 0.03,,30,300,1.0,,,False,,
a7_20260824T115851Z,2026-08-24T13:33:54+00:00,hyperplanes_n_features20_n_hyperplanes3_dim_hyperplanes5_seed22,daf152204bbd72927ebe009bee77245588374523bc0144bb5e7d3d282686d97e,f087808ca635cff7ff23816ed69bcf872092e3ee826c2b73a96b833594ccb0d5,B,L1,2,h3,35,35,22,7,0xd86bbfc3a6142e24,U0-2pi,pennylane,,,,0,test_full,1200,test,0.6333333333333333,0.7083777955626696,0.6333078686019862,0.630476176738739,0.0,0.0019525964452529992,0.09012945479917624,82,52,8.437370708095841,c5c7920-dirty,8f5e61236010,0.01,0.001 0.003 0.01 0.03,,30,300,1.0,,,True,0.6408333333333334,1.0
a7_20260824T115851Z,2026-08-24T13:33:54+00:00,hyperplanes_n_features20_n_hyperplanes3_dim_hyperplanes5_seed22,daf152204bbd72927ebe009bee77245588374523bc0144bb5e7d3d282686d97e,f087808ca635cff7ff23816ed69bcf872092e3ee826c2b73a96b833594ccb0d5,B,L1,2,h3,35,35,22,7,0xd86bbfc3a6142e24,U0-2pi,pennylane,,,,0,val_full,600,val,0.6516666666666666,0.7124177192670343,0.6514488221805295,0.630476176738739,0.0,0.0019525964452529992,0.09012945479917624,82,52,8.437370708095841,c5c7920-dirty,8f5e61236010,0.01,0.001 0.003 0.01 0.03,,30,300,1.0,,,True,0.645,1.0
a7_20260824T115851Z,2026-08-24T13:35:54+00:00,hyperplanes_n_features20_n_hyperplanes3_dim_hyperplanes5_seed22,daf152204bbd72927ebe009bee77245588374523bc0144bb5e7d3d282686d97e,f087808ca635cff7ff23816ed69bcf872092e3ee826c2b73a96b833594ccb0d5,A,L1,2,h3,35,35,22,6,0x7f041defed10b1c8,U0-2pi,pennylane,,,,0,test_full,1200,test,0.8616666666666667,0.867467820461518,0.8593502433127819,0.8407142758369446,0.7835883498191833,0.023278416762692135,0.2402889210352137,66,36,585.5945210839855,c5c7920-dirty,8f5e61236010,0.01,0.001 0.003 0.01 0.03,,30,300,1.0,,,False,,
a7_20260824T115851Z,2026-08-24T13:35:54+00:00,hyperplanes_n_features20_n_hyperplanes3_dim_hyperplanes5_seed22,daf152204bbd72927ebe009bee77245588374523bc0144bb5e7d3d282686d97e,f087808ca635cff7ff23816ed69bcf872092e3ee826c2b73a96b833594ccb0d5,A,L1,2,h3,35,35,22,6,0x7f041defed10b1c8,U0-2pi,pennylane,,,,0,val_full,600,val,0.8533333333333334,0.8673834726916919,0.8521356319521457,0.8407142758369446,0.7835883498191833,0.023278416762692135,0.2402889210352137,66,36,585.5945210839855,c5c7920-dirty,8f5e61236010,0.01,0.001 0.003 0.01 0.03,,30,300,1.0,,,False,,
a7_20260824T115851Z,2026-08-24T13:36:04+00:00,hyperplanes_n_features20_n_hyperplanes3_dim_hyperplanes5_seed22,daf152204bbd72927ebe009bee77245588374523bc0144bb5e7d3d282686d97e,f087808ca635cff7ff23816ed69bcf872092e3ee826c2b73a96b833594ccb0d5,B,L2,2,h3,35,35,22,7,0x93234eaab96b5658,U0-2pi,pennylane,,,,0,test_full,1200,test,0.7866666666666666,0.8285341914543595,0.7854053268656884,0.7799999713897705,0.0,0.002662726551149448,0.07175694094861228,207,177,9.554616249981336,c5c7920-dirty,8f5e61236010,0.003,0.001 0.003 0.01 0.03,,30,300,1.0,,,True,0.7675,1e-06
a7_20260824T115851Z,2026-08-24T13:36:04+00:00,hyperplanes_n_features20_n_hyperplanes3_dim_hyperplanes5_seed22,daf152204bbd72927ebe009bee77245588374523bc0144bb5e7d3d282686d97e,f087808ca635cff7ff23816ed69bcf872092e3ee826c2b73a96b833594ccb0d5,B,L2,2,h3,35,35,22,7,0x93234eaab96b5658,U0-2pi,pennylane,,,,0,val_full,600,val,0.8083333333333333,0.8330368261875112,0.8081409413328365,0.7799999713897705,0.0,0.002662726551149448,0.07175694094861228,207,177,9.554616249981336,c5c7920-dirty,8f5e61236010,0.003,0.001 0.003 0.01 0.03,,30,300,1.0,,,True,0.7716666666666666,1e-06
a7_20260824T115851Z,2026-08-24T13:38:17+00:00,hyperplanes_n_features20_n_hyperplanes3_dim_hyperplanes5_seed22,daf152204bbd72927ebe009bee77245588374523bc0144bb5e7d3d282686d97e,f087808ca635cff7ff23816ed69bcf872092e3ee826c2b73a96b833594ccb0d5,F,product,2,h3,35,20,22,6,0x5a38e794abf67abb,U0-2pi,pennylane,,,,0,test_full,1200,test,0.8216666666666667,0.8489145658263304,0.8185205182058972,0.8107143044471741,0.6802512407302856,0.03556727890173535,0.03923898057466717,73,43,572.8788333330303,c5c7920-dirty,8f5e61236010,0.01,0.001 0.003 0.01 0.03,,30,300,1.0,,,False,,
a7_20260824T115851Z,2026-08-24T13:38:17+00:00,hyperplanes_n_features20_n_hyperplanes3_dim_hyperplanes5_seed22,daf152204bbd72927ebe009bee77245588374523bc0144bb5e7d3d282686d97e,f087808ca635cff7ff23816ed69bcf872092e3ee826c2b73a96b833594ccb0d5,F,product,2,h3,35,20,22,6,0x5a38e794abf67abb,U0-2pi,pennylane,,,,0,val_full,600,val,0.83,0.8500878402419499,0.8288111888111889,0.8107143044471741,0.6802512407302856,0.03556727890173535,0.03923898057466717,73,43,572.8788333330303,c5c7920-dirty,8f5e61236010,0.01,0.001 0.003 0.01 0.03,,30,300,1.0,,,False,,
a7_20260824T115851Z,2026-08-24T13:40:47+00:00,hyperplanes_n_features20_n_hyperplanes3_dim_hyperplanes5_seed22,daf152204bbd72927ebe009bee77245588374523bc0144bb5e7d3d282686d97e,f087808ca635cff7ff23816ed69bcf872092e3ee826c2b73a96b833594ccb0d5,F,product,2,h3,35,20,22,7,0x9bb488a3f99e440c,U0-2pi,pennylane,,,,0,test_full,1200,test,0.8175,0.8485060690943043,0.8147196365459172,0.8078571557998657,0.3073970377445221,0.0022777494049098564,0.03984669380677824,35,5,283.1659104580758,c5c7920-dirty,8f5e61236010,0.003,0.001 0.003 0.01 0.03,,30,300,1.0,,,False,,
a7_20260824T115851Z,2026-08-24T13:40:47+00:00,hyperplanes_n_features20_n_hyperplanes3_dim_hyperplanes5_seed22,daf152204bbd72927ebe009bee77245588374523bc0144bb5e7d3d282686d97e,f087808ca635cff7ff23816ed69bcf872092e3ee826c2b73a96b833594ccb0d5,F,product,2,h3,35,20,22,7,0x9bb488a3f99e440c,U0-2pi,pennylane,,,,0,val_full,600,val,0.8166666666666667,0.8457681017612524,0.815582702775201,0.8078571557998657,0.3073970377445221,0.0022777494049098564,0.03984669380677824,35,5,283.1659104580758,c5c7920-dirty,8f5e61236010,0.003,0.001 0.003 0.01 0.03,,30,300,1.0,,,False,,
a7_20260824T115851Z,2026-08-24T13:40:47+00:00,hyperplanes_n_features20_n_hyperplanes3_dim_hyperplanes5_seed22,daf152204bbd72927ebe009bee77245588374523bc0144bb5e7d3d282686d97e,f087808ca635cff7ff23816ed69bcf872092e3ee826c2b73a96b833594ccb0d5,E,,,h3,0,,22,7,,,pennylane,,,,0,test_full,1200,test,0.8366666666666667,0.8611555733404472,0.8343470654357263,0.8157142996788025,0.0,0.00764605068411872,0.1283667700831683,69,39,0.6820970829576254,c5c7920-dirty,8f5e61236010,0.1,0.001 0.003 0.01 0.03 0.1,,30,300,1.0,,,True,0.775,1e-06
a7_20260824T115851Z,2026-08-24T13:40:47+00:00,hyperplanes_n_features20_n_hyperplanes3_dim_hyperplanes5_seed22,daf152204bbd72927ebe009bee77245588374523bc0144bb5e7d3d282686d97e,f087808ca635cff7ff23816ed69bcf872092e3ee826c2b73a96b833594ccb0d5,E,,,h3,0,,22,7,,,pennylane,,,,0,val_full,600,val,0.8383333333333334,0.861746130581747,0.8377813392794927,0.8157142996788025,0.0,0.00764605068411872,0.1283667700831683,69,39,0.6820970829576254,c5c7920-dirty,8f5e61236010,0.1,0.001 0.003 0.01 0.03 0.1,,30,300,1.0,,,True,0.775,1e-06
a7_20260824T115851Z,2026-08-24T13:40:48+00:00,hyperplanes_n_features20_n_hyperplanes3_dim_hyperplanes5_seed22,daf152204bbd72927ebe009bee77245588374523bc0144bb5e7d3d282686d97e,f087808ca635cff7ff23816ed69bcf872092e3ee826c2b73a96b833594ccb0d5,D_matched,,2,h3,30,,22,7,0x1faf6886a6db9d45,RFF-int-spectrum-U0-2pi,pennylane,,,,0,test_full,1200,test,0.7408333333333333,0.7958808523409364,0.7406126739761255,0.7400000095367432,0.0,0.007940910302523052,0.04059449395549148,42,12,0.43111208302434534,c5c7920-dirty,8f5e61236010,0.003,0.001 0.003 0.01 0.03,,30,300,1.0,,0x1faf6886a6db9d45,True,0.7391666666666666,1e-06
a7_20260824T115851Z,2026-08-24T13:40:48+00:00,hyperplanes_n_features20_n_hyperplanes3_dim_hyperplanes5_seed22,daf152204bbd72927ebe009bee77245588374523bc0144bb5e7d3d282686d97e,f087808ca635cff7ff23816ed69bcf872092e3ee826c2b73a96b833594ccb0d5,D_matched,,2,h3,30,,22,7,0x1faf6886a6db9d45,RFF-int-spectrum-U0-2pi,pennylane,,,,0,val_full,600,val,0.7633333333333333,0.8095089841665184,0.7633307036744853,0.7400000095367432,0.0,0.007940910302523052,0.04059449395549148,42,12,0.43111208302434534,c5c7920-dirty,8f5e61236010,0.003,0.001 0.003 0.01 0.03,,30,300,1.0,,0x1faf6886a6db9d45,True,0.7483333333333333,1e-06
a7_20260824T115851Z,2026-08-24T13:40:48+00:00,hyperplanes_n_features20_n_hyperplanes3_dim_hyperplanes5_seed22,daf152204bbd72927ebe009bee77245588374523bc0144bb5e7d3d282686d97e,f087808ca635cff7ff23816ed69bcf872092e3ee826c2b73a96b833594ccb0d5,D_matched,,2,h3,30,,22,7,0x1faf6886a6db9d45,RFF-int-spectrum-U0-2pi,pennylane,,,,0,test_full,1200,test,0.7483333333333333,0.7955070917255791,0.7477025898078529,0.7454761862754822,0.0,0.007940910302523052,0.026738481976154815,35,5,0.3629292080877349,c5c7920-dirty,8f5e61236010,0.01,0.001 0.003 0.01 0.03,,30,300,1.0,,0x1faf6886a6db9d45,True,0.7391666666666666,1e-06
a7_20260824T115851Z,2026-08-24T13:40:48+00:00,hyperplanes_n_features20_n_hyperplanes3_dim_hyperplanes5_seed22,daf152204bbd72927ebe009bee77245588374523bc0144bb5e7d3d282686d97e,f087808ca635cff7ff23816ed69bcf872092e3ee826c2b73a96b833594ccb0d5,D_matched,,2,h3,30,,22,7,0x1faf6886a6db9d45,RFF-int-spectrum-U0-2pi,pennylane,,,,0,val_full,600,val,0.765,0.8067459082013877,0.7648530331457161,0.7454761862754822,0.0,0.007940910302523052,0.026738481976154815,35,5,0.3629292080877349,c5c7920-dirty,8f5e61236010,0.01,0.001 0.003 0.01 0.03,,30,300,1.0,,0x1faf6886a6db9d45,True,0.7483333333333333,1e-06
a7_20260824T115851Z,2026-08-24T13:40:49+00:00,hyperplanes_n_features20_n_hyperplanes3_dim_hyperplanes5_seed22,daf152204bbd72927ebe009bee77245588374523bc0144bb5e7d3d282686d97e,f087808ca635cff7ff23816ed69bcf872092e3ee826c2b73a96b833594ccb0d5,D_best,,2,linear,192,,33,7,0x0b43632cc101e959,RFF-int-spectrum-U0-2pi,pennylane,,,,0,test_full,1200,test,0.835,0.8938158596772041,0.8333889638420393,0.8178571462631226,0.0,0.09248543591370698,0.033790009345511046,78,48,0.5188633339712396,c5c7920-dirty,8f5e61236010,0.03,0.001 0.003 0.01 0.03,,30,300,1.0,32,0x0b43632cc101e959,True,0.8233333333333334,1.0
a7_20260824T115851Z,2026-08-24T13:40:49+00:00,hyperplanes_n_features20_n_hyperplanes3_dim_hyperplanes5_seed22,daf152204bbd72927ebe009bee77245588374523bc0144bb5e7d3d282686d97e,f087808ca635cff7ff23816ed69bcf872092e3ee826c2b73a96b833594ccb0d5,D_best,,2,linear,192,,33,7,0x0b43632cc101e959,RFF-int-spectrum-U0-2pi,pennylane,,,,0,val_full,600,val,0.835,0.8757116171499734,0.834558362740538,0.8178571462631226,0.0,0.09248543591370698,0.033790009345511046,78,48,0.5188633339712396,c5c7920-dirty,8f5e61236010,0.03,0.001 0.003 0.01 0.03,,30,300,1.0,32,0x0b43632cc101e959,True,0.8233333333333334,1.0
a7_20260824T115851Z,2026-08-24T13:40:49+00:00,hyperplanes_n_features20_n_hyperplanes3_dim_hyperplanes5_seed22,daf152204bbd72927ebe009bee77245588374523bc0144bb5e7d3d282686d97e,f087808ca635cff7ff23816ed69bcf872092e3ee826c2b73a96b833594ccb0d5,D_best,,2,linear,768,,129,7,0x7c054db42ab0a66c,RFF-int-spectrum-U0-2pi,pennylane,,,,0,test_full,1200,test,0.8466666666666667,0.9031251389444667,0.8452203367018473,0.8261904716491699,0.0,0.05116973336248429,0.04980303742330505,74,44,0.5504871669691056,c5c7920-dirty,8f5e61236010,0.01,0.001 0.003 0.01 0.03,,30,300,1.0,128,0x7c054db42ab0a66c,True,0.8191666666666667,1e-06
a7_20260824T115851Z,2026-08-24T13:40:49+00:00,hyperplanes_n_features20_n_hyperplanes3_dim_hyperplanes5_seed22,daf152204bbd72927ebe009bee77245588374523bc0144bb5e7d3d282686d97e,f087808ca635cff7ff23816ed69bcf872092e3ee826c2b73a96b833594ccb0d5,D_best,,2,linear,768,,129,7,0x7c054db42ab0a66c,RFF-int-spectrum-U0-2pi,pennylane,,,,0,val_full,600,val,0.8483333333333334,0.8952366127023661,0.8479273839332218,0.8261904716491699,0.0,0.05116973336248429,0.04980303742330505,74,44,0.5504871669691056,c5c7920-dirty,8f5e61236010,0.01,0.001 0.003 0.01 0.03,,30,300,1.0,128,0x7c054db42ab0a66c,True,0.8383333333333334,1e-06
a7_20260824T115851Z,2026-08-24T13:40:50+00:00,hyperplanes_n_features20_n_hyperplanes3_dim_hyperplanes5_seed22,daf152204bbd72927ebe009bee77245588374523bc0144bb5e7d3d282686d97e,f087808ca635cff7ff23816ed69bcf872092e3ee826c2b73a96b833594ccb0d5,D_best,,2,linear,3072,,513,7,0xbd1cf10942c2e933,RFF-int-spectrum-U0-2pi,pennylane,,,,0,test_full,1200,test,0.8516666666666667,0.9080548886221156,0.8503157664589587,0.8304761648178101,0.0,0.056933027105682536,0.09994552344048917,77,47,0.7064705829834566,c5c7920-dirty,8f5e61236010,0.003,0.001 0.003 0.01 0.03,,30,300,1.0,512,0xbd1cf10942c2e933,True,0.8425,0.0001
a7_20260824T115851Z,2026-08-24T13:40:50+00:00,hyperplanes_n_features20_n_hyperplanes3_dim_hyperplanes5_seed22,daf152204bbd72927ebe009bee77245588374523bc0144bb5e7d3d282686d97e,f087808ca635cff7ff23816ed69bcf872092e3ee826c2b73a96b833594ccb0d5,D_best,,2,linear,3072,,513,7,0xbd1cf10942c2e933,RFF-int-spectrum-U0-2pi,pennylane,,,,0,val_full,600,val,0.85,0.8921788827610745,0.8497596153846154,0.8304761648178101,0.0,0.056933027105682536,0.09994552344048917,77,47,0.7064705829834566,c5c7920-dirty,8f5e61236010,0.003,0.001 0.003 0.01 0.03,,30,300,1.0,512,0xbd1cf10942c2e933,True,0.8533333333333334,0.0001
a7_20260824T115851Z,2026-08-24T13:41:15+00:00,hyperplanes_n_features20_n_hyperplanes3_dim_hyperplanes5_seed22,daf152204bbd72927ebe009bee77245588374523bc0144bb5e7d3d282686d97e,f087808ca635cff7ff23816ed69bcf872092e3ee826c2b73a96b833594ccb0d5,A,L2,2,h3,35,35,22,5,0xf9ea9d8280d97e94,U0-2pi,pennylane,,,,0,test_full,1200,test,0.8608333333333333,0.8691504379529589,0.85808481061333,0.8454762101173401,0.6308687329292297,0.006516541822505052,0.04031103916653886,152,122,1326.621814916958,c5c7920-dirty,8f5e61236010,0.003,0.001 0.003 0.01 0.03,,30,300,1.0,,,False,,
a7_20260824T115851Z,2026-08-24T13:41:15+00:00,hyperplanes_n_features20_n_hyperplanes3_dim_hyperplanes5_seed22,daf152204bbd72927ebe009bee77245588374523bc0144bb5e7d3d282686d97e,f087808ca635cff7ff23816ed69bcf872092e3ee826c2b73a96b833594ccb0d5,A,L2,2,h3,35,35,22,5,0xf9ea9d8280d97e94,U0-2pi,pennylane,,,,0,val_full,600,val,0.8583333333333333,0.8704022860700943,0.8573821515160837,0.8454762101173401,0.6308687329292297,0.006516541822505052,0.04031103916653886,152,122,1326.621814916958,c5c7920-dirty,8f5e61236010,0.003,0.001 0.003 0.01 0.03,,30,300,1.0,,,False,,
a7_20260824T115851Z,2026-08-24T13:41:20+00:00,hyperplanes_n_features20_n_hyperplanes3_dim_hyperplanes5_seed22,daf152204bbd72927ebe009bee77245588374523bc0144bb5e7d3d282686d97e,f087808ca635cff7ff23816ed69bcf872092e3ee826c2b73a96b833594ccb0d5,A,L2,2,h3,35,35,22,4,0xc9f964aa2896fb2f,U0-2pi,pennylane,,,,0,test_full,1200,test,0.8591666666666666,0.8642846027299809,0.8567771323646252,0.8411904573440552,0.795289158821106,0.011922956825574808,0.5154861048050816,185,155,1603.8697264160728,c5c7920-dirty,8f5e61236010,0.003,0.001 0.003 0.01 0.03,,30,300,1.0,,,False,,
a7_20260824T115851Z,2026-08-24T13:41:20+00:00,hyperplanes_n_features20_n_hyperplanes3_dim_hyperplanes5_seed22,daf152204bbd72927ebe009bee77245588374523bc0144bb5e7d3d282686d97e,f087808ca635cff7ff23816ed69bcf872092e3ee826c2b73a96b833594ccb0d5,A,L2,2,h3,35,35,22,4,0xc9f964aa2896fb2f,U0-2pi,pennylane,,,,0,val_full,600,val,0.8583333333333333,0.8697407045009785,0.8574586839803126,0.8411904573440552,0.795289158821106,0.011922956825574808,0.5154861048050816,185,155,1603.8697264160728,c5c7920-dirty,8f5e61236010,0.003,0.001 0.003 0.01 0.03,,30,300,1.0,,,False,,
a7_20260824T115851Z,2026-08-24T13:41:25+00:00,hyperplanes_n_features20_n_hyperplanes3_dim_hyperplanes5_seed22,daf152204bbd72927ebe009bee77245588374523bc0144bb5e7d3d282686d97e,f087808ca635cff7ff23816ed69bcf872092e3ee826c2b73a96b833594ccb0d5,B,L1,2,h3,35,35,22,8,0xe2c241f58beaa0b8,U0-2pi,pennylane,,,,0,test_full,1200,test,0.7375,0.8016915099373082,0.7357011157188615,0.7371428608894348,0.0,0.01920313963473726,0.053416442657080405,180,150,9.388955874950625,c5c7920-dirty,8f5e61236010,0.01,0.001 0.003 0.01 0.03,,30,300,1.0,,,True,0.7358333333333333,1e-06
a7_20260824T115851Z,2026-08-24T13:41:25+00:00,hyperplanes_n_features20_n_hyperplanes3_dim_hyperplanes5_seed22,daf152204bbd72927ebe009bee77245588374523bc0144bb5e7d3d282686d97e,f087808ca635cff7ff23816ed69bcf872092e3ee826c2b73a96b833594ccb0d5,B,L1,2,h3,35,35,22,8,0xe2c241f58beaa0b8,U0-2pi,pennylane,,,,0,val_full,600,val,0.755,0.7907400818359723,0.7524412047861367,0.7371428608894348,0.0,0.01920313963473726,0.053416442657080405,180,150,9.388955874950625,c5c7920-dirty,8f5e61236010,0.01,0.001 0.003 0.01 0.03,,30,300,1.0,,,True,0.735,1e-06
a7_20260824T115851Z,2026-08-24T13:41:31+00:00,hyperplanes_n_features20_n_hyperplanes3_dim_hyperplanes5_seed22,daf152204bbd72927ebe009bee77245588374523bc0144bb5e7d3d282686d97e,f087808ca635cff7ff23816ed69bcf872092e3ee826c2b73a96b833594ccb0d5,A,L2,2,h3,35,35,22,7,0x93234eaab96b5658,U0-2pi,pennylane,,,,0,test_full,1200,test,0.8125,0.8532496331866081,0.8100238455254635,0.8019047379493713,0.4444837272167206,0.0017896138787095704,0.06948424338306017,52,22,456.78589658392593,c5c7920-dirty,8f5e61236010,0.003,0.001 0.003 0.01 0.03,,30,300,1.0,,,False,,
a7_20260824T115851Z,2026-08-24T13:41:31+00:00,hyperplanes_n_features20_n_hyperplanes3_dim_hyperplanes5_seed22,daf152204bbd72927ebe009bee77245588374523bc0144bb5e7d3d282686d97e,f087808ca635cff7ff23816ed69bcf872092e3ee826c2b73a96b833594ccb0d5,A,L2,2,h3,35,35,22,7,0x93234eaab96b5658,U0-2pi,pennylane,,,,0,val_full,600,val,0.8133333333333334,0.8533623910336239,0.8128008557675166,0.8019047379493713,0.4444837272167206,0.0017896138787095704,0.06948424338306017,52,22,456.78589658392593,c5c7920-dirty,8f5e61236010,0.003,0.001 0.003 0.01 0.03,,30,300,1.0,,,False,,
a7_20260824T115851Z,2026-08-24T13:41:34+00:00,hyperplanes_n_features20_n_hyperplanes3_dim_hyperplanes5_seed22,daf152204bbd72927ebe009bee77245588374523bc0144bb5e7d3d282686d97e,f087808ca635cff7ff23816ed69bcf872092e3ee826c2b73a96b833594ccb0d5,B,L2,2,h3,35,35,22,8,0x3c7362638e9ada30,U0-2pi,pennylane,,,,0,test_full,1200,test,0.81,0.8504054399537593,0.8089252042740415,0.79666668176651,0.0,0.018336059127509338,0.07721371593523702,167,137,9.03162279096432,c5c7920-dirty,8f5e61236010,0.003,0.001 0.003 0.01 0.03,,30,300,1.0,,,True,0.7791666666666667,1e-06
a7_20260824T115851Z,2026-08-24T13:41:34+00:00,hyperplanes_n_features20_n_hyperplanes3_dim_hyperplanes5_seed22,daf152204bbd72927ebe009bee77245588374523bc0144bb5e7d3d282686d97e,f087808ca635cff7ff23816ed69bcf872092e3ee826c2b73a96b833594ccb0d5,B,L2,2,h3,35,35,22,8,0x3c7362638e9ada30,U0-2pi,pennylane,,,,0,val_full,600,val,0.8116666666666666,0.8442670343355275,0.8115153553825154,0.79666668176651,0.0,0.018336059127509338,0.07721371593523702,167,137,9.03162279096432,c5c7920-dirty,8f5e61236010,0.003,0.001 0.003 0.01 0.03,,30,300,1.0,,,True,0.7733333333333333,1e-06
a7_20260824T115851Z,2026-08-24T13:42:00+00:00,hyperplanes_n_features20_n_hyperplanes3_dim_hyperplanes5_seed22,daf152204bbd72927ebe009bee77245588374523bc0144bb5e7d3d282686d97e,f087808ca635cff7ff23816ed69bcf872092e3ee826c2b73a96b833594ccb0d5,A,L1,2,h3,35,35,22,5,0x2560fc84838de57f,U0-2pi,pennylane,,,,0,test_full,1200,test,0.8683333333333333,0.8738495398159264,0.8656367372971441,0.8495237827301025,1.0261396169662476,0.0013079094398430167,0.025767370790277345,170,140,1474.1742502920097,c5c7920-dirty,8f5e61236010,0.01,0.001 0.003 0.01 0.03,,30,300,1.0,,,False,,
a7_20260824T115851Z,2026-08-24T13:42:00+00:00,hyperplanes_n_features20_n_hyperplanes3_dim_hyperplanes5_seed22,daf152204bbd72927ebe009bee77245588374523bc0144bb5e7d3d282686d97e,f087808ca635cff7ff23816ed69bcf872092e3ee826c2b73a96b833594ccb0d5,A,L1,2,h3,35,35,22,5,0x2560fc84838de57f,U0-2pi,pennylane,,,,0,val_full,600,val,0.8683333333333333,0.8732265166340508,0.8671342196658174,0.8495237827301025,1.0261396169662476,0.0013079094398430167,0.025767370790277345,170,140,1474.1742502920097,c5c7920-dirty,8f5e61236010,0.01,0.001 0.003 0.01 0.03,,30,300,1.0,,,False,,
a7_20260824T115851Z,2026-08-24T13:42:01+00:00,hyperplanes_n_features20_n_hyperplanes3_dim_hyperplanes5_seed22,daf152204bbd72927ebe009bee77245588374523bc0144bb5e7d3d282686d97e,f087808ca635cff7ff23816ed69bcf872092e3ee826c2b73a96b833594ccb0d5,E,,,h3,0,,22,8,,,pennylane,,,,0,test_full,1200,test,0.8233333333333334,0.8395844448890667,0.8210346224843545,0.8114285469055176,0.0,0.019053327143113905,0.02203112929325022,36,6,0.35952683398500085,c5c7920-dirty,8f5e61236010,0.1,0.001 0.003 0.01 0.03 0.1,,30,300,1.0,,,True,0.775,1e-06
a7_20260824T115851Z,2026-08-24T13:42:01+00:00,hyperplanes_n_features20_n_hyperplanes3_dim_hyperplanes5_seed22,daf152204bbd72927ebe009bee77245588374523bc0144bb5e7d3d282686d97e,f087808ca635cff7ff23816ed69bcf872092e3ee826c2b73a96b833594ccb0d5,E,,,h3,0,,22,8,,,pennylane,,,,0,val_full,600,val,0.82,0.8402864259028643,0.8191136569189026,0.8114285469055176,0.0,0.019053327143113905,0.02203112929325022,36,6,0.35952683398500085,c5c7920-dirty,8f5e61236010,0.1,0.001 0.003 0.01 0.03 0.1,,30,300,1.0,,,True,0.775,1e-06
a7_20260824T115851Z,2026-08-24T13:42:01+00:00,hyperplanes_n_features20_n_hyperplanes3_dim_hyperplanes5_seed22,daf152204bbd72927ebe009bee77245588374523bc0144bb5e7d3d282686d97e,f087808ca635cff7ff23816ed69bcf872092e3ee826c2b73a96b833594ccb0d5,D_matched,,2,h3,30,,22,8,0x25c7a59bcb8f24fd,RFF-int-spectrum-U0-2pi,pennylane,,,,0,test_full,1200,test,0.6325,0.6749005157618603,0.6324793269621416,0.6349999904632568,0.0,0.01911736754731998,0.012394687714038854,63,33,0.6241404160391539,c5c7920-dirty,8f5e61236010,0.003,0.001 0.003 0.01 0.03,,30,300,1.0,,0x25c7a59bcb8f24fd,True,0.6316666666666667,1e-06
a7_20260824T115851Z,2026-08-24T13:42:01+00:00,hyperplanes_n_features20_n_hyperplanes3_dim_hyperplanes5_seed22,daf152204bbd72927ebe009bee77245588374523bc0144bb5e7d3d282686d97e,f087808ca635cff7ff23816ed69bcf872092e3ee826c2b73a96b833594ccb0d5,D_matched,,2,h3,30,,22,8,0x25c7a59bcb8f24fd,RFF-int-spectrum-U0-2pi,pennylane,,,,0,val_full,600,val,0.6133333333333333,0.6363302793097314,0.6123642439431913,0.6349999904632568,0.0,0.01911736754731998,0.012394687714038854,63,33,0.6241404160391539,c5c7920-dirty,8f5e61236010,0.003,0.001 0.003 0.01 0.03,,30,300,1.0,,0x25c7a59bcb8f24fd,True,0.6116666666666667,1e-06
a7_20260824T115851Z,2026-08-24T13:42:02+00:00,hyperplanes_n_features20_n_hyperplanes3_dim_hyperplanes5_seed22,daf152204bbd72927ebe009bee77245588374523bc0144bb5e7d3d282686d97e,f087808ca635cff7ff23816ed69bcf872092e3ee826c2b73a96b833594ccb0d5,D_matched,,2,h3,30,,22,8,0x25c7a59bcb8f24fd,RFF-int-spectrum-U0-2pi,pennylane,,,,0,test_full,1200,test,0.6266666666666667,0.6716380996843182,0.62640099626401,0.6309523582458496,0.0,0.01911736754731998,0.04819666177531377,114,84,1.1496057499898598,c5c7920-dirty,8f5e61236010,0.01,0.001 0.003 0.01 0.03,,30,300,1.0,,0x25c7a59bcb8f24fd,True,0.6316666666666667,1e-06
a7_20260824T115851Z,2026-08-24T13:42:02+00:00,hyperplanes_n_features20_n_hyperplanes3_dim_hyperplanes5_seed22,daf152204bbd72927ebe009bee77245588374523bc0144bb5e7d3d282686d97e,f087808ca635cff7ff23816ed69bcf872092e3ee826c2b73a96b833594ccb0d5,D_matched,,2,h3,30,,22,8,0x25c7a59bcb8f24fd,RFF-int-spectrum-U0-2pi,pennylane,,,,0,val_full,600,val,0.62,0.634551236434798,0.6171241771528369,0.6309523582458496,0.0,0.01911736754731998,0.04819666177531377,114,84,1.1496057499898598,c5c7920-dirty,8f5e61236010,0.01,0.001 0.003 0.01 0.03,,30,300,1.0,,0x25c7a59bcb8f24fd,True,0.6116666666666667,1e-06
a7_20260824T115851Z,2026-08-24T13:42:03+00:00,hyperplanes_n_features20_n_hyperplanes3_dim_hyperplanes5_seed22,daf152204bbd72927ebe009bee77245588374523bc0144bb5e7d3d282686d97e,f087808ca635cff7ff23816ed69bcf872092e3ee826c2b73a96b833594ccb0d5,D_best,,2,linear,192,,33,8,0xdead39ffa3b8d809,RFF-int-spectrum-U0-2pi,pennylane,,,,0,test_full,1200,test,0.8116666666666666,0.8707316259837268,0.8107831289995786,0.8092857003211975,0.0,0.044884699606781236,0.02981135643917384,43,13,0.30308270803652704,c5c7920-dirty,8f5e61236010,0.03,0.001 0.003 0.01 0.03,,30,300,1.0,32,0xdead39ffa3b8d809,True,0.8166666666666667,1.0
a7_20260824T115851Z,2026-08-24T13:42:03+00:00,hyperplanes_n_features20_n_hyperplanes3_dim_hyperplanes5_seed22,daf152204bbd72927ebe009bee77245588374523bc0144bb5e7d3d282686d97e,f087808ca635cff7ff23816ed69bcf872092e3ee826c2b73a96b833594ccb0d5,D_best,,2,linear,192,,33,8,0xdead39ffa3b8d809,RFF-int-spectrum-U0-2pi,pennylane,,,,0,val_full,600,val,0.8216666666666667,0.8655043586550437,0.8214479403936489,0.8092857003211975,0.0,0.044884699606781236,0.02981135643917384,43,13,0.30308270803652704,c5c7920-dirty,8f5e61236010,0.03,0.001 0.003 0.01 0.03,,30,300,1.0,32,0xdead39ffa3b8d809,True,0.8133333333333334,1.0
a7_20260824T115851Z,2026-08-24T13:42:03+00:00,hyperplanes_n_features20_n_hyperplanes3_dim_hyperplanes5_seed22,daf152204bbd72927ebe009bee77245588374523bc0144bb5e7d3d282686d97e,f087808ca635cff7ff23816ed69bcf872092e3ee826c2b73a96b833594ccb0d5,D_best,,2,linear,768,,129,8,0x7e666b538f76ff75,RFF-int-spectrum-U0-2pi,pennylane,,,,0,test_full,1200,test,0.8408333333333333,0.9034030278778178,0.8401404978103014,0.8278571367263794,0.0,0.056541181357439456,0.04160060120829832,89,59,0.6442709160037339,c5c7920-dirty,8f5e61236010,0.01,0.001 0.003 0.01 0.03,,30,300,1.0,128,0x7e666b538f76ff75,True,0.8241666666666667,1.0
a7_20260824T115851Z,2026-08-24T13:42:03+00:00,hyperplanes_n_features20_n_hyperplanes3_dim_hyperplanes5_seed22,daf152204bbd72927ebe009bee77245588374523bc0144bb5e7d3d282686d97e,f087808ca635cff7ff23816ed69bcf872092e3ee826c2b73a96b833594ccb0d5,D_best,,2,linear,768,,129,8,0x7e666b538f76ff75,RFF-int-spectrum-U0-2pi,pennylane,,,,0,val_full,600,val,0.8533333333333334,0.8913783134673546,0.8532289628180039,0.8278571367263794,0.0,0.056541181357439456,0.04160060120829832,89,59,0.6442709160037339,c5c7920-dirty,8f5e61236010,0.01,0.001 0.003 0.01 0.03,,30,300,1.0,128,0x7e666b538f76ff75,True,0.8316666666666667,1.0
a7_20260824T115851Z,2026-08-24T13:42:04+00:00,hyperplanes_n_features20_n_hyperplanes3_dim_hyperplanes5_seed22,daf152204bbd72927ebe009bee77245588374523bc0144bb5e7d3d282686d97e,f087808ca635cff7ff23816ed69bcf872092e3ee826c2b73a96b833594ccb0d5,D_best,,2,linear,3072,,513,8,0xef57d4b5699c3697,RFF-int-spectrum-U0-2pi,pennylane,,,,0,test_full,1200,test,0.8533333333333334,0.9046312969632297,0.8525036664571548,0.8354762196540833,0.0,0.06779846697201904,0.09045538035456951,74,44,0.6601147910114378,c5c7920-dirty,8f5e61236010,0.003,0.001 0.003 0.01 0.03,,30,300,1.0,512,0xef57d4b5699c3697,True,0.8391666666666666,0.0001
a7_20260824T115851Z,2026-08-24T13:42:04+00:00,hyperplanes_n_features20_n_hyperplanes3_dim_hyperplanes5_seed22,daf152204bbd72927ebe009bee77245588374523bc0144bb5e7d3d282686d97e,f087808ca635cff7ff23816ed69bcf872092e3ee826c2b73a96b833594ccb0d5,D_best,,2,linear,3072,,513,8,0xef57d4b5699c3697,RFF-int-spectrum-U0-2pi,pennylane,,,,0,val_full,600,val,0.85,0.8929127379469846,0.8498331479421579,0.8354762196540833,0.0,0.06779846697201904,0.09045538035456951,74,44,0.6601147910114378,c5c7920-dirty,8f5e61236010,0.003,0.001 0.003 0.01 0.03,,30,300,1.0,512,0xef57d4b5699c3697,True,0.8466666666666667,0.0001
a7_20260824T115851Z,2026-08-24T13:43:43+00:00,hyperplanes_n_features20_n_hyperplanes3_dim_hyperplanes5_seed22,daf152204bbd72927ebe009bee77245588374523bc0144bb5e7d3d282686d97e,f087808ca635cff7ff23816ed69bcf872092e3ee826c2b73a96b833594ccb0d5,F,product,2,h3,35,20,22,6,0x5a38e794abf67abb,U0-2pi,pennylane,,,,0,test_full,1200,test,0.8283333333333334,0.8933212173758392,0.8259645170374543,0.8157142996788025,0.5998225212097168,0.03556727890173535,0.14103368510822734,125,95,976.0652977500577,c5c7920-dirty,8f5e61236010,0.003,0.001 0.003 0.01 0.03,,30,300,1.0,,,False,,
a7_20260824T115851Z,2026-08-24T13:43:43+00:00,hyperplanes_n_features20_n_hyperplanes3_dim_hyperplanes5_seed22,daf152204bbd72927ebe009bee77245588374523bc0144bb5e7d3d282686d97e,f087808ca635cff7ff23816ed69bcf872092e3ee826c2b73a96b833594ccb0d5,F,product,2,h3,35,20,22,6,0x5a38e794abf67abb,U0-2pi,pennylane,,,,0,val_full,600,val,0.8366666666666667,0.8780188133784025,0.8360088800633653,0.8157142996788025,0.5998225212097168,0.03556727890173535,0.14103368510822734,125,95,976.0652977500577,c5c7920-dirty,8f5e61236010,0.003,0.001 0.003 0.01 0.03,,30,300,1.0,,,False,,
a7_20260824T115851Z,2026-08-24T13:43:51+00:00,hyperplanes_n_features20_n_hyperplanes3_dim_hyperplanes5_seed22,daf152204bbd72927ebe009bee77245588374523bc0144bb5e7d3d282686d97e,f087808ca635cff7ff23816ed69bcf872092e3ee826c2b73a96b833594ccb0d5,B,L1,2,h3,35,35,22,9,0x6714fd5b78bd8a7d,U0-2pi,pennylane,,,,0,test_full,1200,test,0.7641666666666667,0.8293150593570762,0.7639658737467637,0.7519047856330872,0.0,0.012196577212402714,0.10377598783596002,56,26,7.793946124962531,c5c7920-dirty,8f5e61236010,0.01,0.001 0.003 0.01 0.03,,30,300,1.0,,,True,0.7658333333333334,1e-06
a7_20260824T115851Z,2026-08-24T13:43:51+00:00,hyperplanes_n_features20_n_hyperplanes3_dim_hyperplanes5_seed22,daf152204bbd72927ebe009bee77245588374523bc0144bb5e7d3d282686d97e,f087808ca635cff7ff23816ed69bcf872092e3ee826c2b73a96b833594ccb0d5,B,L1,2,h3,35,35,22,9,0x6714fd5b78bd8a7d,U0-2pi,pennylane,,,,0,val_full,600,val,0.7716666666666666,0.8185042697028999,0.7716660324056456,0.7519047856330872,0.0,0.012196577212402714,0.10377598783596002,56,26,7.793946124962531,c5c7920-dirty,8f5e61236010,0.01,0.001 0.003 0.01 0.03,,30,300,1.0,,,True,0.755,1e-06
a7_20260824T115851Z,2026-08-24T13:46:41+00:00,hyperplanes_n_features20_n_hyperplanes3_dim_hyperplanes5_seed22,daf152204bbd72927ebe009bee77245588374523bc0144bb5e7d3d282686d97e,f087808ca635cff7ff23816ed69bcf872092e3ee826c2b73a96b833594ccb0d5,F,product,2,h3,35,20,22,8,0x4d0090b0ff939975,U0-2pi,pennylane,,,,0,test_full,1200,test,0.8125,0.846189864834823,0.8099500309359116,0.8047618865966797,0.26997342705726624,0.011572629646843963,0.0372222263068108,39,9,309.9493701669853,c5c7920-dirty,8f5e61236010,0.003,0.001 0.003 0.01 0.03,,30,300,1.0,,,False,,
a7_20260824T115851Z,2026-08-24T13:46:41+00:00,hyperplanes_n_features20_n_hyperplanes3_dim_hyperplanes5_seed22,daf152204bbd72927ebe009bee77245588374523bc0144bb5e7d3d282686d97e,f087808ca635cff7ff23816ed69bcf872092e3ee826c2b73a96b833594ccb0d5,F,product,2,h3,35,20,22,8,0x4d0090b0ff939975,U0-2pi,pennylane,,,,0,val_full,600,val,0.8166666666666667,0.8416985411848426,0.8160042820821625,0.8047618865966797,0.26997342705726624,0.011572629646843963,0.0372222263068108,39,9,309.9493701669853,c5c7920-dirty,8f5e61236010,0.003,0.001 0.003 0.01 0.03,,30,300,1.0,,,False,,
a7_20260824T115851Z,2026-08-24T13:46:47+00:00,hyperplanes_n_features20_n_hyperplanes3_dim_hyperplanes5_seed22,daf152204bbd72927ebe009bee77245588374523bc0144bb5e7d3d282686d97e,f087808ca635cff7ff23816ed69bcf872092e3ee826c2b73a96b833594ccb0d5,F,product,2,h3,35,20,22,5,0x47580f2ad4dd122e,U0-2pi,pennylane,,,,0,test_full,1200,test,0.8233333333333334,0.8878801520608244,0.8206045288894406,0.8166666626930237,0.4965742230415344,0.006732317981635541,0.11176833474587289,188,158,1460.7127384580672,c5c7920-dirty,8f5e61236010,0.003,0.001 0.003 0.01 0.03,,30,300,1.0,,,False,,
a7_20260824T115851Z,2026-08-24T13:46:47+00:00,hyperplanes_n_features20_n_hyperplanes3_dim_hyperplanes5_seed22,daf152204bbd72927ebe009bee77245588374523bc0144bb5e7d3d282686d97e,f087808ca635cff7ff23816ed69bcf872092e3ee826c2b73a96b833594ccb0d5,F,product,2,h3,35,20,22,5,0x47580f2ad4dd122e,U0-2pi,pennylane,,,,0,val_full,600,val,0.84,0.870296655399395,0.8391349032575182,0.8166666626930237,0.4965742230415344,0.006732317981635541,0.11176833474587289,188,158,1460.7127384580672,c5c7920-dirty,8f5e61236010,0.003,0.001 0.003 0.01 0.03,,30,300,1.0,,,False,,
a7_20260824T115851Z,2026-08-24T13:46:49+00:00,hyperplanes_n_features20_n_hyperplanes3_dim_hyperplanes5_seed22,daf152204bbd72927ebe009bee77245588374523bc0144bb5e7d3d282686d97e,f087808ca635cff7ff23816ed69bcf872092e3ee826c2b73a96b833594ccb0d5,B,L2,2,h3,35,35,22,9,0x37a73ff05100a2cc,U0-2pi,pennylane,,,,0,test_full,1200,test,0.6025,0.6553315770752746,0.5966102292147502,0.616428554058075,0.0,0.00888692748494235,0.0147792167482324,81,51,8.425346457981504,c5c7920-dirty,8f5e61236010,0.003,0.001 0.003 0.01 0.03,,30,300,1.0,,,True,0.6333333333333333,0.01
a7_20260824T115851Z,2026-08-24T13:46:49+00:00,hyperplanes_n_features20_n_hyperplanes3_dim_hyperplanes5_seed22,daf152204bbd72927ebe009bee77245588374523bc0144bb5e7d3d282686d97e,f087808ca635cff7ff23816ed69bcf872092e3ee826c2b73a96b833594ccb0d5,B,L2,2,h3,35,35,22,9,0x37a73ff05100a2cc,U0-2pi,pennylane,,,,0,val_full,600,val,0.5983333333333334,0.6178727094822986,0.5966290912438386,0.616428554058075,0.0,0.00888692748494235,0.0147792167482324,81,51,8.425346457981504,c5c7920-dirty,8f5e61236010,0.003,0.001 0.003 0.01 0.03,,30,300,1.0,,,True,0.6016666666666667,0.01
a7_20260824T115851Z,2026-08-24T13:47:10+00:00,hyperplanes_n_features20_n_hyperplanes3_dim_hyperplanes5_seed22,daf152204bbd72927ebe009bee77245588374523bc0144bb5e7d3d282686d97e,f087808ca635cff7ff23816ed69bcf872092e3ee826c2b73a96b833594ccb0d5,A,L1,2,h3,35,35,22,7,0xd86bbfc3a6142e24,U0-2pi,pennylane,,,,0,test_full,1200,test,0.835,0.8906118002756658,0.8329165623567203,0.8226190209388733,0.9430970549583435,0.0012614203568732149,0.16232597770168966,120,90,1049.0343125420623,c5c7920-dirty,8f5e61236010,0.01,0.001 0.003 0.01 0.03,,30,300,1.0,,,False,,
a7_20260824T115851Z,2026-08-24T13:47:10+00:00,hyperplanes_n_features20_n_hyperplanes3_dim_hyperplanes5_seed22,daf152204bbd72927ebe009bee77245588374523bc0144bb5e7d3d282686d97e,f087808ca635cff7ff23816ed69bcf872092e3ee826c2b73a96b833594ccb0d5,A,L1,2,h3,35,35,22,7,0xd86bbfc3a6142e24,U0-2pi,pennylane,,,,0,val_full,600,val,0.8416666666666667,0.8855630670699164,0.84092386951292,0.8226190209388733,0.9430970549583435,0.0012614203568732149,0.16232597770168966,120,90,1049.0343125420623,c5c7920-dirty,8f5e61236010,0.01,0.001 0.003 0.01 0.03,,30,300,1.0,,,False,,
a7_20260824T115851Z,2026-08-24T13:47:11+00:00,hyperplanes_n_features20_n_hyperplanes3_dim_hyperplanes5_seed22,daf152204bbd72927ebe009bee77245588374523bc0144bb5e7d3d282686d97e,f087808ca635cff7ff23816ed69bcf872092e3ee826c2b73a96b833594ccb0d5,E,,,h3,0,,22,9,,,pennylane,,,,0,test_full,1200,test,0.84,0.8773634453781513,0.8377277375696912,0.822857141494751,0.0,0.012859958038296924,0.027451908563190026,90,60,0.8910026249941438,c5c7920-dirty,8f5e61236010,0.1,0.001 0.003 0.01 0.03 0.1,,30,300,1.0,,,True,0.775,1e-06
a7_20260824T115851Z,2026-08-24T13:47:11+00:00,hyperplanes_n_features20_n_hyperplanes3_dim_hyperplanes5_seed22,daf152204bbd72927ebe009bee77245588374523bc0144bb5e7d3d282686d97e,f087808ca635cff7ff23816ed69bcf872092e3ee826c2b73a96b833594ccb0d5,E,,,h3,0,,22,9,,,pennylane,,,,0,val_full,600,val,0.8416666666666667,0.8820550169009073,0.8408492507350251,0.822857141494751,0.0,0.012859958038296924,0.027451908563190026,90,60,0.8910026249941438,c5c7920-dirty,8f5e61236010,0.1,0.001 0.003 0.01 0.03 0.1,,30,300,1.0,,,True,0.775,1e-06
a7_20260824T115851Z,2026-08-24T13:47:12+00:00,hyperplanes_n_features20_n_hyperplanes3_dim_hyperplanes5_seed22,daf152204bbd72927ebe009bee77245588374523bc0144bb5e7d3d282686d97e,f087808ca635cff7ff23816ed69bcf872092e3ee826c2b73a96b833594ccb0d5,D_matched,,2,h3,30,,22,9,0xa62498f8735d06b9,RFF-int-spectrum-U0-2pi,pennylane,,,,0,test_full,1200,test,0.7083333333333334,0.7714196789827041,0.7075526614100418,0.6819047331809998,0.0,0.020531733361805873,0.0367242863771078,66,36,0.6415966250933707,c5c7920-dirty,8f5e61236010,0.003,0.001 0.003 0.01 0.03,,30,300,1.0,,0xa62498f8735d06b9,True,0.6766666666666666,1.0
a7_20260824T115851Z,2026-08-24T13:47:12+00:00,hyperplanes_n_features20_n_hyperplanes3_dim_hyperplanes5_seed22,daf152204bbd72927ebe009bee77245588374523bc0144bb5e7d3d282686d97e,f087808ca635cff7ff23816ed69bcf872092e3ee826c2b73a96b833594ccb0d5,D_matched,,2,h3,30,,22,9,0xa62498f8735d06b9,RFF-int-spectrum-U0-2pi,pennylane,,,,0,val_full,600,val,0.715,0.7684575698274327,0.7149992083311343,0.6819047331809998,0.0,0.020531733361805873,0.0367242863771078,66,36,0.6415966250933707,c5c7920-dirty,8f5e61236010,0.003,0.001 0.003 0.01 0.03,,30,300,1.0,,0xa62498f8735d06b9,True,0.6766666666666666,1.0
a7_20260824T115851Z,2026-08-24T13:47:12+00:00,hyperplanes_n_features20_n_hyperplanes3_dim_hyperplanes5_seed22,daf152204bbd72927ebe009bee77245588374523bc0144bb5e7d3d282686d97e,f087808ca635cff7ff23816ed69bcf872092e3ee826c2b73a96b833594ccb0d5,D_matched,,2,h3,30,,22,9,0xa62498f8735d06b9,RFF-int-spectrum-U0-2pi,pennylane,,,,0,test_full,1200,test,0.7058333333333333,0.7666316526610644,0.7039780569192333,0.6892856955528259,0.0,0.020531733361805873,0.0355299507372531,40,10,0.39593220804817975,c5c7920-dirty,8f5e61236010,0.01,0.001 0.003 0.01 0.03,,30,300,1.0,,0xa62498f8735d06b9,True,0.6766666666666666,1.0
a7_20260824T115851Z,2026-08-24T13:47:12+00:00,hyperplanes_n_features20_n_hyperplanes3_dim_hyperplanes5_seed22,daf152204bbd72927ebe009bee77245588374523bc0144bb5e7d3d282686d97e,f087808ca635cff7ff23816ed69bcf872092e3ee826c2b73a96b833594ccb0d5,D_matched,,2,h3,30,,22,9,0xa62498f8735d06b9,RFF-int-spectrum-U0-2pi,pennylane,,,,0,val_full,600,val,0.715,0.761886230208148,0.7146504467973267,0.6892856955528259,0.0,0.020531733361805873,0.0355299507372531,40,10,0.39593220804817975,c5c7920-dirty,8f5e61236010,0.01,0.001 0.003 0.01 0.03,,30,300,1.0,,0xa62498f8735d06b9,True,0.6766666666666666,1.0
a7_20260824T115851Z,2026-08-24T13:47:13+00:00,hyperplanes_n_features20_n_hyperplanes3_dim_hyperplanes5_seed22,daf152204bbd72927ebe009bee77245588374523bc0144bb5e7d3d282686d97e,f087808ca635cff7ff23816ed69bcf872092e3ee826c2b73a96b833594ccb0d5,D_best,,2,linear,192,,33,9,0x82d30d660e805c92,RFF-int-spectrum-U0-2pi,pennylane,,,,0,test_full,1200,test,0.8383333333333334,0.8870214752567693,0.8375372659364217,0.813095211982727,0.0,0.06885261126342017,0.024359153499064368,149,119,1.0043059169547632,c5c7920-dirty,8f5e61236010,0.03,0.001 0.003 0.01 0.03,,30,300,1.0,32,0x82d30d660e805c92,True,0.8133333333333334,1e-06
a7_20260824T115851Z,2026-08-24T13:47:13+00:00,hyperplanes_n_features20_n_hyperplanes3_dim_hyperplanes5_seed22,daf152204bbd72927ebe009bee77245588374523bc0144bb5e7d3d282686d97e,f087808ca635cff7ff23816ed69bcf872092e3ee826c2b73a96b833594ccb0d5,D_best,,2,linear,192,,33,9,0x82d30d660e805c92,RFF-int-spectrum-U0-2pi,pennylane,,,,0,val_full,600,val,0.8316666666666667,0.8778242305639565,0.8316100689398381,0.813095211982727,0.0,0.06885261126342017,0.024359153499064368,149,119,1.0043059169547632,c5c7920-dirty,8f5e61236010,0.03,0.001 0.003 0.01 0.03,,30,300,1.0,32,0x82d30d660e805c92,True,0.8016666666666666,1e-06
a7_20260824T115851Z,2026-08-24T13:47:14+00:00,hyperplanes_n_features20_n_hyperplanes3_dim_hyperplanes5_seed22,daf152204bbd72927ebe009bee77245588374523bc0144bb5e7d3d282686d97e,f087808ca635cff7ff23816ed69bcf872092e3ee826c2b73a96b833594ccb0d5,D_best,,2,linear,768,,129,9,0x709aa72cd73e2b60,RFF-int-spectrum-U0-2pi,pennylane,,,,0,test_full,1200,test,0.8441666666666666,0.9046090658485615,0.842618977317916,0.8280952572822571,0.0,0.11665517667521634,0.05634646244103362,190,160,1.369976415997371,c5c7920-dirty,8f5e61236010,0.01,0.001 0.003 0.01 0.03,,30,300,1.0,128,0x709aa72cd73e2b60,True,0.8241666666666667,1e-06
a7_20260824T115851Z,2026-08-24T13:47:14+00:00,hyperplanes_n_features20_n_hyperplanes3_dim_hyperplanes5_seed22,daf152204bbd72927ebe009bee77245588374523bc0144bb5e7d3d282686d97e,f087808ca635cff7ff23816ed69bcf872092e3ee826c2b73a96b833594ccb0d5,D_best,,2,linear,768,,129,9,0x709aa72cd73e2b60,RFF-int-spectrum-U0-2pi,pennylane,,,,0,val_full,600,val,0.84,0.889988436221313,0.8397845992946071,0.8280952572822571,0.0,0.11665517667521634,0.05634646244103362,190,160,1.369976415997371,c5c7920-dirty,8f5e61236010,0.01,0.001 0.003 0.01 0.03,,30,300,1.0,128,0x709aa72cd73e2b60,True,0.8366666666666667,1e-06
a7_20260824T115851Z,2026-08-24T13:47:15+00:00,hyperplanes_n_features20_n_hyperplanes3_dim_hyperplanes5_seed22,daf152204bbd72927ebe009bee77245588374523bc0144bb5e7d3d282686d97e,f087808ca635cff7ff23816ed69bcf872092e3ee826c2b73a96b833594ccb0d5,D_best,,2,linear,3072,,513,9,0xf6b1cc10b76179ab,RFF-int-spectrum-U0-2pi,pennylane,,,,0,test_full,1200,test,0.8483333333333334,0.9067432528566982,0.8472727272727273,0.8321428298950195,0.0,0.09194367948504897,0.024949834340052452,92,62,0.8362697920529172,c5c7920-dirty,8f5e61236010,0.003,0.001 0.003 0.01 0.03,,30,300,1.0,512,0xf6b1cc10b76179ab,True,0.8408333333333333,0.0001
a7_20260824T115851Z,2026-08-24T13:47:15+00:00,hyperplanes_n_features20_n_hyperplanes3_dim_hyperplanes5_seed22,daf152204bbd72927ebe009bee77245588374523bc0144bb5e7d3d282686d97e,f087808ca635cff7ff23816ed69bcf872092e3ee826c2b73a96b833594ccb0d5,D_best,,2,linear,3072,,513,9,0xf6b1cc10b76179ab,RFF-int-spectrum-U0-2pi,pennylane,,,,0,val_full,600,val,0.8516666666666667,0.8939912826899129,0.8514086956521739,0.8321428298950195,0.0,0.09194367948504897,0.024949834340052452,92,62,0.8362697920529172,c5c7920-dirty,8f5e61236010,0.003,0.001 0.003 0.01 0.03,,30,300,1.0,512,0xf6b1cc10b76179ab,True,0.8416666666666667,0.0001
a7_20260824T115851Z,2026-08-24T13:48:56+00:00,hyperplanes_n_features20_n_hyperplanes3_dim_hyperplanes5_seed22,daf152204bbd72927ebe009bee77245588374523bc0144bb5e7d3d282686d97e,f087808ca635cff7ff23816ed69bcf872092e3ee826c2b73a96b833594ccb0d5,A,L2,2,h3,35,35,22,6,0xfed8b00a5c8d996d,U0-2pi,pennylane,,,,0,test_full,1200,test,0.8591666666666666,0.8966836734693877,0.8565193490166836,0.8383333086967468,0.8449992537498474,0.029387404164146126,0.16303520176616948,150,120,1302.7549896249548,c5c7920-dirty,8f5e61236010,0.003,0.001 0.003 0.01 0.03,,30,300,1.0,,,False,,
a7_20260824T115851Z,2026-08-24T13:48:56+00:00,hyperplanes_n_features20_n_hyperplanes3_dim_hyperplanes5_seed22,daf152204bbd72927ebe009bee77245588374523bc0144bb5e7d3d282686d97e,f087808ca635cff7ff23816ed69bcf872092e3ee826c2b73a96b833594ccb0d5,A,L2,2,h3,35,35,22,6,0xfed8b00a5c8d996d,U0-2pi,pennylane,,,,0,val_full,600,val,0.8583333333333333,0.8877646326276463,0.8570431477417022,0.8383333086967468,0.8449992537498474,0.029387404164146126,0.16303520176616948,150,120,1302.7549896249548,c5c7920-dirty,8f5e61236010,0.003,0.001 0.003 0.01 0.03,,30,300,1.0,,,False,,
a7_20260824T115851Z,2026-08-24T13:49:05+00:00,hyperplanes_n_features20_n_hyperplanes3_dim_hyperplanes5_seed22,daf152204bbd72927ebe009bee77245588374523bc0144bb5e7d3d282686d97e,f087808ca635cff7ff23816ed69bcf872092e3ee826c2b73a96b833594ccb0d5,B,L1,2,h3,35,35,22,10,0x7a100d81f77e2599,U0-2pi,pennylane,,,,0,test_full,1200,test,0.7533333333333333,0.7884320394824595,0.7514665711342976,0.7347618937492371,0.0,0.012424147500558206,0.17919136759653176,131,101,8.881775708985515,c5c7920-dirty,8f5e61236010,0.01,0.001 0.003 0.01 0.03,,30,300,1.0,,,True,0.7025,1e-06
a7_20260824T115851Z,2026-08-24T13:49:05+00:00,hyperplanes_n_features20_n_hyperplanes3_dim_hyperplanes5_seed22,daf152204bbd72927ebe009bee77245588374523bc0144bb5e7d3d282686d97e,f087808ca635cff7ff23816ed69bcf872092e3ee826c2b73a96b833594ccb0d5,B,L1,2,h3,35,35,22,10,0x7a100d81f77e2599,U0-2pi,pennylane,,,,0,val_full,600,val,0.75,0.784624621953389,0.7486482863398722,0.7347618937492371,0.0,0.012424147500558206,0.17919136759653176,131,101,8.881775708985515,c5c7920-dirty,8f5e61236010,0.01,0.001 0.003 0.01 0.03,,30,300,1.0,,,True,0.7266666666666667,1e-06
a7_20260824T115851Z,2026-08-24T13:52:20+00:00,hyperplanes_n_features20_n_hyperplanes3_dim_hyperplanes5_seed22,daf152204bbd72927ebe009bee77245588374523bc0144bb5e7d3d282686d97e,f087808ca635cff7ff23816ed69bcf872092e3ee826c2b73a96b833594ccb0d5,A,L1,2,h3,35,35,22,8,0xe2c241f58beaa0b8,U0-2pi,pennylane,,,,0,test_full,1200,test,0.8216666666666667,0.8717848250411275,0.8208705357142857,0.8154761791229248,1.0136359930038452,0.011930405600418578,0.1314099835745478,78,48,690.191752957995,c5c7920-dirty,8f5e61236010,0.01,0.001 0.003 0.01 0.03,,30,300,1.0,,,False,,
a7_20260824T115851Z,2026-08-24T13:52:20+00:00,hyperplanes_n_features20_n_hyperplanes3_dim_hyperplanes5_seed22,daf152204bbd72927ebe009bee77245588374523bc0144bb5e7d3d282686d97e,f087808ca635cff7ff23816ed69bcf872092e3ee826c2b73a96b833594ccb0d5,A,L1,2,h3,35,35,22,8,0xe2c241f58beaa0b8,U0-2pi,pennylane,,,,0,val_full,600,val,0.8216666666666667,0.8622576054082906,0.8215233896099925,0.8154761791229248,1.0136359930038452,0.011930405600418578,0.1314099835745478,78,48,690.191752957995,c5c7920-dirty,8f5e61236010,0.01,0.001 0.003 0.01 0.03,,30,300,1.0,,,False,,
a7_20260824T115851Z,2026-08-24T13:52:30+00:00,hyperplanes_n_features20_n_hyperplanes3_dim_hyperplanes5_seed22,daf152204bbd72927ebe009bee77245588374523bc0144bb5e7d3d282686d97e,f087808ca635cff7ff23816ed69bcf872092e3ee826c2b73a96b833594ccb0d5,B,L2,2,h3,35,35,22,10,0xca03f308d3264644,U0-2pi,pennylane,,,,0,test_full,1200,test,0.7691666666666667,0.8112911831399227,0.7689470058687738,0.7502381205558777,0.0,0.0138619158828716,0.08762429112715847,202,172,9.530734915984794,c5c7920-dirty,8f5e61236010,0.003,0.001 0.003 0.01 0.03,,30,300,1.0,,,True,0.7608333333333334,1.0
a7_20260824T115851Z,2026-08-24T13:52:30+00:00,hyperplanes_n_features20_n_hyperplanes3_dim_hyperplanes5_seed22,daf152204bbd72927ebe009bee77245588374523bc0144bb5e7d3d282686d97e,f087808ca635cff7ff23816ed69bcf872092e3ee826c2b73a96b833594ccb0d5,B,L2,2,h3,35,35,22,10,0xca03f308d3264644,U0-2pi,pennylane,,,,0,val_full,600,val,0.7833333333333333,0.8067570272193562,0.7824607592677295,0.7502381205558777,0.0,0.0138619158828716,0.08762429112715847,202,172,9.530734915984794,c5c7920-dirty,8f5e61236010,0.003,0.001 0.003 0.01 0.03,,30,300,1.0,,,True,0.77,1.0
a7_20260824T115851Z,2026-08-24T13:55:09+00:00,hyperplanes_n_features20_n_hyperplanes3_dim_hyperplanes5_seed22,daf152204bbd72927ebe009bee77245588374523bc0144bb5e7d3d282686d97e,f087808ca635cff7ff23816ed69bcf872092e3ee826c2b73a96b833594ccb0d5,A,L1,2,h3,35,35,22,9,0x6714fd5b78bd8a7d,U0-2pi,pennylane,,,,0,test_full,1200,test,0.8583333333333333,0.8943396803165711,0.855072463768116,0.8416666388511658,0.6984294056892395,0.007832300005749254,0.26210129010798094,90,60,785.3836524999933,c5c7920-dirty,8f5e61236010,0.01,0.001 0.003 0.01 0.03,,30,300,1.0,,,False,,
a7_20260824T115851Z,2026-08-24T13:55:09+00:00,hyperplanes_n_features20_n_hyperplanes3_dim_hyperplanes5_seed22,daf152204bbd72927ebe009bee77245588374523bc0144bb5e7d3d282686d97e,f087808ca635cff7ff23816ed69bcf872092e3ee826c2b73a96b833594ccb0d5,A,L1,2,h3,35,35,22,9,0x6714fd5b78bd8a7d,U0-2pi,pennylane,,,,0,val_full,600,val,0.8616666666666667,0.8927237146415228,0.8604068383830739,0.8416666388511658,0.6984294056892395,0.007832300005749254,0.26210129010798094,90,60,785.3836524999933,c5c7920-dirty,8f5e61236010,0.01,0.001 0.003 0.01 0.03,,30,300,1.0,,,False,,
a7_20260824T115851Z,2026-08-24T13:58:30+00:00,hyperplanes_n_features20_n_hyperplanes3_dim_hyperplanes5_seed22,daf152204bbd72927ebe009bee77245588374523bc0144bb5e7d3d282686d97e,f087808ca635cff7ff23816ed69bcf872092e3ee826c2b73a96b833594ccb0d5,F,product,2,h3,35,20,22,7,0x9bb488a3f99e440c,U0-2pi,pennylane,,,,0,test_full,1200,test,0.8275,0.8744775688052999,0.8267104494854682,0.8235714435577393,0.5985676050186157,0.0022777494049098564,0.05551361351737608,156,126,1212.8567999589723,c5c7920-dirty,8f5e61236010,0.01,0.001 0.003 0.01 0.03,,30,300,1.0,,,False,,
a7_20260824T115851Z,2026-08-24T13:58:30+00:00,hyperplanes_n_features20_n_hyperplanes3_dim_hyperplanes5_seed22,daf152204bbd72927ebe009bee77245588374523bc0144bb5e7d3d282686d97e,f087808ca635cff7ff23816ed69bcf872092e3ee826c2b73a96b833594ccb0d5,F,product,2,h3,35,20,22,7,0x9bb488a3f99e440c,U0-2pi,pennylane,,,,0,val_full,600,val,0.8416666666666667,0.8619017968333037,0.8416310336492377,0.8235714435577393,0.5985676050186157,0.0022777494049098564,0.05551361351737608,156,126,1212.8567999589723,c5c7920-dirty,8f5e61236010,0.01,0.001 0.003 0.01 0.03,,30,300,1.0,,,False,,
a7_20260824T115851Z,2026-08-24T13:58:30+00:00,hyperplanes_n_features20_n_hyperplanes3_dim_hyperplanes5_seed22,daf152204bbd72927ebe009bee77245588374523bc0144bb5e7d3d282686d97e,f087808ca635cff7ff23816ed69bcf872092e3ee826c2b73a96b833594ccb0d5,E,,,h3,0,,22,10,,,pennylane,,,,0,test_full,1200,test,0.8441666666666666,0.8685738184162554,0.8402882213986738,0.8247619271278381,0.0,0.01574643636506767,0.022410590301094987,78,48,0.8025803749915212,c5c7920-dirty,8f5e61236010,0.1,0.001 0.003 0.01 0.03 0.1,,30,300,1.0,,,True,0.775,1e-06
a7_20260824T115851Z,2026-08-24T13:58:30+00:00,hyperplanes_n_features20_n_hyperplanes3_dim_hyperplanes5_seed22,daf152204bbd72927ebe009bee77245588374523bc0144bb5e7d3d282686d97e,f087808ca635cff7ff23816ed69bcf872092e3ee826c2b73a96b833594ccb0d5,E,,,h3,0,,22,10,,,pennylane,,,,0,val_full,600,val,0.8466666666666667,0.8801147482654331,0.8451178451178452,0.8247619271278381,0.0,0.01574643636506767,0.022410590301094987,78,48,0.8025803749915212,c5c7920-dirty,8f5e61236010,0.1,0.001 0.003 0.01 0.03 0.1,,30,300,1.0,,,True,0.775,1e-06
a7_20260824T115851Z,2026-08-24T13:58:32+00:00,hyperplanes_n_features20_n_hyperplanes3_dim_hyperplanes5_seed22,daf152204bbd72927ebe009bee77245588374523bc0144bb5e7d3d282686d97e,f087808ca635cff7ff23816ed69bcf872092e3ee826c2b73a96b833594ccb0d5,D_matched,,2,h3,30,,22,10,0x77c729a7070b916f,RFF-int-spectrum-U0-2pi,pennylane,,,,0,test_full,1200,test,0.7416666666666667,0.8006633208839091,0.7416659490720807,0.7369047403335571,0.0,0.010134860875593501,0.12957301809704283,109,79,1.068858291953802,c5c7920-dirty,8f5e61236010,0.003,0.001 0.003 0.01 0.03,,30,300,1.0,,0x77c729a7070b916f,True,0.7316666666666667,1e-06
a7_20260824T115851Z,2026-08-24T13:58:32+00:00,hyperplanes_n_features20_n_hyperplanes3_dim_hyperplanes5_seed22,daf152204bbd72927ebe009bee77245588374523bc0144bb5e7d3d282686d97e,f087808ca635cff7ff23816ed69bcf872092e3ee826c2b73a96b833594ccb0d5,D_matched,,2,h3,30,,22,10,0x77c729a7070b916f,RFF-int-spectrum-U0-2pi,pennylane,,,,0,val_full,600,val,0.7266666666666667,0.7704311955168119,0.7258869673738635,0.7369047403335571,0.0,0.010134860875593501,0.12957301809704283,109,79,1.068858291953802,c5c7920-dirty,8f5e61236010,0.003,0.001 0.003 0.01 0.03,,30,300,1.0,,0x77c729a7070b916f,True,0.6983333333333334,1e-06
a7_20260824T115851Z,2026-08-24T13:58:33+00:00,hyperplanes_n_features20_n_hyperplanes3_dim_hyperplanes5_seed22,daf152204bbd72927ebe009bee77245588374523bc0144bb5e7d3d282686d97e,f087808ca635cff7ff23816ed69bcf872092e3ee826c2b73a96b833594ccb0d5,D_matched,,2,h3,30,,22,10,0x77c729a7070b916f,RFF-int-spectrum-U0-2pi,pennylane,,,,0,test_full,1200,test,0.7641666666666667,0.8252161975901472,0.7637399219005996,0.7507143020629883,0.0,0.010134860875593501,0.07387947075822966,112,82,1.0587429170263931,c5c7920-dirty,8f5e61236010,0.01,0.001 0.003 0.01 0.03,,30,300,1.0,,0x77c729a7070b916f,True,0.7316666666666667,1e-06
a7_20260824T115851Z,2026-08-24T13:58:33+00:00,hyperplanes_n_features20_n_hyperplanes3_dim_hyperplanes5_seed22,daf152204bbd72927ebe009bee77245588374523bc0144bb5e7d3d282686d97e,f087808ca635cff7ff23816ed69bcf872092e3ee826c2b73a96b833594ccb0d5,D_matched,,2,h3,30,,22,10,0x77c729a7070b916f,RFF-int-spectrum-U0-2pi,pennylane,,,,0,val_full,600,val,0.7483333333333333,0.7965442092154421,0.7482487169298571,0.7507143020629883,0.0,0.010134860875593501,0.07387947075822966,112,82,1.0587429170263931,c5c7920-dirty,8f5e61236010,0.01,0.001 0.003 0.01 0.03,,30,300,1.0,,0x77c729a7070b916f,True,0.6983333333333334,1e-06
a7_20260824T115851Z,2026-08-24T13:58:33+00:00,hyperplanes_n_features20_n_hyperplanes3_dim_hyperplanes5_seed22,daf152204bbd72927ebe009bee77245588374523bc0144bb5e7d3d282686d97e,f087808ca635cff7ff23816ed69bcf872092e3ee826c2b73a96b833594ccb0d5,D_best,,2,linear,192,,33,10,0x63746545ed6e9f8f,RFF-int-spectrum-U0-2pi,pennylane,,,,0,test_full,1200,test,0.8475,0.9018524076297185,0.8463234136356479,0.8242856860160828,0.0,0.1134254490468083,0.04910212467722706,84,54,0.5824236249318346,c5c7920-dirty,8f5e61236010,0.03,0.001 0.003 0.01 0.03,,30,300,1.0,32,0x63746545ed6e9f8f,True,0.8191666666666667,1e-06
a7_20260824T115851Z,2026-08-24T13:58:33+00:00,hyperplanes_n_features20_n_hyperplanes3_dim_hyperplanes5_seed22,daf152204bbd72927ebe009bee77245588374523bc0144bb5e7d3d282686d97e,f087808ca635cff7ff23816ed69bcf872092e3ee826c2b73a96b833594ccb0d5,D_best,,2,linear,192,,33,10,0x63746545ed6e9f8f,RFF-int-spectrum-U0-2pi,pennylane,,,,0,val_full,600,val,0.84,0.8859744707347448,0.8395435906578712,0.8242856860160828,0.0,0.1134254490468083,0.04910212467722706,84,54,0.5824236249318346,c5c7920-dirty,8f5e61236010,0.03,0.001 0.003 0.01 0.03,,30,300,1.0,32,0x63746545ed6e9f8f,True,0.83,1e-06
a7_20260824T115851Z,2026-08-24T13:58:34+00:00,hyperplanes_n_features20_n_hyperplanes3_dim_hyperplanes5_seed22,daf152204bbd72927ebe009bee77245588374523bc0144bb5e7d3d282686d97e,f087808ca635cff7ff23816ed69bcf872092e3ee826c2b73a96b833594ccb0d5,D_best,,2,linear,768,,129,10,0xa0ee54381686f9dd,RFF-int-spectrum-U0-2pi,pennylane,,,,0,test_full,1200,test,0.845,0.9025971499710995,0.8434866023970673,0.8273809552192688,0.0,0.09466268609245675,0.03536332705532412,102,72,0.7854682500474155,c5c7920-dirty,8f5e61236010,0.01,0.001 0.003 0.01 0.03,,30,300,1.0,128,0xa0ee54381686f9dd,True,0.8225,1.0
a7_20260824T115851Z,2026-08-24T13:58:34+00:00,hyperplanes_n_features20_n_hyperplanes3_dim_hyperplanes5_seed22,daf152204bbd72927ebe009bee77245588374523bc0144bb5e7d3d282686d97e,f087808ca635cff7ff23816ed69bcf872092e3ee826c2b73a96b833594ccb0d5,D_best,,2,linear,768,,129,10,0xa0ee54381686f9dd,RFF-int-spectrum-U0-2pi,pennylane,,,,0,val_full,600,val,0.8433333333333334,0.8854407578722647,0.8429914035009576,0.8273809552192688,0.0,0.09466268609245675,0.03536332705532412,102,72,0.7854682500474155,c5c7920-dirty,8f5e61236010,0.01,0.001 0.003 0.01 0.03,,30,300,1.0,128,0xa0ee54381686f9dd,True,0.8333333333333334,1.0
a7_20260824T115851Z,2026-08-24T13:58:35+00:00,hyperplanes_n_features20_n_hyperplanes3_dim_hyperplanes5_seed22,daf152204bbd72927ebe009bee77245588374523bc0144bb5e7d3d282686d97e,f087808ca635cff7ff23816ed69bcf872092e3ee826c2b73a96b833594ccb0d5,D_best,,2,linear,3072,,513,10,0x832fc3cb5ed00a34,RFF-int-spectrum-U0-2pi,pennylane,,,,0,test_full,1200,test,0.8416666666666667,0.9030278778177938,0.8401731737682119,0.8299999833106995,0.0,0.06615231989112015,0.028891420991887202,88,58,0.7842969170305878,c5c7920-dirty,8f5e61236010,0.003,0.001 0.003 0.01 0.03,,30,300,1.0,512,0x832fc3cb5ed00a34,True,0.8408333333333333,0.0001
a7_20260824T115851Z,2026-08-24T13:58:35+00:00,hyperplanes_n_features20_n_hyperplanes3_dim_hyperplanes5_seed22,daf152204bbd72927ebe009bee77245588374523bc0144bb5e7d3d282686d97e,f087808ca635cff7ff23816ed69bcf872092e3ee826c2b73a96b833594ccb0d5,D_best,,2,linear,3072,,513,10,0x832fc3cb5ed00a34,RFF-int-spectrum-U0-2pi,pennylane,,,,0,val_full,600,val,0.8566666666666667,0.8935020458993062,0.8563074352548037,0.8299999833106995,0.0,0.06615231989112015,0.028891420991887202,88,58,0.7842969170305878,c5c7920-dirty,8f5e61236010,0.003,0.001 0.003 0.01 0.03,,30,300,1.0,512,0x832fc3cb5ed00a34,True,0.845,0.0001
a7_20260824T115851Z,2026-08-24T14:00:20+00:00,hyperplanes_n_features20_n_hyperplanes3_dim_hyperplanes5_seed22,daf152204bbd72927ebe009bee77245588374523bc0144bb5e7d3d282686d97e,f087808ca635cff7ff23816ed69bcf872092e3ee826c2b73a96b833594ccb0d5,F,product,2,h3,35,20,22,8,0x4d0090b0ff939975,U0-2pi,pennylane,,,,0,test_full,1200,test,0.8291666666666667,0.8613334222577921,0.8261915242226133,0.8126190304756165,0.6658002138137817,0.011572629646843963,0.11674442005567129,144,114,1126.4355566669255,c5c7920-dirty,8f5e61236010,0.01,0.001 0.003 0.01 0.03,,30,300,1.0,,,False,,
a7_20260824T115851Z,2026-08-24T14:00:20+00:00,hyperplanes_n_features20_n_hyperplanes3_dim_hyperplanes5_seed22,daf152204bbd72927ebe009bee77245588374523bc0144bb5e7d3d282686d97e,f087808ca635cff7ff23816ed69bcf872092e3ee826c2b73a96b833594ccb0d5,F,product,2,h3,35,20,22,8,0x4d0090b0ff939975,U0-2pi,pennylane,,,,0,val_full,600,val,0.835,0.8602784202099272,0.8340666247642992,0.8126190304756165,0.6658002138137817,0.011572629646843963,0.11674442005567129,144,114,1126.4355566669255,c5c7920-dirty,8f5e61236010,0.01,0.001 0.003 0.01 0.03,,30,300,1.0,,,False,,
a7_20260824T115851Z,2026-08-24T14:00:29+00:00,hyperplanes_n_features20_n_hyperplanes3_dim_hyperplanes5_seed33,5d05157a8a23e9156d9012fe5bfc8926359e808f10eae8c6681f7702f3b4462c,536dc33fc72f70f24b5e4a66498bcb9f9e3efe2f2c171de6faeab9c91f3265a1,B,L1,2,h3,35,35,22,1,0x1ddc9c443a3565bb,U0-2pi,pennylane,,,,0,test_full,1200,test,0.745,0.7877617430278606,0.7446567051257802,0.7628571391105652,0.0,0.07204010198212332,0.020741458229191004,105,75,8.629665791988373,c5c7920-dirty,8f5e61236010,0.003,0.001 0.003 0.01 0.03,,30,300,1.0,,,True,0.745,1.0
a7_20260824T115851Z,2026-08-24T14:00:29+00:00,hyperplanes_n_features20_n_hyperplanes3_dim_hyperplanes5_seed33,5d05157a8a23e9156d9012fe5bfc8926359e808f10eae8c6681f7702f3b4462c,536dc33fc72f70f24b5e4a66498bcb9f9e3efe2f2c171de6faeab9c91f3265a1,B,L1,2,h3,35,35,22,1,0x1ddc9c443a3565bb,U0-2pi,pennylane,,,,0,val_full,600,val,0.7566666666666667,0.7742761407531921,0.7545283357245337,0.7628571391105652,0.0,0.07204010198212332,0.020741458229191004,105,75,8.629665791988373,c5c7920-dirty,8f5e61236010,0.003,0.001 0.003 0.01 0.03,,30,300,1.0,,,True,0.7333333333333333,1.0
a7_20260824T115851Z,2026-08-24T14:03:19+00:00,hyperplanes_n_features20_n_hyperplanes3_dim_hyperplanes5_seed22,daf152204bbd72927ebe009bee77245588374523bc0144bb5e7d3d282686d97e,f087808ca635cff7ff23816ed69bcf872092e3ee826c2b73a96b833594ccb0d5,A,L1,2,h3,35,35,22,10,0x7a100d81f77e2599,U0-2pi,pennylane,,,,0,test_full,1200,test,0.87,0.9112130963496511,0.8686422719273379,0.8411904573440552,0.9347183704376221,0.007872214786039356,0.08477881911389494,110,80,963.9776317920769,c5c7920-dirty,8f5e61236010,0.01,0.001 0.003 0.01 0.03,,30,300,1.0,,,False,,
a7_20260824T115851Z,2026-08-24T14:03:19+00:00,hyperplanes_n_features20_n_hyperplanes3_dim_hyperplanes5_seed22,daf152204bbd72927ebe009bee77245588374523bc0144bb5e7d3d282686d97e,f087808ca635cff7ff23816ed69bcf872092e3ee826c2b73a96b833594ccb0d5,A,L1,2,h3,35,35,22,10,0x7a100d81f77e2599,U0-2pi,pennylane,,,,0,val_full,600,val,0.8633333333333333,0.9022026774595268,0.8628395557339756,0.8411904573440552,0.9347183704376221,0.007872214786039356,0.08477881911389494,110,80,963.9776317920769,c5c7920-dirty,8f5e61236010,0.01,0.001 0.003 0.01 0.03,,30,300,1.0,,,False,,
a7_20260824T115851Z,2026-08-24T14:03:28+00:00,hyperplanes_n_features20_n_hyperplanes3_dim_hyperplanes5_seed33,5d05157a8a23e9156d9012fe5bfc8926359e808f10eae8c6681f7702f3b4462c,536dc33fc72f70f24b5e4a66498bcb9f9e3efe2f2c171de6faeab9c91f3265a1,B,L2,2,h3,35,35,22,1,0x9aed96d53998f1c9,U0-2pi,pennylane,,,,0,test_full,1200,test,0.7133333333333334,0.7730709228369135,0.7125660443572982,0.7235714197158813,0.0,0.08810120111330738,0.08831041582466005,165,135,9.121166791999713,c5c7920-dirty,8f5e61236010,0.003,0.001 0.003 0.01 0.03,,30,300,1.0,,,True,0.7091666666666666,1e-06
a7_20260824T115851Z,2026-08-24T14:03:28+00:00,hyperplanes_n_features20_n_hyperplanes3_dim_hyperplanes5_seed33,5d05157a8a23e9156d9012fe5bfc8926359e808f10eae8c6681f7702f3b4462c,536dc33fc72f70f24b5e4a66498bcb9f9e3efe2f2c171de6faeab9c91f3265a1,B,L2,2,h3,35,35,22,1,0x9aed96d53998f1c9,U0-2pi,pennylane,,,,0,val_full,600,val,0.7016666666666667,0.7470694971669024,0.6939952988104565,0.7235714197158813,0.0,0.08810120111330738,0.08831041582466005,165,135,9.121166791999713,c5c7920-dirty,8f5e61236010,0.003,0.001 0.003 0.01 0.03,,30,300,1.0,,,True,0.6733333333333333,1e-06
a7_20260824T115851Z,2026-08-24T14:04:23+00:00,hyperplanes_n_features20_n_hyperplanes3_dim_hyperplanes5_seed22,daf152204bbd72927ebe009bee77245588374523bc0144bb5e7d3d282686d97e,f087808ca635cff7ff23816ed69bcf872092e3ee826c2b73a96b833594ccb0d5,F,product,2,h3,35,20,22,10,0xaf315250f59e947e,U0-2pi,pennylane,,,,0,test_full,1200,test,0.8083333333333333,0.8527744431105775,0.8065877881211265,0.7952380776405334,0.5689199566841125,0.003992155518206465,0.04648827132801034,90,60,712.9529535410693,c5c7920-dirty,8f5e61236010,0.003,0.001 0.003 0.01 0.03,,30,300,1.0,,,False,,
a7_20260824T115851Z,2026-08-24T14:04:23+00:00,hyperplanes_n_features20_n_hyperplanes3_dim_hyperplanes5_seed22,daf152204bbd72927ebe009bee77245588374523bc0144bb5e7d3d282686d97e,f087808ca635cff7ff23816ed69bcf872092e3ee826c2b73a96b833594ccb0d5,F,product,2,h3,35,20,22,10,0xaf315250f59e947e,U0-2pi,pennylane,,,,0,val_full,600,val,0.8016666666666666,0.8432218466465042,0.8014234103443385,0.7952380776405334,0.5689199566841125,0.003992155518206465,0.04648827132801034,90,60,712.9529535410693,c5c7920-dirty,8f5e61236010,0.003,0.001 0.003 0.01 0.03,,30,300,1.0,,,False,,
a7_20260824T115851Z,2026-08-24T14:04:24+00:00,hyperplanes_n_features20_n_hyperplanes3_dim_hyperplanes5_seed33,5d05157a8a23e9156d9012fe5bfc8926359e808f10eae8c6681f7702f3b4462c,536dc33fc72f70f24b5e4a66498bcb9f9e3efe2f2c171de6faeab9c91f3265a1,E,,,h3,0,,22,1,,,pennylane,,,,0,test_full,1200,test,0.8333333333333334,0.9023216742623194,0.8331289162557466,0.8495237827301025,0.0,0.08224902966863079,0.059114575871612694,94,64,0.9575465839589015,c5c7920-dirty,8f5e61236010,0.01,0.001 0.003 0.01 0.03 0.1,,30,300,1.0,,,True,0.7758333333333334,1e-06
a7_20260824T115851Z,2026-08-24T14:04:24+00:00,hyperplanes_n_features20_n_hyperplanes3_dim_hyperplanes5_seed33,5d05157a8a23e9156d9012fe5bfc8926359e808f10eae8c6681f7702f3b4462c,536dc33fc72f70f24b5e4a66498bcb9f9e3efe2f2c171de6faeab9c91f3265a1,E,,,h3,0,,22,1,,,pennylane,,,,0,val_full,600,val,0.8483333333333334,0.9058621188676514,0.8456576369788472,0.8495237827301025,0.0,0.08224902966863079,0.059114575871612694,94,64,0.9575465839589015,c5c7920-dirty,8f5e61236010,0.01,0.001 0.003 0.01 0.03 0.1,,30,300,1.0,,,True,0.76,1e-06
a7_20260824T115851Z,2026-08-24T14:04:26+00:00,hyperplanes_n_features20_n_hyperplanes3_dim_hyperplanes5_seed33,5d05157a8a23e9156d9012fe5bfc8926359e808f10eae8c6681f7702f3b4462c,536dc33fc72f70f24b5e4a66498bcb9f9e3efe2f2c171de6faeab9c91f3265a1,D_matched,,2,h3,30,,22,1,0x7d4f7004e22ea7b3,RFF-int-spectrum-U0-2pi,pennylane,,,,0,test_full,1200,test,0.7083333333333334,0.7797283984382631,0.7083325231458977,0.7154762148857117,0.0,0.07502209315860042,0.0956795651058964,194,164,1.887255165958777,c5c7920-dirty,8f5e61236010,0.003,0.001 0.003 0.01 0.03,,30,300,1.0,,0x7d4f7004e22ea7b3,True,0.6708333333333333,1e-06
a7_20260824T115851Z,2026-08-24T14:04:26+00:00,hyperplanes_n_features20_n_hyperplanes3_dim_hyperplanes5_seed33,5d05157a8a23e9156d9012fe5bfc8926359e808f10eae8c6681f7702f3b4462c,536dc33fc72f70f24b5e4a66498bcb9f9e3efe2f2c171de6faeab9c91f3265a1,D_matched,,2,h3,30,,22,1,0x7d4f7004e22ea7b3,RFF-int-spectrum-U0-2pi,pennylane,,,,0,val_full,600,val,0.6916666666666667,0.7593982032928499,0.689241890193202,0.7154762148857117,0.0,0.07502209315860042,0.0956795651058964,194,164,1.887255165958777,c5c7920-dirty,8f5e61236010,0.003,0.001 0.003 0.01 0.03,,30,300,1.0,,0x7d4f7004e22ea7b3,True,0.655,1e-06
a7_20260824T115851Z,2026-08-24T14:04:26+00:00,hyperplanes_n_features20_n_hyperplanes3_dim_hyperplanes5_seed33,5d05157a8a23e9156d9012fe5bfc8926359e808f10eae8c6681f7702f3b4462c,536dc33fc72f70f24b5e4a66498bcb9f9e3efe2f2c171de6faeab9c91f3265a1,D_best,,2,linear,192,,33,1,0xebbfbc7ed33e45eb,RFF-int-spectrum-U0-2pi,pennylane,,,,0,test_full,1200,test,0.81,0.8599209084642454,0.8099741353684251,0.8342857360839844,0.0,0.0834437073633242,0.08617035658221268,77,47,0.5120488330721855,c5c7920-dirty,8f5e61236010,0.03,0.001 0.003 0.01 0.03,,30,300,1.0,32,0xebbfbc7ed33e45eb,True,0.8008333333333333,1e-06
a7_20260824T115851Z,2026-08-24T14:04:26+00:00,hyperplanes_n_features20_n_hyperplanes3_dim_hyperplanes5_seed33,5d05157a8a23e9156d9012fe5bfc8926359e808f10eae8c6681f7702f3b4462c,536dc33fc72f70f24b5e4a66498bcb9f9e3efe2f2c171de6faeab9c91f3265a1,D_best,,2,linear,192,,33,1,0xebbfbc7ed33e45eb,RFF-int-spectrum-U0-2pi,pennylane,,,,0,val_full,600,val,0.825,0.8546715499103872,0.8231722891329548,0.8342857360839844,0.0,0.0834437073633242,0.08617035658221268,77,47,0.5120488330721855,c5c7920-dirty,8f5e61236010,0.03,0.001 0.003 0.01 0.03,,30,300,1.0,32,0xebbfbc7ed33e45eb,True,0.8,1e-06
a7_20260824T115851Z,2026-08-24T14:04:27+00:00,hyperplanes_n_features20_n_hyperplanes3_dim_hyperplanes5_seed33,5d05157a8a23e9156d9012fe5bfc8926359e808f10eae8c6681f7702f3b4462c,536dc33fc72f70f24b5e4a66498bcb9f9e3efe2f2c171de6faeab9c91f3265a1,D_best,,2,linear,768,,129,1,0x8c1cd5484ddd2802,RFF-int-spectrum-U0-2pi,pennylane,,,,0,test_full,1200,test,0.8216666666666667,0.8842483931915417,0.821595304788582,0.8547618985176086,0.0,0.0788385389821518,0.03080347693760128,70,40,0.5192049159668386,c5c7920-dirty,8f5e61236010,0.01,0.001 0.003 0.01 0.03,,30,300,1.0,128,0x8c1cd5484ddd2802,True,0.8241666666666667,1e-06
a7_20260824T115851Z,2026-08-24T14:04:27+00:00,hyperplanes_n_features20_n_hyperplanes3_dim_hyperplanes5_seed33,5d05157a8a23e9156d9012fe5bfc8926359e808f10eae8c6681f7702f3b4462c,536dc33fc72f70f24b5e4a66498bcb9f9e3efe2f2c171de6faeab9c91f3265a1,D_best,,2,linear,768,,129,1,0x8c1cd5484ddd2802,RFF-int-spectrum-U0-2pi,pennylane,,,,0,val_full,600,val,0.845,0.8709020271398515,0.8425396825396825,0.8547618985176086,0.0,0.0788385389821518,0.03080347693760128,70,40,0.5192049159668386,c5c7920-dirty,8f5e61236010,0.01,0.001 0.003 0.01 0.03,,30,300,1.0,128,0x8c1cd5484ddd2802,True,0.8333333333333334,1e-06
a7_20260824T115851Z,2026-08-24T14:04:27+00:00,hyperplanes_n_features20_n_hyperplanes3_dim_hyperplanes5_seed33,5d05157a8a23e9156d9012fe5bfc8926359e808f10eae8c6681f7702f3b4462c,536dc33fc72f70f24b5e4a66498bcb9f9e3efe2f2c171de6faeab9c91f3265a1,D_best,,2,linear,3072,,513,1,0x767dfcd7c4647a26,RFF-int-spectrum-U0-2pi,pennylane,,,,0,test_full,1200,test,0.8291666666666667,0.8797161188773132,0.8290801384867756,0.8564285635948181,0.0,0.11309694319835167,0.015865271111973653,70,40,0.6577265829546377,c5c7920-dirty,8f5e61236010,0.001,0.001 0.003 0.01 0.03,,30,300,1.0,512,0x767dfcd7c4647a26,True,0.8425,0.0001
a7_20260824T115851Z,2026-08-24T14:04:27+00:00,hyperplanes_n_features20_n_hyperplanes3_dim_hyperplanes5_seed33,5d05157a8a23e9156d9012fe5bfc8926359e808f10eae8c6681f7702f3b4462c,536dc33fc72f70f24b5e4a66498bcb9f9e3efe2f2c171de6faeab9c91f3265a1,D_best,,2,linear,3072,,513,1,0x767dfcd7c4647a26,RFF-int-spectrum-U0-2pi,pennylane,,,,0,val_full,600,val,0.8483333333333334,0.8666273335485523,0.8457936402585922,0.8564285635948181,0.0,0.11309694319835167,0.015865271111973653,70,40,0.6577265829546377,c5c7920-dirty,8f5e61236010,0.001,0.001 0.003 0.01 0.03,,30,300,1.0,512,0x767dfcd7c4647a26,True,0.8483333333333334,0.0001
a7_20260824T115851Z,2026-08-24T14:06:45+00:00,hyperplanes_n_features20_n_hyperplanes3_dim_hyperplanes5_seed22,daf152204bbd72927ebe009bee77245588374523bc0144bb5e7d3d282686d97e,f087808ca635cff7ff23816ed69bcf872092e3ee826c2b73a96b833594ccb0d5,A,L2,2,h3,35,35,22,8,0x3c7362638e9ada30,U0-2pi,pennylane,,,,0,test_full,1200,test,0.8483333333333334,0.9149354186118892,0.8464182542874904,0.8302381038665771,0.7528102397918701,0.011391476181630843,0.18642211144902768,176,146,1524.6998779579299,c5c7920-dirty,8f5e61236010,0.003,0.001 0.003 0.01 0.03,,30,300,1.0,,,False,,
a7_20260824T115851Z,2026-08-24T14:06:45+00:00,hyperplanes_n_features20_n_hyperplanes3_dim_hyperplanes5_seed22,daf152204bbd72927ebe009bee77245588374523bc0144bb5e7d3d282686d97e,f087808ca635cff7ff23816ed69bcf872092e3ee826c2b73a96b833594ccb0d5,A,L2,2,h3,35,35,22,8,0x3c7362638e9ada30,U0-2pi,pennylane,,,,0,val_full,600,val,0.8466666666666667,0.9038316135918876,0.84622927438046,0.8302381038665771,0.7528102397918701,0.011391476181630843,0.18642211144902768,176,146,1524.6998779579299,c5c7920-dirty,8f5e61236010,0.003,0.001 0.003 0.01 0.03,,30,300,1.0,,,False,,
a7_20260824T115851Z,2026-08-24T14:06:53+00:00,hyperplanes_n_features20_n_hyperplanes3_dim_hyperplanes5_seed33,5d05157a8a23e9156d9012fe5bfc8926359e808f10eae8c6681f7702f3b4462c,536dc33fc72f70f24b5e4a66498bcb9f9e3efe2f2c171de6faeab9c91f3265a1,B,L1,2,h3,35,35,22,2,0x68f1fd9add9ea051,U0-2pi,pennylane,,,,0,test_full,1200,test,0.4658333333333333,0.498539011327895,0.3177942012507106,0.5066666603088379,0.0,0.006329924687799355,0.022709485294700255,33,3,7.92276387498714,c5c7920-dirty,8f5e61236010,0.003,0.001 0.003 0.01 0.03,,30,300,1.0,,,True,0.7241666666666666,1.0
a7_20260824T115851Z,2026-08-24T14:06:53+00:00,hyperplanes_n_features20_n_hyperplanes3_dim_hyperplanes5_seed33,5d05157a8a23e9156d9012fe5bfc8926359e808f10eae8c6681f7702f3b4462c,536dc33fc72f70f24b5e4a66498bcb9f9e3efe2f2c171de6faeab9c91f3265a1,B,L1,2,h3,35,35,22,2,0x68f1fd9add9ea051,U0-2pi,pennylane,,,,0,val_full,600,val,0.5216666666666666,0.4904153354632588,0.3428258488499452,0.5066666603088379,0.0,0.006329924687799355,0.022709485294700255,33,3,7.92276387498714,c5c7920-dirty,8f5e61236010,0.003,0.001 0.003 0.01 0.03,,30,300,1.0,,,True,0.7366666666666667,1.0
a7_20260824T115851Z,2026-08-24T14:07:33+00:00,hyperplanes_n_features20_n_hyperplanes3_dim_hyperplanes5_seed22,daf152204bbd72927ebe009bee77245588374523bc0144bb5e7d3d282686d97e,f087808ca635cff7ff23816ed69bcf872092e3ee826c2b73a96b833594ccb0d5,F,product,2,h3,35,20,22,9,0x7545af47d8de3bdf,U0-2pi,pennylane,,,,0,test_full,1200,test,0.8225,0.8767229113867769,0.8204893561284695,0.8159523606300354,0.7403215169906616,0.004040485072570817,0.024021536797108296,160,130,1244.0870225830004,c5c7920-dirty,8f5e61236010,0.01,0.001 0.003 0.01 0.03,,30,300,1.0,,,False,,
a7_20260824T115851Z,2026-08-24T14:07:33+00:00,hyperplanes_n_features20_n_hyperplanes3_dim_hyperplanes5_seed22,daf152204bbd72927ebe009bee77245588374523bc0144bb5e7d3d282686d97e,f087808ca635cff7ff23816ed69bcf872092e3ee826c2b73a96b833594ccb0d5,F,product,2,h3,35,20,22,9,0x7545af47d8de3bdf,U0-2pi,pennylane,,,,0,val_full,600,val,0.8366666666666667,0.8758116883116883,0.8360088800633653,0.8159523606300354,0.7403215169906616,0.004040485072570817,0.024021536797108296,160,130,1244.0870225830004,c5c7920-dirty,8f5e61236010,0.01,0.001 0.003 0.01 0.03,,30,300,1.0,,,False,,
a7_20260824T115851Z,2026-08-24T14:07:42+00:00,hyperplanes_n_features20_n_hyperplanes3_dim_hyperplanes5_seed33,5d05157a8a23e9156d9012fe5bfc8926359e808f10eae8c6681f7702f3b4462c,536dc33fc72f70f24b5e4a66498bcb9f9e3efe2f2c171de6faeab9c91f3265a1,B,L2,2,h3,35,35,22,2,0xedbc28bf50f4bc26,U0-2pi,pennylane,,,,0,test_full,1200,test,0.6841666666666667,0.7293277777622734,0.6841295957650586,0.6883333325386047,0.0,0.0021015657907870276,0.032973527775192274,133,103,8.894302166998386,c5c7920-dirty,8f5e61236010,0.003,0.001 0.003 0.01 0.03,,30,300,1.0,,,True,0.6608333333333334,1.0
a7_20260824T115851Z,2026-08-24T14:07:42+00:00,hyperplanes_n_features20_n_hyperplanes3_dim_hyperplanes5_seed33,5d05157a8a23e9156d9012fe5bfc8926359e808f10eae8c6681f7702f3b4462c,536dc33fc72f70f24b5e4a66498bcb9f9e3efe2f2c171de6faeab9c91f3265a1,B,L2,2,h3,35,35,22,2,0xedbc28bf50f4bc26,U0-2pi,pennylane,,,,0,val_full,600,val,0.6733333333333333,0.7175195645155905,0.6688256829062236,0.6883333325386047,0.0,0.0021015657907870276,0.032973527775192274,133,103,8.894302166998386,c5c7920-dirty,8f5e61236010,0.003,0.001 0.003 0.01 0.03,,30,300,1.0,,,True,0.655,1.0
a7_20260824T115851Z,2026-08-24T14:08:29+00:00,hyperplanes_n_features20_n_hyperplanes3_dim_hyperplanes5_seed22,daf152204bbd72927ebe009bee77245588374523bc0144bb5e7d3d282686d97e,f087808ca635cff7ff23816ed69bcf872092e3ee826c2b73a96b833594ccb0d5,A,L2,2,h3,35,35,22,9,0x37a73ff05100a2cc,U0-2pi,pennylane,,,,0,test_full,1200,test,0.8658333333333333,0.9226134898403807,0.8634967580480036,0.8438095450401306,0.789137065410614,0.005721251123010068,0.12887380090996145,170,140,1477.9054054169683,c5c7920-dirty,8f5e61236010,0.003,0.001 0.003 0.01 0.03,,30,300,1.0,,,False,,
a7_20260824T115851Z,2026-08-24T14:08:29+00:00,hyperplanes_n_features20_n_hyperplanes3_dim_hyperplanes5_seed22,daf152204bbd72927ebe009bee77245588374523bc0144bb5e7d3d282686d97e,f087808ca635cff7ff23816ed69bcf872092e3ee826c2b73a96b833594ccb0d5,A,L2,2,h3,35,35,22,9,0x37a73ff05100a2cc,U0-2pi,pennylane,,,,0,val_full,600,val,0.865,0.8980830813022593,0.864166510616533,0.8438095450401306,0.789137065410614,0.005721251123010068,0.12887380090996145,170,140,1477.9054054169683,c5c7920-dirty,8f5e61236010,0.003,0.001 0.003 0.01 0.03,,30,300,1.0,,,False,,
a7_20260824T115851Z,2026-08-24T14:08:30+00:00,hyperplanes_n_features20_n_hyperplanes3_dim_hyperplanes5_seed33,5d05157a8a23e9156d9012fe5bfc8926359e808f10eae8c6681f7702f3b4462c,536dc33fc72f70f24b5e4a66498bcb9f9e3efe2f2c171de6faeab9c91f3265a1,E,,,h3,0,,22,2,,,pennylane,,,,0,test_full,1200,test,0.8325,0.8676542410533631,0.832480339706535,0.8533333539962769,0.0,0.006595222750107605,0.06756675187061739,66,36,0.665803375071846,c5c7920-dirty,8f5e61236010,0.01,0.001 0.003 0.01 0.03 0.1,,30,300,1.0,,,True,0.7758333333333334,1e-06
a7_20260824T115851Z,2026-08-24T14:08:30+00:00,hyperplanes_n_features20_n_hyperplanes3_dim_hyperplanes5_seed33,5d05157a8a23e9156d9012fe5bfc8926359e808f10eae8c6681f7702f3b4462c,536dc33fc72f70f24b5e4a66498bcb9f9e3efe2f2c171de6faeab9c91f3265a1,E,,,h3,0,,22,2,,,pennylane,,,,0,val_full,600,val,0.8516666666666667,0.8599369927975867,0.8495600900385678,0.8533333539962769,0.0,0.006595222750107605,0.06756675187061739,66,36,0.665803375071846,c5c7920-dirty,8f5e61236010,0.01,0.001 0.003 0.01 0.03 0.1,,30,300,1.0,,,True,0.76,1e-06
a7_20260824T115851Z,2026-08-24T14:08:30+00:00,hyperplanes_n_features20_n_hyperplanes3_dim_hyperplanes5_seed33,5d05157a8a23e9156d9012fe5bfc8926359e808f10eae8c6681f7702f3b4462c,536dc33fc72f70f24b5e4a66498bcb9f9e3efe2f2c171de6faeab9c91f3265a1,D_matched,,2,h3,30,,22,2,0xd7b676f707d89334,RFF-int-spectrum-U0-2pi,pennylane,,,,0,test_full,1200,test,0.6858333333333333,0.7622704908196328,0.6850194147515907,0.7021428346633911,0.0,0.01113028447590966,0.04091772273687631,52,22,0.5090551250614226,c5c7920-dirty,8f5e61236010,0.003,0.001 0.003 0.01 0.03,,30,300,1.0,,0xd7b676f707d89334,True,0.6741666666666667,1e-06
a7_20260824T115851Z,2026-08-24T14:08:30+00:00,hyperplanes_n_features20_n_hyperplanes3_dim_hyperplanes5_seed33,5d05157a8a23e9156d9012fe5bfc8926359e808f10eae8c6681f7702f3b4462c,536dc33fc72f70f24b5e4a66498bcb9f9e3efe2f2c171de6faeab9c91f3265a1,D_matched,,2,h3,30,,22,2,0xd7b676f707d89334,RFF-int-spectrum-U0-2pi,pennylane,,,,0,val_full,600,val,0.7083333333333334,0.7628880898576215,0.7034493081896004,0.7021428346633911,0.0,0.01113028447590966,0.04091772273687631,52,22,0.5090551250614226,c5c7920-dirty,8f5e61236010,0.003,0.001 0.003 0.01 0.03,,30,300,1.0,,0xd7b676f707d89334,True,0.68,1e-06
a7_20260824T115851Z,2026-08-24T14:08:31+00:00,hyperplanes_n_features20_n_hyperplanes3_dim_hyperplanes5_seed33,5d05157a8a23e9156d9012fe5bfc8926359e808f10eae8c6681f7702f3b4462c,536dc33fc72f70f24b5e4a66498bcb9f9e3efe2f2c171de6faeab9c91f3265a1,D_best,,2,linear,192,,33,2,0xd5a39cfa401411b8,RFF-int-spectrum-U0-2pi,pennylane,,,,0,test_full,1200,test,0.8141666666666667,0.8693454714932782,0.8141200676002804,0.8461904525756836,0.0,0.10831659811658317,0.07665039137257268,74,44,0.5100379589712247,c5c7920-dirty,8f5e61236010,0.03,0.001 0.003 0.01 0.03,,30,300,1.0,32,0xd5a39cfa401411b8,True,0.805,1e-06
a7_20260824T115851Z,2026-08-24T14:08:31+00:00,hyperplanes_n_features20_n_hyperplanes3_dim_hyperplanes5_seed33,5d05157a8a23e9156d9012fe5bfc8926359e808f10eae8c6681f7702f3b4462c,536dc33fc72f70f24b5e4a66498bcb9f9e3efe2f2c171de6faeab9c91f3265a1,D_best,,2,linear,192,,33,2,0xd5a39cfa401411b8,RFF-int-spectrum-U0-2pi,pennylane,,,,0,val_full,600,val,0.8266666666666667,0.8561409758323966,0.8249158249158249,0.8461904525756836,0.0,0.10831659811658317,0.07665039137257268,74,44,0.5100379589712247,c5c7920-dirty,8f5e61236010,0.03,0.001 0.003 0.01 0.03,,30,300,1.0,32,0xd5a39cfa401411b8,True,0.8033333333333333,1e-06
a7_20260824T115851Z,2026-08-24T14:08:32+00:00,hyperplanes_n_features20_n_hyperplanes3_dim_hyperplanes5_seed33,5d05157a8a23e9156d9012fe5bfc8926359e808f10eae8c6681f7702f3b4462c,536dc33fc72f70f24b5e4a66498bcb9f9e3efe2f2c171de6faeab9c91f3265a1,D_best,,2,linear,768,,129,2,0xd8c4a76812405ef6,RFF-int-spectrum-U0-2pi,pennylane,,,,0,test_full,1200,test,0.8233333333333334,0.8843293266614386,0.8231166512310915,0.8559523820877075,0.0,0.09551001090860127,0.02900848041130178,88,58,0.6628174158977345,c5c7920-dirty,8f5e61236010,0.01,0.001 0.003 0.01 0.03,,30,300,1.0,128,0xd8c4a76812405ef6,True,0.8275,0.01
a7_20260824T115851Z,2026-08-24T14:08:32+00:00,hyperplanes_n_features20_n_hyperplanes3_dim_hyperplanes5_seed33,5d05157a8a23e9156d9012fe5bfc8926359e808f10eae8c6681f7702f3b4462c,536dc33fc72f70f24b5e4a66498bcb9f9e3efe2f2c171de6faeab9c91f3265a1,D_best,,2,linear,768,,129,2,0xd8c4a76812405ef6,RFF-int-spectrum-U0-2pi,pennylane,,,,0,val_full,600,val,0.8466666666666667,0.8779151963130768,0.8431372549019608,0.8559523820877075,0.0,0.09551001090860127,0.02900848041130178,88,58,0.6628174158977345,c5c7920-dirty,8f5e61236010,0.01,0.001 0.003 0.01 0.03,,30,300,1.0,128,0xd8c4a76812405ef6,True,0.8416666666666667,0.01
a7_20260824T115851Z,2026-08-24T14:08:33+00:00,hyperplanes_n_features20_n_hyperplanes3_dim_hyperplanes5_seed33,5d05157a8a23e9156d9012fe5bfc8926359e808f10eae8c6681f7702f3b4462c,536dc33fc72f70f24b5e4a66498bcb9f9e3efe2f2c171de6faeab9c91f3265a1,D_best,,2,linear,3072,,513,2,0x1b8ef9557b42386b,RFF-int-spectrum-U0-2pi,pennylane,,,,0,test_full,1200,test,0.8333333333333334,0.8896932621490906,0.8332425431623884,0.8611904978752136,0.0,0.06181750261277102,0.02274884480215006,153,123,1.3495374160120264,c5c7920-dirty,8f5e61236010,0.001,0.001 0.003 0.01 0.03,,30,300,1.0,512,0x1b8ef9557b42386b,True,0.8316666666666667,0.01
a7_20260824T115851Z,2026-08-24T14:08:33+00:00,hyperplanes_n_features20_n_hyperplanes3_dim_hyperplanes5_seed33,5d05157a8a23e9156d9012fe5bfc8926359e808f10eae8c6681f7702f3b4462c,536dc33fc72f70f24b5e4a66498bcb9f9e3efe2f2c171de6faeab9c91f3265a1,D_best,,2,linear,3072,,513,2,0x1b8ef9557b42386b,RFF-int-spectrum-U0-2pi,pennylane,,,,0,val_full,600,val,0.8566666666666667,0.8785942492012779,0.8542026921642424,0.8611904978752136,0.0,0.06181750261277102,0.02274884480215006,153,123,1.3495374160120264,c5c7920-dirty,8f5e61236010,0.001,0.001 0.003 0.01 0.03,,30,300,1.0,512,0x1b8ef9557b42386b,True,0.85,0.01
a7_20260824T115851Z,2026-08-24T14:08:48+00:00,hyperplanes_n_features20_n_hyperplanes3_dim_hyperplanes5_seed22,daf152204bbd72927ebe009bee77245588374523bc0144bb5e7d3d282686d97e,f087808ca635cff7ff23816ed69bcf872092e3ee826c2b73a96b833594ccb0d5,F,product,2,h3,35,20,22,9,0x7545af47d8de3bdf,U0-2pi,pennylane,,,,0,test_full,1200,test,0.8233333333333334,0.8633759059179227,0.8202165881292066,0.8116666674613953,0.575804591178894,0.004040485072570817,0.046492733959353744,170,140,1321.059187915991,c5c7920-dirty,8f5e61236010,0.003,0.001 0.003 0.01 0.03,,30,300,1.0,,,False,,
a7_20260824T115851Z,2026-08-24T14:08:48+00:00,hyperplanes_n_features20_n_hyperplanes3_dim_hyperplanes5_seed22,daf152204bbd72927ebe009bee77245588374523bc0144bb5e7d3d282686d97e,f087808ca635cff7ff23816ed69bcf872092e3ee826c2b73a96b833594ccb0d5,F,product,2,h3,35,20,22,9,0x7545af47d8de3bdf,U0-2pi,pennylane,,,,0,val_full,600,val,0.835,0.8688511830635118,0.8337024169142,0.8116666674613953,0.575804591178894,0.004040485072570817,0.046492733959353744,170,140,1321.059187915991,c5c7920-dirty,8f5e61236010,0.003,0.001 0.003 0.01 0.03,,30,300,1.0,,,False,,
a7_20260824T115851Z,2026-08-24T14:08:57+00:00,hyperplanes_n_features20_n_hyperplanes3_dim_hyperplanes5_seed33,5d05157a8a23e9156d9012fe5bfc8926359e808f10eae8c6681f7702f3b4462c,536dc33fc72f70f24b5e4a66498bcb9f9e3efe2f2c171de6faeab9c91f3265a1,B,L1,2,h3,35,35,22,3,0xe98c84d46f8b02b7,U0-2pi,pennylane,,,,0,test_full,1200,test,0.7083333333333334,0.7526715022089255,0.7078260869565217,0.7259523868560791,0.0,0.02056746186187213,0.08141955040387222,189,159,9.509586000000127,c5c7920-dirty,8f5e61236010,0.003,0.001 0.003 0.01 0.03,,30,300,1.0,,,True,0.7125,1e-06
a7_20260824T115851Z,2026-08-24T14:08:57+00:00,hyperplanes_n_features20_n_hyperplanes3_dim_hyperplanes5_seed33,5d05157a8a23e9156d9012fe5bfc8926359e808f10eae8c6681f7702f3b4462c,536dc33fc72f70f24b5e4a66498bcb9f9e3efe2f2c171de6faeab9c91f3265a1,B,L1,2,h3,35,35,22,3,0xe98c84d46f8b02b7,U0-2pi,pennylane,,,,0,val_full,600,val,0.6966666666666667,0.7231467978760117,0.695906432748538,0.7259523868560791,0.0,0.02056746186187213,0.08141955040387222,189,159,9.509586000000127,c5c7920-dirty,8f5e61236010,0.003,0.001 0.003 0.01 0.03,,30,300,1.0,,,True,0.6816666666666666,1e-06
a7_20260824T115851Z,2026-08-24T14:09:44+00:00,hyperplanes_n_features20_n_hyperplanes3_dim_hyperplanes5_seed22,daf152204bbd72927ebe009bee77245588374523bc0144bb5e7d3d282686d97e,f087808ca635cff7ff23816ed69bcf872092e3ee826c2b73a96b833594ccb0d5,F,product,2,h3,35,20,22,10,0xaf315250f59e947e,U0-2pi,pennylane,,,,0,test_full,1200,test,0.8225,0.8595188075230094,0.8194883384240541,0.8102381229400635,0.912200391292572,0.003992155518206465,0.11242719276649715,112,82,874.1565758329816,c5c7920-dirty,8f5e61236010,0.01,0.001 0.003 0.01 0.03,,30,300,1.0,,,False,,
a7_20260824T115851Z,2026-08-24T14:09:44+00:00,hyperplanes_n_features20_n_hyperplanes3_dim_hyperplanes5_seed22,daf152204bbd72927ebe009bee77245588374523bc0144bb5e7d3d282686d97e,f087808ca635cff7ff23816ed69bcf872092e3ee826c2b73a96b833594ccb0d5,F,product,2,h3,35,20,22,10,0xaf315250f59e947e,U0-2pi,pennylane,,,,0,val_full,600,val,0.8383333333333334,0.8650595979363103,0.8371567911493877,0.8102381229400635,0.912200391292572,0.003992155518206465,0.11242719276649715,112,82,874.1565758329816,c5c7920-dirty,8f5e61236010,0.01,0.001 0.003 0.01 0.03,,30,300,1.0,,,False,,
a7_20260824T115851Z,2026-08-24T14:09:53+00:00,hyperplanes_n_features20_n_hyperplanes3_dim_hyperplanes5_seed33,5d05157a8a23e9156d9012fe5bfc8926359e808f10eae8c6681f7702f3b4462c,536dc33fc72f70f24b5e4a66498bcb9f9e3efe2f2c171de6faeab9c91f3265a1,B,L2,2,h3,35,35,22,3,0xdec7e07515164a44,U0-2pi,pennylane,,,,0,test_full,1200,test,0.7641666666666667,0.823897141932189,0.7629205176374988,0.7985714077949524,0.0,0.005043944181867875,0.20684474151597373,144,114,9.153218750027008,c5c7920-dirty,8f5e61236010,0.003,0.001 0.003 0.01 0.03,,30,300,1.0,,,True,0.7691666666666667,1e-06
a7_20260824T115851Z,2026-08-24T14:09:53+00:00,hyperplanes_n_features20_n_hyperplanes3_dim_hyperplanes5_seed33,5d05157a8a23e9156d9012fe5bfc8926359e808f10eae8c6681f7702f3b4462c,536dc33fc72f70f24b5e4a66498bcb9f9e3efe2f2c171de6faeab9c91f3265a1,B,L2,2,h3,35,35,22,3,0xdec7e07515164a44,U0-2pi,pennylane,,,,0,val_full,600,val,0.8066666666666666,0.8238525675991584,0.8026114281176617,0.7985714077949524,0.0,0.005043944181867875,0.20684474151597373,144,114,9.153218750027008,c5c7920-dirty,8f5e61236010,0.003,0.001 0.003 0.01 0.03,,30,300,1.0,,,True,0.7583333333333333,1e-06
a7_20260824T115851Z,2026-08-24T14:20:22+00:00,hyperplanes_n_features20_n_hyperplanes3_dim_hyperplanes5_seed22,daf152204bbd72927ebe009bee77245588374523bc0144bb5e7d3d282686d97e,f087808ca635cff7ff23816ed69bcf872092e3ee826c2b73a96b833594ccb0d5,A,L2,2,h3,35,35,22,10,0xca03f308d3264644,U0-2pi,pennylane,,,,0,test_full,1200,test,0.8633333333333333,0.9170737739540261,0.8605343349160229,0.8459523916244507,0.7249357104301453,0.008617399347354783,0.12425852204463561,217,187,1877.0439819580643,c5c7920-dirty,8f5e61236010,0.003,0.001 0.003 0.01 0.03,,30,300,1.0,,,False,,
a7_20260824T115851Z,2026-08-24T14:20:22+00:00,hyperplanes_n_features20_n_hyperplanes3_dim_hyperplanes5_seed22,daf152204bbd72927ebe009bee77245588374523bc0144bb5e7d3d282686d97e,f087808ca635cff7ff23816ed69bcf872092e3ee826c2b73a96b833594ccb0d5,A,L2,2,h3,35,35,22,10,0xca03f308d3264644,U0-2pi,pennylane,,,,0,val_full,600,val,0.8583333333333333,0.9023305461661626,0.8572192468455253,0.8459523916244507,0.7249357104301453,0.008617399347354783,0.12425852204463561,217,187,1877.0439819580643,c5c7920-dirty,8f5e61236010,0.003,0.001 0.003 0.01 0.03,,30,300,1.0,,,False,,
a7_20260824T115851Z,2026-08-24T14:20:23+00:00,hyperplanes_n_features20_n_hyperplanes3_dim_hyperplanes5_seed33,5d05157a8a23e9156d9012fe5bfc8926359e808f10eae8c6681f7702f3b4462c,536dc33fc72f70f24b5e4a66498bcb9f9e3efe2f2c171de6faeab9c91f3265a1,E,,,h3,0,,22,3,,,pennylane,,,,0,test_full,1200,test,0.755,0.826727022569275,0.7539604830408475,0.782619059085846,0.0,0.009166701175380489,0.05239335509353304,99,69,0.9629152920097113,c5c7920-dirty,8f5e61236010,0.01,0.001 0.003 0.01 0.03 0.1,,30,300,1.0,,,True,0.7758333333333334,1e-06
a7_20260824T115851Z,2026-08-24T14:20:23+00:00,hyperplanes_n_features20_n_hyperplanes3_dim_hyperplanes5_seed33,5d05157a8a23e9156d9012fe5bfc8926359e808f10eae8c6681f7702f3b4462c,536dc33fc72f70f24b5e4a66498bcb9f9e3efe2f2c171de6faeab9c91f3265a1,E,,,h3,0,,22,3,,,pennylane,,,,0,val_full,600,val,0.785,0.8344224154245194,0.7812069798930911,0.782619059085846,0.0,0.009166701175380489,0.05239335509353304,99,69,0.9629152920097113,c5c7920-dirty,8f5e61236010,0.01,0.001 0.003 0.01 0.03 0.1,,30,300,1.0,,,True,0.76,1e-06
a7_20260824T115851Z,2026-08-24T14:20:23+00:00,hyperplanes_n_features20_n_hyperplanes3_dim_hyperplanes5_seed33,5d05157a8a23e9156d9012fe5bfc8926359e808f10eae8c6681f7702f3b4462c,536dc33fc72f70f24b5e4a66498bcb9f9e3efe2f2c171de6faeab9c91f3265a1,D_matched,,2,h3,30,,22,3,0x0e4dbf97e6e6ab66,RFF-int-spectrum-U0-2pi,pennylane,,,,0,test_full,1200,test,0.6733333333333333,0.7187868910105242,0.673202614379085,0.6838095188140869,0.0,0.030394769480645494,0.021175727912361456,48,18,0.4844832919770852,c5c7920-dirty,8f5e61236010,0.003,0.001 0.003 0.01 0.03,,30,300,1.0,,0x0e4dbf97e6e6ab66,True,0.67,1.0
a7_20260824T115851Z,2026-08-24T14:20:23+00:00,hyperplanes_n_features20_n_hyperplanes3_dim_hyperplanes5_seed33,5d05157a8a23e9156d9012fe5bfc8926359e808f10eae8c6681f7702f3b4462c,536dc33fc72f70f24b5e4a66498bcb9f9e3efe2f2c171de6faeab9c91f3265a1,D_matched,,2,h3,30,,22,3,0x0e4dbf97e6e6ab66,RFF-int-spectrum-U0-2pi,pennylane,,,,0,val_full,600,val,0.6633333333333333,0.7010441829657914,0.6592097715693221,0.6838095188140869,0.0,0.030394769480645494,0.021175727912361456,48,18,0.4844832919770852,c5c7920-dirty,8f5e61236010,0.003,0.001 0.003 0.01 0.03,,30,300,1.0,,0x0e4dbf97e6e6ab66,True,0.6566666666666666,1.0
a7_20260824T115851Z,2026-08-24T14:20:23+00:00,hyperplanes_n_features20_n_hyperplanes3_dim_hyperplanes5_seed33,5d05157a8a23e9156d9012fe5bfc8926359e808f10eae8c6681f7702f3b4462c,536dc33fc72f70f24b5e4a66498bcb9f9e3efe2f2c171de6faeab9c91f3265a1,D_best,,2,linear,192,,33,3,0x7735a7384fa3a634,RFF-int-spectrum-U0-2pi,pennylane,,,,0,test_full,1200,test,0.8008333333333333,0.8602641780089808,0.7992371290909459,0.8330952525138855,0.0,0.06666381658686539,0.023485287471612732,38,8,0.25395812501665205,c5c7920-dirty,8f5e61236010,0.03,0.001 0.003 0.01 0.03,,30,300,1.0,32,0x7735a7384fa3a634,True,0.8125,1e-06
a7_20260824T115851Z,2026-08-24T14:20:23+00:00,hyperplanes_n_features20_n_hyperplanes3_dim_hyperplanes5_seed33,5d05157a8a23e9156d9012fe5bfc8926359e808f10eae8c6681f7702f3b4462c,536dc33fc72f70f24b5e4a66498bcb9f9e3efe2f2c171de6faeab9c91f3265a1,D_best,,2,linear,192,,33,3,0x7735a7384fa3a634,RFF-int-spectrum-U0-2pi,pennylane,,,,0,val_full,600,val,0.82,0.8527791074350725,0.8146431881371641,0.8330952525138855,0.0,0.06666381658686539,0.023485287471612732,38,8,0.25395812501665205,c5c7920-dirty,8f5e61236010,0.03,0.001 0.003 0.01 0.03,,30,300,1.0,32,0x7735a7384fa3a634,True,0.82,1e-06
a7_20260824T115851Z,2026-08-24T14:20:24+00:00,hyperplanes_n_features20_n_hyperplanes3_dim_hyperplanes5_seed33,5d05157a8a23e9156d9012fe5bfc8926359e808f10eae8c6681f7702f3b4462c,536dc33fc72f70f24b5e4a66498bcb9f9e3efe2f2c171de6faeab9c91f3265a1,D_best,,2,linear,768,,129,3,0x78af1d83bb727726,RFF-int-spectrum-U0-2pi,pennylane,,,,0,test_full,1200,test,0.8216666666666667,0.8797579810169152,0.8215695211837556,0.852142870426178,0.0,0.07758895354950908,0.02427417904795561,70,40,0.5462772080209106,c5c7920-dirty,8f5e61236010,0.01,0.001 0.003 0.01 0.03,,30,300,1.0,128,0x78af1d83bb727726,True,0.8208333333333333,1e-06
a7_20260824T115851Z,2026-08-24T14:20:24+00:00,hyperplanes_n_features20_n_hyperplanes3_dim_hyperplanes5_seed33,5d05157a8a23e9156d9012fe5bfc8926359e808f10eae8c6681f7702f3b4462c,536dc33fc72f70f24b5e4a66498bcb9f9e3efe2f2c171de6faeab9c91f3265a1,D_best,,2,linear,768,,129,3,0x78af1d83bb727726,RFF-int-spectrum-U0-2pi,pennylane,,,,0,val_full,600,val,0.85,0.8731618260956685,0.847683090566506,0.852142870426178,0.0,0.07758895354950908,0.02427417904795561,70,40,0.5462772080209106,c5c7920-dirty,8f5e61236010,0.01,0.001 0.003 0.01 0.03,,30,300,1.0,128,0x78af1d83bb727726,True,0.8333333333333334,1e-06
a7_20260824T115851Z,2026-08-24T14:20:25+00:00,hyperplanes_n_features20_n_hyperplanes3_dim_hyperplanes5_seed33,5d05157a8a23e9156d9012fe5bfc8926359e808f10eae8c6681f7702f3b4462c,536dc33fc72f70f24b5e4a66498bcb9f9e3efe2f2c171de6faeab9c91f3265a1,A,L2,2,h3,35,35,22,2,0xedbc28bf50f4bc26,U0-2pi,pennylane,,,,0,test_full,1200,test,0.8241666666666667,0.8636466388888113,0.8233214314871633,0.8569047451019287,0.6718343496322632,0.0015356913544354862,0.2093479271816835,93,63,811.6015201249393,c5c7920-dirty,8f5e61236010,0.003,0.001 0.003 0.01 0.03,,30,300,1.0,,,False,,
a7_20260824T115851Z,2026-08-24T14:20:25+00:00,hyperplanes_n_features20_n_hyperplanes3_dim_hyperplanes5_seed33,5d05157a8a23e9156d9012fe5bfc8926359e808f10eae8c6681f7702f3b4462c,536dc33fc72f70f24b5e4a66498bcb9f9e3efe2f2c171de6faeab9c91f3265a1,A,L2,2,h3,35,35,22,2,0xedbc28bf50f4bc26,U0-2pi,pennylane,,,,0,val_full,600,val,0.8466666666666667,0.8608052899333192,0.8421034565612879,0.8569047451019287,0.6718343496322632,0.0015356913544354862,0.2093479271816835,93,63,811.6015201249393,c5c7920-dirty,8f5e61236010,0.003,0.001 0.003 0.01 0.03,,30,300,1.0,,,False,,
a7_20260824T115851Z,2026-08-24T14:20:25+00:00,hyperplanes_n_features20_n_hyperplanes3_dim_hyperplanes5_seed33,5d05157a8a23e9156d9012fe5bfc8926359e808f10eae8c6681f7702f3b4462c,536dc33fc72f70f24b5e4a66498bcb9f9e3efe2f2c171de6faeab9c91f3265a1,D_best,,2,linear,3072,,513,3,0x2ea20278ff0b06a0,RFF-int-spectrum-U0-2pi,pennylane,,,,0,test_full,1200,test,0.8258333333333333,0.887245722387035,0.8257577073382545,0.8573809266090393,0.0,0.07495818890754284,0.02921456515841154,119,89,1.0214474590029567,c5c7920-dirty,8f5e61236010,0.001,0.001 0.003 0.01 0.03,,30,300,1.0,512,0x2ea20278ff0b06a0,True,0.8358333333333333,0.0001
a7_20260824T115851Z,2026-08-24T14:20:25+00:00,hyperplanes_n_features20_n_hyperplanes3_dim_hyperplanes5_seed33,5d05157a8a23e9156d9012fe5bfc8926359e808f10eae8c6681f7702f3b4462c,536dc33fc72f70f24b5e4a66498bcb9f9e3efe2f2c171de6faeab9c91f3265a1,D_best,,2,linear,3072,,513,3,0x2ea20278ff0b06a0,RFF-int-spectrum-U0-2pi,pennylane,,,,0,val_full,600,val,0.8533333333333334,0.8750987966292261,0.8509417769546954,0.8573809266090393,0.0,0.07495818890754284,0.02921456515841154,119,89,1.0214474590029567,c5c7920-dirty,8f5e61236010,0.001,0.001 0.003 0.01 0.03,,30,300,1.0,512,0x2ea20278ff0b06a0,True,0.8433333333333334,0.0001
a7_20260824T115851Z,2026-08-24T14:20:33+00:00,hyperplanes_n_features20_n_hyperplanes3_dim_hyperplanes5_seed33,5d05157a8a23e9156d9012fe5bfc8926359e808f10eae8c6681f7702f3b4462c,536dc33fc72f70f24b5e4a66498bcb9f9e3efe2f2c171de6faeab9c91f3265a1,B,L1,2,h3,35,35,22,4,0xc975238400fc39ed,U0-2pi,pennylane,,,,0,test_full,1200,test,0.74,0.7948448170484959,0.7377152080344334,0.7709524035453796,0.0,0.02037024616366978,0.019636958547603757,33,3,7.917108749970794,c5c7920-dirty,8f5e61236010,0.003,0.001 0.003 0.01 0.03,,30,300,1.0,,,True,0.7658333333333334,1e-06
a7_20260824T115851Z,2026-08-24T14:20:33+00:00,hyperplanes_n_features20_n_hyperplanes3_dim_hyperplanes5_seed33,5d05157a8a23e9156d9012fe5bfc8926359e808f10eae8c6681f7702f3b4462c,536dc33fc72f70f24b5e4a66498bcb9f9e3efe2f2c171de6faeab9c91f3265a1,B,L1,2,h3,35,35,22,4,0xc975238400fc39ed,U0-2pi,pennylane,,,,0,val_full,600,val,0.7883333333333333,0.7950262158942903,0.7819062311278768,0.7709524035453796,0.0,0.02037024616366978,0.019636958547603757,33,3,7.917108749970794,c5c7920-dirty,8f5e61236010,0.003,0.001 0.003 0.01 0.03,,30,300,1.0,,,True,0.7666666666666667,1e-06
a7_20260824T115851Z,2026-08-24T14:23:00+00:00,hyperplanes_n_features20_n_hyperplanes3_dim_hyperplanes5_seed33,5d05157a8a23e9156d9012fe5bfc8926359e808f10eae8c6681f7702f3b4462c,536dc33fc72f70f24b5e4a66498bcb9f9e3efe2f2c171de6faeab9c91f3265a1,A,L2,2,h3,35,35,22,1,0x9aed96d53998f1c9,U0-2pi,pennylane,,,,0,test_full,1200,test,0.8441666666666666,0.8696119937820768,0.8439472174411933,0.8654761910438538,0.9065936803817749,0.0552534618700944,0.3191483003442566,155,125,1351.1513583749766,c5c7920-dirty,8f5e61236010,0.003,0.001 0.003 0.01 0.03,,30,300,1.0,,,False,,
a7_20260824T115851Z,2026-08-24T14:23:00+00:00,hyperplanes_n_features20_n_hyperplanes3_dim_hyperplanes5_seed33,5d05157a8a23e9156d9012fe5bfc8926359e808f10eae8c6681f7702f3b4462c,536dc33fc72f70f24b5e4a66498bcb9f9e3efe2f2c171de6faeab9c91f3265a1,A,L2,2,h3,35,35,22,1,0x9aed96d53998f1c9,U0-2pi,pennylane,,,,0,val_full,600,val,0.8566666666666667,0.8647348910732375,0.8533674339300938,0.8654761910438538,0.9065936803817749,0.0552534618700944,0.3191483003442566,155,125,1351.1513583749766,c5c7920-dirty,8f5e61236010,0.003,0.001 0.003 0.01 0.03,,30,300,1.0,,,False,,
a7_20260824T115851Z,2026-08-24T14:23:10+00:00,hyperplanes_n_features20_n_hyperplanes3_dim_hyperplanes5_seed33,5d05157a8a23e9156d9012fe5bfc8926359e808f10eae8c6681f7702f3b4462c,536dc33fc72f70f24b5e4a66498bcb9f9e3efe2f2c171de6faeab9c91f3265a1,B,L2,2,h3,35,35,22,4,0xc9f964aa2896fb2f,U0-2pi,pennylane,,,,0,test_full,1200,test,0.7508333333333334,0.833651020459423,0.7481877306787772,0.782619059085846,0.0,0.011127602103311164,0.23421245672120763,300,277,10.31572437507566,c5c7920-dirty,8f5e61236010,0.003,0.001 0.003 0.01 0.03,,30,300,1.0,,,True,0.7541666666666667,1e-06
a7_20260824T115851Z,2026-08-24T14:23:10+00:00,hyperplanes_n_features20_n_hyperplanes3_dim_hyperplanes5_seed33,5d05157a8a23e9156d9012fe5bfc8926359e808f10eae8c6681f7702f3b4462c,536dc33fc72f70f24b5e4a66498bcb9f9e3efe2f2c171de6faeab9c91f3265a1,B,L2,2,h3,35,35,22,4,0xc9f964aa2896fb2f,U0-2pi,pennylane,,,,0,val_full,600,val,0.7866666666666666,0.8304148901826763,0.7803178526070093,0.782619059085846,0.0,0.011127602103311164,0.23421245672120763,300,277,10.31572437507566,c5c7920-dirty,8f5e61236010,0.003,0.001 0.003 0.01 0.03,,30,300,1.0,,,True,0.7416666666666667,1e-06
a7_20260824T115851Z,2026-08-24T14:33:01+00:00,hyperplanes_n_features20_n_hyperplanes3_dim_hyperplanes5_seed33,5d05157a8a23e9156d9012fe5bfc8926359e808f10eae8c6681f7702f3b4462c,536dc33fc72f70f24b5e4a66498bcb9f9e3efe2f2c171de6faeab9c91f3265a1,F,product,2,h3,35,20,22,2,0x499fbb627c0f5f7c,U0-2pi,pennylane,,,,0,test_full,1200,test,0.8041666666666667,0.8636298940329705,0.8031318786035767,0.8264285922050476,0.6276503205299377,0.0033501180087651228,0.14408812622888675,196,166,1518.8609954169951,c5c7920-dirty,8f5e61236010,0.003,0.001 0.003 0.01 0.03,,30,300,1.0,,,False,,
a7_20260824T115851Z,2026-08-24T14:33:01+00:00,hyperplanes_n_features20_n_hyperplanes3_dim_hyperplanes5_seed33,5d05157a8a23e9156d9012fe5bfc8926359e808f10eae8c6681f7702f3b4462c,536dc33fc72f70f24b5e4a66498bcb9f9e3efe2f2c171de6faeab9c91f3265a1,F,product,2,h3,35,20,22,2,0x499fbb627c0f5f7c,U0-2pi,pennylane,,,,0,val_full,600,val,0.8133333333333334,0.848760450178669,0.808,0.8264285922050476,0.6276503205299377,0.0033501180087651228,0.14408812622888675,196,166,1518.8609954169951,c5c7920-dirty,8f5e61236010,0.003,0.001 0.003 0.01 0.03,,30,300,1.0,,,False,,
a7_20260824T115851Z,2026-08-24T14:33:01+00:00,hyperplanes_n_features20_n_hyperplanes3_dim_hyperplanes5_seed33,5d05157a8a23e9156d9012fe5bfc8926359e808f10eae8c6681f7702f3b4462c,536dc33fc72f70f24b5e4a66498bcb9f9e3efe2f2c171de6faeab9c91f3265a1,E,,,h3,0,,22,4,,,pennylane,,,,0,test_full,1200,test,0.7541666666666667,0.8256106988465586,0.753202614379085,0.7809523940086365,0.0,0.0130954363349472,0.0447366876743481,51,21,0.5048382920213044,c5c7920-dirty,8f5e61236010,0.01,0.001 0.003 0.01 0.03 0.1,,30,300,1.0,,,True,0.7758333333333334,1e-06
a7_20260824T115851Z,2026-08-24T14:33:01+00:00,hyperplanes_n_features20_n_hyperplanes3_dim_hyperplanes5_seed33,5d05157a8a23e9156d9012fe5bfc8926359e808f10eae8c6681f7702f3b4462c,536dc33fc72f70f24b5e4a66498bcb9f9e3efe2f2c171de6faeab9c91f3265a1,E,,,h3,0,,22,4,,,pennylane,,,,0,val_full,600,val,0.7833333333333333,0.8324186528035978,0.7794117647058824,0.7809523940086365,0.0,0.0130954363349472,0.0447366876743481,51,21,0.5048382920213044,c5c7920-dirty,8f5e61236010,0.01,0.001 0.003 0.01 0.03 0.1,,30,300,1.0,,,True,0.76,1e-06
a7_20260824T115851Z,2026-08-24T14:33:04+00:00,hyperplanes_n_features20_n_hyperplanes3_dim_hyperplanes5_seed33,5d05157a8a23e9156d9012fe5bfc8926359e808f10eae8c6681f7702f3b4462c,536dc33fc72f70f24b5e4a66498bcb9f9e3efe2f2c171de6faeab9c91f3265a1,D_matched,,2,h3,30,,22,4,0x80ec42dc400d77f3,RFF-int-spectrum-U0-2pi,pennylane,,,,0,test_full,1200,test,0.6883333333333334,0.7628523745600986,0.6880525806559237,0.726190447807312,0.0,0.012505099058216401,0.10747988849583336,271,241,2.6599321250105277,c5c7920-dirty,8f5e61236010,0.003,0.001 0.003 0.01 0.03,,30,300,1.0,,0x80ec42dc400d77f3,True,0.6566666666666666,1e-06
a7_20260824T115851Z,2026-08-24T14:33:04+00:00,hyperplanes_n_features20_n_hyperplanes3_dim_hyperplanes5_seed33,5d05157a8a23e9156d9012fe5bfc8926359e808f10eae8c6681f7702f3b4462c,536dc33fc72f70f24b5e4a66498bcb9f9e3efe2f2c171de6faeab9c91f3265a1,D_matched,,2,h3,30,,22,4,0x80ec42dc400d77f3,RFF-int-spectrum-U0-2pi,pennylane,,,,0,val_full,600,val,0.7366666666666667,0.7841391056539502,0.7325992034389773,0.726190447807312,0.0,0.012505099058216401,0.10747988849583336,271,241,2.6599321250105277,c5c7920-dirty,8f5e61236010,0.003,0.001 0.003 0.01 0.03,,30,300,1.0,,0x80ec42dc400d77f3,True,0.615,1e-06
a7_20260824T115851Z,2026-08-24T14:33:05+00:00,hyperplanes_n_features20_n_hyperplanes3_dim_hyperplanes5_seed33,5d05157a8a23e9156d9012fe5bfc8926359e808f10eae8c6681f7702f3b4462c,536dc33fc72f70f24b5e4a66498bcb9f9e3efe2f2c171de6faeab9c91f3265a1,D_best,,2,linear,192,,33,4,0x81f13209d45c857b,RFF-int-spectrum-U0-2pi,pennylane,,,,0,test_full,1200,test,0.8116666666666666,0.8675565627276255,0.8115640737734989,0.8359524011611938,0.0,0.06497870863512258,0.027607893942204035,61,31,0.42713724996428937,c5c7920-dirty,8f5e61236010,0.03,0.001 0.003 0.01 0.03,,30,300,1.0,32,0x81f13209d45c857b,True,0.8091666666666667,1e-06
a7_20260824T115851Z,2026-08-24T14:33:05+00:00,hyperplanes_n_features20_n_hyperplanes3_dim_hyperplanes5_seed33,5d05157a8a23e9156d9012fe5bfc8926359e808f10eae8c6681f7702f3b4462c,536dc33fc72f70f24b5e4a66498bcb9f9e3efe2f2c171de6faeab9c91f3265a1,D_best,,2,linear,192,,33,4,0x81f13209d45c857b,RFF-int-spectrum-U0-2pi,pennylane,,,,0,val_full,600,val,0.8283333333333334,0.8571873852010998,0.8256084656084657,0.8359524011611938,0.0,0.06497870863512258,0.027607893942204035,61,31,0.42713724996428937,c5c7920-dirty,8f5e61236010,0.03,0.001 0.003 0.01 0.03,,30,300,1.0,32,0x81f13209d45c857b,True,0.82,1e-06
a7_20260824T115851Z,2026-08-24T14:33:05+00:00,hyperplanes_n_features20_n_hyperplanes3_dim_hyperplanes5_seed33,5d05157a8a23e9156d9012fe5bfc8926359e808f10eae8c6681f7702f3b4462c,536dc33fc72f70f24b5e4a66498bcb9f9e3efe2f2c171de6faeab9c91f3265a1,D_best,,2,linear,768,,129,4,0x08491676e12f22b5,RFF-int-spectrum-U0-2pi,pennylane,,,,0,test_full,1200,test,0.8341666666666666,0.8785746778708359,0.8340411602941391,0.8552380800247192,0.0,0.07050421477327364,0.025592009914437414,58,28,0.4215628328965977,c5c7920-dirty,8f5e61236010,0.01,0.001 0.003 0.01 0.03,,30,300,1.0,128,0x08491676e12f22b5,True,0.8191666666666667,0.0001
a7_20260824T115851Z,2026-08-24T14:33:05+00:00,hyperplanes_n_features20_n_hyperplanes3_dim_hyperplanes5_seed33,5d05157a8a23e9156d9012fe5bfc8926359e808f10eae8c6681f7702f3b4462c,536dc33fc72f70f24b5e4a66498bcb9f9e3efe2f2c171de6faeab9c91f3265a1,D_best,,2,linear,768,,129,4,0x08491676e12f22b5,RFF-int-spectrum-U0-2pi,pennylane,,,,0,val_full,600,val,0.845,0.8677071389609377,0.8427987457706383,0.8552380800247192,0.0,0.07050421477327364,0.025592009914437414,58,28,0.4215628328965977,c5c7920-dirty,8f5e61236010,0.01,0.001 0.003 0.01 0.03,,30,300,1.0,128,0x08491676e12f22b5,True,0.83,0.0001
a7_20260824T115851Z,2026-08-24T14:33:06+00:00,hyperplanes_n_features20_n_hyperplanes3_dim_hyperplanes5_seed33,5d05157a8a23e9156d9012fe5bfc8926359e808f10eae8c6681f7702f3b4462c,536dc33fc72f70f24b5e4a66498bcb9f9e3efe2f2c171de6faeab9c91f3265a1,D_best,,2,linear,3072,,513,4,0x919c9577afb001d0,RFF-int-spectrum-U0-2pi,pennylane,,,,0,test_full,1200,test,0.8291666666666667,0.8887443869847818,0.8291038860803726,0.8547618985176086,0.0,0.07500898148593622,0.018460811033367493,117,87,1.0323963329428807,c5c7920-dirty,8f5e61236010,0.001,0.001 0.003 0.01 0.03,,30,300,1.0,512,0x919c9577afb001d0,True,0.84,0.0001
a7_20260824T115851Z,2026-08-24T14:33:06+00:00,hyperplanes_n_features20_n_hyperplanes3_dim_hyperplanes5_seed33,5d05157a8a23e9156d9012fe5bfc8926359e808f10eae8c6681f7702f3b4462c,536dc33fc72f70f24b5e4a66498bcb9f9e3efe2f2c171de6faeab9c91f3265a1,D_best,,2,linear,3072,,513,4,0x919c9577afb001d0,RFF-int-spectrum-U0-2pi,pennylane,,,,0,val_full,600,val,0.85,0.874108047333326,0.8472850678733032,0.8547618985176086,0.0,0.07500898148593622,0.018460811033367493,117,87,1.0323963329428807,c5c7920-dirty,8f5e61236010,0.001,0.001 0.003 0.01 0.03,,30,300,1.0,512,0x919c9577afb001d0,True,0.8483333333333334,0.0001
a7_20260824T115851Z,2026-08-24T14:34:28+00:00,hyperplanes_n_features20_n_hyperplanes3_dim_hyperplanes5_seed33,5d05157a8a23e9156d9012fe5bfc8926359e808f10eae8c6681f7702f3b4462c,536dc33fc72f70f24b5e4a66498bcb9f9e3efe2f2c171de6faeab9c91f3265a1,A,L1,2,h3,35,35,22,2,0x68f1fd9add9ea051,U0-2pi,pennylane,,,,0,test_full,1200,test,0.8416666666666667,0.9029928639006024,0.8413453910836111,0.8688095211982727,0.7900835871696472,0.004083274897167741,0.17465234563634402,205,175,1801.0485717919655,c5c7920-dirty,8f5e61236010,0.003,0.001 0.003 0.01 0.03,,30,300,1.0,,,False,,
a7_20260824T115851Z,2026-08-24T14:34:28+00:00,hyperplanes_n_features20_n_hyperplanes3_dim_hyperplanes5_seed33,5d05157a8a23e9156d9012fe5bfc8926359e808f10eae8c6681f7702f3b4462c,536dc33fc72f70f24b5e4a66498bcb9f9e3efe2f2c171de6faeab9c91f3265a1,A,L1,2,h3,35,35,22,2,0x68f1fd9add9ea051,U0-2pi,pennylane,,,,0,val_full,600,val,0.8516666666666667,0.8965501886876469,0.8481742527415352,0.8688095211982727,0.7900835871696472,0.004083274897167741,0.17465234563634402,205,175,1801.0485717919655,c5c7920-dirty,8f5e61236010,0.003,0.001 0.003 0.01 0.03,,30,300,1.0,,,False,,
a7_20260824T115851Z,2026-08-24T14:34:37+00:00,hyperplanes_n_features20_n_hyperplanes3_dim_hyperplanes5_seed33,5d05157a8a23e9156d9012fe5bfc8926359e808f10eae8c6681f7702f3b4462c,536dc33fc72f70f24b5e4a66498bcb9f9e3efe2f2c171de6faeab9c91f3265a1,B,L1,2,h3,35,35,22,5,0x2560fc84838de57f,U0-2pi,pennylane,,,,0,test_full,1200,test,0.7708333333333334,0.8251683555714322,0.769835795276612,0.7933333516120911,0.0,0.03098252457032106,0.059282088323896774,142,112,8.872138665989041,c5c7920-dirty,8f5e61236010,0.003,0.001 0.003 0.01 0.03,,30,300,1.0,,,True,0.7716666666666666,1e-06
a7_20260824T115851Z,2026-08-24T14:34:37+00:00,hyperplanes_n_features20_n_hyperplanes3_dim_hyperplanes5_seed33,5d05157a8a23e9156d9012fe5bfc8926359e808f10eae8c6681f7702f3b4462c,536dc33fc72f70f24b5e4a66498bcb9f9e3efe2f2c171de6faeab9c91f3265a1,B,L1,2,h3,35,35,22,5,0x2560fc84838de57f,U0-2pi,pennylane,,,,0,val_full,600,val,0.79,0.8175518473578163,0.7847159731635361,0.7933333516120911,0.0,0.03098252457032106,0.059282088323896774,142,112,8.872138665989041,c5c7920-dirty,8f5e61236010,0.003,0.001 0.003 0.01 0.03,,30,300,1.0,,,True,0.7733333333333333,1e-06
a7_20260824T115851Z,2026-08-24T14:36:19+00:00,hyperplanes_n_features20_n_hyperplanes3_dim_hyperplanes5_seed33,5d05157a8a23e9156d9012fe5bfc8926359e808f10eae8c6681f7702f3b4462c,536dc33fc72f70f24b5e4a66498bcb9f9e3efe2f2c171de6faeab9c91f3265a1,A,L1,2,h3,35,35,22,3,0xe98c84d46f8b02b7,U0-2pi,pennylane,,,,0,test_full,1200,test,0.8458333333333333,0.8761131840622463,0.8456531548286577,0.8723809719085693,0.7823995351791382,0.012952768001296801,0.3587521405782213,192,162,1666.6254163749982,c5c7920-dirty,8f5e61236010,0.003,0.001 0.003 0.01 0.03,,30,300,1.0,,,False,,
a7_20260824T115851Z,2026-08-24T14:36:19+00:00,hyperplanes_n_features20_n_hyperplanes3_dim_hyperplanes5_seed33,5d05157a8a23e9156d9012fe5bfc8926359e808f10eae8c6681f7702f3b4462c,536dc33fc72f70f24b5e4a66498bcb9f9e3efe2f2c171de6faeab9c91f3265a1,A,L1,2,h3,35,35,22,3,0xe98c84d46f8b02b7,U0-2pi,pennylane,,,,0,val_full,600,val,0.8716666666666667,0.8716924001736595,0.8690383388845582,0.8723809719085693,0.7823995351791382,0.012952768001296801,0.3587521405782213,192,162,1666.6254163749982,c5c7920-dirty,8f5e61236010,0.003,0.001 0.003 0.01 0.03,,30,300,1.0,,,False,,
a7_20260824T115851Z,2026-08-24T14:36:28+00:00,hyperplanes_n_features20_n_hyperplanes3_dim_hyperplanes5_seed33,5d05157a8a23e9156d9012fe5bfc8926359e808f10eae8c6681f7702f3b4462c,536dc33fc72f70f24b5e4a66498bcb9f9e3efe2f2c171de6faeab9c91f3265a1,B,L2,2,h3,35,35,22,5,0xf9ea9d8280d97e94,U0-2pi,pennylane,,,,0,test_full,1200,test,0.71,0.7666771787150556,0.7099927498187455,0.7383333444595337,0.0,0.022893753269963197,0.10960791511622595,159,129,8.892654999974184,c5c7920-dirty,8f5e61236010,0.003,0.001 0.003 0.01 0.03,,30,300,1.0,,,True,0.7066666666666667,1e-06
a7_20260824T115851Z,2026-08-24T14:36:28+00:00,hyperplanes_n_features20_n_hyperplanes3_dim_hyperplanes5_seed33,5d05157a8a23e9156d9012fe5bfc8926359e808f10eae8c6681f7702f3b4462c,536dc33fc72f70f24b5e4a66498bcb9f9e3efe2f2c171de6faeab9c91f3265a1,B,L2,2,h3,35,35,22,5,0xf9ea9d8280d97e94,U0-2pi,pennylane,,,,0,val_full,600,val,0.7183333333333334,0.7650588326969531,0.7164421600731545,0.7383333444595337,0.0,0.022893753269963197,0.10960791511622595,159,129,8.892654999974184,c5c7920-dirty,8f5e61236010,0.003,0.001 0.003 0.01 0.03,,30,300,1.0,,,True,0.7083333333333334,1e-06
a7_20260824T115851Z,2026-08-24T14:37:49+00:00,hyperplanes_n_features20_n_hyperplanes3_dim_hyperplanes5_seed33,5d05157a8a23e9156d9012fe5bfc8926359e808f10eae8c6681f7702f3b4462c,536dc33fc72f70f24b5e4a66498bcb9f9e3efe2f2c171de6faeab9c91f3265a1,F,product,2,h3,35,20,22,1,0x27078a7f911995bb,U0-2pi,pennylane,,,,0,test_full,1200,test,0.8116666666666666,0.8442184198995867,0.8111946532999165,0.8230952620506287,0.8940941095352173,0.059365337603577734,0.20311268973353155,263,233,2061.1907766660443,c5c7920-dirty,8f5e61236010,0.003,0.001 0.003 0.01 0.03,,30,300,1.0,,,False,,
a7_20260824T115851Z,2026-08-24T14:37:49+00:00,hyperplanes_n_features20_n_hyperplanes3_dim_hyperplanes5_seed33,5d05157a8a23e9156d9012fe5bfc8926359e808f10eae8c6681f7702f3b4462c,536dc33fc72f70f24b5e4a66498bcb9f9e3efe2f2c171de6faeab9c91f3265a1,F,product,2,h3,35,20,22,1,0x27078a7f911995bb,U0-2pi,pennylane,,,,0,val_full,600,val,0.82,0.8354576927786621,0.8150663820363246,0.8230952620506287,0.8940941095352173,0.059365337603577734,0.20311268973353155,263,233,2061.1907766660443,c5c7920-dirty,8f5e61236010,0.003,0.001 0.003 0.01 0.03,,30,300,1.0,,,False,,
a7_20260824T115851Z,2026-08-24T14:37:50+00:00,hyperplanes_n_features20_n_hyperplanes3_dim_hyperplanes5_seed33,5d05157a8a23e9156d9012fe5bfc8926359e808f10eae8c6681f7702f3b4462c,536dc33fc72f70f24b5e4a66498bcb9f9e3efe2f2c171de6faeab9c91f3265a1,E,,,h3,0,,22,5,,,pennylane,,,,0,test_full,1200,test,0.8233333333333334,0.8876671345923604,0.822695035460993,0.8478571176528931,0.0,0.03250569016923796,0.03676392603187107,76,46,0.7895684170071036,c5c7920-dirty,8f5e61236010,0.01,0.001 0.003 0.01 0.03 0.1,,30,300,1.0,,,True,0.7758333333333334,1e-06
a7_20260824T115851Z,2026-08-24T14:37:50+00:00,hyperplanes_n_features20_n_hyperplanes3_dim_hyperplanes5_seed33,5d05157a8a23e9156d9012fe5bfc8926359e808f10eae8c6681f7702f3b4462c,536dc33fc72f70f24b5e4a66498bcb9f9e3efe2f2c171de6faeab9c91f3265a1,E,,,h3,0,,22,5,,,pennylane,,,,0,val_full,600,val,0.8466666666666667,0.8830136589818659,0.8428084883416296,0.8478571176528931,0.0,0.03250569016923796,0.03676392603187107,76,46,0.7895684170071036,c5c7920-dirty,8f5e61236010,0.01,0.001 0.003 0.01 0.03 0.1,,30,300,1.0,,,True,0.76,1e-06
a7_20260824T115851Z,2026-08-24T14:37:52+00:00,hyperplanes_n_features20_n_hyperplanes3_dim_hyperplanes5_seed33,5d05157a8a23e9156d9012fe5bfc8926359e808f10eae8c6681f7702f3b4462c,536dc33fc72f70f24b5e4a66498bcb9f9e3efe2f2c171de6faeab9c91f3265a1,D_matched,,2,h3,30,,22,5,0x5fea624fe73dbb57,RFF-int-spectrum-U0-2pi,pennylane,,,,0,test_full,1200,test,0.75,0.8159907791660503,0.749955547652916,0.7814285755157471,0.0,0.06441416824162216,0.06465731249225445,195,165,1.8822596250101924,c5c7920-dirty,8f5e61236010,0.003,0.001 0.003 0.01 0.03,,30,300,1.0,,0x5fea624fe73dbb57,True,0.7216666666666667,1e-06
a7_20260824T115851Z,2026-08-24T14:37:52+00:00,hyperplanes_n_features20_n_hyperplanes3_dim_hyperplanes5_seed33,5d05157a8a23e9156d9012fe5bfc8926359e808f10eae8c6681f7702f3b4462c,536dc33fc72f70f24b5e4a66498bcb9f9e3efe2f2c171de6faeab9c91f3265a1,D_matched,,2,h3,30,,22,5,0x5fea624fe73dbb57,RFF-int-spectrum-U0-2pi,pennylane,,,,0,val_full,600,val,0.765,0.8271866059600806,0.7625456454071107,0.7814285755157471,0.0,0.06441416824162216,0.06465731249225445,195,165,1.8822596250101924,c5c7920-dirty,8f5e61236010,0.003,0.001 0.003 0.01 0.03,,30,300,1.0,,0x5fea624fe73dbb57,True,0.7016666666666667,1e-06
a7_20260824T115851Z,2026-08-24T14:37:52+00:00,hyperplanes_n_features20_n_hyperplanes3_dim_hyperplanes5_seed33,5d05157a8a23e9156d9012fe5bfc8926359e808f10eae8c6681f7702f3b4462c,536dc33fc72f70f24b5e4a66498bcb9f9e3efe2f2c171de6faeab9c91f3265a1,D_best,,2,linear,192,,33,5,0x7bba18422325b3f3,RFF-int-spectrum-U0-2pi,pennylane,,,,0,test_full,1200,test,0.8058333333333333,0.8536276334774321,0.8058224108439433,0.8349999785423279,0.0,0.07674581573354178,0.03991248683622404,41,11,0.2992426250129938,c5c7920-dirty,8f5e61236010,0.03,0.001 0.003 0.01 0.03,,30,300,1.0,32,0x7bba18422325b3f3,True,0.8041666666666667,1e-06
a7_20260824T115851Z,2026-08-24T14:37:52+00:00,hyperplanes_n_features20_n_hyperplanes3_dim_hyperplanes5_seed33,5d05157a8a23e9156d9012fe5bfc8926359e808f10eae8c6681f7702f3b4462c,536dc33fc72f70f24b5e4a66498bcb9f9e3efe2f2c171de6faeab9c91f3265a1,D_best,,2,linear,192,,33,5,0x7bba18422325b3f3,RFF-int-spectrum-U0-2pi,pennylane,,,,0,val_full,600,val,0.825,0.8451870735046921,0.8230491165095175,0.8349999785423279,0.0,0.07674581573354178,0.03991248683622404,41,11,0.2992426250129938,c5c7920-dirty,8f5e61236010,0.03,0.001 0.003 0.01 0.03,,30,300,1.0,32,0x7bba18422325b3f3,True,0.8033333333333333,1e-06
a7_20260824T115851Z,2026-08-24T14:37:53+00:00,hyperplanes_n_features20_n_hyperplanes3_dim_hyperplanes5_seed33,5d05157a8a23e9156d9012fe5bfc8926359e808f10eae8c6681f7702f3b4462c,536dc33fc72f70f24b5e4a66498bcb9f9e3efe2f2c171de6faeab9c91f3265a1,D_best,,2,linear,768,,129,5,0xb50902aa88037212,RFF-int-spectrum-U0-2pi,pennylane,,,,0,test_full,1200,test,0.8258333333333333,0.8864866222555879,0.8258061155388863,0.8509523868560791,0.0,0.058518617141383684,0.06253247707517876,113,83,0.828314834041521,c5c7920-dirty,8f5e61236010,0.01,0.001 0.003 0.01 0.03,,30,300,1.0,128,0xb50902aa88037212,True,0.8216666666666667,1e-06
a7_20260824T115851Z,2026-08-24T14:37:53+00:00,hyperplanes_n_features20_n_hyperplanes3_dim_hyperplanes5_seed33,5d05157a8a23e9156d9012fe5bfc8926359e808f10eae8c6681f7702f3b4462c,536dc33fc72f70f24b5e4a66498bcb9f9e3efe2f2c171de6faeab9c91f3265a1,D_best,,2,linear,768,,129,5,0xb50902aa88037212,RFF-int-spectrum-U0-2pi,pennylane,,,,0,val_full,600,val,0.8466666666666667,0.8789727376963409,0.844550830751901,0.8509523868560791,0.0,0.058518617141383684,0.06253247707517876,113,83,0.828314834041521,c5c7920-dirty,8f5e61236010,0.01,0.001 0.003 0.01 0.03,,30,300,1.0,128,0xb50902aa88037212,True,0.8316666666666667,1e-06
a7_20260824T115851Z,2026-08-24T14:37:54+00:00,hyperplanes_n_features20_n_hyperplanes3_dim_hyperplanes5_seed33,5d05157a8a23e9156d9012fe5bfc8926359e808f10eae8c6681f7702f3b4462c,536dc33fc72f70f24b5e4a66498bcb9f9e3efe2f2c171de6faeab9c91f3265a1,D_best,,2,linear,3072,,513,5,0x10a2f35f53be67b9,RFF-int-spectrum-U0-2pi,pennylane,,,,0,test_full,1200,test,0.8233333333333334,0.884577708689743,0.8232842456237843,0.8550000190734863,0.0,0.07314700254470594,0.055498756064017156,107,77,0.9597277079010382,c5c7920-dirty,8f5e61236010,0.001,0.001 0.003 0.01 0.03,,30,300,1.0,512,0x10a2f35f53be67b9,True,0.84,0.0001
a7_20260824T115851Z,2026-08-24T14:37:54+00:00,hyperplanes_n_features20_n_hyperplanes3_dim_hyperplanes5_seed33,5d05157a8a23e9156d9012fe5bfc8926359e808f10eae8c6681f7702f3b4462c,536dc33fc72f70f24b5e4a66498bcb9f9e3efe2f2c171de6faeab9c91f3265a1,D_best,,2,linear,3072,,513,5,0x10a2f35f53be67b9,RFF-int-spectrum-U0-2pi,pennylane,,,,0,val_full,600,val,0.85,0.8765125624784318,0.8472850678733032,0.8550000190734863,0.0,0.07314700254470594,0.055498756064017156,107,77,0.9597277079010382,c5c7920-dirty,8f5e61236010,0.001,0.001 0.003 0.01 0.03,,30,300,1.0,512,0x10a2f35f53be67b9,True,0.85,0.0001
a7_20260824T115851Z,2026-08-24T14:38:50+00:00,hyperplanes_n_features20_n_hyperplanes3_dim_hyperplanes5_seed33,5d05157a8a23e9156d9012fe5bfc8926359e808f10eae8c6681f7702f3b4462c,536dc33fc72f70f24b5e4a66498bcb9f9e3efe2f2c171de6faeab9c91f3265a1,F,product,2,h3,35,20,22,3,0xa27b3263a781f0fe,U0-2pi,pennylane,,,,0,test_full,1200,test,0.8083333333333333,0.840016856488213,0.8074776785714286,0.8240476250648499,0.6734819412231445,0.003289729276374084,0.21906853975258367,224,194,1737.615816415986,c5c7920-dirty,8f5e61236010,0.003,0.001 0.003 0.01 0.03,,30,300,1.0,,,False,,
a7_20260824T115851Z,2026-08-24T14:38:50+00:00,hyperplanes_n_features20_n_hyperplanes3_dim_hyperplanes5_seed33,5d05157a8a23e9156d9012fe5bfc8926359e808f10eae8c6681f7702f3b4462c,536dc33fc72f70f24b5e4a66498bcb9f9e3efe2f2c171de6faeab9c91f3265a1,F,product,2,h3,35,20,22,3,0xa27b3263a781f0fe,U0-2pi,pennylane,,,,0,val_full,600,val,0.82,0.8431387828255279,0.8142010069846659,0.8240476250648499,0.6734819412231445,0.003289729276374084,0.21906853975258367,224,194,1737.615816415986,c5c7920-dirty,8f5e61236010,0.003,0.001 0.003 0.01 0.03,,30,300,1.0,,,False,,
a7_20260824T115851Z,2026-08-24T14:38:59+00:00,hyperplanes_n_features20_n_hyperplanes3_dim_hyperplanes5_seed33,5d05157a8a23e9156d9012fe5bfc8926359e808f10eae8c6681f7702f3b4462c,536dc33fc72f70f24b5e4a66498bcb9f9e3efe2f2c171de6faeab9c91f3265a1,B,L1,2,h3,35,35,22,6,0x7f041defed10b1c8,U0-2pi,pennylane,,,,0,test_full,1200,test,0.7216666666666667,0.7496364970877906,0.7214925995413801,0.7502381205558777,0.0,0.007890473680476112,0.06212071653455968,80,50,8.408990624942817,c5c7920-dirty,8f5e61236010,0.003,0.001 0.003 0.01 0.03,,30,300,1.0,,,True,0.7083333333333334,1.0
a7_20260824T115851Z,2026-08-24T14:38:59+00:00,hyperplanes_n_features20_n_hyperplanes3_dim_hyperplanes5_seed33,5d05157a8a23e9156d9012fe5bfc8926359e808f10eae8c6681f7702f3b4462c,536dc33fc72f70f24b5e4a66498bcb9f9e3efe2f2c171de6faeab9c91f3265a1,B,L1,2,h3,35,35,22,6,0x7f041defed10b1c8,U0-2pi,pennylane,,,,0,val_full,600,val,0.725,0.7314401487237145,0.7241656009428521,0.7502381205558777,0.0,0.007890473680476112,0.06212071653455968,80,50,8.408990624942817,c5c7920-dirty,8f5e61236010,0.003,0.001 0.003 0.01 0.03,,30,300,1.0,,,True,0.685,1.0
a7_20260824T115851Z,2026-08-24T14:39:58+00:00,hyperplanes_n_features20_n_hyperplanes3_dim_hyperplanes5_seed33,5d05157a8a23e9156d9012fe5bfc8926359e808f10eae8c6681f7702f3b4462c,536dc33fc72f70f24b5e4a66498bcb9f9e3efe2f2c171de6faeab9c91f3265a1,A,L1,2,h3,35,35,22,1,0x1ddc9c443a3565bb,U0-2pi,pennylane,,,,0,test_full,1200,test,0.8533333333333334,0.8739223987564153,0.8529149581030486,0.8754761815071106,0.8043151497840881,0.046195597203993466,0.09954414971836771,287,257,2483.3550126668997,c5c7920-dirty,8f5e61236010,0.003,0.001 0.003 0.01 0.03,,30,300,1.0,,,False,,
a7_20260824T115851Z,2026-08-24T14:39:58+00:00,hyperplanes_n_features20_n_hyperplanes3_dim_hyperplanes5_seed33,5d05157a8a23e9156d9012fe5bfc8926359e808f10eae8c6681f7702f3b4462c,536dc33fc72f70f24b5e4a66498bcb9f9e3efe2f2c171de6faeab9c91f3265a1,A,L1,2,h3,35,35,22,1,0x1ddc9c443a3565bb,U0-2pi,pennylane,,,,0,val_full,600,val,0.8616666666666667,0.8685754360966704,0.8581095519623905,0.8754761815071106,0.8043151497840881,0.046195597203993466,0.09954414971836771,287,257,2483.3550126668997,c5c7920-dirty,8f5e61236010,0.003,0.001 0.003 0.01 0.03,,30,300,1.0,,,False,,
a7_20260824T115851Z,2026-08-24T14:40:06+00:00,hyperplanes_n_features20_n_hyperplanes3_dim_hyperplanes5_seed33,5d05157a8a23e9156d9012fe5bfc8926359e808f10eae8c6681f7702f3b4462c,536dc33fc72f70f24b5e4a66498bcb9f9e3efe2f2c171de6faeab9c91f3265a1,B,L2,2,h3,35,35,22,6,0xfed8b00a5c8d996d,U0-2pi,pennylane,,,,0,test_full,1200,test,0.6141666666666666,0.6017263946371808,0.5867667173167505,0.6085714101791382,0.0,0.014395461473243876,0.05375132904003068,31,1,7.870239082956687,c5c7920-dirty,8f5e61236010,0.003,0.001 0.003 0.01 0.03,,30,300,1.0,,,True,0.6041666666666666,1.0
a7_20260824T115851Z,2026-08-24T14:40:06+00:00,hyperplanes_n_features20_n_hyperplanes3_dim_hyperplanes5_seed33,5d05157a8a23e9156d9012fe5bfc8926359e808f10eae8c6681f7702f3b4462c,536dc33fc72f70f24b5e4a66498bcb9f9e3efe2f2c171de6faeab9c91f3265a1,B,L2,2,h3,35,35,22,6,0xfed8b00a5c8d996d,U0-2pi,pennylane,,,,0,val_full,600,val,0.58,0.5817702129554385,0.5689655172413793,0.6085714101791382,0.0,0.014395461473243876,0.05375132904003068,31,1,7.870239082956687,c5c7920-dirty,8f5e61236010,0.003,0.001 0.003 0.01 0.03,,30,300,1.0,,,True,0.6066666666666667,1.0
a7_20260824T115851Z,2026-08-24T14:41:32+00:00,hyperplanes_n_features20_n_hyperplanes3_dim_hyperplanes5_seed33,5d05157a8a23e9156d9012fe5bfc8926359e808f10eae8c6681f7702f3b4462c,536dc33fc72f70f24b5e4a66498bcb9f9e3efe2f2c171de6faeab9c91f3265a1,A,L2,2,h3,35,35,22,3,0xdec7e07515164a44,U0-2pi,pennylane,,,,0,test_full,1200,test,0.84,0.8851135440766467,0.8396753425687016,0.8721428513526917,0.8525248765945435,0.0032078393682367892,0.07129314024137991,226,196,1954.8615737920627,c5c7920-dirty,8f5e61236010,0.003,0.001 0.003 0.01 0.03,,30,300,1.0,,,False,,
a7_20260824T115851Z,2026-08-24T14:41:32+00:00,hyperplanes_n_features20_n_hyperplanes3_dim_hyperplanes5_seed33,5d05157a8a23e9156d9012fe5bfc8926359e808f10eae8c6681f7702f3b4462c,536dc33fc72f70f24b5e4a66498bcb9f9e3efe2f2c171de6faeab9c91f3265a1,A,L2,2,h3,35,35,22,3,0xdec7e07515164a44,U0-2pi,pennylane,,,,0,val_full,600,val,0.8583333333333333,0.8875443889080606,0.8552908228844796,0.8721428513526917,0.8525248765945435,0.0032078393682367892,0.07129314024137991,226,196,1954.8615737920627,c5c7920-dirty,8f5e61236010,0.003,0.001 0.003 0.01 0.03,,30,300,1.0,,,False,,
a7_20260824T115851Z,2026-08-24T14:41:33+00:00,hyperplanes_n_features20_n_hyperplanes3_dim_hyperplanes5_seed33,5d05157a8a23e9156d9012fe5bfc8926359e808f10eae8c6681f7702f3b4462c,536dc33fc72f70f24b5e4a66498bcb9f9e3efe2f2c171de6faeab9c91f3265a1,E,,,h3,0,,22,6,,,pennylane,,,,0,test_full,1200,test,0.8225,0.899871343690957,0.8218406868194867,0.8469047546386719,0.0,0.011794424147271994,0.08045210789591759,66,36,0.665652499999851,c5c7920-dirty,8f5e61236010,0.01,0.001 0.003 0.01 0.03 0.1,,30,300,1.0,,,True,0.7758333333333334,1e-06
a7_20260824T115851Z,2026-08-24T14:41:33+00:00,hyperplanes_n_features20_n_hyperplanes3_dim_hyperplanes5_seed33,5d05157a8a23e9156d9012fe5bfc8926359e808f10eae8c6681f7702f3b4462c,536dc33fc72f70f24b5e4a66498bcb9f9e3efe2f2c171de6faeab9c91f3265a1,E,,,h3,0,,22,6,,,pennylane,,,,0,val_full,600,val,0.8483333333333334,0.9005243178858078,0.8449211682605324,0.8469047546386719,0.0,0.011794424147271994,0.08045210789591759,66,36,0.665652499999851,c5c7920-dirty,8f5e61236010,0.01,0.001 0.003 0.01 0.03 0.1,,30,300,1.0,,,True,0.76,1e-06
a7_20260824T115851Z,2026-08-24T14:41:33+00:00,hyperplanes_n_features20_n_hyperplanes3_dim_hyperplanes5_seed33,5d05157a8a23e9156d9012fe5bfc8926359e808f10eae8c6681f7702f3b4462c,536dc33fc72f70f24b5e4a66498bcb9f9e3efe2f2c171de6faeab9c91f3265a1,D_matched,,2,h3,30,,22,6,0x88bb3901c7635059,RFF-int-spectrum-U0-2pi,pennylane,,,,0,test_full,1200,test,0.6491666666666667,0.6700677329418758,0.6484809604290591,0.6476190686225891,0.0,0.020989440855417735,0.10445251507803764,41,11,0.3997009579325095,c5c7920-dirty,8f5e61236010,0.003,0.001 0.003 0.01 0.03,,30,300,1.0,,0x88bb3901c7635059,True,0.6316666666666667,1.0
a7_20260824T115851Z,2026-08-24T14:41:33+00:00,hyperplanes_n_features20_n_hyperplanes3_dim_hyperplanes5_seed33,5d05157a8a23e9156d9012fe5bfc8926359e808f10eae8c6681f7702f3b4462c,536dc33fc72f70f24b5e4a66498bcb9f9e3efe2f2c171de6faeab9c91f3265a1,D_matched,,2,h3,30,,22,6,0x88bb3901c7635059,RFF-int-spectrum-U0-2pi,pennylane,,,,0,val_full,600,val,0.6583333333333333,0.6950996871903908,0.6534811062686112,0.6476190686225891,0.0,0.020989440855417735,0.10445251507803764,41,11,0.3997009579325095,c5c7920-dirty,8f5e61236010,0.003,0.001 0.003 0.01 0.03,,30,300,1.0,,0x88bb3901c7635059,True,0.6433333333333333,1.0
a7_20260824T115851Z,2026-08-24T14:41:34+00:00,hyperplanes_n_features20_n_hyperplanes3_dim_hyperplanes5_seed33,5d05157a8a23e9156d9012fe5bfc8926359e808f10eae8c6681f7702f3b4462c,536dc33fc72f70f24b5e4a66498bcb9f9e3efe2f2c171de6faeab9c91f3265a1,D_best,,2,linear,192,,33,6,0x9a1aca9cdc0b384a,RFF-int-spectrum-U0-2pi,pennylane,,,,0,test_full,1200,test,0.8075,0.8571859153435905,0.8074774053343761,0.8235714435577393,0.0,0.07604662584583662,0.03248217137470452,60,30,0.405792040983215,c5c7920-dirty,8f5e61236010,0.03,0.001 0.003 0.01 0.03,,30,300,1.0,32,0x9a1aca9cdc0b384a,True,0.795,1.0
a7_20260824T115851Z,2026-08-24T14:41:34+00:00,hyperplanes_n_features20_n_hyperplanes3_dim_hyperplanes5_seed33,5d05157a8a23e9156d9012fe5bfc8926359e808f10eae8c6681f7702f3b4462c,536dc33fc72f70f24b5e4a66498bcb9f9e3efe2f2c171de6faeab9c91f3265a1,D_best,,2,linear,192,,33,6,0x9a1aca9cdc0b384a,RFF-int-spectrum-U0-2pi,pennylane,,,,0,val_full,600,val,0.8116666666666666,0.8483708296690453,0.808836922105275,0.8235714435577393,0.0,0.07604662584583662,0.03248217137470452,60,30,0.405792040983215,c5c7920-dirty,8f5e61236010,0.03,0.001 0.003 0.01 0.03,,30,300,1.0,32,0x9a1aca9cdc0b384a,True,0.795,1.0
a7_20260824T115851Z,2026-08-24T14:41:34+00:00,hyperplanes_n_features20_n_hyperplanes3_dim_hyperplanes5_seed33,5d05157a8a23e9156d9012fe5bfc8926359e808f10eae8c6681f7702f3b4462c,536dc33fc72f70f24b5e4a66498bcb9f9e3efe2f2c171de6faeab9c91f3265a1,D_best,,2,linear,768,,129,6,0x0765a6307b9ee5f9,RFF-int-spectrum-U0-2pi,pennylane,,,,0,test_full,1200,test,0.825,0.8838883787909657,0.8249761773130231,0.8514285683631897,0.0,0.07623340292278935,0.049824909436806494,94,64,0.6868950410280377,c5c7920-dirty,8f5e61236010,0.01,0.001 0.003 0.01 0.03,,30,300,1.0,128,0x0765a6307b9ee5f9,True,0.8258333333333333,1e-06
a7_20260824T115851Z,2026-08-24T14:41:34+00:00,hyperplanes_n_features20_n_hyperplanes3_dim_hyperplanes5_seed33,5d05157a8a23e9156d9012fe5bfc8926359e808f10eae8c6681f7702f3b4462c,536dc33fc72f70f24b5e4a66498bcb9f9e3efe2f2c171de6faeab9c91f3265a1,D_best,,2,linear,768,,129,6,0x0765a6307b9ee5f9,RFF-int-spectrum-U0-2pi,pennylane,,,,0,val_full,600,val,0.845,0.8709576872126548,0.8426710951839874,0.8514285683631897,0.0,0.07623340292278935,0.049824909436806494,94,64,0.6868950410280377,c5c7920-dirty,8f5e61236010,0.01,0.001 0.003 0.01 0.03,,30,300,1.0,128,0x0765a6307b9ee5f9,True,0.8283333333333334,1e-06
a7_20260824T115851Z,2026-08-24T14:41:35+00:00,hyperplanes_n_features20_n_hyperplanes3_dim_hyperplanes5_seed33,5d05157a8a23e9156d9012fe5bfc8926359e808f10eae8c6681f7702f3b4462c,536dc33fc72f70f24b5e4a66498bcb9f9e3efe2f2c171de6faeab9c91f3265a1,D_best,,2,linear,3072,,513,6,0xac5b090c25741663,RFF-int-spectrum-U0-2pi,pennylane,,,,0,test_full,1200,test,0.8325,0.8834139412088111,0.8321212235105457,0.8611904978752136,0.0,0.10217022870624688,0.022419101269063203,92,62,0.8424801250221208,c5c7920-dirty,8f5e61236010,0.001,0.001 0.003 0.01 0.03,,30,300,1.0,512,0xac5b090c25741663,True,0.8433333333333334,0.0001
a7_20260824T115851Z,2026-08-24T14:41:35+00:00,hyperplanes_n_features20_n_hyperplanes3_dim_hyperplanes5_seed33,5d05157a8a23e9156d9012fe5bfc8926359e808f10eae8c6681f7702f3b4462c,536dc33fc72f70f24b5e4a66498bcb9f9e3efe2f2c171de6faeab9c91f3265a1,D_best,,2,linear,3072,,513,6,0xac5b090c25741663,RFF-int-spectrum-U0-2pi,pennylane,,,,0,val_full,600,val,0.8483333333333334,0.8719595685231156,0.845076057441031,0.8611904978752136,0.0,0.10217022870624688,0.022419101269063203,92,62,0.8424801250221208,c5c7920-dirty,8f5e61236010,0.001,0.001 0.003 0.01 0.03,,30,300,1.0,512,0xac5b090c25741663,True,0.8516666666666667,0.0001
a7_20260824T115851Z,2026-08-24T14:42:39+00:00,hyperplanes_n_features20_n_hyperplanes3_dim_hyperplanes5_seed33,5d05157a8a23e9156d9012fe5bfc8926359e808f10eae8c6681f7702f3b4462c,536dc33fc72f70f24b5e4a66498bcb9f9e3efe2f2c171de6faeab9c91f3265a1,A,L1,2,h3,35,35,22,4,0xc975238400fc39ed,U0-2pi,pennylane,,,,0,test_full,1200,test,0.8475,0.8841674597216447,0.8473217693710504,0.8671428561210632,0.9946903586387634,0.013025541902478352,0.24476150214131112,154,124,1334.5261470419355,c5c7920-dirty,8f5e61236010,0.003,0.001 0.003 0.01 0.03,,30,300,1.0,,,False,,
a7_20260824T115851Z,2026-08-24T14:42:39+00:00,hyperplanes_n_features20_n_hyperplanes3_dim_hyperplanes5_seed33,5d05157a8a23e9156d9012fe5bfc8926359e808f10eae8c6681f7702f3b4462c,536dc33fc72f70f24b5e4a66498bcb9f9e3efe2f2c171de6faeab9c91f3265a1,A,L1,2,h3,35,35,22,4,0xc975238400fc39ed,U0-2pi,pennylane,,,,0,val_full,600,val,0.86,0.8873328806314078,0.8572011423908609,0.8671428561210632,0.9946903586387634,0.013025541902478352,0.24476150214131112,154,124,1334.5261470419355,c5c7920-dirty,8f5e61236010,0.003,0.001 0.003 0.01 0.03,,30,300,1.0,,,False,,
a7_20260824T115851Z,2026-08-24T14:42:48+00:00,hyperplanes_n_features20_n_hyperplanes3_dim_hyperplanes5_seed33,5d05157a8a23e9156d9012fe5bfc8926359e808f10eae8c6681f7702f3b4462c,536dc33fc72f70f24b5e4a66498bcb9f9e3efe2f2c171de6faeab9c91f3265a1,B,L1,2,h3,35,35,22,7,0xd86bbfc3a6142e24,U0-2pi,pennylane,,,,0,test_full,1200,test,0.7558333333333334,0.8173945562473663,0.7557843206032322,0.7719047665596008,0.0,0.03248237139795994,0.02023160700558269,142,112,8.927997624967247,c5c7920-dirty,8f5e61236010,0.003,0.001 0.003 0.01 0.03,,30,300,1.0,,,True,0.725,1e-06
a7_20260824T115851Z,2026-08-24T14:42:48+00:00,hyperplanes_n_features20_n_hyperplanes3_dim_hyperplanes5_seed33,5d05157a8a23e9156d9012fe5bfc8926359e808f10eae8c6681f7702f3b4462c,536dc33fc72f70f24b5e4a66498bcb9f9e3efe2f2c171de6faeab9c91f3265a1,B,L1,2,h3,35,35,22,7,0xd86bbfc3a6142e24,U0-2pi,pennylane,,,,0,val_full,600,val,0.7566666666666667,0.8081397290467658,0.7535005177614695,0.7719047665596008,0.0,0.03248237139795994,0.02023160700558269,142,112,8.927997624967247,c5c7920-dirty,8f5e61236010,0.003,0.001 0.003 0.01 0.03,,30,300,1.0,,,True,0.71,1e-06
a7_20260824T115851Z,2026-08-24T14:43:05+00:00,hyperplanes_n_features20_n_hyperplanes3_dim_hyperplanes5_seed33,5d05157a8a23e9156d9012fe5bfc8926359e808f10eae8c6681f7702f3b4462c,536dc33fc72f70f24b5e4a66498bcb9f9e3efe2f2c171de6faeab9c91f3265a1,A,L2,2,h3,35,35,22,5,0xf9ea9d8280d97e94,U0-2pi,pennylane,,,,0,test_full,1200,test,0.8016666666666666,0.8507949620310393,0.799860406838383,0.8380952477455139,0.624789297580719,0.01461556453763056,0.05026804561728493,57,27,507.89975537499413,c5c7920-dirty,8f5e61236010,0.003,0.001 0.003 0.01 0.03,,30,300,1.0,,,False,,
a7_20260824T115851Z,2026-08-24T14:43:05+00:00,hyperplanes_n_features20_n_hyperplanes3_dim_hyperplanes5_seed33,5d05157a8a23e9156d9012fe5bfc8926359e808f10eae8c6681f7702f3b4462c,536dc33fc72f70f24b5e4a66498bcb9f9e3efe2f2c171de6faeab9c91f3265a1,A,L2,2,h3,35,35,22,5,0xf9ea9d8280d97e94,U0-2pi,pennylane,,,,0,val_full,600,val,0.8366666666666667,0.8414133205686234,0.8314046174490486,0.8380952477455139,0.624789297580719,0.01461556453763056,0.05026804561728493,57,27,507.89975537499413,c5c7920-dirty,8f5e61236010,0.003,0.001 0.003 0.01 0.03,,30,300,1.0,,,False,,
a7_20260824T115851Z,2026-08-24T14:43:13+00:00,hyperplanes_n_features20_n_hyperplanes3_dim_hyperplanes5_seed33,5d05157a8a23e9156d9012fe5bfc8926359e808f10eae8c6681f7702f3b4462c,536dc33fc72f70f24b5e4a66498bcb9f9e3efe2f2c171de6faeab9c91f3265a1,B,L2,2,h3,35,35,22,7,0x93234eaab96b5658,U0-2pi,pennylane,,,,0,test_full,1200,test,0.705,0.7801735325226962,0.7042606516290727,0.738095223903656,0.0,0.03205867015029383,0.03618977696601933,63,33,8.323762124986388,c5c7920-dirty,8f5e61236010,0.003,0.001 0.003 0.01 0.03,,30,300,1.0,,,True,0.6958333333333333,1.0
a7_20260824T115851Z,2026-08-24T14:43:13+00:00,hyperplanes_n_features20_n_hyperplanes3_dim_hyperplanes5_seed33,5d05157a8a23e9156d9012fe5bfc8926359e808f10eae8c6681f7702f3b4462c,536dc33fc72f70f24b5e4a66498bcb9f9e3efe2f2c171de6faeab9c91f3265a1,B,L2,2,h3,35,35,22,7,0x93234eaab96b5658,U0-2pi,pennylane,,,,0,val_full,600,val,0.7283333333333334,0.7820685509456646,0.7281150701535399,0.738095223903656,0.0,0.03205867015029383,0.03618977696601933,63,33,8.323762124986388,c5c7920-dirty,8f5e61236010,0.003,0.001 0.003 0.01 0.03,,30,300,1.0,,,True,0.7233333333333334,1.0
a7_20260824T115851Z,2026-08-24T14:46:06+00:00,hyperplanes_n_features20_n_hyperplanes3_dim_hyperplanes5_seed33,5d05157a8a23e9156d9012fe5bfc8926359e808f10eae8c6681f7702f3b4462c,536dc33fc72f70f24b5e4a66498bcb9f9e3efe2f2c171de6faeab9c91f3265a1,A,L2,2,h3,35,35,22,4,0xc9f964aa2896fb2f,U0-2pi,pennylane,,,,0,test_full,1200,test,0.85,0.8717288226412778,0.8493635610454169,0.869523823261261,0.7341699600219727,0.007044670636311259,0.38864921880545694,177,147,1533.3235222919611,c5c7920-dirty,8f5e61236010,0.003,0.001 0.003 0.01 0.03,,30,300,1.0,,,False,,
a7_20260824T115851Z,2026-08-24T14:46:06+00:00,hyperplanes_n_features20_n_hyperplanes3_dim_hyperplanes5_seed33,5d05157a8a23e9156d9012fe5bfc8926359e808f10eae8c6681f7702f3b4462c,536dc33fc72f70f24b5e4a66498bcb9f9e3efe2f2c171de6faeab9c91f3265a1,A,L2,2,h3,35,35,22,4,0xc9f964aa2896fb2f,U0-2pi,pennylane,,,,0,val_full,600,val,0.8583333333333333,0.8622079237679643,0.8548460086921625,0.869523823261261,0.7341699600219727,0.007044670636311259,0.38864921880545694,177,147,1533.3235222919611,c5c7920-dirty,8f5e61236010,0.003,0.001 0.003 0.01 0.03,,30,300,1.0,,,False,,
a7_20260824T115851Z,2026-08-24T14:46:07+00:00,hyperplanes_n_features20_n_hyperplanes3_dim_hyperplanes5_seed33,5d05157a8a23e9156d9012fe5bfc8926359e808f10eae8c6681f7702f3b4462c,536dc33fc72f70f24b5e4a66498bcb9f9e3efe2f2c171de6faeab9c91f3265a1,E,,,h3,0,,22,7,,,pennylane,,,,0,test_full,1200,test,0.815,0.8662393007348201,0.8149994861096836,0.8371428847312927,0.0,0.03286939045039182,0.03750684809233145,77,47,0.7522498749895021,c5c7920-dirty,8f5e61236010,0.01,0.001 0.003 0.01 0.03 0.1,,30,300,1.0,,,True,0.7758333333333334,1e-06
a7_20260824T115851Z,2026-08-24T14:46:07+00:00,hyperplanes_n_features20_n_hyperplanes3_dim_hyperplanes5_seed33,5d05157a8a23e9156d9012fe5bfc8926359e808f10eae8c6681f7702f3b4462c,536dc33fc72f70f24b5e4a66498bcb9f9e3efe2f2c171de6faeab9c91f3265a1,E,,,h3,0,,22,7,,,pennylane,,,,0,val_full,600,val,0.825,0.8621411316806002,0.823406241327985,0.8371428847312927,0.0,0.03286939045039182,0.03750684809233145,77,47,0.7522498749895021,c5c7920-dirty,8f5e61236010,0.01,0.001 0.003 0.01 0.03 0.1,,30,300,1.0,,,True,0.76,1e-06
a7_20260824T115851Z,2026-08-24T14:46:08+00:00,hyperplanes_n_features20_n_hyperplanes3_dim_hyperplanes5_seed33,5d05157a8a23e9156d9012fe5bfc8926359e808f10eae8c6681f7702f3b4462c,536dc33fc72f70f24b5e4a66498bcb9f9e3efe2f2c171de6faeab9c91f3265a1,D_matched,,2,h3,30,,22,7,0x1faf6886a6db9d45,RFF-int-spectrum-U0-2pi,pennylane,,,,0,test_full,1200,test,0.715,0.791587942587471,0.7149208113364824,0.7407143115997314,0.0,0.031267677598435996,0.028841083483490695,139,109,1.3639188749948516,c5c7920-dirty,8f5e61236010,0.003,0.001 0.003 0.01 0.03,,30,300,1.0,,0x1faf6886a6db9d45,True,0.6941666666666667,1e-06
a7_20260824T115851Z,2026-08-24T14:46:08+00:00,hyperplanes_n_features20_n_hyperplanes3_dim_hyperplanes5_seed33,5d05157a8a23e9156d9012fe5bfc8926359e808f10eae8c6681f7702f3b4462c,536dc33fc72f70f24b5e4a66498bcb9f9e3efe2f2c171de6faeab9c91f3265a1,D_matched,,2,h3,30,,22,7,0x1faf6886a6db9d45,RFF-int-spectrum-U0-2pi,pennylane,,,,0,val_full,600,val,0.72,0.7599269739844821,0.7183444915112159,0.7407143115997314,0.0,0.031267677598435996,0.028841083483490695,139,109,1.3639188749948516,c5c7920-dirty,8f5e61236010,0.003,0.001 0.003 0.01 0.03,,30,300,1.0,,0x1faf6886a6db9d45,True,0.6933333333333334,1e-06
a7_20260824T115851Z,2026-08-24T14:46:09+00:00,hyperplanes_n_features20_n_hyperplanes3_dim_hyperplanes5_seed33,5d05157a8a23e9156d9012fe5bfc8926359e808f10eae8c6681f7702f3b4462c,536dc33fc72f70f24b5e4a66498bcb9f9e3efe2f2c171de6faeab9c91f3265a1,D_best,,2,linear,192,,33,7,0x0b43632cc101e959,RFF-int-spectrum-U0-2pi,pennylane,,,,0,test_full,1200,test,0.8241666666666667,0.8624354276496641,0.8239190528347156,0.833809494972229,0.0,0.04912312294582137,0.024404859433845082,84,54,0.5664587080245838,c5c7920-dirty,8f5e61236010,0.03,0.001 0.003 0.01 0.03,,30,300,1.0,32,0x0b43632cc101e959,True,0.8133333333333334,1.0
a7_20260824T115851Z,2026-08-24T14:46:09+00:00,hyperplanes_n_features20_n_hyperplanes3_dim_hyperplanes5_seed33,5d05157a8a23e9156d9012fe5bfc8926359e808f10eae8c6681f7702f3b4462c,536dc33fc72f70f24b5e4a66498bcb9f9e3efe2f2c171de6faeab9c91f3265a1,D_best,,2,linear,192,,33,7,0x0b43632cc101e959,RFF-int-spectrum-U0-2pi,pennylane,,,,0,val_full,600,val,0.8233333333333334,0.8496398793289623,0.819627684314415,0.833809494972229,0.0,0.04912312294582137,0.024404859433845082,84,54,0.5664587080245838,c5c7920-dirty,8f5e61236010,0.03,0.001 0.003 0.01 0.03,,30,300,1.0,32,0x0b43632cc101e959,True,0.8116666666666666,1.0
a7_20260824T115851Z,2026-08-24T14:46:09+00:00,hyperplanes_n_features20_n_hyperplanes3_dim_hyperplanes5_seed33,5d05157a8a23e9156d9012fe5bfc8926359e808f10eae8c6681f7702f3b4462c,536dc33fc72f70f24b5e4a66498bcb9f9e3efe2f2c171de6faeab9c91f3265a1,D_best,,2,linear,768,,129,7,0x7c054db42ab0a66c,RFF-int-spectrum-U0-2pi,pennylane,,,,0,test_full,1200,test,0.8233333333333334,0.8762945866671876,0.8233092837636233,0.8526190519332886,0.0,0.07440332091947756,0.06856214432464296,54,24,0.4128203329164535,c5c7920-dirty,8f5e61236010,0.01,0.001 0.003 0.01 0.03,,30,300,1.0,128,0x7c054db42ab0a66c,True,0.8208333333333333,1e-06
a7_20260824T115851Z,2026-08-24T14:46:09+00:00,hyperplanes_n_features20_n_hyperplanes3_dim_hyperplanes5_seed33,5d05157a8a23e9156d9012fe5bfc8926359e808f10eae8c6681f7702f3b4462c,536dc33fc72f70f24b5e4a66498bcb9f9e3efe2f2c171de6faeab9c91f3265a1,D_best,,2,linear,768,,129,7,0x7c054db42ab0a66c,RFF-int-spectrum-U0-2pi,pennylane,,,,0,val_full,600,val,0.8483333333333334,0.866159788937004,0.845925925925926,0.8526190519332886,0.0,0.07440332091947756,0.06856214432464296,54,24,0.4128203329164535,c5c7920-dirty,8f5e61236010,0.01,0.001 0.003 0.01 0.03,,30,300,1.0,128,0x7c054db42ab0a66c,True,0.8366666666666667,1e-06
a7_20260824T115851Z,2026-08-24T14:46:10+00:00,hyperplanes_n_features20_n_hyperplanes3_dim_hyperplanes5_seed33,5d05157a8a23e9156d9012fe5bfc8926359e808f10eae8c6681f7702f3b4462c,536dc33fc72f70f24b5e4a66498bcb9f9e3efe2f2c171de6faeab9c91f3265a1,D_best,,2,linear,3072,,513,7,0xbd1cf10942c2e933,RFF-int-spectrum-U0-2pi,pennylane,,,,0,test_full,1200,test,0.8333333333333334,0.8845944535455836,0.8332291015217845,0.8566666841506958,0.0,0.10418008662453697,0.0523461752980992,84,54,0.7245529579231516,c5c7920-dirty,8f5e61236010,0.001,0.001 0.003 0.01 0.03,,30,300,1.0,512,0xbd1cf10942c2e933,True,0.8408333333333333,0.0001
a7_20260824T115851Z,2026-08-24T14:46:10+00:00,hyperplanes_n_features20_n_hyperplanes3_dim_hyperplanes5_seed33,5d05157a8a23e9156d9012fe5bfc8926359e808f10eae8c6681f7702f3b4462c,536dc33fc72f70f24b5e4a66498bcb9f9e3efe2f2c171de6faeab9c91f3265a1,D_best,,2,linear,3072,,513,7,0xbd1cf10942c2e933,RFF-int-spectrum-U0-2pi,pennylane,,,,0,val_full,600,val,0.8466666666666667,0.8724271131346639,0.843748230845005,0.8566666841506958,0.0,0.10418008662453697,0.0523461752980992,84,54,0.7245529579231516,c5c7920-dirty,8f5e61236010,0.001,0.001 0.003 0.01 0.03,,30,300,1.0,512,0xbd1cf10942c2e933,True,0.8516666666666667,0.0001
a7_20260824T115851Z,2026-08-24T14:46:42+00:00,hyperplanes_n_features20_n_hyperplanes3_dim_hyperplanes5_seed33,5d05157a8a23e9156d9012fe5bfc8926359e808f10eae8c6681f7702f3b4462c,536dc33fc72f70f24b5e4a66498bcb9f9e3efe2f2c171de6faeab9c91f3265a1,F,product,2,h3,35,20,22,4,0x6ff3a4afd33346b9,U0-2pi,pennylane,,,,0,test_full,1200,test,0.8116666666666666,0.8450319408125162,0.8110952297366198,0.8245238065719604,0.8167348504066467,0.007531591544074077,0.06636180194557359,181,151,1411.529221707955,c5c7920-dirty,8f5e61236010,0.003,0.001 0.003 0.01 0.03,,30,300,1.0,,,False,,
a7_20260824T115851Z,2026-08-24T14:46:42+00:00,hyperplanes_n_features20_n_hyperplanes3_dim_hyperplanes5_seed33,5d05157a8a23e9156d9012fe5bfc8926359e808f10eae8c6681f7702f3b4462c,536dc33fc72f70f24b5e4a66498bcb9f9e3efe2f2c171de6faeab9c91f3265a1,F,product,2,h3,35,20,22,4,0x6ff3a4afd33346b9,U0-2pi,pennylane,,,,0,val_full,600,val,0.82,0.8326301610802507,0.8146431881371641,0.8245238065719604,0.8167348504066467,0.007531591544074077,0.06636180194557359,181,151,1411.529221707955,c5c7920-dirty,8f5e61236010,0.003,0.001 0.003 0.01 0.03,,30,300,1.0,,,False,,
a7_20260824T115851Z,2026-08-24T14:46:51+00:00,hyperplanes_n_features20_n_hyperplanes3_dim_hyperplanes5_seed33,5d05157a8a23e9156d9012fe5bfc8926359e808f10eae8c6681f7702f3b4462c,536dc33fc72f70f24b5e4a66498bcb9f9e3efe2f2c171de6faeab9c91f3265a1,B,L1,2,h3,35,35,22,8,0xe2c241f58beaa0b8,U0-2pi,pennylane,,,,0,test_full,1200,test,0.6433333333333333,0.6766652061431295,0.6423159208415047,0.6521428823471069,0.0,0.0021423786537109126,0.08789931862995935,149,119,9.097891208017245,c5c7920-dirty,8f5e61236010,0.003,0.001 0.003 0.01 0.03,,30,300,1.0,,,True,0.665,1e-06
a7_20260824T115851Z,2026-08-24T14:46:51+00:00,hyperplanes_n_features20_n_hyperplanes3_dim_hyperplanes5_seed33,5d05157a8a23e9156d9012fe5bfc8926359e808f10eae8c6681f7702f3b4462c,536dc33fc72f70f24b5e4a66498bcb9f9e3efe2f2c171de6faeab9c91f3265a1,B,L1,2,h3,35,35,22,8,0xe2c241f58beaa0b8,U0-2pi,pennylane,,,,0,val_full,600,val,0.6616666666666666,0.6802662777882912,0.66164316966456,0.6521428823471069,0.0,0.0021423786537109126,0.08789931862995935,149,119,9.097891208017245,c5c7920-dirty,8f5e61236010,0.003,0.001 0.003 0.01 0.03,,30,300,1.0,,,True,0.665,1e-06
a7_20260824T115851Z,2026-08-24T14:53:52+00:00,hyperplanes_n_features20_n_hyperplanes3_dim_hyperplanes5_seed33,5d05157a8a23e9156d9012fe5bfc8926359e808f10eae8c6681f7702f3b4462c,536dc33fc72f70f24b5e4a66498bcb9f9e3efe2f2c171de6faeab9c91f3265a1,A,L1,2,h3,35,35,22,5,0x2560fc84838de57f,U0-2pi,pennylane,,,,0,test_full,1200,test,0.8483333333333334,0.8743605558175815,0.8479781935020423,0.871666669845581,0.7845531105995178,0.019923148194082772,0.12469098024354189,144,114,1245.6836726670153,c5c7920-dirty,8f5e61236010,0.003,0.001 0.003 0.01 0.03,,30,300,1.0,,,False,,
a7_20260824T115851Z,2026-08-24T14:53:52+00:00,hyperplanes_n_features20_n_hyperplanes3_dim_hyperplanes5_seed33,5d05157a8a23e9156d9012fe5bfc8926359e808f10eae8c6681f7702f3b4462c,536dc33fc72f70f24b5e4a66498bcb9f9e3efe2f2c171de6faeab9c91f3265a1,A,L1,2,h3,35,35,22,5,0x2560fc84838de57f,U0-2pi,pennylane,,,,0,val_full,600,val,0.855,0.867183934276586,0.8518859010699966,0.871666669845581,0.7845531105995178,0.019923148194082772,0.12469098024354189,144,114,1245.6836726670153,c5c7920-dirty,8f5e61236010,0.003,0.001 0.003 0.01 0.03,,30,300,1.0,,,False,,
a7_20260824T115851Z,2026-08-24T14:54:00+00:00,hyperplanes_n_features20_n_hyperplanes3_dim_hyperplanes5_seed33,5d05157a8a23e9156d9012fe5bfc8926359e808f10eae8c6681f7702f3b4462c,536dc33fc72f70f24b5e4a66498bcb9f9e3efe2f2c171de6faeab9c91f3265a1,B,L2,2,h3,35,35,22,8,0x3c7362638e9ada30,U0-2pi,pennylane,,,,0,test_full,1200,test,0.7325,0.7977919116764671,0.7324581965932178,0.7540476322174072,0.0,0.0017116570643537572,0.09550635943430595,72,42,8.317380417021923,c5c7920-dirty,8f5e61236010,0.003,0.001 0.003 0.01 0.03,,30,300,1.0,,,True,0.7408333333333333,1.0
a7_20260824T115851Z,2026-08-24T14:54:00+00:00,hyperplanes_n_features20_n_hyperplanes3_dim_hyperplanes5_seed33,5d05157a8a23e9156d9012fe5bfc8926359e808f10eae8c6681f7702f3b4462c,536dc33fc72f70f24b5e4a66498bcb9f9e3efe2f2c171de6faeab9c91f3265a1,B,L2,2,h3,35,35,22,8,0x3c7362638e9ada30,U0-2pi,pennylane,,,,0,val_full,600,val,0.7383333333333333,0.7797085638588016,0.7371057633002995,0.7540476322174072,0.0,0.0017116570643537572,0.09550635943430595,72,42,8.317380417021923,c5c7920-dirty,8f5e61236010,0.003,0.001 0.003 0.01 0.03,,30,300,1.0,,,True,0.7216666666666667,1.0
a7_20260824T115851Z,2026-08-24T14:56:36+00:00,hyperplanes_n_features20_n_hyperplanes3_dim_hyperplanes5_seed33,5d05157a8a23e9156d9012fe5bfc8926359e808f10eae8c6681f7702f3b4462c,536dc33fc72f70f24b5e4a66498bcb9f9e3efe2f2c171de6faeab9c91f3265a1,F,product,2,h3,35,20,22,5,0x47580f2ad4dd122e,U0-2pi,pennylane,,,,0,test_full,1200,test,0.8108333333333333,0.8553411903918017,0.8103105016535158,0.8240476250648499,0.5525447726249695,0.027772864107369923,0.09046006929816013,155,125,1207.6869036250282,c5c7920-dirty,8f5e61236010,0.003,0.001 0.003 0.01 0.03,,30,300,1.0,,,False,,
a7_20260824T115851Z,2026-08-24T14:56:36+00:00,hyperplanes_n_features20_n_hyperplanes3_dim_hyperplanes5_seed33,5d05157a8a23e9156d9012fe5bfc8926359e808f10eae8c6681f7702f3b4462c,536dc33fc72f70f24b5e4a66498bcb9f9e3efe2f2c171de6faeab9c91f3265a1,F,product,2,h3,35,20,22,5,0x47580f2ad4dd122e,U0-2pi,pennylane,,,,0,val_full,600,val,0.8166666666666667,0.8384856007391657,0.8116416854073676,0.8240476250648499,0.5525447726249695,0.027772864107369923,0.09046006929816013,155,125,1207.6869036250282,c5c7920-dirty,8f5e61236010,0.003,0.001 0.003 0.01 0.03,,30,300,1.0,,,False,,
a7_20260824T115851Z,2026-08-24T14:56:37+00:00,hyperplanes_n_features20_n_hyperplanes3_dim_hyperplanes5_seed33,5d05157a8a23e9156d9012fe5bfc8926359e808f10eae8c6681f7702f3b4462c,536dc33fc72f70f24b5e4a66498bcb9f9e3efe2f2c171de6faeab9c91f3265a1,E,,,h3,0,,22,8,,,pennylane,,,,0,test_full,1200,test,0.7733333333333333,0.820040243470204,0.7731291495679444,0.7840476036071777,0.0,0.004742073193250201,0.03802703229125882,48,18,0.4901827499270439,c5c7920-dirty,8f5e61236010,0.01,0.001 0.003 0.01 0.03 0.1,,30,300,1.0,,,True,0.7758333333333334,1e-06
a7_20260824T115851Z,2026-08-24T14:56:37+00:00,hyperplanes_n_features20_n_hyperplanes3_dim_hyperplanes5_seed33,5d05157a8a23e9156d9012fe5bfc8926359e808f10eae8c6681f7702f3b4462c,536dc33fc72f70f24b5e4a66498bcb9f9e3efe2f2c171de6faeab9c91f3265a1,E,,,h3,0,,22,8,,,pennylane,,,,0,val_full,600,val,0.7666666666666667,0.8137836604290278,0.7657269715190933,0.7840476036071777,0.0,0.004742073193250201,0.03802703229125882,48,18,0.4901827499270439,c5c7920-dirty,8f5e61236010,0.01,0.001 0.003 0.01 0.03 0.1,,30,300,1.0,,,True,0.76,1e-06
a7_20260824T115851Z,2026-08-24T14:56:37+00:00,hyperplanes_n_features20_n_hyperplanes3_dim_hyperplanes5_seed33,5d05157a8a23e9156d9012fe5bfc8926359e808f10eae8c6681f7702f3b4462c,536dc33fc72f70f24b5e4a66498bcb9f9e3efe2f2c171de6faeab9c91f3265a1,D_matched,,2,h3,30,,22,8,0x25c7a59bcb8f24fd,RFF-int-spectrum-U0-2pi,pennylane,,,,0,test_full,1200,test,0.6408333333333334,0.6671987809744948,0.6284586854247618,0.6595237851142883,0.0,0.004220810251363784,0.11819988559648609,40,10,0.39162045798730105,c5c7920-dirty,8f5e61236010,0.003,0.001 0.003 0.01 0.03,,30,300,1.0,,0x25c7a59bcb8f24fd,True,0.6441666666666667,1e-06
a7_20260824T115851Z,2026-08-24T14:56:37+00:00,hyperplanes_n_features20_n_hyperplanes3_dim_hyperplanes5_seed33,5d05157a8a23e9156d9012fe5bfc8926359e808f10eae8c6681f7702f3b4462c,536dc33fc72f70f24b5e4a66498bcb9f9e3efe2f2c171de6faeab9c91f3265a1,D_matched,,2,h3,30,,22,8,0x25c7a59bcb8f24fd,RFF-int-spectrum-U0-2pi,pennylane,,,,0,val_full,600,val,0.655,0.6542563257672741,0.6526835925156391,0.6595237851142883,0.0,0.004220810251363784,0.11819988559648609,40,10,0.39162045798730105,c5c7920-dirty,8f5e61236010,0.003,0.001 0.003 0.01 0.03,,30,300,1.0,,0x25c7a59bcb8f24fd,True,0.6333333333333333,1e-06
a7_20260824T115851Z,2026-08-24T14:56:37+00:00,hyperplanes_n_features20_n_hyperplanes3_dim_hyperplanes5_seed33,5d05157a8a23e9156d9012fe5bfc8926359e808f10eae8c6681f7702f3b4462c,536dc33fc72f70f24b5e4a66498bcb9f9e3efe2f2c171de6faeab9c91f3265a1,D_best,,2,linear,192,,33,8,0xdead39ffa3b8d809,RFF-int-spectrum-U0-2pi,pennylane,,,,0,test_full,1200,test,0.8066666666666666,0.8459808159768252,0.8064726016922525,0.82833331823349,0.0,0.061445401280806805,0.045649127176066374,56,26,0.40410283394157887,c5c7920-dirty,8f5e61236010,0.03,0.001 0.003 0.01 0.03,,30,300,1.0,32,0xdead39ffa3b8d809,True,0.795,1e-06
a7_20260824T115851Z,2026-08-24T14:56:37+00:00,hyperplanes_n_features20_n_hyperplanes3_dim_hyperplanes5_seed33,5d05157a8a23e9156d9012fe5bfc8926359e808f10eae8c6681f7702f3b4462c,536dc33fc72f70f24b5e4a66498bcb9f9e3efe2f2c171de6faeab9c91f3265a1,D_best,,2,linear,192,,33,8,0xdead39ffa3b8d809,RFF-int-spectrum-U0-2pi,pennylane,,,,0,val_full,600,val,0.81,0.8470906479945677,0.8070652480509077,0.82833331823349,0.0,0.061445401280806805,0.045649127176066374,56,26,0.40410283394157887,c5c7920-dirty,8f5e61236010,0.03,0.001 0.003 0.01 0.03,,30,300,1.0,32,0xdead39ffa3b8d809,True,0.8,1e-06
a7_20260824T115851Z,2026-08-24T14:56:38+00:00,hyperplanes_n_features20_n_hyperplanes3_dim_hyperplanes5_seed33,5d05157a8a23e9156d9012fe5bfc8926359e808f10eae8c6681f7702f3b4462c,536dc33fc72f70f24b5e4a66498bcb9f9e3efe2f2c171de6faeab9c91f3265a1,D_best,,2,linear,768,,129,8,0x7e666b538f76ff75,RFF-int-spectrum-U0-2pi,pennylane,,,,0,test_full,1200,test,0.8258333333333333,0.8782565256098617,0.8258303095539853,0.8516666889190674,0.0,0.07422622909413781,0.0666995594121991,74,44,0.5537491249851882,c5c7920-dirty,8f5e61236010,0.01,0.001 0.003 0.01 0.03,,30,300,1.0,128,0x7e666b538f76ff75,True,0.8175,1e-06
a7_20260824T115851Z,2026-08-24T14:56:38+00:00,hyperplanes_n_features20_n_hyperplanes3_dim_hyperplanes5_seed33,5d05157a8a23e9156d9012fe5bfc8926359e808f10eae8c6681f7702f3b4462c,536dc33fc72f70f24b5e4a66498bcb9f9e3efe2f2c171de6faeab9c91f3265a1,D_best,,2,linear,768,,129,8,0x7e666b538f76ff75,RFF-int-spectrum-U0-2pi,pennylane,,,,0,val_full,600,val,0.84,0.8657033763400163,0.8379181486650759,0.8516666889190674,0.0,0.07422622909413781,0.0666995594121991,74,44,0.5537491249851882,c5c7920-dirty,8f5e61236010,0.01,0.001 0.003 0.01 0.03,,30,300,1.0,128,0x7e666b538f76ff75,True,0.825,1e-06
a7_20260824T115851Z,2026-08-24T14:56:38+00:00,hyperplanes_n_features20_n_hyperplanes3_dim_hyperplanes5_seed33,5d05157a8a23e9156d9012fe5bfc8926359e808f10eae8c6681f7702f3b4462c,536dc33fc72f70f24b5e4a66498bcb9f9e3efe2f2c171de6faeab9c91f3265a1,D_best,,2,linear,3072,,513,8,0xef57d4b5699c3697,RFF-int-spectrum-U0-2pi,pennylane,,,,0,test_full,1200,test,0.825,0.8765038973651971,0.8249878463782208,0.8476190567016602,0.0,0.13909536650968055,0.033271900607195676,56,26,0.5001975840423256,c5c7920-dirty,8f5e61236010,0.001,0.001 0.003 0.01 0.03,,30,300,1.0,512,0xef57d4b5699c3697,True,0.8275,0.01
a7_20260824T115851Z,2026-08-24T14:56:38+00:00,hyperplanes_n_features20_n_hyperplanes3_dim_hyperplanes5_seed33,5d05157a8a23e9156d9012fe5bfc8926359e808f10eae8c6681f7702f3b4462c,536dc33fc72f70f24b5e4a66498bcb9f9e3efe2f2c171de6faeab9c91f3265a1,D_best,,2,linear,3072,,513,8,0xef57d4b5699c3697,RFF-int-spectrum-U0-2pi,pennylane,,,,0,val_full,600,val,0.8433333333333334,0.8647794191314803,0.8407787162925154,0.8476190567016602,0.0,0.13909536650968055,0.033271900607195676,56,26,0.5001975840423256,c5c7920-dirty,8f5e61236010,0.001,0.001 0.003 0.01 0.03,,30,300,1.0,512,0xef57d4b5699c3697,True,0.845,0.01
a7_20260824T115851Z,2026-08-24T14:57:53+00:00,hyperplanes_n_features20_n_hyperplanes3_dim_hyperplanes5_seed33,5d05157a8a23e9156d9012fe5bfc8926359e808f10eae8c6681f7702f3b4462c,536dc33fc72f70f24b5e4a66498bcb9f9e3efe2f2c171de6faeab9c91f3265a1,A,L1,2,h3,35,35,22,6,0x7f041defed10b1c8,U0-2pi,pennylane,,,,0,test_full,1200,test,0.8416666666666667,0.8685389276036157,0.8410946072527766,0.8652380704879761,0.8064882755279541,0.004947397866909564,0.14324681247894264,137,107,1199.0958977499977,c5c7920-dirty,8f5e61236010,0.003,0.001 0.003 0.01 0.03,,30,300,1.0,,,False,,
a7_20260824T115851Z,2026-08-24T14:57:53+00:00,hyperplanes_n_features20_n_hyperplanes3_dim_hyperplanes5_seed33,5d05157a8a23e9156d9012fe5bfc8926359e808f10eae8c6681f7702f3b4462c,536dc33fc72f70f24b5e4a66498bcb9f9e3efe2f2c171de6faeab9c91f3265a1,A,L1,2,h3,35,35,22,6,0x7f041defed10b1c8,U0-2pi,pennylane,,,,0,val_full,600,val,0.8566666666666667,0.8612171744720641,0.853215602384962,0.8652380704879761,0.8064882755279541,0.004947397866909564,0.14324681247894264,137,107,1199.0958977499977,c5c7920-dirty,8f5e61236010,0.003,0.001 0.003 0.01 0.03,,30,300,1.0,,,False,,
a7_20260824T115851Z,2026-08-24T14:58:01+00:00,hyperplanes_n_features20_n_hyperplanes3_dim_hyperplanes5_seed33,5d05157a8a23e9156d9012fe5bfc8926359e808f10eae8c6681f7702f3b4462c,536dc33fc72f70f24b5e4a66498bcb9f9e3efe2f2c171de6faeab9c91f3265a1,B,L1,2,h3,35,35,22,9,0x6714fd5b78bd8a7d,U0-2pi,pennylane,,,,0,test_full,1200,test,0.6841666666666667,0.7606964743706027,0.684148900042294,0.7107142806053162,0.0,0.07076446474750875,0.016344518921451084,64,34,8.031574000022374,c5c7920-dirty,8f5e61236010,0.003,0.001 0.003 0.01 0.03,,30,300,1.0,,,True,0.6866666666666666,1e-06
a7_20260824T115851Z,2026-08-24T14:58:01+00:00,hyperplanes_n_features20_n_hyperplanes3_dim_hyperplanes5_seed33,5d05157a8a23e9156d9012fe5bfc8926359e808f10eae8c6681f7702f3b4462c,536dc33fc72f70f24b5e4a66498bcb9f9e3efe2f2c171de6faeab9c91f3265a1,B,L1,2,h3,35,35,22,9,0x6714fd5b78bd8a7d,U0-2pi,pennylane,,,,0,val_full,600,val,0.6966666666666667,0.755062283621467,0.695906432748538,0.7107142806053162,0.0,0.07076446474750875,0.016344518921451084,64,34,8.031574000022374,c5c7920-dirty,8f5e61236010,0.003,0.001 0.003 0.01 0.03,,30,300,1.0,,,True,0.6966666666666667,1e-06
a7_20260824T115851Z,2026-08-24T14:58:13+00:00,hyperplanes_n_features20_n_hyperplanes3_dim_hyperplanes5_seed33,5d05157a8a23e9156d9012fe5bfc8926359e808f10eae8c6681f7702f3b4462c,536dc33fc72f70f24b5e4a66498bcb9f9e3efe2f2c171de6faeab9c91f3265a1,F,product,2,h3,35,20,22,7,0x9bb488a3f99e440c,U0-2pi,pennylane,,,,0,test_full,1200,test,0.8283333333333334,0.8669035133498364,0.828325703364594,0.8507142663002014,0.45082005858421326,0.019559113448935468,0.08408024900353055,114,84,899.9976992500015,c5c7920-dirty,8f5e61236010,0.003,0.001 0.003 0.01 0.03,,30,300,1.0,,,False,,
a7_20260824T115851Z,2026-08-24T14:58:13+00:00,hyperplanes_n_features20_n_hyperplanes3_dim_hyperplanes5_seed33,5d05157a8a23e9156d9012fe5bfc8926359e808f10eae8c6681f7702f3b4462c,536dc33fc72f70f24b5e4a66498bcb9f9e3efe2f2c171de6faeab9c91f3265a1,F,product,2,h3,35,20,22,7,0x9bb488a3f99e440c,U0-2pi,pennylane,,,,0,val_full,600,val,0.84,0.865402811946878,0.8382731162748908,0.8507142663002014,0.45082005858421326,0.019559113448935468,0.08408024900353055,114,84,899.9976992500015,c5c7920-dirty,8f5e61236010,0.003,0.001 0.003 0.01 0.03,,30,300,1.0,,,False,,
a7_20260824T115851Z,2026-08-24T14:58:21+00:00,hyperplanes_n_features20_n_hyperplanes3_dim_hyperplanes5_seed33,5d05157a8a23e9156d9012fe5bfc8926359e808f10eae8c6681f7702f3b4462c,536dc33fc72f70f24b5e4a66498bcb9f9e3efe2f2c171de6faeab9c91f3265a1,B,L2,2,h3,35,35,22,9,0x37a73ff05100a2cc,U0-2pi,pennylane,,,,0,test_full,1200,test,0.4816666666666667,0.4985501745651221,0.4604425758806844,0.505476176738739,0.0,0.06803863446926456,0.04265796529251227,32,2,8.062492666998878,c5c7920-dirty,8f5e61236010,0.003,0.001 0.003 0.01 0.03,,30,300,1.0,,,True,0.48083333333333333,1.0
a7_20260824T115851Z,2026-08-24T14:58:21+00:00,hyperplanes_n_features20_n_hyperplanes3_dim_hyperplanes5_seed33,5d05157a8a23e9156d9012fe5bfc8926359e808f10eae8c6681f7702f3b4462c,536dc33fc72f70f24b5e4a66498bcb9f9e3efe2f2c171de6faeab9c91f3265a1,B,L2,2,h3,35,35,22,9,0x37a73ff05100a2cc,U0-2pi,pennylane,,,,0,val_full,600,val,0.5266666666666666,0.5286259754427759,0.49043062200956933,0.505476176738739,0.0,0.06803863446926456,0.04265796529251227,32,2,8.062492666998878,c5c7920-dirty,8f5e61236010,0.003,0.001 0.003 0.01 0.03,,30,300,1.0,,,True,0.4866666666666667,1.0
a7_20260824T115851Z,2026-08-24T14:59:47+00:00,hyperplanes_n_features20_n_hyperplanes3_dim_hyperplanes5_seed33,5d05157a8a23e9156d9012fe5bfc8926359e808f10eae8c6681f7702f3b4462c,536dc33fc72f70f24b5e4a66498bcb9f9e3efe2f2c171de6faeab9c91f3265a1,F,product,2,h3,35,20,22,6,0x5a38e794abf67abb,U0-2pi,pennylane,,,,0,test_full,1200,test,0.8091666666666667,0.8677728504489016,0.8085699099484434,0.8290476202964783,0.5629156827926636,0.0133481911216506,0.026328680715933823,152,122,1181.0504145830637,c5c7920-dirty,8f5e61236010,0.003,0.001 0.003 0.01 0.03,,30,300,1.0,,,False,,
a7_20260824T115851Z,2026-08-24T14:59:47+00:00,hyperplanes_n_features20_n_hyperplanes3_dim_hyperplanes5_seed33,5d05157a8a23e9156d9012fe5bfc8926359e808f10eae8c6681f7702f3b4462c,536dc33fc72f70f24b5e4a66498bcb9f9e3efe2f2c171de6faeab9c91f3265a1,F,product,2,h3,35,20,22,6,0x5a38e794abf67abb,U0-2pi,pennylane,,,,0,val_full,600,val,0.8116666666666666,0.8567532366332334,0.8076219174817199,0.8290476202964783,0.5629156827926636,0.0133481911216506,0.026328680715933823,152,122,1181.0504145830637,c5c7920-dirty,8f5e61236010,0.003,0.001 0.003 0.01 0.03,,30,300,1.0,,,False,,
a7_20260824T115851Z,2026-08-24T14:59:49+00:00,hyperplanes_n_features20_n_hyperplanes3_dim_hyperplanes5_seed33,5d05157a8a23e9156d9012fe5bfc8926359e808f10eae8c6681f7702f3b4462c,536dc33fc72f70f24b5e4a66498bcb9f9e3efe2f2c171de6faeab9c91f3265a1,E,,,h3,0,,22,9,,,pennylane,,,,0,test_full,1200,test,0.8233333333333334,0.8956014054515667,0.8226218498644564,0.8497619032859802,0.0,0.06643095041589092,0.0693165318698317,154,124,1.5046712919138372,c5c7920-dirty,8f5e61236010,0.01,0.001 0.003 0.01 0.03 0.1,,30,300,1.0,,,True,0.7758333333333334,1e-06
a7_20260824T115851Z,2026-08-24T14:59:49+00:00,hyperplanes_n_features20_n_hyperplanes3_dim_hyperplanes5_seed33,5d05157a8a23e9156d9012fe5bfc8926359e808f10eae8c6681f7702f3b4462c,536dc33fc72f70f24b5e4a66498bcb9f9e3efe2f2c171de6faeab9c91f3265a1,E,,,h3,0,,22,9,,,pennylane,,,,0,val_full,600,val,0.8483333333333334,0.8956707595373535,0.8442629730940041,0.8497619032859802,0.0,0.06643095041589092,0.0693165318698317,154,124,1.5046712919138372,c5c7920-dirty,8f5e61236010,0.01,0.001 0.003 0.01 0.03 0.1,,30,300,1.0,,,True,0.76,1e-06
a7_20260824T115851Z,2026-08-24T14:59:51+00:00,hyperplanes_n_features20_n_hyperplanes3_dim_hyperplanes5_seed33,5d05157a8a23e9156d9012fe5bfc8926359e808f10eae8c6681f7702f3b4462c,536dc33fc72f70f24b5e4a66498bcb9f9e3efe2f2c171de6faeab9c91f3265a1,D_matched,,2,h3,30,,22,9,0xa62498f8735d06b9,RFF-int-spectrum-U0-2pi,pennylane,,,,0,test_full,1200,test,0.7508333333333334,0.8155498312955773,0.7506877280411686,0.7626190185546875,0.0,0.08436588951015192,0.07201129930582138,205,175,2.0188559170346707,c5c7920-dirty,8f5e61236010,0.003,0.001 0.003 0.01 0.03,,30,300,1.0,,0xa62498f8735d06b9,True,0.7275,1e-06
a7_20260824T115851Z,2026-08-24T14:59:51+00:00,hyperplanes_n_features20_n_hyperplanes3_dim_hyperplanes5_seed33,5d05157a8a23e9156d9012fe5bfc8926359e808f10eae8c6681f7702f3b4462c,536dc33fc72f70f24b5e4a66498bcb9f9e3efe2f2c171de6faeab9c91f3265a1,D_matched,,2,h3,30,,22,9,0xa62498f8735d06b9,RFF-int-spectrum-U0-2pi,pennylane,,,,0,val_full,600,val,0.7333333333333333,0.7850630628624862,0.7325726510964521,0.7626190185546875,0.0,0.08436588951015192,0.07201129930582138,205,175,2.0188559170346707,c5c7920-dirty,8f5e61236010,0.003,0.001 0.003 0.01 0.03,,30,300,1.0,,0xa62498f8735d06b9,True,0.6983333333333334,1e-06
a7_20260824T115851Z,2026-08-24T14:59:51+00:00,hyperplanes_n_features20_n_hyperplanes3_dim_hyperplanes5_seed33,5d05157a8a23e9156d9012fe5bfc8926359e808f10eae8c6681f7702f3b4462c,536dc33fc72f70f24b5e4a66498bcb9f9e3efe2f2c171de6faeab9c91f3265a1,D_best,,2,linear,192,,33,9,0x82d30d660e805c92,RFF-int-spectrum-U0-2pi,pennylane,,,,0,test_full,1200,test,0.8191666666666667,0.8734702876487154,0.8190609932606474,0.8478571176528931,0.0,0.07197187152009846,0.027155213207489277,113,83,0.7938894589897245,c5c7920-dirty,8f5e61236010,0.03,0.001 0.003 0.01 0.03,,30,300,1.0,32,0x82d30d660e805c92,True,0.8041666666666667,1.0
a7_20260824T115851Z,2026-08-24T14:59:51+00:00,hyperplanes_n_features20_n_hyperplanes3_dim_hyperplanes5_seed33,5d05157a8a23e9156d9012fe5bfc8926359e808f10eae8c6681f7702f3b4462c,536dc33fc72f70f24b5e4a66498bcb9f9e3efe2f2c171de6faeab9c91f3265a1,D_best,,2,linear,192,,33,9,0x82d30d660e805c92,RFF-int-spectrum-U0-2pi,pennylane,,,,0,val_full,600,val,0.8383333333333334,0.8633433892531532,0.835179306223822,0.8478571176528931,0.0,0.07197187152009846,0.027155213207489277,113,83,0.7938894589897245,c5c7920-dirty,8f5e61236010,0.03,0.001 0.003 0.01 0.03,,30,300,1.0,32,0x82d30d660e805c92,True,0.8216666666666667,1.0
a7_20260824T115851Z,2026-08-24T14:59:52+00:00,hyperplanes_n_features20_n_hyperplanes3_dim_hyperplanes5_seed33,5d05157a8a23e9156d9012fe5bfc8926359e808f10eae8c6681f7702f3b4462c,536dc33fc72f70f24b5e4a66498bcb9f9e3efe2f2c171de6faeab9c91f3265a1,D_best,,2,linear,768,,129,9,0x709aa72cd73e2b60,RFF-int-spectrum-U0-2pi,pennylane,,,,0,test_full,1200,test,0.8216666666666667,0.8749438349627008,0.8210223471162853,0.8547618985176086,0.0,0.049242760051249244,0.02588384795087267,52,22,0.39247033407445997,c5c7920-dirty,8f5e61236010,0.01,0.001 0.003 0.01 0.03,,30,300,1.0,128,0x709aa72cd73e2b60,True,0.8241666666666667,1e-06
a7_20260824T115851Z,2026-08-24T14:59:52+00:00,hyperplanes_n_features20_n_hyperplanes3_dim_hyperplanes5_seed33,5d05157a8a23e9156d9012fe5bfc8926359e808f10eae8c6681f7702f3b4462c,536dc33fc72f70f24b5e4a66498bcb9f9e3efe2f2c171de6faeab9c91f3265a1,D_best,,2,linear,768,,129,9,0x709aa72cd73e2b60,RFF-int-spectrum-U0-2pi,pennylane,,,,0,val_full,600,val,0.8366666666666667,0.8611837784283821,0.8325568680160836,0.8547618985176086,0.0,0.049242760051249244,0.02588384795087267,52,22,0.39247033407445997,c5c7920-dirty,8f5e61236010,0.01,0.001 0.003 0.01 0.03,,30,300,1.0,128,0x709aa72cd73e2b60,True,0.825,1e-06
a7_20260824T115851Z,2026-08-24T14:59:53+00:00,hyperplanes_n_features20_n_hyperplanes3_dim_hyperplanes5_seed33,5d05157a8a23e9156d9012fe5bfc8926359e808f10eae8c6681f7702f3b4462c,536dc33fc72f70f24b5e4a66498bcb9f9e3efe2f2c171de6faeab9c91f3265a1,D_best,,2,linear,3072,,513,9,0xf6b1cc10b76179ab,RFF-int-spectrum-U0-2pi,pennylane,,,,0,test_full,1200,test,0.8233333333333334,0.8867238410466651,0.8232370957521318,0.8550000190734863,0.0,0.07637369840943935,0.05687288608129233,108,78,0.9954194580204785,c5c7920-dirty,8f5e61236010,0.001,0.001 0.003 0.01 0.03,,30,300,1.0,512,0xf6b1cc10b76179ab,True,0.8266666666666667,0.01
a7_20260824T115851Z,2026-08-24T14:59:53+00:00,hyperplanes_n_features20_n_hyperplanes3_dim_hyperplanes5_seed33,5d05157a8a23e9156d9012fe5bfc8926359e808f10eae8c6681f7702f3b4462c,536dc33fc72f70f24b5e4a66498bcb9f9e3efe2f2c171de6faeab9c91f3265a1,D_best,,2,linear,3072,,513,9,0xf6b1cc10b76179ab,RFF-int-spectrum-U0-2pi,pennylane,,,,0,val_full,600,val,0.8466666666666667,0.8744642717992674,0.8441664031799088,0.8550000190734863,0.0,0.07637369840943935,0.05687288608129233,108,78,0.9954194580204785,c5c7920-dirty,8f5e61236010,0.001,0.001 0.003 0.01 0.03,,30,300,1.0,512,0xf6b1cc10b76179ab,True,0.8383333333333334,0.01
a7_20260824T115851Z,2026-08-24T15:00:19+00:00,hyperplanes_n_features20_n_hyperplanes3_dim_hyperplanes5_seed33,5d05157a8a23e9156d9012fe5bfc8926359e808f10eae8c6681f7702f3b4462c,536dc33fc72f70f24b5e4a66498bcb9f9e3efe2f2c171de6faeab9c91f3265a1,A,L2,2,h3,35,35,22,7,0x93234eaab96b5658,U0-2pi,pennylane,,,,0,test_full,1200,test,0.82,0.8717985928739476,0.8198378540686617,0.848809540271759,0.7027125954627991,0.01995238104239508,0.18614873846786012,121,91,1050.8711532080779,c5c7920-dirty,8f5e61236010,0.003,0.001 0.003 0.01 0.03,,30,300,1.0,,,False,,
a7_20260824T115851Z,2026-08-24T15:00:19+00:00,hyperplanes_n_features20_n_hyperplanes3_dim_hyperplanes5_seed33,5d05157a8a23e9156d9012fe5bfc8926359e808f10eae8c6681f7702f3b4462c,536dc33fc72f70f24b5e4a66498bcb9f9e3efe2f2c171de6faeab9c91f3265a1,A,L2,2,h3,35,35,22,7,0x93234eaab96b5658,U0-2pi,pennylane,,,,0,val_full,600,val,0.8283333333333334,0.8624305640591778,0.8249842117634398,0.848809540271759,0.7027125954627991,0.01995238104239508,0.18614873846786012,121,91,1050.8711532080779,c5c7920-dirty,8f5e61236010,0.003,0.001 0.003 0.01 0.03,,30,300,1.0,,,False,,
a7_20260824T115851Z,2026-08-24T15:00:27+00:00,hyperplanes_n_features20_n_hyperplanes3_dim_hyperplanes5_seed33,5d05157a8a23e9156d9012fe5bfc8926359e808f10eae8c6681f7702f3b4462c,536dc33fc72f70f24b5e4a66498bcb9f9e3efe2f2c171de6faeab9c91f3265a1,B,L1,2,h3,35,35,22,10,0x7a100d81f77e2599,U0-2pi,pennylane,,,,0,test_full,1200,test,0.6966666666666667,0.7972030509127342,0.6940010760401721,0.7285714149475098,0.0,0.004996688659967101,0.04943197257722733,75,45,8.064555832999758,c5c7920-dirty,8f5e61236010,0.003,0.001 0.003 0.01 0.03,,30,300,1.0,,,True,0.7366666666666667,1e-06
a7_20260824T115851Z,2026-08-24T15:00:27+00:00,hyperplanes_n_features20_n_hyperplanes3_dim_hyperplanes5_seed33,5d05157a8a23e9156d9012fe5bfc8926359e808f10eae8c6681f7702f3b4462c,536dc33fc72f70f24b5e4a66498bcb9f9e3efe2f2c171de6faeab9c91f3265a1,B,L1,2,h3,35,35,22,10,0x7a100d81f77e2599,U0-2pi,pennylane,,,,0,val_full,600,val,0.7016666666666667,0.7612182876735203,0.6894508716483683,0.7285714149475098,0.0,0.004996688659967101,0.04943197257722733,75,45,8.064555832999758,c5c7920-dirty,8f5e61236010,0.003,0.001 0.003 0.01 0.03,,30,300,1.0,,,True,0.7,1e-06
a7_20260824T115851Z,2026-08-24T15:05:13+00:00,hyperplanes_n_features20_n_hyperplanes3_dim_hyperplanes5_seed33,5d05157a8a23e9156d9012fe5bfc8926359e808f10eae8c6681f7702f3b4462c,536dc33fc72f70f24b5e4a66498bcb9f9e3efe2f2c171de6faeab9c91f3265a1,A,L1,2,h3,35,35,22,8,0xe2c241f58beaa0b8,U0-2pi,pennylane,,,,0,test_full,1200,test,0.835,0.8835506908648438,0.8349775386094218,0.8540475964546204,0.9816052913665771,0.001331107209493367,0.06110128047427306,132,102,1142.57000216702,c5c7920-dirty,8f5e61236010,0.003,0.001 0.003 0.01 0.03,,30,300,1.0,,,False,,
a7_20260824T115851Z,2026-08-24T15:05:13+00:00,hyperplanes_n_features20_n_hyperplanes3_dim_hyperplanes5_seed33,5d05157a8a23e9156d9012fe5bfc8926359e808f10eae8c6681f7702f3b4462c,536dc33fc72f70f24b5e4a66498bcb9f9e3efe2f2c171de6faeab9c91f3265a1,A,L1,2,h3,35,35,22,8,0xe2c241f58beaa0b8,U0-2pi,pennylane,,,,0,val_full,600,val,0.85,0.8843049726709042,0.8472850678733032,0.8540475964546204,0.9816052913665771,0.001331107209493367,0.06110128047427306,132,102,1142.57000216702,c5c7920-dirty,8f5e61236010,0.003,0.001 0.003 0.01 0.03,,30,300,1.0,,,False,,
a7_20260824T115851Z,2026-08-24T15:05:15+00:00,hyperplanes_n_features20_n_hyperplanes3_dim_hyperplanes5_seed33,5d05157a8a23e9156d9012fe5bfc8926359e808f10eae8c6681f7702f3b4462c,536dc33fc72f70f24b5e4a66498bcb9f9e3efe2f2c171de6faeab9c91f3265a1,A,L2,2,h3,35,35,22,6,0xfed8b00a5c8d996d,U0-2pi,pennylane,,,,0,test_full,1200,test,0.8483333333333334,0.8753331528609981,0.8479273839332218,0.8704761862754822,0.8941017389297485,0.009040435199448785,0.2492236556109962,182,152,1576.0898954169825,c5c7920-dirty,8f5e61236010,0.003,0.001 0.003 0.01 0.03,,30,300,1.0,,,False,,
a7_20260824T115851Z,2026-08-24T15:05:15+00:00,hyperplanes_n_features20_n_hyperplanes3_dim_hyperplanes5_seed33,5d05157a8a23e9156d9012fe5bfc8926359e808f10eae8c6681f7702f3b4462c,536dc33fc72f70f24b5e4a66498bcb9f9e3efe2f2c171de6faeab9c91f3265a1,A,L2,2,h3,35,35,22,6,0xfed8b00a5c8d996d,U0-2pi,pennylane,,,,0,val_full,600,val,0.8616666666666667,0.8702452382807717,0.8586957446989623,0.8704761862754822,0.8941017389297485,0.009040435199448785,0.2492236556109962,182,152,1576.0898954169825,c5c7920-dirty,8f5e61236010,0.003,0.001 0.003 0.01 0.03,,30,300,1.0,,,False,,
a7_20260824T115851Z,2026-08-24T15:05:21+00:00,hyperplanes_n_features20_n_hyperplanes3_dim_hyperplanes5_seed33,5d05157a8a23e9156d9012fe5bfc8926359e808f10eae8c6681f7702f3b4462c,536dc33fc72f70f24b5e4a66498bcb9f9e3efe2f2c171de6faeab9c91f3265a1,B,L2,2,h3,35,35,22,10,0xca03f308d3264644,U0-2pi,pennylane,,,,0,test_full,1200,test,0.6741666666666667,0.7483694696625075,0.6739200687186351,0.715238094329834,0.0,0.0005270645088667617,0.044151635952805454,131,101,8.515514249913394,c5c7920-dirty,8f5e61236010,0.003,0.001 0.003 0.01 0.03,,30,300,1.0,,,True,0.6683333333333333,1e-06
a7_20260824T115851Z,2026-08-24T15:05:21+00:00,hyperplanes_n_features20_n_hyperplanes3_dim_hyperplanes5_seed33,5d05157a8a23e9156d9012fe5bfc8926359e808f10eae8c6681f7702f3b4462c,536dc33fc72f70f24b5e4a66498bcb9f9e3efe2f2c171de6faeab9c91f3265a1,B,L2,2,h3,35,35,22,10,0xca03f308d3264644,U0-2pi,pennylane,,,,0,val_full,600,val,0.7,0.7463292181986174,0.6977296135417133,0.715238094329834,0.0,0.0005270645088667617,0.044151635952805454,131,101,8.515514249913394,c5c7920-dirty,8f5e61236010,0.003,0.001 0.003 0.01 0.03,,30,300,1.0,,,True,0.7,1e-06
a7_20260824T115851Z,2026-08-24T15:05:22+00:00,hyperplanes_n_features20_n_hyperplanes3_dim_hyperplanes5_seed33,5d05157a8a23e9156d9012fe5bfc8926359e808f10eae8c6681f7702f3b4462c,536dc33fc72f70f24b5e4a66498bcb9f9e3efe2f2c171de6faeab9c91f3265a1,E,,,h3,0,,22,10,,,pennylane,,,,0,test_full,1200,test,0.82,0.8902151434894605,0.8195182138987687,0.8450000286102295,0.0,0.004934022036640407,0.067594121834283,55,25,0.5557227089302614,c5c7920-dirty,8f5e61236010,0.01,0.001 0.003 0.01 0.03 0.1,,30,300,1.0,,,True,0.7758333333333334,1e-06
a7_20260824T115851Z,2026-08-24T15:05:22+00:00,hyperplanes_n_features20_n_hyperplanes3_dim_hyperplanes5_seed33,5d05157a8a23e9156d9012fe5bfc8926359e808f10eae8c6681f7702f3b4462c,536dc33fc72f70f24b5e4a66498bcb9f9e3efe2f2c171de6faeab9c91f3265a1,E,,,h3,0,,22,10,,,pennylane,,,,0,val_full,600,val,0.8416666666666667,0.8930102080573521,0.8381045163159404,0.8450000286102295,0.0,0.004934022036640407,0.067594121834283,55,25,0.5557227089302614,c5c7920-dirty,8f5e61236010,0.01,0.001 0.003 0.01 0.03 0.1,,30,300,1.0,,,True,0.76,1e-06
a7_20260824T115851Z,2026-08-24T15:05:23+00:00,hyperplanes_n_features20_n_hyperplanes3_dim_hyperplanes5_seed33,5d05157a8a23e9156d9012fe5bfc8926359e808f10eae8c6681f7702f3b4462c,536dc33fc72f70f24b5e4a66498bcb9f9e3efe2f2c171de6faeab9c91f3265a1,D_matched,,2,h3,30,,22,10,0x77c729a7070b916f,RFF-int-spectrum-U0-2pi,pennylane,,,,0,test_full,1200,test,0.7333333333333333,0.7922130838721921,0.7333066639997333,0.7388095259666443,0.0,0.010797062457405525,0.04240719298648249,112,82,1.0964155830442905,c5c7920-dirty,8f5e61236010,0.003,0.001 0.003 0.01 0.03,,30,300,1.0,,0x77c729a7070b916f,True,0.695,1e-06
a7_20260824T115851Z,2026-08-24T15:05:23+00:00,hyperplanes_n_features20_n_hyperplanes3_dim_hyperplanes5_seed33,5d05157a8a23e9156d9012fe5bfc8926359e808f10eae8c6681f7702f3b4462c,536dc33fc72f70f24b5e4a66498bcb9f9e3efe2f2c171de6faeab9c91f3265a1,D_matched,,2,h3,30,,22,10,0x77c729a7070b916f,RFF-int-spectrum-U0-2pi,pennylane,,,,0,val_full,600,val,0.735,0.7776046131068338,0.732916002922806,0.7388095259666443,0.0,0.010797062457405525,0.04240719298648249,112,82,1.0964155830442905,c5c7920-dirty,8f5e61236010,0.003,0.001 0.003 0.01 0.03,,30,300,1.0,,0x77c729a7070b916f,True,0.6966666666666667,1e-06
a7_20260824T115851Z,2026-08-24T15:05:23+00:00,hyperplanes_n_features20_n_hyperplanes3_dim_hyperplanes5_seed33,5d05157a8a23e9156d9012fe5bfc8926359e808f10eae8c6681f7702f3b4462c,536dc33fc72f70f24b5e4a66498bcb9f9e3efe2f2c171de6faeab9c91f3265a1,D_best,,2,linear,192,,33,10,0x63746545ed6e9f8f,RFF-int-spectrum-U0-2pi,pennylane,,,,0,test_full,1200,test,0.82,0.8614725984388212,0.8196613641170643,0.8361904621124268,0.0,0.1038082035581193,0.05282819100749066,89,59,0.5862615410005674,c5c7920-dirty,8f5e61236010,0.03,0.001 0.003 0.01 0.03,,30,300,1.0,32,0x63746545ed6e9f8f,True,0.8075,1.0
a7_20260824T115851Z,2026-08-24T15:05:23+00:00,hyperplanes_n_features20_n_hyperplanes3_dim_hyperplanes5_seed33,5d05157a8a23e9156d9012fe5bfc8926359e808f10eae8c6681f7702f3b4462c,536dc33fc72f70f24b5e4a66498bcb9f9e3efe2f2c171de6faeab9c91f3265a1,D_best,,2,linear,192,,33,10,0x63746545ed6e9f8f,RFF-int-spectrum-U0-2pi,pennylane,,,,0,val_full,600,val,0.825,0.84234840979172,0.8208797363804627,0.8361904621124268,0.0,0.1038082035581193,0.05282819100749066,89,59,0.5862615410005674,c5c7920-dirty,8f5e61236010,0.03,0.001 0.003 0.01 0.03,,30,300,1.0,32,0x63746545ed6e9f8f,True,0.7833333333333333,1.0
a7_20260824T115851Z,2026-08-24T15:05:24+00:00,hyperplanes_n_features20_n_hyperplanes3_dim_hyperplanes5_seed33,5d05157a8a23e9156d9012fe5bfc8926359e808f10eae8c6681f7702f3b4462c,536dc33fc72f70f24b5e4a66498bcb9f9e3efe2f2c171de6faeab9c91f3265a1,D_best,,2,linear,768,,129,10,0xa0ee54381686f9dd,RFF-int-spectrum-U0-2pi,pennylane,,,,0,test_full,1200,test,0.8133333333333334,0.8842679288566891,0.8122296610074773,0.8535714149475098,0.0,0.08912380151866846,0.029619883151584935,130,100,0.9923010419588536,c5c7920-dirty,8f5e61236010,0.01,0.001 0.003 0.01 0.03,,30,300,1.0,128,0xa0ee54381686f9dd,True,0.82,1e-06
a7_20260824T115851Z,2026-08-24T15:05:24+00:00,hyperplanes_n_features20_n_hyperplanes3_dim_hyperplanes5_seed33,5d05157a8a23e9156d9012fe5bfc8926359e808f10eae8c6681f7702f3b4462c,536dc33fc72f70f24b5e4a66498bcb9f9e3efe2f2c171de6faeab9c91f3265a1,D_best,,2,linear,768,,129,10,0xa0ee54381686f9dd,RFF-int-spectrum-U0-2pi,pennylane,,,,0,val_full,600,val,0.8566666666666667,0.8757110574300632,0.8524010572203343,0.8535714149475098,0.0,0.08912380151866846,0.029619883151584935,130,100,0.9923010419588536,c5c7920-dirty,8f5e61236010,0.01,0.001 0.003 0.01 0.03,,30,300,1.0,128,0xa0ee54381686f9dd,True,0.835,1e-06
a7_20260824T115851Z,2026-08-24T15:05:25+00:00,hyperplanes_n_features20_n_hyperplanes3_dim_hyperplanes5_seed33,5d05157a8a23e9156d9012fe5bfc8926359e808f10eae8c6681f7702f3b4462c,536dc33fc72f70f24b5e4a66498bcb9f9e3efe2f2c171de6faeab9c91f3265a1,D_best,,2,linear,3072,,513,10,0x832fc3cb5ed00a34,RFF-int-spectrum-U0-2pi,pennylane,,,,0,test_full,1200,test,0.8341666666666666,0.8865815097720187,0.8340697587966306,0.8614285588264465,0.0,0.06230329459096834,0.024492676442268133,83,53,0.7531654589110985,c5c7920-dirty,8f5e61236010,0.001,0.001 0.003 0.01 0.03,,30,300,1.0,512,0x832fc3cb5ed00a34,True,0.8258333333333333,0.01
a7_20260824T115851Z,2026-08-24T15:05:25+00:00,hyperplanes_n_features20_n_hyperplanes3_dim_hyperplanes5_seed33,5d05157a8a23e9156d9012fe5bfc8926359e808f10eae8c6681f7702f3b4462c,536dc33fc72f70f24b5e4a66498bcb9f9e3efe2f2c171de6faeab9c91f3265a1,D_best,,2,linear,3072,,513,10,0x832fc3cb5ed00a34,RFF-int-spectrum-U0-2pi,pennylane,,,,0,val_full,600,val,0.85,0.8709465551980942,0.847001223990208,0.8614285588264465,0.0,0.06230329459096834,0.024492676442268133,83,53,0.7531654589110985,c5c7920-dirty,8f5e61236010,0.001,0.001 0.003 0.01 0.03,,30,300,1.0,512,0x832fc3cb5ed00a34,True,0.845,0.01
a7_20260824T115851Z,2026-08-24T15:06:24+00:00,hyperplanes_n_features20_n_hyperplanes3_dim_hyperplanes5_seed33,5d05157a8a23e9156d9012fe5bfc8926359e808f10eae8c6681f7702f3b4462c,536dc33fc72f70f24b5e4a66498bcb9f9e3efe2f2c171de6faeab9c91f3265a1,A,L2,2,h3,35,35,22,8,0x3c7362638e9ada30,U0-2pi,pennylane,,,,0,test_full,1200,test,0.82,0.8650839056818086,0.8199979999777776,0.8385714292526245,0.8102183938026428,0.0010634986077955716,0.12880853901674671,135,105,1172.5701879579574,c5c7920-dirty,8f5e61236010,0.003,0.001 0.003 0.01 0.03,,30,300,1.0,,,False,,
a7_20260824T115851Z,2026-08-24T15:06:24+00:00,hyperplanes_n_features20_n_hyperplanes3_dim_hyperplanes5_seed33,5d05157a8a23e9156d9012fe5bfc8926359e808f10eae8c6681f7702f3b4462c,536dc33fc72f70f24b5e4a66498bcb9f9e3efe2f2c171de6faeab9c91f3265a1,A,L2,2,h3,35,35,22,8,0x3c7362638e9ada30,U0-2pi,pennylane,,,,0,val_full,600,val,0.84,0.8572541772884639,0.8376623376623377,0.8385714292526245,0.8102183938026428,0.0010634986077955716,0.12880853901674671,135,105,1172.5701879579574,c5c7920-dirty,8f5e61236010,0.003,0.001 0.003 0.01 0.03,,30,300,1.0,,,False,,
a7_20260824T115851Z,2026-08-24T15:07:14+00:00,hyperplanes_n_features20_n_hyperplanes3_dim_hyperplanes5_seed33,5d05157a8a23e9156d9012fe5bfc8926359e808f10eae8c6681f7702f3b4462c,536dc33fc72f70f24b5e4a66498bcb9f9e3efe2f2c171de6faeab9c91f3265a1,A,L1,2,h3,35,35,22,7,0xd86bbfc3a6142e24,U0-2pi,pennylane,,,,0,test_full,1200,test,0.8283333333333334,0.8842009494333262,0.8280807074840529,0.8623809814453125,0.7806936502456665,0.02019805409233215,0.13473920302616077,179,149,1538.4860300839646,c5c7920-dirty,8f5e61236010,0.003,0.001 0.003 0.01 0.03,,30,300,1.0,,,False,,
a7_20260824T115851Z,2026-08-24T15:07:14+00:00,hyperplanes_n_features20_n_hyperplanes3_dim_hyperplanes5_seed33,5d05157a8a23e9156d9012fe5bfc8926359e808f10eae8c6681f7702f3b4462c,536dc33fc72f70f24b5e4a66498bcb9f9e3efe2f2c171de6faeab9c91f3265a1,A,L1,2,h3,35,35,22,7,0xd86bbfc3a6142e24,U0-2pi,pennylane,,,,0,val_full,600,val,0.8483333333333334,0.8753548329641215,0.845076057441031,0.8623809814453125,0.7806936502456665,0.02019805409233215,0.13473920302616077,179,149,1538.4860300839646,c5c7920-dirty,8f5e61236010,0.003,0.001 0.003 0.01 0.03,,30,300,1.0,,,False,,
a7_20260824T115851Z,2026-08-24T15:10:38+00:00,hyperplanes_n_features20_n_hyperplanes3_dim_hyperplanes5_seed33,5d05157a8a23e9156d9012fe5bfc8926359e808f10eae8c6681f7702f3b4462c,536dc33fc72f70f24b5e4a66498bcb9f9e3efe2f2c171de6faeab9c91f3265a1,F,product,2,h3,35,20,22,9,0x7545af47d8de3bdf,U0-2pi,pennylane,,,,0,test_full,1200,test,0.8091666666666667,0.8530527267602332,0.8087351252931092,0.8240476250648499,0.5082480907440186,0.03874248931007727,0.05001061451365722,99,69,736.4863579999655,c5c7920-dirty,8f5e61236010,0.003,0.001 0.003 0.01 0.03,,30,300,1.0,,,False,,
a7_20260824T115851Z,2026-08-24T15:10:38+00:00,hyperplanes_n_features20_n_hyperplanes3_dim_hyperplanes5_seed33,5d05157a8a23e9156d9012fe5bfc8926359e808f10eae8c6681f7702f3b4462c,536dc33fc72f70f24b5e4a66498bcb9f9e3efe2f2c171de6faeab9c91f3265a1,F,product,2,h3,35,20,22,9,0x7545af47d8de3bdf,U0-2pi,pennylane,,,,0,val_full,600,val,0.8083333333333333,0.8372388151083701,0.8044079087236907,0.8240476250648499,0.5082480907440186,0.03874248931007727,0.05001061451365722,99,69,736.4863579999655,c5c7920-dirty,8f5e61236010,0.003,0.001 0.003 0.01 0.03,,30,300,1.0,,,False,,
a7_20260824T115851Z,2026-08-24T15:11:49+00:00,hyperplanes_n_features20_n_hyperplanes3_dim_hyperplanes5_seed33,5d05157a8a23e9156d9012fe5bfc8926359e808f10eae8c6681f7702f3b4462c,536dc33fc72f70f24b5e4a66498bcb9f9e3efe2f2c171de6faeab9c91f3265a1,F,product,2,h3,35,20,22,8,0x4d0090b0ff939975,U0-2pi,pennylane,,,,0,test_full,1200,test,0.8075,0.8450905478079589,0.8068614356215236,0.8245238065719604,0.5946410894393921,0.0019912469078579337,0.02264997365614161,146,116,1069.2144524999894,c5c7920-dirty,8f5e61236010,0.003,0.001 0.003 0.01 0.03,,30,300,1.0,,,False,,
a7_20260824T115851Z,2026-08-24T15:11:49+00:00,hyperplanes_n_features20_n_hyperplanes3_dim_hyperplanes5_seed33,5d05157a8a23e9156d9012fe5bfc8926359e808f10eae8c6681f7702f3b4462c,536dc33fc72f70f24b5e4a66498bcb9f9e3efe2f2c171de6faeab9c91f3265a1,F,product,2,h3,35,20,22,8,0x4d0090b0ff939975,U0-2pi,pennylane,,,,0,val_full,600,val,0.8133333333333334,0.8332535538956485,0.8082169887784107,0.8245238065719604,0.5946410894393921,0.0019912469078579337,0.02264997365614161,146,116,1069.2144524999894,c5c7920-dirty,8f5e61236010,0.003,0.001 0.003 0.01 0.03,,30,300,1.0,,,False,,
a7_20260824T115851Z,2026-08-24T15:19:57+00:00,hyperplanes_n_features20_n_hyperplanes3_dim_hyperplanes5_seed33,5d05157a8a23e9156d9012fe5bfc8926359e808f10eae8c6681f7702f3b4462c,536dc33fc72f70f24b5e4a66498bcb9f9e3efe2f2c171de6faeab9c91f3265a1,A,L2,2,h3,35,35,22,9,0x37a73ff05100a2cc,U0-2pi,pennylane,,,,0,test_full,1200,test,0.8525,0.9100480298281699,0.8517562073598437,0.8764285445213318,0.7929776906967163,0.04277771710854025,0.14972072962874444,172,142,1316.0675520000514,c5c7920-dirty,8f5e61236010,0.003,0.001 0.003 0.01 0.03,,30,300,1.0,,,False,,
a7_20260824T115851Z,2026-08-24T15:19:57+00:00,hyperplanes_n_features20_n_hyperplanes3_dim_hyperplanes5_seed33,5d05157a8a23e9156d9012fe5bfc8926359e808f10eae8c6681f7702f3b4462c,536dc33fc72f70f24b5e4a66498bcb9f9e3efe2f2c171de6faeab9c91f3265a1,A,L2,2,h3,35,35,22,9,0x37a73ff05100a2cc,U0-2pi,pennylane,,,,0,val_full,600,val,0.8666666666666667,0.9021161959679843,0.8630121348417219,0.8764285445213318,0.7929776906967163,0.04277771710854025,0.14972072962874444,172,142,1316.0675520000514,c5c7920-dirty,8f5e61236010,0.003,0.001 0.003 0.01 0.03,,30,300,1.0,,,False,,
a7_20260824T115851Z,2026-08-24T15:20:15+00:00,hyperplanes_n_features20_n_hyperplanes3_dim_hyperplanes5_seed33,5d05157a8a23e9156d9012fe5bfc8926359e808f10eae8c6681f7702f3b4462c,536dc33fc72f70f24b5e4a66498bcb9f9e3efe2f2c171de6faeab9c91f3265a1,A,L2,2,h3,35,35,22,10,0xca03f308d3264644,U0-2pi,pennylane,,,,0,test_full,1200,test,0.8341666666666666,0.9044650158099348,0.8335163398692811,0.8659523725509644,0.8756129741668701,0.000356060463456973,0.4028439106094637,159,129,1188.2283962089568,c5c7920-dirty,8f5e61236010,0.003,0.001 0.003 0.01 0.03,,30,300,1.0,,,False,,
a7_20260824T115851Z,2026-08-24T15:20:15+00:00,hyperplanes_n_features20_n_hyperplanes3_dim_hyperplanes5_seed33,5d05157a8a23e9156d9012fe5bfc8926359e808f10eae8c6681f7702f3b4462c,536dc33fc72f70f24b5e4a66498bcb9f9e3efe2f2c171de6faeab9c91f3265a1,A,L2,2,h3,35,35,22,10,0xca03f308d3264644,U0-2pi,pennylane,,,,0,val_full,600,val,0.8433333333333334,0.899255268225891,0.838857142857143,0.8659523725509644,0.8756129741668701,0.000356060463456973,0.4028439106094637,159,129,1188.2283962089568,c5c7920-dirty,8f5e61236010,0.003,0.001 0.003 0.01 0.03,,30,300,1.0,,,False,,
a7_20260824T115851Z,2026-08-24T15:23:09+00:00,hyperplanes_n_features20_n_hyperplanes3_dim_hyperplanes5_seed33,5d05157a8a23e9156d9012fe5bfc8926359e808f10eae8c6681f7702f3b4462c,536dc33fc72f70f24b5e4a66498bcb9f9e3efe2f2c171de6faeab9c91f3265a1,F,product,2,h3,35,20,22,10,0xaf315250f59e947e,U0-2pi,pennylane,,,,0,test_full,1200,test,0.8033333333333333,0.8449426349146989,0.802541304566093,0.8247619271278381,0.6167933940887451,0.013118452521548262,0.07216540525365209,168,138,1074.2931920420378,c5c7920-dirty,8f5e61236010,0.003,0.001 0.003 0.01 0.03,,30,300,1.0,,,False,,
a7_20260824T115851Z,2026-08-24T15:23:09+00:00,hyperplanes_n_features20_n_hyperplanes3_dim_hyperplanes5_seed33,5d05157a8a23e9156d9012fe5bfc8926359e808f10eae8c6681f7702f3b4462c,536dc33fc72f70f24b5e4a66498bcb9f9e3efe2f2c171de6faeab9c91f3265a1,F,product,2,h3,35,20,22,10,0xaf315250f59e947e,U0-2pi,pennylane,,,,0,val_full,600,val,0.815,0.8343556233371553,0.8104459642921181,0.8247619271278381,0.6167933940887451,0.013118452521548262,0.07216540525365209,168,138,1074.2931920420378,c5c7920-dirty,8f5e61236010,0.003,0.001 0.003 0.01 0.03,,30,300,1.0,,,False,,
a7_20260824T115851Z,2026-08-24T15:23:15+00:00,hyperplanes_n_features20_n_hyperplanes3_dim_hyperplanes5_seed33,5d05157a8a23e9156d9012fe5bfc8926359e808f10eae8c6681f7702f3b4462c,536dc33fc72f70f24b5e4a66498bcb9f9e3efe2f2c171de6faeab9c91f3265a1,A,L1,2,h3,35,35,22,9,0x6714fd5b78bd8a7d,U0-2pi,pennylane,,,,0,test_full,1200,test,0.8458333333333333,0.8988038591311094,0.845596474035517,0.8676190376281738,0.8948336243629456,0.04446336082101901,0.14214060596526407,212,182,1596.1665229159407,c5c7920-dirty,8f5e61236010,0.003,0.001 0.003 0.01 0.03,,30,300,1.0,,,False,,
a7_20260824T115851Z,2026-08-24T15:23:15+00:00,hyperplanes_n_features20_n_hyperplanes3_dim_hyperplanes5_seed33,5d05157a8a23e9156d9012fe5bfc8926359e808f10eae8c6681f7702f3b4462c,536dc33fc72f70f24b5e4a66498bcb9f9e3efe2f2c171de6faeab9c91f3265a1,A,L1,2,h3,35,35,22,9,0x6714fd5b78bd8a7d,U0-2pi,pennylane,,,,0,val_full,600,val,0.8583333333333333,0.9013981810288207,0.8558340565187035,0.8676190376281738,0.8948336243629456,0.04446336082101901,0.14214060596526407,212,182,1596.1665229159407,c5c7920-dirty,8f5e61236010,0.003,0.001 0.003 0.01 0.03,,30,300,1.0,,,False,,
a7_20260824T115851Z,2026-08-24T15:27:23+00:00,hyperplanes_n_features20_n_hyperplanes3_dim_hyperplanes5_seed33,5d05157a8a23e9156d9012fe5bfc8926359e808f10eae8c6681f7702f3b4462c,536dc33fc72f70f24b5e4a66498bcb9f9e3efe2f2c171de6faeab9c91f3265a1,A,L1,2,h3,35,35,22,10,0x7a100d81f77e2599,U0-2pi,pennylane,,,,0,test_full,1200,test,0.845,0.903901272329963,0.8445006743877563,0.8666666746139526,1.0539166927337646,0.0033183885502150387,0.09542005617512907,228,198,1649.8271375000477,c5c7920-dirty,8f5e61236010,0.003,0.001 0.003 0.01 0.03,,30,300,1.0,,,False,,
a7_20260824T115851Z,2026-08-24T15:27:23+00:00,hyperplanes_n_features20_n_hyperplanes3_dim_hyperplanes5_seed33,5d05157a8a23e9156d9012fe5bfc8926359e808f10eae8c6681f7702f3b4462c,536dc33fc72f70f24b5e4a66498bcb9f9e3efe2f2c171de6faeab9c91f3265a1,A,L1,2,h3,35,35,22,10,0x7a100d81f77e2599,U0-2pi,pennylane,,,,0,val_full,600,val,0.8533333333333334,0.8961605681780233,0.8491428571428572,0.8666666746139526,1.0539166927337646,0.0033183885502150387,0.09542005617512907,228,198,1649.8271375000477,c5c7920-dirty,8f5e61236010,0.003,0.001 0.003 0.01 0.03,,30,300,1.0,,,False,,
