status,quantity,scope,value,note
complete contract grid,theta_displacement mean,arm A,0.8691710333184649,socket trained — 0 would be an optimiser failure (SPEC 7.7)
complete contract grid,theta_displacement CI95 on sigma,arm A,[0.25176121126339884; 0.3013111349852652],
complete contract grid,theta_displacement mean,arm B,0.0,socket frozen — 0 is correct here
complete contract grid,theta_displacement CI95 on sigma,arm B,[0.0; 0.0],
complete contract grid,theta_displacement mean,arm D_best,0.0,socket frozen — 0 is correct here
complete contract grid,theta_displacement CI95 on sigma,arm D_best,[0.0; 0.0],
complete contract grid,theta_displacement mean,arm D_matched,0.0,socket frozen — 0 is correct here
complete contract grid,theta_displacement CI95 on sigma,arm D_matched,[0.0; 0.0],
complete contract grid,theta_displacement mean,arm E,0.0,socket frozen — 0 is correct here
complete contract grid,theta_displacement CI95 on sigma,arm E,[0.0; 0.0],
complete contract grid,theta_displacement mean,arm F,0.6918105098019753,socket trained — 0 would be an optimiser failure (SPEC 7.7)
complete contract grid,theta_displacement CI95 on sigma,arm F,[0.24268334133541883; 0.3072592772920431],
complete contract grid,runs hitting the 300-epoch budget,arm A,1/240,fraction 0.004
complete contract grid,best_epoch mean,arm A,78.22916666666667,
complete contract grid,runs hitting the 300-epoch budget,arm B,1/240,fraction 0.004
complete contract grid,best_epoch mean,arm B,64.10416666666667,
complete contract grid,runs hitting the 300-epoch budget,arm D_best,0/90,fraction 0.000
complete contract grid,best_epoch mean,arm D_best,50.0,
complete contract grid,runs hitting the 300-epoch budget,arm D_matched,0/140,fraction 0.000
complete contract grid,best_epoch mean,arm D_matched,45.57857142857143,
complete contract grid,runs hitting the 300-epoch budget,arm E,0/120,fraction 0.000
complete contract grid,best_epoch mean,arm E,49.4,
complete contract grid,runs hitting the 300-epoch budget,arm F,1/140,fraction 0.007
complete contract grid,best_epoch mean,arm F,59.97857142857143,
complete contract grid,ridge control: adam - ridge,arm B,0.011506944444444445,"D-19 closed: reported BESIDE, not a consistency condition. The gap is the measured price of the readout convention."
complete contract grid,ridge control: adam - ridge,arm D_best,0.008324074074074072,"D-19 closed: reported BESIDE, not a consistency condition. The gap is the measured price of the readout convention."
complete contract grid,ridge control: adam - ridge,arm D_matched,0.02317857142857142,"D-19 closed: reported BESIDE, not a consistency condition. The gap is the measured price of the readout convention."
complete contract grid,ridge control: adam - ridge,arm E,0.07388194444444443,"D-19 closed: reported BESIDE, not a consistency condition. The gap is the measured price of the readout convention."
complete contract grid,"headroom against the ceiling max{SVM,MLP}",ds11|h2,0.2378055555555555,"acc(E) 0.7386, ceiling 0.9764, exceeds MDE: yes"
complete contract grid,"headroom against the ceiling max{SVM,MLP}",ds11|h4,0.07813888888888865,"acc(E) 0.8983, ceiling 0.9764, exceeds MDE: yes"
complete contract grid,"headroom against the ceiling max{SVM,MLP}",ds11|h42,-0.0015277777777777946,"acc(E) 0.9779, ceiling 0.9764, exceeds MDE: no"
complete contract grid,"headroom against the ceiling max{SVM,MLP}",ds11|linear,0.20272222222222225,"acc(E) 0.7737, ceiling 0.9764, exceeds MDE: yes"
complete contract grid,"headroom against the ceiling max{SVM,MLP}",ds22|h2,0.17752777777777773,"acc(E) 0.8036, ceiling 0.9811, exceeds MDE: yes"
complete contract grid,"headroom against the ceiling max{SVM,MLP}",ds22|h4,0.12977777777777777,"acc(E) 0.8513, ceiling 0.9811, exceeds MDE: yes"
complete contract grid,"headroom against the ceiling max{SVM,MLP}",ds22|h42,0.005277777777777826,"acc(E) 0.9758, ceiling 0.9811, exceeds MDE: no"
complete contract grid,"headroom against the ceiling max{SVM,MLP}",ds22|linear,0.17827777777777787,"acc(E) 0.8028, ceiling 0.9811, exceeds MDE: yes"
complete contract grid,"headroom against the ceiling max{SVM,MLP}",ds33|h2,0.1973055555555555,"acc(E) 0.7441, ceiling 0.9414, exceeds MDE: yes"
complete contract grid,"headroom against the ceiling max{SVM,MLP}",ds33|h4,0.12297222222222237,"acc(E) 0.8184, ceiling 0.9414, exceeds MDE: yes"
complete contract grid,"headroom against the ceiling max{SVM,MLP}",ds33|h42,-0.0007777777777777661,"acc(E) 0.9422, ceiling 0.9414, exceeds MDE: no"
complete contract grid,"headroom against the ceiling max{SVM,MLP}",ds33|linear,0.17147222222222225,"acc(E) 0.7699, ceiling 0.9414, exceeds MDE: yes"
complete contract grid,TOST delta=0.02 — p,h2|L1|delta_AB,0.7152447212058182,⛔ NOT reported as a test — see the power row below
complete contract grid,TOST delta=0.02 — 90% CI,h2|L1|delta_AB,[-0.0050; +0.0706],half width 0.0378 > delta — NO result could declare equivalence
complete contract grid,TOST delta=0.02 — moc przy Δ=0,h2|L1|delta_AB,1.5130670773840198e-06,"⛔ NOT a verdict. TOST at delta = 0.02 for delta_AB has power 0.000 and is not reported as a test; the 90% CI alone is reported. Declaring equivalence at this delta would need n ~ 318 seeds. This is a methodological contribution to the discussion (SPEC 7.5), not a missing result."
complete contract grid,seeds needed for 80% TOST power,h2|L1|delta_AB,318,
complete contract grid,TOST delta=0.02 — p,h2|L1|delta_AE,0.7073820190342127,REPORTED as a test (D-4)
complete contract grid,TOST delta=0.02 — 90% CI,h2|L1|delta_AE,[-0.0697; +0.0054],half width 0.0375 > delta — NO result could declare equivalence
complete contract grid,TOST delta=0.02 — moc przy Δ=0,h2|L1|delta_AE,1.7964345971411833e-06,reported as a test (D-4). A verdict of NON-equivalence at power ~1 is a POSITIVE result: the test COULD have declared equivalence and did not.
complete contract grid,seeds needed for 80% TOST power,h2|L1|delta_AE,313,
complete contract grid,TOST delta=0.02 — p,h2|L2|delta_AB,0.9992492545775351,⛔ NOT reported as a test — see the power row below
complete contract grid,TOST delta=0.02 — 90% CI,h2|L2|delta_AB,[+0.0573; +0.1268],half width 0.0347 > delta — NO result could declare equivalence
complete contract grid,TOST delta=0.02 — moc przy Δ=0,h2|L2|delta_AB,1.0172431169272549e-05,"⛔ NOT a verdict. TOST at delta = 0.02 for delta_AB has power 0.000 and is not reported as a test; the 90% CI alone is reported. Declaring equivalence at this delta would need n ~ 269 seeds. This is a methodological contribution to the discussion (SPEC 7.5), not a missing result."
complete contract grid,seeds needed for 80% TOST power,h2|L2|delta_AB,269,
complete contract grid,TOST delta=0.02 — p,h2|L2|delta_AE,0.3771761980770647,REPORTED as a test (D-4)
complete contract grid,TOST delta=0.02 — 90% CI,h2|L2|delta_AE,[-0.0673; +0.0489],half width 0.0581 > delta — NO result could declare equivalence
complete contract grid,TOST delta=0.02 — moc przy Δ=0,h2|L2|delta_AE,2.878330419289595e-11,reported as a test (D-4). A verdict of NON-equivalence at power ~1 is a POSITIVE result: the test COULD have declared equivalence and did not.
complete contract grid,seeds needed for 80% TOST power,h2|L2|delta_AE,,
complete contract grid,TOST delta=0.02 — p,h4|L1|delta_AB,0.9999999033211293,⛔ NOT reported as a test — see the power row below
complete contract grid,TOST delta=0.02 — 90% CI,h4|L1|delta_AB,[+0.0941; +0.1424],half width 0.0242 > delta — NO result could declare equivalence
complete contract grid,TOST delta=0.02 — moc przy Δ=0,h4|L1|delta_AB,0.00818007246457176,"⛔ NOT a verdict. TOST at delta = 0.02 for delta_AB has power 0.008 and is not reported as a test; the 90% CI alone is reported. Declaring equivalence at this delta would need n ~ 131 seeds. This is a methodological contribution to the discussion (SPEC 7.5), not a missing result."
complete contract grid,seeds needed for 80% TOST power,h4|L1|delta_AB,131,
complete contract grid,TOST delta=0.02 — p,h4|L1|delta_AE,0.008044767396328043,REPORTED as a test (D-4)
complete contract grid,TOST delta=0.02 — 90% CI,h4|L1|delta_AE,[-0.0073; +0.0145],half width 0.0109
complete contract grid,TOST delta=0.02 — moc przy Δ=0,h4|L1|delta_AE,0.8427223466121725,reported as a test (D-4). A verdict of NON-equivalence at power ~1 is a POSITIVE result: the test COULD have declared equivalence and did not.
complete contract grid,seeds needed for 80% TOST power,h4|L1|delta_AE,28,
complete contract grid,TOST delta=0.02 — p,h4|L2|delta_AB,0.9999999813504523,⛔ NOT reported as a test — see the power row below
complete contract grid,TOST delta=0.02 — 90% CI,h4|L2|delta_AB,[+0.1041; +0.1529],half width 0.0244 > delta — NO result could declare equivalence
complete contract grid,TOST delta=0.02 — moc przy Δ=0,h4|L2|delta_AB,0.007205627064096373,"⛔ NOT a verdict. TOST at delta = 0.02 for delta_AB has power 0.007 and is not reported as a test; the 90% CI alone is reported. Declaring equivalence at this delta would need n ~ 133 seeds. This is a methodological contribution to the discussion (SPEC 7.5), not a missing result."
complete contract grid,seeds needed for 80% TOST power,h4|L2|delta_AB,133,
complete contract grid,TOST delta=0.02 — p,h4|L2|delta_AE,0.00843844047936849,REPORTED as a test (D-4)
complete contract grid,TOST delta=0.02 — 90% CI,h4|L2|delta_AE,[-0.0140; +0.0103],half width 0.0121
complete contract grid,TOST delta=0.02 — moc przy Δ=0,h4|L2|delta_AE,0.7273626541627659,reported as a test (D-4). A verdict of NON-equivalence at power ~1 is a POSITIVE result: the test COULD have declared equivalence and did not.
complete contract grid,seeds needed for 80% TOST power,h4|L2|delta_AE,34,
complete contract grid,TOST delta=0.02 — p,h42|L1|delta_AB,0.9999999999994528,⛔ NOT reported as a test — see the power row below
complete contract grid,TOST delta=0.02 — 90% CI,h42|L1|delta_AB,[+0.1343; +0.1705],half width 0.0181
complete contract grid,TOST delta=0.02 — moc przy Δ=0,h42|L1|delta_AB,0.169773572332248,"⛔ NOT a verdict. TOST at delta = 0.02 for delta_AB has power 0.170 and is not reported as a test; the 90% CI alone is reported. Declaring equivalence at this delta would need n ~ 75 seeds. This is a methodological contribution to the discussion (SPEC 7.5), not a missing result."
complete contract grid,seeds needed for 80% TOST power,h42|L1|delta_AB,75,
complete contract grid,TOST delta=0.02 — p,h42|L1|delta_AE,0.5860123634749118,REPORTED as a test (D-4)
complete contract grid,TOST delta=0.02 — 90% CI,h42|L1|delta_AE,[-0.0261; -0.0153],half width 0.0054
complete contract grid,TOST delta=0.02 — moc przy Δ=0,h42|L1|delta_AE,0.9999938155634203,reported as a test (D-4). A verdict of NON-equivalence at power ~1 is a POSITIVE result: the test COULD have declared equivalence and did not.
complete contract grid,seeds needed for 80% TOST power,h42|L1|delta_AE,8,
complete contract grid,TOST delta=0.02 — p,h42|L2|delta_AB,0.9999999999999802,⛔ NOT reported as a test — see the power row below
complete contract grid,TOST delta=0.02 — 90% CI,h42|L2|delta_AB,[+0.1536; +0.1897],half width 0.0180
complete contract grid,TOST delta=0.02 — moc przy Δ=0,h42|L2|delta_AB,0.17552077855845064,"⛔ NOT a verdict. TOST at delta = 0.02 for delta_AB has power 0.176 and is not reported as a test; the 90% CI alone is reported. Declaring equivalence at this delta would need n ~ 74 seeds. This is a methodological contribution to the discussion (SPEC 7.5), not a missing result."
complete contract grid,seeds needed for 80% TOST power,h42|L2|delta_AB,74,
complete contract grid,TOST delta=0.02 — p,h42|L2|delta_AE,0.9933149322793988,REPORTED as a test (D-4)
complete contract grid,TOST delta=0.02 — 90% CI,h42|L2|delta_AE,[-0.0320; -0.0226],half width 0.0047
complete contract grid,TOST delta=0.02 — moc przy Δ=0,h42|L2|delta_AE,0.9999999419096494,reported as a test (D-4). A verdict of NON-equivalence at power ~1 is a POSITIVE result: the test COULD have declared equivalence and did not.
complete contract grid,seeds needed for 80% TOST power,h42|L2|delta_AE,7,
complete contract grid,TOST delta=0.02 — p,linear|L1|delta_AB,0.9999999963167521,⛔ NOT reported as a test — see the power row below
complete contract grid,TOST delta=0.02 — 90% CI,linear|L1|delta_AB,[+0.0742; +0.1024],half width 0.0141
complete contract grid,TOST delta=0.02 — moc przy Δ=0,linear|L1|delta_AB,0.5244506827720232,"⛔ NOT a verdict. TOST at delta = 0.02 for delta_AB has power 0.524 and is not reported as a test; the 90% CI alone is reported. Declaring equivalence at this delta would need n ~ 46 seeds. This is a methodological contribution to the discussion (SPEC 7.5), not a missing result."
complete contract grid,seeds needed for 80% TOST power,linear|L1|delta_AB,46,
complete contract grid,TOST delta=0.02 — p,linear|L1|delta_AE,0.9999999999998779,REPORTED as a test (D-4)
complete contract grid,TOST delta=0.02 — 90% CI,linear|L1|delta_AE,[+0.0372; +0.0422],half width 0.0025
complete contract grid,TOST delta=0.02 — moc przy Δ=0,linear|L1|delta_AE,0.9999999999999989,reported as a test (D-4). A verdict of NON-equivalence at power ~1 is a POSITIVE result: the test COULD have declared equivalence and did not.
complete contract grid,seeds needed for 80% TOST power,linear|L1|delta_AE,4,
complete contract grid,TOST delta=0.02 — p,linear|L2|delta_AB,0.9999999897034382,⛔ NOT reported as a test — see the power row below
complete contract grid,TOST delta=0.02 — 90% CI,linear|L2|delta_AB,[+0.0921; +0.1323],half width 0.0201 > delta — NO result could declare equivalence
complete contract grid,TOST delta=0.02 — moc przy Δ=0,linear|L2|delta_AB,0.07488822941228782,"⛔ NOT a verdict. TOST at delta = 0.02 for delta_AB has power 0.075 and is not reported as a test; the 90% CI alone is reported. Declaring equivalence at this delta would need n ~ 91 seeds. This is a methodological contribution to the discussion (SPEC 7.5), not a missing result."
complete contract grid,seeds needed for 80% TOST power,linear|L2|delta_AB,91,
complete contract grid,TOST delta=0.02 — p,linear|L2|delta_AE,0.9999999998705502,REPORTED as a test (D-4)
complete contract grid,TOST delta=0.02 — 90% CI,linear|L2|delta_AE,[+0.0332; +0.0388],half width 0.0028
complete contract grid,TOST delta=0.02 — moc przy Δ=0,linear|L2|delta_AE,0.9999999999999972,reported as a test (D-4). A verdict of NON-equivalence at power ~1 is a POSITIVE result: the test COULD have declared equivalence and did not.
complete contract grid,seeds needed for 80% TOST power,linear|L2|delta_AE,4,
complete contract grid,McNemar b/c (summed over seeds),h2|L1|delta_AB,b=3680 c=2500,supplementary: the paired reading of the same population as the binomial SE
complete contract grid,"McNemar p (exact, per seed)",h2|L1|delta_AB|ds11|seed1,1.5064429385303805e-07,b=109 c=44 discordant 153
complete contract grid,"McNemar p (exact, per seed)",h2|L1|delta_AB|ds11|seed2,2.3307371723618404e-16,b=251 c=99 discordant 350
complete contract grid,"McNemar p (exact, per seed)",h2|L1|delta_AB|ds11|seed3,1.2909469607627952e-19,b=236 c=78 discordant 314
complete contract grid,"McNemar p (exact, per seed)",h2|L1|delta_AB|ds11|seed4,0.0007645817391550476,b=53 c=23 discordant 76
complete contract grid,"McNemar p (exact, per seed)",h2|L1|delta_AB|ds11|seed5,2.9798951927042937e-61,b=63 c=401 discordant 464
complete contract grid,"McNemar p (exact, per seed)",h2|L1|delta_AB|ds11|seed6,1.712727135938712e-08,b=214 c=112 discordant 326
complete contract grid,"McNemar p (exact, per seed)",h2|L1|delta_AB|ds11|seed7,0.0008332149554767807,b=93 c=52 discordant 145
complete contract grid,"McNemar p (exact, per seed)",h2|L1|delta_AB|ds11|seed8,1.0,b=0 c=0 discordant 0
complete contract grid,"McNemar p (exact, per seed)",h2|L1|delta_AB|ds11|seed9,1.0,b=0 c=0 discordant 0
complete contract grid,"McNemar p (exact, per seed)",h2|L1|delta_AB|ds11|seed10,2.086816426445787e-37,b=190 c=18 discordant 208
complete contract grid,"McNemar p (exact, per seed)",h2|L1|delta_AB|ds22|seed1,1.9482376627755696e-09,b=73 c=17 discordant 90
complete contract grid,"McNemar p (exact, per seed)",h2|L1|delta_AB|ds22|seed2,3.808597848374418e-08,b=59 c=13 discordant 72
complete contract grid,"McNemar p (exact, per seed)",h2|L1|delta_AB|ds22|seed3,3.672515599506724e-18,b=152 c=36 discordant 188
complete contract grid,"McNemar p (exact, per seed)",h2|L1|delta_AB|ds22|seed4,5.077541690652894e-19,b=82 c=5 discordant 87
complete contract grid,"McNemar p (exact, per seed)",h2|L1|delta_AB|ds22|seed5,1.3156155359607498e-46,b=165 c=536 discordant 701
complete contract grid,"McNemar p (exact, per seed)",h2|L1|delta_AB|ds22|seed6,3.990205005789969e-43,b=196 c=570 discordant 766
complete contract grid,"McNemar p (exact, per seed)",h2|L1|delta_AB|ds22|seed7,8.944882441841086e-27,b=289 c=86 discordant 375
complete contract grid,"McNemar p (exact, per seed)",h2|L1|delta_AB|ds22|seed8,5.084314490697215e-10,b=165 c=70 discordant 235
complete contract grid,"McNemar p (exact, per seed)",h2|L1|delta_AB|ds22|seed9,1.0,b=0 c=0 discordant 0
complete contract grid,"McNemar p (exact, per seed)",h2|L1|delta_AB|ds22|seed10,1.0,b=0 c=0 discordant 0
complete contract grid,"McNemar p (exact, per seed)",h2|L1|delta_AB|ds33|seed1,2.364920722052491e-07,b=92 c=34 discordant 126
complete contract grid,"McNemar p (exact, per seed)",h2|L1|delta_AB|ds33|seed2,9.791372807966313e-25,b=160 c=26 discordant 186
complete contract grid,"McNemar p (exact, per seed)",h2|L1|delta_AB|ds33|seed3,5.325533064611841e-22,b=235 c=70 discordant 305
complete contract grid,"McNemar p (exact, per seed)",h2|L1|delta_AB|ds33|seed4,5.787105603709877e-25,b=149 c=21 discordant 170
complete contract grid,"McNemar p (exact, per seed)",h2|L1|delta_AB|ds33|seed5,2.0703656210246182e-19,b=114 c=16 discordant 130
complete contract grid,"McNemar p (exact, per seed)",h2|L1|delta_AB|ds33|seed6,5.67775330312218e-15,b=239 c=97 discordant 336
complete contract grid,"McNemar p (exact, per seed)",h2|L1|delta_AB|ds33|seed7,1.2390336600216866e-15,b=151 c=42 discordant 193
complete contract grid,"McNemar p (exact, per seed)",h2|L1|delta_AB|ds33|seed8,1.0,b=0 c=0 discordant 0
complete contract grid,"McNemar p (exact, per seed)",h2|L1|delta_AB|ds33|seed9,1.0,b=0 c=0 discordant 0
complete contract grid,"McNemar p (exact, per seed)",h2|L1|delta_AB|ds33|seed10,1.3866318411496412e-18,b=150 c=34 discordant 184
complete contract grid,McNemar b/c (summed over seeds),h2|L1|delta_AE,b=1783 c=2941,"MANDATORY for Delta_AE: sigma_Delta(A-E) is SMALLER than the binomial SE, so the CI over seeds narrows the uncertainty by itself (raport.tex 3.7)."
complete contract grid,"McNemar p (exact, per seed)",h2|L1|delta_AE|ds11|seed1,0.0021551075525304214,b=111 c=69 discordant 180
complete contract grid,"McNemar p (exact, per seed)",h2|L1|delta_AE|ds11|seed2,0.14006351827142782,b=93 c=73 discordant 166
complete contract grid,"McNemar p (exact, per seed)",h2|L1|delta_AE|ds11|seed3,0.050250895335291444,b=52 c=33 discordant 85
complete contract grid,"McNemar p (exact, per seed)",h2|L1|delta_AE|ds11|seed4,0.00026558534298746995,b=62 c=27 discordant 89
complete contract grid,"McNemar p (exact, per seed)",h2|L1|delta_AE|ds11|seed5,1.8403710037883708e-85,b=39 c=434 discordant 473
complete contract grid,"McNemar p (exact, per seed)",h2|L1|delta_AE|ds11|seed6,0.006517764631278947,b=68 c=39 discordant 107
complete contract grid,"McNemar p (exact, per seed)",h2|L1|delta_AE|ds11|seed7,0.3443135145965885,b=87 c=74 discordant 161
complete contract grid,"McNemar p (exact, per seed)",h2|L1|delta_AE|ds11|seed8,1.0,b=0 c=0 discordant 0
complete contract grid,"McNemar p (exact, per seed)",h2|L1|delta_AE|ds11|seed9,1.0,b=0 c=0 discordant 0
complete contract grid,"McNemar p (exact, per seed)",h2|L1|delta_AE|ds11|seed10,7.638141345540223e-11,b=57 c=7 discordant 64
complete contract grid,"McNemar p (exact, per seed)",h2|L1|delta_AE|ds22|seed1,0.13249816396273675,b=23 c=13 discordant 36
complete contract grid,"McNemar p (exact, per seed)",h2|L1|delta_AE|ds22|seed2,2.3834933267526115e-11,b=59 c=7 discordant 66
complete contract grid,"McNemar p (exact, per seed)",h2|L1|delta_AE|ds22|seed3,1.0,b=20 c=21 discordant 41
complete contract grid,"McNemar p (exact, per seed)",h2|L1|delta_AE|ds22|seed4,0.0014504910141113214,b=31 c=10 discordant 41
complete contract grid,"McNemar p (exact, per seed)",h2|L1|delta_AE|ds22|seed5,6.515854829668037e-58,b=168 c=601 discordant 769
complete contract grid,"McNemar p (exact, per seed)",h2|L1|delta_AE|ds22|seed6,1.791478389379404e-53,b=178 c=596 discordant 774
complete contract grid,"McNemar p (exact, per seed)",h2|L1|delta_AE|ds22|seed7,0.014389633007095667,b=36 c=61 discordant 97
complete contract grid,"McNemar p (exact, per seed)",h2|L1|delta_AE|ds22|seed8,0.6207676687971154,b=48 c=54 discordant 102
complete contract grid,"McNemar p (exact, per seed)",h2|L1|delta_AE|ds22|seed9,1.0,b=0 c=0 discordant 0
complete contract grid,"McNemar p (exact, per seed)",h2|L1|delta_AE|ds22|seed10,1.0175028912727707e-56,b=167 c=593 discordant 760
complete contract grid,"McNemar p (exact, per seed)",h2|L1|delta_AE|ds33|seed1,0.001761872002940625,b=52 c=24 discordant 76
complete contract grid,"McNemar p (exact, per seed)",h2|L1|delta_AE|ds33|seed2,0.0021901868838920535,b=38 c=15 discordant 53
complete contract grid,"McNemar p (exact, per seed)",h2|L1|delta_AE|ds33|seed3,2.1457960315833694e-08,b=56 c=11 discordant 67
complete contract grid,"McNemar p (exact, per seed)",h2|L1|delta_AE|ds33|seed4,0.0014044946311139559,b=57 c=27 discordant 84
complete contract grid,"McNemar p (exact, per seed)",h2|L1|delta_AE|ds33|seed5,1.3785937739894998e-17,b=131 c=27 discordant 158
complete contract grid,"McNemar p (exact, per seed)",h2|L1|delta_AE|ds33|seed6,0.20736789985685422,b=37 c=26 discordant 63
complete contract grid,"McNemar p (exact, per seed)",h2|L1|delta_AE|ds33|seed7,0.8358461346314862,b=48 c=45 discordant 93
complete contract grid,"McNemar p (exact, per seed)",h2|L1|delta_AE|ds33|seed8,1.0,b=0 c=0 discordant 0
complete contract grid,"McNemar p (exact, per seed)",h2|L1|delta_AE|ds33|seed9,1.0,b=0 c=0 discordant 0
complete contract grid,"McNemar p (exact, per seed)",h2|L1|delta_AE|ds33|seed10,0.3593582639051107,b=65 c=54 discordant 119
complete contract grid,McNemar b/c (summed over seeds),h2|L1|delta_AF,b=3494 c=2717,supplementary: the paired reading of the same population as the binomial SE
complete contract grid,"McNemar p (exact, per seed)",h2|L1|delta_AF|ds11|seed1,0.034186728347739004,b=77 c=52 discordant 129
complete contract grid,"McNemar p (exact, per seed)",h2|L1|delta_AF|ds11|seed2,0.6964676629916763,b=55 c=50 discordant 105
complete contract grid,"McNemar p (exact, per seed)",h2|L1|delta_AF|ds11|seed3,0.735878800856881,b=16 c=19 discordant 35
complete contract grid,"McNemar p (exact, per seed)",h2|L1|delta_AF|ds11|seed4,0.11001559898513334,b=31 c=46 discordant 77
complete contract grid,"McNemar p (exact, per seed)",h2|L1|delta_AF|ds11|seed5,3.4725573632685387e-84,b=41 c=435 discordant 476
complete contract grid,"McNemar p (exact, per seed)",h2|L1|delta_AF|ds11|seed6,0.13017768031912758,b=30 c=44 discordant 74
complete contract grid,"McNemar p (exact, per seed)",h2|L1|delta_AF|ds11|seed7,2.808936613939926e-94,b=439 c=30 discordant 469
complete contract grid,"McNemar p (exact, per seed)",h2|L1|delta_AF|ds11|seed8,1.46328418065861e-79,b=51 c=445 discordant 496
complete contract grid,"McNemar p (exact, per seed)",h2|L1|delta_AF|ds11|seed9,1.0,b=0 c=0 discordant 0
complete contract grid,"McNemar p (exact, per seed)",h2|L1|delta_AF|ds11|seed10,0.0029350556433200836,b=26 c=8 discordant 34
complete contract grid,"McNemar p (exact, per seed)",h2|L1|delta_AF|ds22|seed1,1.0273195443541004e-07,b=55 c=12 discordant 67
complete contract grid,"McNemar p (exact, per seed)",h2|L1|delta_AF|ds22|seed2,1.9964982237862146e-08,b=54 c=10 discordant 64
complete contract grid,"McNemar p (exact, per seed)",h2|L1|delta_AF|ds22|seed3,1.1123023000449022e-05,b=49 c=14 discordant 63
complete contract grid,"McNemar p (exact, per seed)",h2|L1|delta_AF|ds22|seed4,8.225455871979648e-10,b=45 c=4 discordant 49
complete contract grid,"McNemar p (exact, per seed)",h2|L1|delta_AF|ds22|seed5,9.717237522932643e-52,b=172 c=576 discordant 748
complete contract grid,"McNemar p (exact, per seed)",h2|L1|delta_AF|ds22|seed6,1.0,b=0 c=0 discordant 0
complete contract grid,"McNemar p (exact, per seed)",h2|L1|delta_AF|ds22|seed7,1.6078850157057605e-49,b=557 c=168 discordant 725
complete contract grid,"McNemar p (exact, per seed)",h2|L1|delta_AF|ds22|seed8,2.666274888529979e-54,b=534 c=142 discordant 676
complete contract grid,"McNemar p (exact, per seed)",h2|L1|delta_AF|ds22|seed9,1.0,b=0 c=0 discordant 0
complete contract grid,"McNemar p (exact, per seed)",h2|L1|delta_AF|ds22|seed10,1.0,b=0 c=0 discordant 0
complete contract grid,"McNemar p (exact, per seed)",h2|L1|delta_AF|ds33|seed1,0.09795444051950736,b=38 c=24 discordant 62
complete contract grid,"McNemar p (exact, per seed)",h2|L1|delta_AF|ds33|seed2,0.03998605682605215,b=31 c=16 discordant 47
complete contract grid,"McNemar p (exact, per seed)",h2|L1|delta_AF|ds33|seed3,7.561280982396751e-07,b=49 c=11 discordant 60
complete contract grid,"McNemar p (exact, per seed)",h2|L1|delta_AF|ds33|seed4,3.881817444056318e-07,b=69 c=21 discordant 90
complete contract grid,"McNemar p (exact, per seed)",h2|L1|delta_AF|ds33|seed5,0.00010259635179423318,b=57 c=22 discordant 79
complete contract grid,"McNemar p (exact, per seed)",h2|L1|delta_AF|ds33|seed6,1.5143748051450967e-106,b=463 c=24 discordant 487
complete contract grid,"McNemar p (exact, per seed)",h2|L1|delta_AF|ds33|seed7,2.2659556129523046e-98,b=454 c=30 discordant 484
complete contract grid,"McNemar p (exact, per seed)",h2|L1|delta_AF|ds33|seed8,4.387698715189461e-84,b=50 c=460 discordant 510
complete contract grid,"McNemar p (exact, per seed)",h2|L1|delta_AF|ds33|seed9,1.0,b=0 c=0 discordant 0
complete contract grid,"McNemar p (exact, per seed)",h2|L1|delta_AF|ds33|seed10,0.845370318882552,b=51 c=54 discordant 105
complete contract grid,McNemar b/c (summed over seeds),h2|L1|delta_BD_matched,b=5312 c=5207,supplementary: the paired reading of the same population as the binomial SE
complete contract grid,"McNemar p (exact, per seed)",h2|L1|delta_BD_matched|ds11|seed1,1.503405295729436e-07,b=206 c=112 discordant 318
complete contract grid,"McNemar p (exact, per seed)",h2|L1|delta_BD_matched|ds11|seed2,3.0183957468345466e-06,b=108 c=189 discordant 297
complete contract grid,"McNemar p (exact, per seed)",h2|L1|delta_BD_matched|ds11|seed3,4.5989786957732785e-09,b=285 c=161 discordant 446
complete contract grid,"McNemar p (exact, per seed)",h2|L1|delta_BD_matched|ds11|seed4,6.878942666640283e-10,b=221 c=109 discordant 330
complete contract grid,"McNemar p (exact, per seed)",h2|L1|delta_BD_matched|ds11|seed5,0.0025629078650112602,b=135 c=89 discordant 224
complete contract grid,"McNemar p (exact, per seed)",h2|L1|delta_BD_matched|ds11|seed6,0.10533027991406518,b=238 c=203 discordant 441
complete contract grid,"McNemar p (exact, per seed)",h2|L1|delta_BD_matched|ds11|seed7,0.0031196232899818725,b=98 c=60 discordant 158
complete contract grid,"McNemar p (exact, per seed)",h2|L1|delta_BD_matched|ds11|seed8,1.0,b=0 c=0 discordant 0
complete contract grid,"McNemar p (exact, per seed)",h2|L1|delta_BD_matched|ds11|seed9,1.281040120648713e-38,b=119 c=411 discordant 530
complete contract grid,"McNemar p (exact, per seed)",h2|L1|delta_BD_matched|ds11|seed10,0.40235628259931644,b=174 c=191 discordant 365
complete contract grid,"McNemar p (exact, per seed)",h2|L1|delta_BD_matched|ds22|seed1,3.801702381214279e-12,b=202 c=85 discordant 287
complete contract grid,"McNemar p (exact, per seed)",h2|L1|delta_BD_matched|ds22|seed2,0.000568738473845915,b=127 c=77 discordant 204
complete contract grid,"McNemar p (exact, per seed)",h2|L1|delta_BD_matched|ds22|seed3,0.23213103579452424,b=123 c=104 discordant 227
complete contract grid,"McNemar p (exact, per seed)",h2|L1|delta_BD_matched|ds22|seed4,2.4035531534646347e-12,b=180 c=70 discordant 250
complete contract grid,"McNemar p (exact, per seed)",h2|L1|delta_BD_matched|ds22|seed5,0.04525963544735366,b=128 c=97 discordant 225
complete contract grid,"McNemar p (exact, per seed)",h2|L1|delta_BD_matched|ds22|seed6,6.173685240262179e-23,b=214 c=56 discordant 270
complete contract grid,"McNemar p (exact, per seed)",h2|L1|delta_BD_matched|ds22|seed7,3.055492030161153e-11,b=113 c=237 discordant 350
complete contract grid,"McNemar p (exact, per seed)",h2|L1|delta_BD_matched|ds22|seed8,1.89204183792922e-46,b=380 c=83 discordant 463
complete contract grid,"McNemar p (exact, per seed)",h2|L1|delta_BD_matched|ds22|seed9,4.707492999465238e-22,b=184 c=419 discordant 603
complete contract grid,"McNemar p (exact, per seed)",h2|L1|delta_BD_matched|ds22|seed10,4.0835495899971354e-40,b=151 c=476 discordant 627
complete contract grid,"McNemar p (exact, per seed)",h2|L1|delta_BD_matched|ds33|seed1,1.152255001413278e-15,b=234 c=91 discordant 325
complete contract grid,"McNemar p (exact, per seed)",h2|L1|delta_BD_matched|ds33|seed2,0.3419578705491413,b=169 c=151 discordant 320
complete contract grid,"McNemar p (exact, per seed)",h2|L1|delta_BD_matched|ds33|seed3,0.044565983285868534,b=161 c=126 discordant 287
complete contract grid,"McNemar p (exact, per seed)",h2|L1|delta_BD_matched|ds33|seed4,4.32038867622642e-08,b=212 c=113 discordant 325
complete contract grid,"McNemar p (exact, per seed)",h2|L1|delta_BD_matched|ds33|seed5,5.028082184978588e-06,b=122 c=60 discordant 182
complete contract grid,"McNemar p (exact, per seed)",h2|L1|delta_BD_matched|ds33|seed6,4.409722633935011e-06,b=279 c=180 discordant 459
complete contract grid,"McNemar p (exact, per seed)",h2|L1|delta_BD_matched|ds33|seed7,0.3309087396642382,b=127 c=111 discordant 238
complete contract grid,"McNemar p (exact, per seed)",h2|L1|delta_BD_matched|ds33|seed8,6.528947977960284e-14,b=285 c=494 discordant 779
complete contract grid,"McNemar p (exact, per seed)",h2|L1|delta_BD_matched|ds33|seed9,4.976329425397411e-38,b=163 c=485 discordant 648
complete contract grid,"McNemar p (exact, per seed)",h2|L1|delta_BD_matched|ds33|seed10,0.7452969771159424,b=174 c=167 discordant 341
complete contract grid,McNemar b/c (summed over seeds),h2|L2|delta_AB,b=5197 c=1884,supplementary: the paired reading of the same population as the binomial SE
complete contract grid,"McNemar p (exact, per seed)",h2|L2|delta_AB|ds11|seed1,2.835177922847055e-06,b=180 c=101 discordant 281
complete contract grid,"McNemar p (exact, per seed)",h2|L2|delta_AB|ds11|seed2,8.606137296947799e-29,b=264 c=67 discordant 331
complete contract grid,"McNemar p (exact, per seed)",h2|L2|delta_AB|ds11|seed3,1.4357438387119674e-11,b=119 c=36 discordant 155
complete contract grid,"McNemar p (exact, per seed)",h2|L2|delta_AB|ds11|seed4,4.757482385242055e-07,b=72 c=23 discordant 95
complete contract grid,"McNemar p (exact, per seed)",h2|L2|delta_AB|ds11|seed5,1.0,b=0 c=0 discordant 0
complete contract grid,"McNemar p (exact, per seed)",h2|L2|delta_AB|ds11|seed6,9.155325785813586e-23,b=248 c=75 discordant 323
complete contract grid,"McNemar p (exact, per seed)",h2|L2|delta_AB|ds11|seed7,1.7584330225764972e-08,b=118 c=46 discordant 164
complete contract grid,"McNemar p (exact, per seed)",h2|L2|delta_AB|ds11|seed8,1.0,b=0 c=0 discordant 0
complete contract grid,"McNemar p (exact, per seed)",h2|L2|delta_AB|ds11|seed9,5.873548556032128e-17,b=250 c=96 discordant 346
complete contract grid,"McNemar p (exact, per seed)",h2|L2|delta_AB|ds11|seed10,9.356563729642898e-18,b=138 c=30 discordant 168
complete contract grid,"McNemar p (exact, per seed)",h2|L2|delta_AB|ds22|seed1,1.311004223514805e-56,b=317 c=37 discordant 354
complete contract grid,"McNemar p (exact, per seed)",h2|L2|delta_AB|ds22|seed2,1.1351812577003907e-53,b=278 c=27 discordant 305
complete contract grid,"McNemar p (exact, per seed)",h2|L2|delta_AB|ds22|seed3,1.058854752763443e-06,b=105 c=45 discordant 150
complete contract grid,"McNemar p (exact, per seed)",h2|L2|delta_AB|ds22|seed4,2.5812862792321837e-16,b=94 c=13 discordant 107
complete contract grid,"McNemar p (exact, per seed)",h2|L2|delta_AB|ds22|seed5,1.0,b=0 c=0 discordant 0
complete contract grid,"McNemar p (exact, per seed)",h2|L2|delta_AB|ds22|seed6,1.0020910162487503e-64,b=601 c=150 discordant 751
complete contract grid,"McNemar p (exact, per seed)",h2|L2|delta_AB|ds22|seed7,9.969346247665248e-07,b=120 c=55 discordant 175
complete contract grid,"McNemar p (exact, per seed)",h2|L2|delta_AB|ds22|seed8,1.0,b=0 c=0 discordant 0
complete contract grid,"McNemar p (exact, per seed)",h2|L2|delta_AB|ds22|seed9,1.7229118790979387e-42,b=568 c=197 discordant 765
complete contract grid,"McNemar p (exact, per seed)",h2|L2|delta_AB|ds22|seed10,1.1204830967101143e-12,b=139 c=44 discordant 183
complete contract grid,"McNemar p (exact, per seed)",h2|L2|delta_AB|ds33|seed1,1.9245731431105412e-19,b=154 c=34 discordant 188
complete contract grid,"McNemar p (exact, per seed)",h2|L2|delta_AB|ds33|seed2,3.877898065553232e-33,b=279 c=64 discordant 343
complete contract grid,"McNemar p (exact, per seed)",h2|L2|delta_AB|ds33|seed3,7.8322157819456e-09,b=85 c=25 discordant 110
complete contract grid,"McNemar p (exact, per seed)",h2|L2|delta_AB|ds33|seed4,8.489989677999224e-10,b=126 c=46 discordant 172
complete contract grid,"McNemar p (exact, per seed)",h2|L2|delta_AB|ds33|seed5,1.391240056625879e-15,b=174 c=55 discordant 229
complete contract grid,"McNemar p (exact, per seed)",h2|L2|delta_AB|ds33|seed6,1.0,b=0 c=0 discordant 0
complete contract grid,"McNemar p (exact, per seed)",h2|L2|delta_AB|ds33|seed7,2.059799378788771e-34,b=141 c=427 discordant 568
complete contract grid,"McNemar p (exact, per seed)",h2|L2|delta_AB|ds33|seed8,1.0,b=0 c=0 discordant 0
complete contract grid,"McNemar p (exact, per seed)",h2|L2|delta_AB|ds33|seed9,7.522984501844649e-31,b=415 c=146 discordant 561
complete contract grid,"McNemar p (exact, per seed)",h2|L2|delta_AB|ds33|seed10,4.254900184662195e-27,b=212 c=45 discordant 257
complete contract grid,McNemar b/c (summed over seeds),h2|L2|delta_AE,b=3158 c=3490,"MANDATORY for Delta_AE: sigma_Delta(A-E) is SMALLER than the binomial SE, so the CI over seeds narrows the uncertainty by itself (raport.tex 3.7)."
complete contract grid,"McNemar p (exact, per seed)",h2|L2|delta_AE|ds11|seed1,0.09027672732911124,b=88 c=66 discordant 154
complete contract grid,"McNemar p (exact, per seed)",h2|L2|delta_AE|ds11|seed2,3.4799669459257334e-05,b=63 c=24 discordant 87
complete contract grid,"McNemar p (exact, per seed)",h2|L2|delta_AE|ds11|seed3,0.014087495523758039,b=70 c=43 discordant 113
complete contract grid,"McNemar p (exact, per seed)",h2|L2|delta_AE|ds11|seed4,1.0414019304757919e-06,b=56 c=15 discordant 71
complete contract grid,"McNemar p (exact, per seed)",h2|L2|delta_AE|ds11|seed5,1.8403710037883708e-85,b=39 c=434 discordant 473
complete contract grid,"McNemar p (exact, per seed)",h2|L2|delta_AE|ds11|seed6,3.3971668169915183e-06,b=57 c=17 discordant 74
complete contract grid,"McNemar p (exact, per seed)",h2|L2|delta_AE|ds11|seed7,0.12812621630749876,b=97 c=76 discordant 173
complete contract grid,"McNemar p (exact, per seed)",h2|L2|delta_AE|ds11|seed8,1.0,b=0 c=0 discordant 0
complete contract grid,"McNemar p (exact, per seed)",h2|L2|delta_AE|ds11|seed9,2.60115527280425e-70,b=502 c=90 discordant 592
complete contract grid,"McNemar p (exact, per seed)",h2|L2|delta_AE|ds11|seed10,2.1054542433593656e-07,b=65 c=18 discordant 83
complete contract grid,"McNemar p (exact, per seed)",h2|L2|delta_AE|ds22|seed1,0.00024708778460080794,b=35 c=10 discordant 45
complete contract grid,"McNemar p (exact, per seed)",h2|L2|delta_AE|ds22|seed2,3.0655256978706635e-12,b=57 c=5 discordant 62
complete contract grid,"McNemar p (exact, per seed)",h2|L2|delta_AE|ds22|seed3,0.19959086691960698,b=24 c=15 discordant 39
complete contract grid,"McNemar p (exact, per seed)",h2|L2|delta_AE|ds22|seed4,0.019520472782460274,b=29 c=13 discordant 42
complete contract grid,"McNemar p (exact, per seed)",h2|L2|delta_AE|ds22|seed5,6.515854829668037e-58,b=168 c=601 discordant 769
complete contract grid,"McNemar p (exact, per seed)",h2|L2|delta_AE|ds22|seed6,2.7191876822818543e-05,b=47 c=14 discordant 61
complete contract grid,"McNemar p (exact, per seed)",h2|L2|delta_AE|ds22|seed7,0.42616001546699406,b=46 c=55 discordant 101
complete contract grid,"McNemar p (exact, per seed)",h2|L2|delta_AE|ds22|seed8,9.218073147933487e-51,b=171 c=569 discordant 740
complete contract grid,"McNemar p (exact, per seed)",h2|L2|delta_AE|ds22|seed9,3.03766173992188e-43,b=569 c=195 discordant 764
complete contract grid,"McNemar p (exact, per seed)",h2|L2|delta_AE|ds22|seed10,0.2543046661477,b=44 c=33 discordant 77
complete contract grid,"McNemar p (exact, per seed)",h2|L2|delta_AE|ds33|seed1,0.0007645817391550476,b=53 c=23 discordant 76
complete contract grid,"McNemar p (exact, per seed)",h2|L2|delta_AE|ds33|seed2,9.612986582365388e-05,b=54 c=20 discordant 74
complete contract grid,"McNemar p (exact, per seed)",h2|L2|delta_AE|ds33|seed3,0.008780930806975229,b=59 c=33 discordant 92
complete contract grid,"McNemar p (exact, per seed)",h2|L2|delta_AE|ds33|seed4,0.33370511619743876,b=48 c=59 discordant 107
complete contract grid,"McNemar p (exact, per seed)",h2|L2|delta_AE|ds33|seed5,2.6138463982982424e-08,b=109 c=41 discordant 150
complete contract grid,"McNemar p (exact, per seed)",h2|L2|delta_AE|ds33|seed6,8.93163307628201e-103,b=25 c=453 discordant 478
complete contract grid,"McNemar p (exact, per seed)",h2|L2|delta_AE|ds33|seed7,2.2745651822968685e-87,b=49 c=470 discordant 519
complete contract grid,"McNemar p (exact, per seed)",h2|L2|delta_AE|ds33|seed8,1.0,b=0 c=0 discordant 0
complete contract grid,"McNemar p (exact, per seed)",h2|L2|delta_AE|ds33|seed9,3.2547717473670095e-90,b=481 c=49 discordant 530
complete contract grid,"McNemar p (exact, per seed)",h2|L2|delta_AE|ds33|seed10,0.7666042612518517,b=53 c=49 discordant 102
complete contract grid,McNemar b/c (summed over seeds),h2|L2|delta_AF,b=3683 c=2869,supplementary: the paired reading of the same population as the binomial SE
complete contract grid,"McNemar p (exact, per seed)",h2|L2|delta_AF|ds11|seed1,0.7185088365549671,b=64 c=59 discordant 123
complete contract grid,"McNemar p (exact, per seed)",h2|L2|delta_AF|ds11|seed2,0.001841554788492544,b=40 c=16 discordant 56
complete contract grid,"McNemar p (exact, per seed)",h2|L2|delta_AF|ds11|seed3,0.6399729317539425,b=39 c=34 discordant 73
complete contract grid,"McNemar p (exact, per seed)",h2|L2|delta_AF|ds11|seed4,0.24296021728332556,b=19 c=28 discordant 47
complete contract grid,"McNemar p (exact, per seed)",h2|L2|delta_AF|ds11|seed5,3.4725573632685387e-84,b=41 c=435 discordant 476
complete contract grid,"McNemar p (exact, per seed)",h2|L2|delta_AF|ds11|seed6,0.7607916425613439,b=20 c=23 discordant 43
complete contract grid,"McNemar p (exact, per seed)",h2|L2|delta_AF|ds11|seed7,1.3724473398045572e-102,b=438 c=21 discordant 459
complete contract grid,"McNemar p (exact, per seed)",h2|L2|delta_AF|ds11|seed8,1.46328418065861e-79,b=51 c=445 discordant 496
complete contract grid,"McNemar p (exact, per seed)",h2|L2|delta_AF|ds11|seed9,2.60115527280425e-70,b=502 c=90 discordant 592
complete contract grid,"McNemar p (exact, per seed)",h2|L2|delta_AF|ds11|seed10,0.08168153394154003,b=40 c=25 discordant 65
complete contract grid,"McNemar p (exact, per seed)",h2|L2|delta_AF|ds22|seed1,1.0,b=11 c=12 discordant 23
complete contract grid,"McNemar p (exact, per seed)",h2|L2|delta_AF|ds22|seed2,4.0393217393130953e-07,b=44 c=8 discordant 52
complete contract grid,"McNemar p (exact, per seed)",h2|L2|delta_AF|ds22|seed3,2.6659171387086086e-07,b=57 c=14 discordant 71
complete contract grid,"McNemar p (exact, per seed)",h2|L2|delta_AF|ds22|seed4,1.0325821975243343e-08,b=46 c=6 discordant 52
complete contract grid,"McNemar p (exact, per seed)",h2|L2|delta_AF|ds22|seed5,8.416953584339804e-51,b=172 c=571 discordant 743
complete contract grid,"McNemar p (exact, per seed)",h2|L2|delta_AF|ds22|seed6,4.2705216207923607e-11,b=58 c=7 discordant 65
complete contract grid,"McNemar p (exact, per seed)",h2|L2|delta_AF|ds22|seed7,1.3098973415667925e-59,b=533 c=128 discordant 661
complete contract grid,"McNemar p (exact, per seed)",h2|L2|delta_AF|ds22|seed8,1.0,b=0 c=0 discordant 0
complete contract grid,"McNemar p (exact, per seed)",h2|L2|delta_AF|ds22|seed9,3.03766173992188e-43,b=569 c=195 discordant 764
complete contract grid,"McNemar p (exact, per seed)",h2|L2|delta_AF|ds22|seed10,6.467045262218053e-05,b=66 c=27 discordant 93
complete contract grid,"McNemar p (exact, per seed)",h2|L2|delta_AF|ds33|seed1,1.2351631890150023e-07,b=68 c=19 discordant 87
complete contract grid,"McNemar p (exact, per seed)",h2|L2|delta_AF|ds33|seed2,0.0204147137996349,b=40 c=21 discordant 61
complete contract grid,"McNemar p (exact, per seed)",h2|L2|delta_AF|ds33|seed3,0.8243132151052083,b=42 c=39 discordant 81
complete contract grid,"McNemar p (exact, per seed)",h2|L2|delta_AF|ds33|seed4,0.19485665950707512,b=75 c=59 discordant 134
complete contract grid,"McNemar p (exact, per seed)",h2|L2|delta_AF|ds33|seed5,0.04087197060775474,b=64 c=42 discordant 106
complete contract grid,"McNemar p (exact, per seed)",h2|L2|delta_AF|ds33|seed6,1.0,b=0 c=0 discordant 0
complete contract grid,"McNemar p (exact, per seed)",h2|L2|delta_AF|ds33|seed7,1.0,b=0 c=0 discordant 0
complete contract grid,"McNemar p (exact, per seed)",h2|L2|delta_AF|ds33|seed8,9.398275800037874e-91,b=39 c=454 discordant 493
complete contract grid,"McNemar p (exact, per seed)",h2|L2|delta_AF|ds33|seed9,3.2547717473670095e-90,b=481 c=49 discordant 530
complete contract grid,"McNemar p (exact, per seed)",h2|L2|delta_AF|ds33|seed10,0.04087197060775474,b=64 c=42 discordant 106
complete contract grid,McNemar b/c (summed over seeds),h2|L2|delta_BD_matched,b=4667 c=5903,supplementary: the paired reading of the same population as the binomial SE
complete contract grid,"McNemar p (exact, per seed)",h2|L2|delta_BD_matched|ds11|seed1,0.0016249223376131946,b=206 c=146 discordant 352
complete contract grid,"McNemar p (exact, per seed)",h2|L2|delta_BD_matched|ds11|seed2,1.8085341142342033e-10,b=88 c=195 discordant 283
complete contract grid,"McNemar p (exact, per seed)",h2|L2|delta_BD_matched|ds11|seed3,1.4380815022548445e-24,b=315 c=108 discordant 423
complete contract grid,"McNemar p (exact, per seed)",h2|L2|delta_BD_matched|ds11|seed4,1.7993268798514154e-07,b=228 c=129 discordant 357
complete contract grid,"McNemar p (exact, per seed)",h2|L2|delta_BD_matched|ds11|seed5,7.879129697841174e-46,b=81 c=373 discordant 454
complete contract grid,"McNemar p (exact, per seed)",h2|L2|delta_BD_matched|ds11|seed6,0.13573207941367005,b=117 c=142 discordant 259
complete contract grid,"McNemar p (exact, per seed)",h2|L2|delta_BD_matched|ds11|seed7,0.2545002933425908,b=83 c=68 discordant 151
complete contract grid,"McNemar p (exact, per seed)",h2|L2|delta_BD_matched|ds11|seed8,1.0,b=0 c=0 discordant 0
complete contract grid,"McNemar p (exact, per seed)",h2|L2|delta_BD_matched|ds11|seed9,0.1130777305920253,b=200 c=234 discordant 434
complete contract grid,"McNemar p (exact, per seed)",h2|L2|delta_BD_matched|ds11|seed10,0.022154579078393938,b=199 c=155 discordant 354
complete contract grid,"McNemar p (exact, per seed)",h2|L2|delta_BD_matched|ds22|seed1,1.2739654551217326e-06,b=129 c=220 discordant 349
complete contract grid,"McNemar p (exact, per seed)",h2|L2|delta_BD_matched|ds22|seed2,2.5384555419447605e-13,b=130 c=277 discordant 407
complete contract grid,"McNemar p (exact, per seed)",h2|L2|delta_BD_matched|ds22|seed3,0.0010098370416944476,b=127 c=79 discordant 206
complete contract grid,"McNemar p (exact, per seed)",h2|L2|delta_BD_matched|ds22|seed4,1.0020048696700428e-08,b=209 c=107 discordant 316
complete contract grid,"McNemar p (exact, per seed)",h2|L2|delta_BD_matched|ds22|seed5,6.5464452329375096e-43,b=152 c=493 discordant 645
complete contract grid,"McNemar p (exact, per seed)",h2|L2|delta_BD_matched|ds22|seed6,2.9776979924364297e-16,b=217 c=423 discordant 640
complete contract grid,"McNemar p (exact, per seed)",h2|L2|delta_BD_matched|ds22|seed7,0.01989186079812236,b=105 c=73 discordant 178
complete contract grid,"McNemar p (exact, per seed)",h2|L2|delta_BD_matched|ds22|seed8,1.0,b=0 c=0 discordant 0
complete contract grid,"McNemar p (exact, per seed)",h2|L2|delta_BD_matched|ds22|seed9,1.7243332883175793e-22,b=180 c=416 discordant 596
complete contract grid,"McNemar p (exact, per seed)",h2|L2|delta_BD_matched|ds22|seed10,0.30067931738190534,b=128 c=111 discordant 239
complete contract grid,"McNemar p (exact, per seed)",h2|L2|delta_BD_matched|ds33|seed1,3.6102576435621657e-07,b=208 c=116 discordant 324
complete contract grid,"McNemar p (exact, per seed)",h2|L2|delta_BD_matched|ds33|seed2,0.004353765541014637,b=220 c=285 discordant 505
complete contract grid,"McNemar p (exact, per seed)",h2|L2|delta_BD_matched|ds33|seed3,5.137475901049978e-16,b=233 c=89 discordant 322
complete contract grid,"McNemar p (exact, per seed)",h2|L2|delta_BD_matched|ds33|seed4,2.1588746571642992e-08,b=220 c=117 discordant 337
complete contract grid,"McNemar p (exact, per seed)",h2|L2|delta_BD_matched|ds33|seed5,0.7537986384660678,b=124 c=130 discordant 254
complete contract grid,"McNemar p (exact, per seed)",h2|L2|delta_BD_matched|ds33|seed6,1.6330857577369375e-24,b=119 c=333 discordant 452
complete contract grid,"McNemar p (exact, per seed)",h2|L2|delta_BD_matched|ds33|seed7,0.343090278924958,b=87 c=101 discordant 188
complete contract grid,"McNemar p (exact, per seed)",h2|L2|delta_BD_matched|ds33|seed8,6.218291195546128e-14,b=278 c=485 discordant 763
complete contract grid,"McNemar p (exact, per seed)",h2|L2|delta_BD_matched|ds33|seed9,1.4650049205888282e-14,b=130 c=286 discordant 416
complete contract grid,"McNemar p (exact, per seed)",h2|L2|delta_BD_matched|ds33|seed10,0.002837380472275282,b=154 c=212 discordant 366
complete contract grid,McNemar b/c (summed over seeds),h4|L1|delta_AB,b=5591 c=1334,supplementary: the paired reading of the same population as the binomial SE
complete contract grid,"McNemar p (exact, per seed)",h4|L1|delta_AB|ds11|seed1,2.3782766514017757e-43,b=227 c=23 discordant 250
complete contract grid,"McNemar p (exact, per seed)",h4|L1|delta_AB|ds11|seed2,4.042307058808692e-21,b=174 c=40 discordant 214
complete contract grid,"McNemar p (exact, per seed)",h4|L1|delta_AB|ds11|seed3,2.7266116219996362e-24,b=234 c=63 discordant 297
complete contract grid,"McNemar p (exact, per seed)",h4|L1|delta_AB|ds11|seed4,0.06401750413722565,b=41 c=25 discordant 66
complete contract grid,"McNemar p (exact, per seed)",h4|L1|delta_AB|ds11|seed5,1.9750718351680395e-26,b=211 c=46 discordant 257
complete contract grid,"McNemar p (exact, per seed)",h4|L1|delta_AB|ds11|seed6,8.610438503077151e-10,b=216 c=106 discordant 322
complete contract grid,"McNemar p (exact, per seed)",h4|L1|delta_AB|ds11|seed7,0.003171867790530157,b=89 c=53 discordant 142
complete contract grid,"McNemar p (exact, per seed)",h4|L1|delta_AB|ds11|seed8,1.0370418907511634e-126,b=574 c=35 discordant 609
complete contract grid,"McNemar p (exact, per seed)",h4|L1|delta_AB|ds11|seed9,1.4683180279114391e-09,b=131 c=50 discordant 181
complete contract grid,"McNemar p (exact, per seed)",h4|L1|delta_AB|ds11|seed10,6.928377941894815e-28,b=194 c=35 discordant 229
complete contract grid,"McNemar p (exact, per seed)",h4|L1|delta_AB|ds22|seed1,5.389097895749461e-16,b=162 c=47 discordant 209
complete contract grid,"McNemar p (exact, per seed)",h4|L1|delta_AB|ds22|seed2,1.3932285101509037e-11,b=72 c=12 discordant 84
complete contract grid,"McNemar p (exact, per seed)",h4|L1|delta_AB|ds22|seed3,2.5978547665788375e-12,b=137 c=44 discordant 181
complete contract grid,"McNemar p (exact, per seed)",h4|L1|delta_AB|ds22|seed4,3.471906938336878e-29,b=181 c=27 discordant 208
complete contract grid,"McNemar p (exact, per seed)",h4|L1|delta_AB|ds22|seed5,2.403002231061222e-08,b=106 c=39 discordant 145
complete contract grid,"McNemar p (exact, per seed)",h4|L1|delta_AB|ds22|seed6,3.538055305122546e-12,b=124 c=37 discordant 161
complete contract grid,"McNemar p (exact, per seed)",h4|L1|delta_AB|ds22|seed7,3.050112233998796e-36,b=239 c=39 discordant 278
complete contract grid,"McNemar p (exact, per seed)",h4|L1|delta_AB|ds22|seed8,1.073944664858011e-18,b=224 c=74 discordant 298
complete contract grid,"McNemar p (exact, per seed)",h4|L1|delta_AB|ds22|seed9,1.7395157962100723e-27,b=220 c=48 discordant 268
complete contract grid,"McNemar p (exact, per seed)",h4|L1|delta_AB|ds22|seed10,1.3129288311180871e-28,b=206 c=39 discordant 245
complete contract grid,"McNemar p (exact, per seed)",h4|L1|delta_AB|ds33|seed1,1.7704667363339305e-06,b=102 c=44 discordant 146
complete contract grid,"McNemar p (exact, per seed)",h4|L1|delta_AB|ds33|seed2,3.3965749656496885e-25,b=180 c=34 discordant 214
complete contract grid,"McNemar p (exact, per seed)",h4|L1|delta_AB|ds33|seed3,4.216413137979442e-21,b=293 c=107 discordant 400
complete contract grid,"McNemar p (exact, per seed)",h4|L1|delta_AB|ds33|seed4,1.4977681814745143e-17,b=135 c=29 discordant 164
complete contract grid,"McNemar p (exact, per seed)",h4|L1|delta_AB|ds33|seed5,1.1987559175109566e-12,b=96 c=21 discordant 117
complete contract grid,"McNemar p (exact, per seed)",h4|L1|delta_AB|ds33|seed6,8.55522853408329e-33,b=231 c=42 discordant 273
complete contract grid,"McNemar p (exact, per seed)",h4|L1|delta_AB|ds33|seed7,6.3698891811732735e-12,b=145 c=50 discordant 195
complete contract grid,"McNemar p (exact, per seed)",h4|L1|delta_AB|ds33|seed8,7.57622456179495e-30,b=207 c=37 discordant 244
complete contract grid,"McNemar p (exact, per seed)",h4|L1|delta_AB|ds33|seed9,1.0230842464249792e-30,b=239 c=50 discordant 289
complete contract grid,"McNemar p (exact, per seed)",h4|L1|delta_AB|ds33|seed10,5.691280499165253e-28,b=201 c=38 discordant 239
complete contract grid,McNemar b/c (summed over seeds),h4|L1|delta_AE,b=1907 c=1777,"MANDATORY for Delta_AE: sigma_Delta(A-E) is SMALLER than the binomial SE, so the CI over seeds narrows the uncertainty by itself (raport.tex 3.7)."
complete contract grid,"McNemar p (exact, per seed)",h4|L1|delta_AE|ds11|seed1,0.013999473719986937,b=52 c=29 discordant 81
complete contract grid,"McNemar p (exact, per seed)",h4|L1|delta_AE|ds11|seed2,0.5760121204363974,b=61 c=54 discordant 115
complete contract grid,"McNemar p (exact, per seed)",h4|L1|delta_AE|ds11|seed3,0.0017271703544025007,b=98 c=148 discordant 246
complete contract grid,"McNemar p (exact, per seed)",h4|L1|delta_AE|ds11|seed4,4.6756652446906635e-35,b=18 c=181 discordant 199
complete contract grid,"McNemar p (exact, per seed)",h4|L1|delta_AE|ds11|seed5,0.004609105461459271,b=32 c=60 discordant 92
complete contract grid,"McNemar p (exact, per seed)",h4|L1|delta_AE|ds11|seed6,3.382847731571005e-17,b=41 c=157 discordant 198
complete contract grid,"McNemar p (exact, per seed)",h4|L1|delta_AE|ds11|seed7,0.0005331282889111652,b=91 c=145 discordant 236
complete contract grid,"McNemar p (exact, per seed)",h4|L1|delta_AE|ds11|seed8,0.12839640292640084,b=35 c=50 discordant 85
complete contract grid,"McNemar p (exact, per seed)",h4|L1|delta_AE|ds11|seed9,0.00996632433799534,b=45 c=74 discordant 119
complete contract grid,"McNemar p (exact, per seed)",h4|L1|delta_AE|ds11|seed10,0.7750029828306251,b=53 c=57 discordant 110
complete contract grid,"McNemar p (exact, per seed)",h4|L1|delta_AE|ds22|seed1,0.0005483633140185855,b=113 c=66 discordant 179
complete contract grid,"McNemar p (exact, per seed)",h4|L1|delta_AE|ds22|seed2,3.1147468230931924e-15,b=65 c=4 discordant 69
complete contract grid,"McNemar p (exact, per seed)",h4|L1|delta_AE|ds22|seed3,0.04221061162240417,b=34 c=54 discordant 88
complete contract grid,"McNemar p (exact, per seed)",h4|L1|delta_AE|ds22|seed4,1.7760463940027238e-14,b=134 c=36 discordant 170
complete contract grid,"McNemar p (exact, per seed)",h4|L1|delta_AE|ds22|seed5,0.0036247809875379895,b=55 c=91 discordant 146
complete contract grid,"McNemar p (exact, per seed)",h4|L1|delta_AE|ds22|seed6,0.5726564757939475,b=60 c=53 discordant 113
complete contract grid,"McNemar p (exact, per seed)",h4|L1|delta_AE|ds22|seed7,0.15067520762630385,b=48 c=34 discordant 82
complete contract grid,"McNemar p (exact, per seed)",h4|L1|delta_AE|ds22|seed8,0.0001821658297558315,b=32 c=8 discordant 40
complete contract grid,"McNemar p (exact, per seed)",h4|L1|delta_AE|ds22|seed9,0.06650043529883942,b=106 c=80 discordant 186
complete contract grid,"McNemar p (exact, per seed)",h4|L1|delta_AE|ds22|seed10,8.963039363152348e-06,b=36 c=7 discordant 43
complete contract grid,"McNemar p (exact, per seed)",h4|L1|delta_AE|ds33|seed1,0.1370988057560341,b=59 c=43 discordant 102
complete contract grid,"McNemar p (exact, per seed)",h4|L1|delta_AE|ds33|seed2,0.07469253007976612,b=67 c=47 discordant 114
complete contract grid,"McNemar p (exact, per seed)",h4|L1|delta_AE|ds33|seed3,0.0013816410213383502,b=71 c=37 discordant 108
complete contract grid,"McNemar p (exact, per seed)",h4|L1|delta_AE|ds33|seed4,0.011118593448764544,b=71 c=43 discordant 114
complete contract grid,"McNemar p (exact, per seed)",h4|L1|delta_AE|ds33|seed5,0.000972760707951367,b=61 c=29 discordant 90
complete contract grid,"McNemar p (exact, per seed)",h4|L1|delta_AE|ds33|seed6,9.06079859652185e-05,b=62 c=25 discordant 87
complete contract grid,"McNemar p (exact, per seed)",h4|L1|delta_AE|ds33|seed7,0.7546517496104993,b=48 c=44 discordant 92
complete contract grid,"McNemar p (exact, per seed)",h4|L1|delta_AE|ds33|seed8,0.026735172855975448,b=77 c=51 discordant 128
complete contract grid,"McNemar p (exact, per seed)",h4|L1|delta_AE|ds33|seed9,1.8901080346392685e-12,b=129 c=39 discordant 168
complete contract grid,"McNemar p (exact, per seed)",h4|L1|delta_AE|ds33|seed10,0.021383189937144585,b=53 c=31 discordant 84
complete contract grid,McNemar b/c (summed over seeds),h4|L1|delta_AF,b=2107 c=1165,supplementary: the paired reading of the same population as the binomial SE
complete contract grid,"McNemar p (exact, per seed)",h4|L1|delta_AF|ds11|seed1,3.672857699355709e-28,b=167 c=23 discordant 190
complete contract grid,"McNemar p (exact, per seed)",h4|L1|delta_AF|ds11|seed2,0.07894069368148846,b=30 c=17 discordant 47
complete contract grid,"McNemar p (exact, per seed)",h4|L1|delta_AF|ds11|seed3,0.10478948242660333,b=34 c=21 discordant 55
complete contract grid,"McNemar p (exact, per seed)",h4|L1|delta_AF|ds11|seed4,0.860050065908581,b=15 c=17 discordant 32
complete contract grid,"McNemar p (exact, per seed)",h4|L1|delta_AF|ds11|seed5,2.743026013035991e-25,b=176 c=32 discordant 208
complete contract grid,"McNemar p (exact, per seed)",h4|L1|delta_AF|ds11|seed6,0.9021585000966994,b=34 c=32 discordant 66
complete contract grid,"McNemar p (exact, per seed)",h4|L1|delta_AF|ds11|seed7,1.6894416165193694e-35,b=15 c=174 discordant 189
complete contract grid,"McNemar p (exact, per seed)",h4|L1|delta_AF|ds11|seed8,2.1529063261734744e-22,b=182 c=41 discordant 223
complete contract grid,"McNemar p (exact, per seed)",h4|L1|delta_AF|ds11|seed9,0.0004985619576974187,b=41 c=80 discordant 121
complete contract grid,"McNemar p (exact, per seed)",h4|L1|delta_AF|ds11|seed10,0.7797679305530743,b=27 c=24 discordant 51
complete contract grid,"McNemar p (exact, per seed)",h4|L1|delta_AF|ds22|seed1,8.738435036825207e-14,b=152 c=48 discordant 200
complete contract grid,"McNemar p (exact, per seed)",h4|L1|delta_AF|ds22|seed2,9.029018960445001e-12,b=58 c=6 discordant 64
complete contract grid,"McNemar p (exact, per seed)",h4|L1|delta_AF|ds22|seed3,0.2897982154050607,b=60 c=48 discordant 108
complete contract grid,"McNemar p (exact, per seed)",h4|L1|delta_AF|ds22|seed4,0.21913114749778415,b=63 c=49 discordant 112
complete contract grid,"McNemar p (exact, per seed)",h4|L1|delta_AF|ds22|seed5,6.351657812298193e-07,b=111 c=48 discordant 159
complete contract grid,"McNemar p (exact, per seed)",h4|L1|delta_AF|ds22|seed6,0.054908817775760344,b=65 c=44 discordant 109
complete contract grid,"McNemar p (exact, per seed)",h4|L1|delta_AF|ds22|seed7,0.0003740220149449216,b=61 c=27 discordant 88
complete contract grid,"McNemar p (exact, per seed)",h4|L1|delta_AF|ds22|seed8,1.1008055578187737e-11,b=52 c=4 discordant 56
complete contract grid,"McNemar p (exact, per seed)",h4|L1|delta_AF|ds22|seed9,1.0535726728912245e-11,b=125 c=39 discordant 164
complete contract grid,"McNemar p (exact, per seed)",h4|L1|delta_AF|ds22|seed10,0.7449138782509728,b=78 c=73 discordant 151
complete contract grid,"McNemar p (exact, per seed)",h4|L1|delta_AF|ds33|seed1,0.39092745669950557,b=60 c=50 discordant 110
complete contract grid,"McNemar p (exact, per seed)",h4|L1|delta_AF|ds33|seed2,1.6168121721594925e-07,b=71 c=21 discordant 92
complete contract grid,"McNemar p (exact, per seed)",h4|L1|delta_AF|ds33|seed3,3.7231423277541645e-07,b=76 c=25 discordant 101
complete contract grid,"McNemar p (exact, per seed)",h4|L1|delta_AF|ds33|seed4,4.496432091968554e-05,b=67 c=27 discordant 94
complete contract grid,"McNemar p (exact, per seed)",h4|L1|delta_AF|ds33|seed5,0.00035795527161316536,b=49 c=19 discordant 68
complete contract grid,"McNemar p (exact, per seed)",h4|L1|delta_AF|ds33|seed6,0.016508822028535212,b=54 c=31 discordant 85
complete contract grid,"McNemar p (exact, per seed)",h4|L1|delta_AF|ds33|seed7,0.6908264239959597,b=53 c=48 discordant 101
complete contract grid,"McNemar p (exact, per seed)",h4|L1|delta_AF|ds33|seed8,0.02651683255068482,b=47 c=27 discordant 74
complete contract grid,"McNemar p (exact, per seed)",h4|L1|delta_AF|ds33|seed9,0.45054757600158946,b=39 c=47 discordant 86
complete contract grid,"McNemar p (exact, per seed)",h4|L1|delta_AF|ds33|seed10,0.01033766119369546,b=45 c=23 discordant 68
complete contract grid,McNemar b/c (summed over seeds),h4|L1|delta_BD_matched,b=5155 c=4595,supplementary: the paired reading of the same population as the binomial SE
complete contract grid,"McNemar p (exact, per seed)",h4|L1|delta_BD_matched|ds11|seed1,0.00019034059642154835,b=191 c=124 discordant 315
complete contract grid,"McNemar p (exact, per seed)",h4|L1|delta_BD_matched|ds11|seed2,0.001508745950306453,b=128 c=185 discordant 313
complete contract grid,"McNemar p (exact, per seed)",h4|L1|delta_BD_matched|ds11|seed3,0.07408058811844775,b=246 c=207 discordant 453
complete contract grid,"McNemar p (exact, per seed)",h4|L1|delta_BD_matched|ds11|seed4,1.4865506967646094e-11,b=195 c=83 discordant 278
complete contract grid,"McNemar p (exact, per seed)",h4|L1|delta_BD_matched|ds11|seed5,0.0015497385530474888,b=135 c=87 discordant 222
complete contract grid,"McNemar p (exact, per seed)",h4|L1|delta_BD_matched|ds11|seed6,0.0957976222614759,b=226 c=191 discordant 417
complete contract grid,"McNemar p (exact, per seed)",h4|L1|delta_BD_matched|ds11|seed7,0.04163828383950259,b=76 c=52 discordant 128
complete contract grid,"McNemar p (exact, per seed)",h4|L1|delta_BD_matched|ds11|seed8,3.776053240174041e-21,b=193 c=426 discordant 619
complete contract grid,"McNemar p (exact, per seed)",h4|L1|delta_BD_matched|ds11|seed9,0.014333382131895842,b=169 c=126 discordant 295
complete contract grid,"McNemar p (exact, per seed)",h4|L1|delta_BD_matched|ds11|seed10,0.08860470394897874,b=182 c=217 discordant 399
complete contract grid,"McNemar p (exact, per seed)",h4|L1|delta_BD_matched|ds22|seed1,0.0026574031468815625,b=147 c=99 discordant 246
complete contract grid,"McNemar p (exact, per seed)",h4|L1|delta_BD_matched|ds22|seed2,4.953344057530937e-05,b=137 c=77 discordant 214
complete contract grid,"McNemar p (exact, per seed)",h4|L1|delta_BD_matched|ds22|seed3,0.3829778651180765,b=104 c=118 discordant 222
complete contract grid,"McNemar p (exact, per seed)",h4|L1|delta_BD_matched|ds22|seed4,0.0157076853585072,b=158 c=117 discordant 275
complete contract grid,"McNemar p (exact, per seed)",h4|L1|delta_BD_matched|ds22|seed5,0.11678744024535467,b=110 c=87 discordant 197
complete contract grid,"McNemar p (exact, per seed)",h4|L1|delta_BD_matched|ds22|seed6,1.5206295045032275e-05,b=213 c=132 discordant 345
complete contract grid,"McNemar p (exact, per seed)",h4|L1|delta_BD_matched|ds22|seed7,0.0001270589283811856,b=112 c=178 discordant 290
complete contract grid,"McNemar p (exact, per seed)",h4|L1|delta_BD_matched|ds22|seed8,0.0002289426404263701,b=217 c=146 discordant 363
complete contract grid,"McNemar p (exact, per seed)",h4|L1|delta_BD_matched|ds22|seed9,0.008274257614082818,b=213 c=161 discordant 374
complete contract grid,"McNemar p (exact, per seed)",h4|L1|delta_BD_matched|ds22|seed10,0.10786900749527104,b=170 c=202 discordant 372
complete contract grid,"McNemar p (exact, per seed)",h4|L1|delta_BD_matched|ds33|seed1,1.6984552289426426e-10,b=204 c=94 discordant 298
complete contract grid,"McNemar p (exact, per seed)",h4|L1|delta_BD_matched|ds33|seed2,0.32539286944434076,b=177 c=158 discordant 335
complete contract grid,"McNemar p (exact, per seed)",h4|L1|delta_BD_matched|ds33|seed3,0.6779503057465475,b=181 c=190 discordant 371
complete contract grid,"McNemar p (exact, per seed)",h4|L1|delta_BD_matched|ds33|seed4,0.0017407684829757388,b=183 c=127 discordant 310
complete contract grid,"McNemar p (exact, per seed)",h4|L1|delta_BD_matched|ds33|seed5,5.1664070543545356e-06,b=140 c=73 discordant 213
complete contract grid,"McNemar p (exact, per seed)",h4|L1|delta_BD_matched|ds33|seed6,0.07222975307159342,b=231 c=193 discordant 424
complete contract grid,"McNemar p (exact, per seed)",h4|L1|delta_BD_matched|ds33|seed7,0.0020480493878448753,b=152 c=102 discordant 254
complete contract grid,"McNemar p (exact, per seed)",h4|L1|delta_BD_matched|ds33|seed8,0.002162670971075286,b=281 c=212 discordant 493
complete contract grid,"McNemar p (exact, per seed)",h4|L1|delta_BD_matched|ds33|seed9,2.3906279047530437e-07,b=139 c=240 discordant 379
complete contract grid,"McNemar p (exact, per seed)",h4|L1|delta_BD_matched|ds33|seed10,0.013970130418761436,b=145 c=191 discordant 336
complete contract grid,McNemar b/c (summed over seeds),h4|L2|delta_AB,b=6333 c=1706,supplementary: the paired reading of the same population as the binomial SE
complete contract grid,"McNemar p (exact, per seed)",h4|L2|delta_AB|ds11|seed1,4.768609724545183e-06,b=170 c=95 discordant 265
complete contract grid,"McNemar p (exact, per seed)",h4|L2|delta_AB|ds11|seed2,3.1406447827755633e-25,b=233 c=60 discordant 293
complete contract grid,"McNemar p (exact, per seed)",h4|L2|delta_AB|ds11|seed3,0.0020517677411675153,b=120 c=76 discordant 196
complete contract grid,"McNemar p (exact, per seed)",h4|L2|delta_AB|ds11|seed4,2.9270542670539934e-06,b=93 c=39 discordant 132
complete contract grid,"McNemar p (exact, per seed)",h4|L2|delta_AB|ds11|seed5,5.696306944798275e-08,b=158 c=75 discordant 233
complete contract grid,"McNemar p (exact, per seed)",h4|L2|delta_AB|ds11|seed6,8.014875216538923e-09,b=200 c=100 discordant 300
complete contract grid,"McNemar p (exact, per seed)",h4|L2|delta_AB|ds11|seed7,6.3698891811732735e-12,b=145 c=50 discordant 195
complete contract grid,"McNemar p (exact, per seed)",h4|L2|delta_AB|ds11|seed8,3.098577833957225e-29,b=193 c=32 discordant 225
complete contract grid,"McNemar p (exact, per seed)",h4|L2|delta_AB|ds11|seed9,1.2847274429070661e-23,b=238 c=67 discordant 305
complete contract grid,"McNemar p (exact, per seed)",h4|L2|delta_AB|ds11|seed10,0.07879180968273986,b=90 c=67 discordant 157
complete contract grid,"McNemar p (exact, per seed)",h4|L2|delta_AB|ds22|seed1,1.157390528846289e-70,b=366 c=35 discordant 401
complete contract grid,"McNemar p (exact, per seed)",h4|L2|delta_AB|ds22|seed2,1.0296987589586837e-39,b=221 c=26 discordant 247
complete contract grid,"McNemar p (exact, per seed)",h4|L2|delta_AB|ds22|seed3,8.76870571855325e-05,b=97 c=49 discordant 146
complete contract grid,"McNemar p (exact, per seed)",h4|L2|delta_AB|ds22|seed4,1.7653177331208274e-23,b=185 c=40 discordant 225
complete contract grid,"McNemar p (exact, per seed)",h4|L2|delta_AB|ds22|seed5,2.1619366647720456e-33,b=270 c=59 discordant 329
complete contract grid,"McNemar p (exact, per seed)",h4|L2|delta_AB|ds22|seed6,2.868748693959899e-48,b=425 c=101 discordant 526
complete contract grid,"McNemar p (exact, per seed)",h4|L2|delta_AB|ds22|seed7,1.2913641527344654e-22,b=132 c=18 discordant 150
complete contract grid,"McNemar p (exact, per seed)",h4|L2|delta_AB|ds22|seed8,3.179542049997833e-10,b=103 c=31 discordant 134
complete contract grid,"McNemar p (exact, per seed)",h4|L2|delta_AB|ds22|seed9,6.191032149602297e-51,b=357 c=63 discordant 420
complete contract grid,"McNemar p (exact, per seed)",h4|L2|delta_AB|ds22|seed10,1.3175705563170384e-27,b=195 c=36 discordant 231
complete contract grid,"McNemar p (exact, per seed)",h4|L2|delta_AB|ds33|seed1,2.4399270486777514e-13,b=216 c=89 discordant 305
complete contract grid,"McNemar p (exact, per seed)",h4|L2|delta_AB|ds33|seed2,4.751203056146639e-31,b=275 c=67 discordant 342
complete contract grid,"McNemar p (exact, per seed)",h4|L2|delta_AB|ds33|seed3,1.8592713687301678e-07,b=91 c=33 discordant 124
complete contract grid,"McNemar p (exact, per seed)",h4|L2|delta_AB|ds33|seed4,2.8332682936868e-16,b=183 c=58 discordant 241
complete contract grid,"McNemar p (exact, per seed)",h4|L2|delta_AB|ds33|seed5,9.077867422545718e-13,b=136 c=42 discordant 178
complete contract grid,"McNemar p (exact, per seed)",h4|L2|delta_AB|ds33|seed6,1.1643700081905354e-25,b=379 c=143 discordant 522
complete contract grid,"McNemar p (exact, per seed)",h4|L2|delta_AB|ds33|seed7,6.074021766539733e-31,b=214 c=38 discordant 252
complete contract grid,"McNemar p (exact, per seed)",h4|L2|delta_AB|ds33|seed8,2.859589360360969e-16,b=139 c=34 discordant 173
complete contract grid,"McNemar p (exact, per seed)",h4|L2|delta_AB|ds33|seed9,4.479245801560582e-122,b=483 c=15 discordant 498
complete contract grid,"McNemar p (exact, per seed)",h4|L2|delta_AB|ds33|seed10,5.592132283950526e-21,b=226 c=68 discordant 294
complete contract grid,McNemar b/c (summed over seeds),h4|L2|delta_AE,b=1900 c=1967,"MANDATORY for Delta_AE: sigma_Delta(A-E) is SMALLER than the binomial SE, so the CI over seeds narrows the uncertainty by itself (raport.tex 3.7)."
complete contract grid,"McNemar p (exact, per seed)",h4|L2|delta_AE|ds11|seed1,4.4597654624175526e-26,b=27 c=168 discordant 195
complete contract grid,"McNemar p (exact, per seed)",h4|L2|delta_AE|ds11|seed2,0.004272405031651674,b=45 c=21 discordant 66
complete contract grid,"McNemar p (exact, per seed)",h4|L2|delta_AE|ds11|seed3,6.738805166286138e-05,b=120 c=191 discordant 311
complete contract grid,"McNemar p (exact, per seed)",h4|L2|delta_AE|ds11|seed4,1.6875616786567345e-33,b=18 c=175 discordant 193
complete contract grid,"McNemar p (exact, per seed)",h4|L2|delta_AE|ds11|seed5,2.567529911241726e-35,b=18 c=182 discordant 200
complete contract grid,"McNemar p (exact, per seed)",h4|L2|delta_AE|ds11|seed6,3.2352313396555863e-19,b=37 c=159 discordant 196
complete contract grid,"McNemar p (exact, per seed)",h4|L2|delta_AE|ds11|seed7,0.03608340229293405,b=81 c=111 discordant 192
complete contract grid,"McNemar p (exact, per seed)",h4|L2|delta_AE|ds11|seed8,0.04437092000802569,b=27 c=45 discordant 72
complete contract grid,"McNemar p (exact, per seed)",h4|L2|delta_AE|ds11|seed9,0.008149691373771181,b=42 c=71 discordant 113
complete contract grid,"McNemar p (exact, per seed)",h4|L2|delta_AE|ds11|seed10,0.08422157489670008,b=45 c=64 discordant 109
complete contract grid,"McNemar p (exact, per seed)",h4|L2|delta_AE|ds22|seed1,2.910343305805322e-13,b=126 c=35 discordant 161
complete contract grid,"McNemar p (exact, per seed)",h4|L2|delta_AE|ds22|seed2,1.3589917802203644e-09,b=52 c=7 discordant 59
complete contract grid,"McNemar p (exact, per seed)",h4|L2|delta_AE|ds22|seed3,0.6439689563703723,b=23 c=19 discordant 42
complete contract grid,"McNemar p (exact, per seed)",h4|L2|delta_AE|ds22|seed4,0.003731445755098148,b=78 c=45 discordant 123
complete contract grid,"McNemar p (exact, per seed)",h4|L2|delta_AE|ds22|seed5,0.5760121204363974,b=54 c=61 discordant 115
complete contract grid,"McNemar p (exact, per seed)",h4|L2|delta_AE|ds22|seed6,0.75964928832363,b=46 c=50 discordant 96
complete contract grid,"McNemar p (exact, per seed)",h4|L2|delta_AE|ds22|seed7,4.223704562267977e-05,b=46 c=14 discordant 60
complete contract grid,"McNemar p (exact, per seed)",h4|L2|delta_AE|ds22|seed8,0.00010604466626773501,b=35 c=9 discordant 44
complete contract grid,"McNemar p (exact, per seed)",h4|L2|delta_AE|ds22|seed9,0.7079807541347641,b=34 c=30 discordant 64
complete contract grid,"McNemar p (exact, per seed)",h4|L2|delta_AE|ds22|seed10,8.350071226515241e-09,b=120 c=46 discordant 166
complete contract grid,"McNemar p (exact, per seed)",h4|L2|delta_AE|ds33|seed1,0.0032594073594768786,b=94 c=57 discordant 151
complete contract grid,"McNemar p (exact, per seed)",h4|L2|delta_AE|ds33|seed2,0.4813541052575654,b=69 c=60 discordant 129
complete contract grid,"McNemar p (exact, per seed)",h4|L2|delta_AE|ds33|seed3,0.054908817775760344,b=65 c=44 discordant 109
complete contract grid,"McNemar p (exact, per seed)",h4|L2|delta_AE|ds33|seed4,0.0008597408292289976,b=115 c=69 discordant 184
complete contract grid,"McNemar p (exact, per seed)",h4|L2|delta_AE|ds33|seed5,0.0001831165641297511,b=57 c=23 discordant 80
complete contract grid,"McNemar p (exact, per seed)",h4|L2|delta_AE|ds33|seed6,0.09703091129729907,b=49 c=33 discordant 82
complete contract grid,"McNemar p (exact, per seed)",h4|L2|delta_AE|ds33|seed7,0.050250895335291444,b=52 c=33 discordant 85
complete contract grid,"McNemar p (exact, per seed)",h4|L2|delta_AE|ds33|seed8,0.04652819595152471,b=79 c=55 discordant 134
complete contract grid,"McNemar p (exact, per seed)",h4|L2|delta_AE|ds33|seed9,2.434695739577297e-21,b=134 c=21 discordant 155
complete contract grid,"McNemar p (exact, per seed)",h4|L2|delta_AE|ds33|seed10,0.001720572729494384,b=112 c=69 discordant 181
complete contract grid,McNemar b/c (summed over seeds),h4|L2|delta_AF,b=2018 c=1273,supplementary: the paired reading of the same population as the binomial SE
complete contract grid,"McNemar p (exact, per seed)",h4|L2|delta_AF|ds11|seed1,0.03752953363441315,b=32 c=52 discordant 84
complete contract grid,"McNemar p (exact, per seed)",h4|L2|delta_AF|ds11|seed2,0.0005349642016498918,b=51 c=21 discordant 72
complete contract grid,"McNemar p (exact, per seed)",h4|L2|delta_AF|ds11|seed3,0.48411841360729163,b=46 c=54 discordant 100
complete contract grid,"McNemar p (exact, per seed)",h4|L2|delta_AF|ds11|seed4,0.7122308826373509,b=35 c=31 discordant 66
complete contract grid,"McNemar p (exact, per seed)",h4|L2|delta_AF|ds11|seed5,0.4926450664865023,b=56 c=48 discordant 104
complete contract grid,"McNemar p (exact, per seed)",h4|L2|delta_AF|ds11|seed6,0.6075913612730801,b=15 c=19 discordant 34
complete contract grid,"McNemar p (exact, per seed)",h4|L2|delta_AF|ds11|seed7,1.137933626511795e-29,b=14 c=149 discordant 163
complete contract grid,"McNemar p (exact, per seed)",h4|L2|delta_AF|ds11|seed8,6.760105095825183e-23,b=174 c=36 discordant 210
complete contract grid,"McNemar p (exact, per seed)",h4|L2|delta_AF|ds11|seed9,0.000618057705634809,b=43 c=82 discordant 125
complete contract grid,"McNemar p (exact, per seed)",h4|L2|delta_AF|ds11|seed10,0.20067820312938567,b=31 c=43 discordant 74
complete contract grid,"McNemar p (exact, per seed)",h4|L2|delta_AF|ds22|seed1,9.598801950199362e-28,b=175 c=27 discordant 202
complete contract grid,"McNemar p (exact, per seed)",h4|L2|delta_AF|ds22|seed2,1.2454514146109652e-06,b=46 c=10 discordant 56
complete contract grid,"McNemar p (exact, per seed)",h4|L2|delta_AF|ds22|seed3,1.0096127351113507e-05,b=51 c=15 discordant 66
complete contract grid,"McNemar p (exact, per seed)",h4|L2|delta_AF|ds22|seed4,0.00010742609168386583,b=59 c=110 discordant 169
complete contract grid,"McNemar p (exact, per seed)",h4|L2|delta_AF|ds22|seed5,2.704921623416343e-13,b=128 c=36 discordant 164
complete contract grid,"McNemar p (exact, per seed)",h4|L2|delta_AF|ds22|seed6,0.4264394964440242,b=69 c=59 discordant 128
complete contract grid,"McNemar p (exact, per seed)",h4|L2|delta_AF|ds22|seed7,5.2573169769006436e-09,b=67 c=15 discordant 82
complete contract grid,"McNemar p (exact, per seed)",h4|L2|delta_AF|ds22|seed8,3.914123197106857e-10,b=59 c=9 discordant 68
complete contract grid,"McNemar p (exact, per seed)",h4|L2|delta_AF|ds22|seed9,3.767158136686959e-09,b=92 c=28 discordant 120
complete contract grid,"McNemar p (exact, per seed)",h4|L2|delta_AF|ds22|seed10,1.870615952593889e-05,b=92 c=42 discordant 134
complete contract grid,"McNemar p (exact, per seed)",h4|L2|delta_AF|ds33|seed1,0.014359642888005238,b=91 c=60 discordant 151
complete contract grid,"McNemar p (exact, per seed)",h4|L2|delta_AF|ds33|seed2,5.311762926784264e-05,b=65 c=26 discordant 91
complete contract grid,"McNemar p (exact, per seed)",h4|L2|delta_AF|ds33|seed3,0.00028452861891625184,b=72 c=34 discordant 106
complete contract grid,"McNemar p (exact, per seed)",h4|L2|delta_AF|ds33|seed4,3.107942770388662e-05,b=124 c=66 discordant 190
complete contract grid,"McNemar p (exact, per seed)",h4|L2|delta_AF|ds33|seed5,7.733076881287027e-05,b=48 c=16 discordant 64
complete contract grid,"McNemar p (exact, per seed)",h4|L2|delta_AF|ds33|seed6,0.9110721212260926,b=41 c=39 discordant 80
complete contract grid,"McNemar p (exact, per seed)",h4|L2|delta_AF|ds33|seed7,0.028626655508737896,b=48 c=28 discordant 76
complete contract grid,"McNemar p (exact, per seed)",h4|L2|delta_AF|ds33|seed8,0.050452410247217666,b=47 c=29 discordant 76
complete contract grid,"McNemar p (exact, per seed)",h4|L2|delta_AF|ds33|seed9,0.06744461190078899,b=37 c=22 discordant 59
complete contract grid,"McNemar p (exact, per seed)",h4|L2|delta_AF|ds33|seed10,0.0015216911970620825,b=110 c=67 discordant 177
complete contract grid,McNemar b/c (summed over seeds),h4|L2|delta_BD_matched,b=5092 c=5099,supplementary: the paired reading of the same population as the binomial SE
complete contract grid,"McNemar p (exact, per seed)",h4|L2|delta_BD_matched|ds11|seed1,0.09833432429105786,b=192 c=160 discordant 352
complete contract grid,"McNemar p (exact, per seed)",h4|L2|delta_BD_matched|ds11|seed2,9.461189114029645e-07,b=89 c=168 discordant 257
complete contract grid,"McNemar p (exact, per seed)",h4|L2|delta_BD_matched|ds11|seed3,7.961756887608205e-12,b=298 c=153 discordant 451
complete contract grid,"McNemar p (exact, per seed)",h4|L2|delta_BD_matched|ds11|seed4,2.5949761105105013e-06,b=183 c=103 discordant 286
complete contract grid,"McNemar p (exact, per seed)",h4|L2|delta_BD_matched|ds11|seed5,0.779233508022643,b=156 c=162 discordant 318
complete contract grid,"McNemar p (exact, per seed)",h4|L2|delta_BD_matched|ds11|seed6,0.04356131116414427,b=197 c=158 discordant 355
complete contract grid,"McNemar p (exact, per seed)",h4|L2|delta_BD_matched|ds11|seed7,0.47626671506798546,b=93 c=104 discordant 197
complete contract grid,"McNemar p (exact, per seed)",h4|L2|delta_BD_matched|ds11|seed8,1.8556914037787696e-19,b=200 c=58 discordant 258
complete contract grid,"McNemar p (exact, per seed)",h4|L2|delta_BD_matched|ds11|seed9,0.01801770711469349,b=166 c=213 discordant 379
complete contract grid,"McNemar p (exact, per seed)",h4|L2|delta_BD_matched|ds11|seed10,1.2889526213059951e-06,b=199 c=113 discordant 312
complete contract grid,"McNemar p (exact, per seed)",h4|L2|delta_BD_matched|ds22|seed1,1.1427035481888621e-11,b=106 c=230 discordant 336
complete contract grid,"McNemar p (exact, per seed)",h4|L2|delta_BD_matched|ds22|seed2,1.684574046631275e-06,b=133 c=224 discordant 357
complete contract grid,"McNemar p (exact, per seed)",h4|L2|delta_BD_matched|ds22|seed3,0.0007978422417354953,b=158 c=103 discordant 261
complete contract grid,"McNemar p (exact, per seed)",h4|L2|delta_BD_matched|ds22|seed4,0.4587662807581579,b=171 c=186 discordant 357
complete contract grid,"McNemar p (exact, per seed)",h4|L2|delta_BD_matched|ds22|seed5,9.773834194609854e-08,b=102 c=194 discordant 296
complete contract grid,"McNemar p (exact, per seed)",h4|L2|delta_BD_matched|ds22|seed6,5.278943367920615e-18,b=107 c=274 discordant 381
complete contract grid,"McNemar p (exact, per seed)",h4|L2|delta_BD_matched|ds22|seed7,0.00651220325016162,b=112 c=74 discordant 186
complete contract grid,"McNemar p (exact, per seed)",h4|L2|delta_BD_matched|ds22|seed8,9.215699547568514e-17,b=244 c=93 discordant 337
complete contract grid,"McNemar p (exact, per seed)",h4|L2|delta_BD_matched|ds22|seed9,8.164320976758201e-05,b=222 c=314 discordant 536
complete contract grid,"McNemar p (exact, per seed)",h4|L2|delta_BD_matched|ds22|seed10,0.19000041751490285,b=127 c=106 discordant 233
complete contract grid,"McNemar p (exact, per seed)",h4|L2|delta_BD_matched|ds33|seed1,0.000410621412993365,b=181 c=119 discordant 300
complete contract grid,"McNemar p (exact, per seed)",h4|L2|delta_BD_matched|ds33|seed2,0.013789279213812254,b=205 c=259 discordant 464
complete contract grid,"McNemar p (exact, per seed)",h4|L2|delta_BD_matched|ds33|seed3,1.3418661227595696e-09,b=206 c=100 discordant 306
complete contract grid,"McNemar p (exact, per seed)",h4|L2|delta_BD_matched|ds33|seed4,0.002076831993679162,b=182 c=127 discordant 309
complete contract grid,"McNemar p (exact, per seed)",h4|L2|delta_BD_matched|ds33|seed5,0.0036873485724120115,b=168 c=118 discordant 286
complete contract grid,"McNemar p (exact, per seed)",h4|L2|delta_BD_matched|ds33|seed6,0.230099109404519,b=277 c=307 discordant 584
complete contract grid,"McNemar p (exact, per seed)",h4|L2|delta_BD_matched|ds33|seed7,0.2661420292429953,b=83 c=99 discordant 182
complete contract grid,"McNemar p (exact, per seed)",h4|L2|delta_BD_matched|ds33|seed8,1.2911477030622676e-09,b=302 c=170 discordant 472
complete contract grid,"McNemar p (exact, per seed)",h4|L2|delta_BD_matched|ds33|seed9,3.7349734739421374e-54,b=106 c=463 discordant 569
complete contract grid,"McNemar p (exact, per seed)",h4|L2|delta_BD_matched|ds33|seed10,0.25099275518334624,b=127 c=147 discordant 274
complete contract grid,McNemar b/c (summed over seeds),h42|L1|delta_AB,b=6326 c=840,supplementary: the paired reading of the same population as the binomial SE
complete contract grid,"McNemar p (exact, per seed)",h42|L1|delta_AB|ds11|seed1,5.5330705875801516e-05,b=71 c=30 discordant 101
complete contract grid,"McNemar p (exact, per seed)",h42|L1|delta_AB|ds11|seed2,2.5051922826165865e-57,b=277 c=22 discordant 299
complete contract grid,"McNemar p (exact, per seed)",h42|L1|delta_AB|ds11|seed3,3.2009127820864977e-69,b=321 c=22 discordant 343
complete contract grid,"McNemar p (exact, per seed)",h42|L1|delta_AB|ds11|seed4,1.3161195334111127e-32,b=177 c=20 discordant 197
complete contract grid,"McNemar p (exact, per seed)",h42|L1|delta_AB|ds11|seed5,4.237263476087159e-33,b=221 c=37 discordant 258
complete contract grid,"McNemar p (exact, per seed)",h42|L1|delta_AB|ds11|seed6,1.9689623111747692e-59,b=262 c=15 discordant 277
complete contract grid,"McNemar p (exact, per seed)",h42|L1|delta_AB|ds11|seed7,2.456413020214362e-27,b=211 c=44 discordant 255
complete contract grid,"McNemar p (exact, per seed)",h42|L1|delta_AB|ds11|seed8,8.517792830819413e-37,b=212 c=27 discordant 239
complete contract grid,"McNemar p (exact, per seed)",h42|L1|delta_AB|ds11|seed9,2.1111941794479076e-44,b=194 c=11 discordant 205
complete contract grid,"McNemar p (exact, per seed)",h42|L1|delta_AB|ds11|seed10,4.476701089332877e-78,b=336 c=17 discordant 353
complete contract grid,"McNemar p (exact, per seed)",h42|L1|delta_AB|ds22|seed1,1.2816437724907016e-17,b=109 c=17 discordant 126
complete contract grid,"McNemar p (exact, per seed)",h42|L1|delta_AB|ds22|seed2,1.4611178490600146e-26,b=186 c=34 discordant 220
complete contract grid,"McNemar p (exact, per seed)",h42|L1|delta_AB|ds22|seed3,1.2703366533794887e-30,b=182 c=25 discordant 207
complete contract grid,"McNemar p (exact, per seed)",h42|L1|delta_AB|ds22|seed4,1.1755851239034877e-25,b=139 c=16 discordant 155
complete contract grid,"McNemar p (exact, per seed)",h42|L1|delta_AB|ds22|seed5,1.4820213260592682e-40,b=199 c=17 discordant 216
complete contract grid,"McNemar p (exact, per seed)",h42|L1|delta_AB|ds22|seed6,2.876303627501573e-10,b=105 c=32 discordant 137
complete contract grid,"McNemar p (exact, per seed)",h42|L1|delta_AB|ds22|seed7,4.092543108648637e-70,b=321 c=21 discordant 342
complete contract grid,"McNemar p (exact, per seed)",h42|L1|delta_AB|ds22|seed8,1.3563485176834311e-59,b=266 c=16 discordant 282
complete contract grid,"McNemar p (exact, per seed)",h42|L1|delta_AB|ds22|seed9,4.278400709534248e-34,b=211 c=31 discordant 242
complete contract grid,"McNemar p (exact, per seed)",h42|L1|delta_AB|ds22|seed10,4.810630172618913e-44,b=238 c=26 discordant 264
complete contract grid,"McNemar p (exact, per seed)",h42|L1|delta_AB|ds33|seed1,4.155995426933083e-09,b=97 c=31 discordant 128
complete contract grid,"McNemar p (exact, per seed)",h42|L1|delta_AB|ds33|seed2,4.278400709534248e-34,b=211 c=31 discordant 242
complete contract grid,"McNemar p (exact, per seed)",h42|L1|delta_AB|ds33|seed3,1.9611157805133082e-55,b=315 c=38 discordant 353
complete contract grid,"McNemar p (exact, per seed)",h42|L1|delta_AB|ds33|seed4,1.1494023325768634e-35,b=215 c=30 discordant 245
complete contract grid,"McNemar p (exact, per seed)",h42|L1|delta_AB|ds33|seed5,3.672515599506724e-18,b=152 c=36 discordant 188
complete contract grid,"McNemar p (exact, per seed)",h42|L1|delta_AB|ds33|seed6,1.1833915765060535e-19,b=169 c=41 discordant 210
complete contract grid,"McNemar p (exact, per seed)",h42|L1|delta_AB|ds33|seed7,1.3072732777068043e-44,b=229 c=22 discordant 251
complete contract grid,"McNemar p (exact, per seed)",h42|L1|delta_AB|ds33|seed8,1.830068758541242e-38,b=246 c=38 discordant 284
complete contract grid,"McNemar p (exact, per seed)",h42|L1|delta_AB|ds33|seed9,1.9750718351680395e-26,b=211 c=46 discordant 257
complete contract grid,"McNemar p (exact, per seed)",h42|L1|delta_AB|ds33|seed10,5.030361759963857e-33,b=243 c=47 discordant 290
complete contract grid,McNemar b/c (summed over seeds),h42|L1|delta_AE,b=622 c=1367,"MANDATORY for Delta_AE: sigma_Delta(A-E) is SMALLER than the binomial SE, so the CI over seeds narrows the uncertainty by itself (raport.tex 3.7)."
complete contract grid,"McNemar p (exact, per seed)",h42|L1|delta_AE|ds11|seed1,4.7104376093953786e-05,b=13 c=44 discordant 57
complete contract grid,"McNemar p (exact, per seed)",h42|L1|delta_AE|ds11|seed2,0.0050976432976312935,b=10 c=28 discordant 38
complete contract grid,"McNemar p (exact, per seed)",h42|L1|delta_AE|ds11|seed3,0.027533155829587486,b=13 c=28 discordant 41
complete contract grid,"McNemar p (exact, per seed)",h42|L1|delta_AE|ds11|seed4,1.5201952291432616e-07,b=9 c=48 discordant 57
complete contract grid,"McNemar p (exact, per seed)",h42|L1|delta_AE|ds11|seed5,3.3118847623803123e-06,b=11 c=46 discordant 57
complete contract grid,"McNemar p (exact, per seed)",h42|L1|delta_AE|ds11|seed6,0.08953107893466952,b=12 c=23 discordant 35
complete contract grid,"McNemar p (exact, per seed)",h42|L1|delta_AE|ds11|seed7,3.161290522649495e-12,b=10 c=70 discordant 80
complete contract grid,"McNemar p (exact, per seed)",h42|L1|delta_AE|ds11|seed8,0.0018582303075658085,b=20 c=46 discordant 66
complete contract grid,"McNemar p (exact, per seed)",h42|L1|delta_AE|ds11|seed9,1.0,b=25 c=24 discordant 49
complete contract grid,"McNemar p (exact, per seed)",h42|L1|delta_AE|ds11|seed10,0.651587827208914,b=20 c=24 discordant 44
complete contract grid,"McNemar p (exact, per seed)",h42|L1|delta_AE|ds22|seed1,0.022628841205914796,b=14 c=30 discordant 44
complete contract grid,"McNemar p (exact, per seed)",h42|L1|delta_AE|ds22|seed2,9.848878492846323e-05,b=10 c=37 discordant 47
complete contract grid,"McNemar p (exact, per seed)",h42|L1|delta_AE|ds22|seed3,0.2528697301676033,b=20 c=29 discordant 49
complete contract grid,"McNemar p (exact, per seed)",h42|L1|delta_AE|ds22|seed4,0.5966148958541453,b=14 c=18 discordant 32
complete contract grid,"McNemar p (exact, per seed)",h42|L1|delta_AE|ds22|seed5,0.0659940344557981,b=15 c=28 discordant 43
complete contract grid,"McNemar p (exact, per seed)",h42|L1|delta_AE|ds22|seed6,5.778372004920304e-05,b=15 c=47 discordant 62
complete contract grid,"McNemar p (exact, per seed)",h42|L1|delta_AE|ds22|seed7,0.048766765904474596,b=15 c=29 discordant 44
complete contract grid,"McNemar p (exact, per seed)",h42|L1|delta_AE|ds22|seed8,0.010673840530216694,b=8 c=23 discordant 31
complete contract grid,"McNemar p (exact, per seed)",h42|L1|delta_AE|ds22|seed9,1.0289941458812896e-07,b=13 c=57 discordant 70
complete contract grid,"McNemar p (exact, per seed)",h42|L1|delta_AE|ds22|seed10,0.14386508844054896,b=18 c=29 discordant 47
complete contract grid,"McNemar p (exact, per seed)",h42|L1|delta_AE|ds33|seed1,0.3681876338306311,b=35 c=44 discordant 79
complete contract grid,"McNemar p (exact, per seed)",h42|L1|delta_AE|ds33|seed2,1.9596368034800084e-05,b=34 c=80 discordant 114
complete contract grid,"McNemar p (exact, per seed)",h42|L1|delta_AE|ds33|seed3,0.9099464518745242,b=40 c=38 discordant 78
complete contract grid,"McNemar p (exact, per seed)",h42|L1|delta_AE|ds33|seed4,0.18745986796619285,b=35 c=48 discordant 83
complete contract grid,"McNemar p (exact, per seed)",h42|L1|delta_AE|ds33|seed5,2.6732854862880627e-06,b=33 c=84 discordant 117
complete contract grid,"McNemar p (exact, per seed)",h42|L1|delta_AE|ds33|seed6,1.6099271769508826e-07,b=25 c=78 discordant 103
complete contract grid,"McNemar p (exact, per seed)",h42|L1|delta_AE|ds33|seed7,0.21913114749778415,b=63 c=49 discordant 112
complete contract grid,"McNemar p (exact, per seed)",h42|L1|delta_AE|ds33|seed8,6.748136083040859e-13,b=19 c=93 discordant 112
complete contract grid,"McNemar p (exact, per seed)",h42|L1|delta_AE|ds33|seed9,5.636282034205402e-07,b=25 c=75 discordant 100
complete contract grid,"McNemar p (exact, per seed)",h42|L1|delta_AE|ds33|seed10,2.6402449757572137e-05,b=28 c=70 discordant 98
complete contract grid,McNemar b/c (summed over seeds),h42|L1|delta_AF,b=822 c=1155,supplementary: the paired reading of the same population as the binomial SE
complete contract grid,"McNemar p (exact, per seed)",h42|L1|delta_AF|ds11|seed1,0.6834892282353371,b=25 c=29 discordant 54
complete contract grid,"McNemar p (exact, per seed)",h42|L1|delta_AF|ds11|seed2,0.5113757815852296,b=16 c=21 discordant 37
complete contract grid,"McNemar p (exact, per seed)",h42|L1|delta_AF|ds11|seed3,0.8776143287523154,b=20 c=22 discordant 42
complete contract grid,"McNemar p (exact, per seed)",h42|L1|delta_AF|ds11|seed4,0.015432297453701269,b=24 c=45 discordant 69
complete contract grid,"McNemar p (exact, per seed)",h42|L1|delta_AF|ds11|seed5,0.11747735024505848,b=23 c=36 discordant 59
complete contract grid,"McNemar p (exact, per seed)",h42|L1|delta_AF|ds11|seed6,1.0,b=23 c=22 discordant 45
complete contract grid,"McNemar p (exact, per seed)",h42|L1|delta_AF|ds11|seed7,1.3815919196387053e-05,b=25 c=67 discordant 92
complete contract grid,"McNemar p (exact, per seed)",h42|L1|delta_AF|ds11|seed8,0.11747735024505848,b=23 c=36 discordant 59
complete contract grid,"McNemar p (exact, per seed)",h42|L1|delta_AF|ds11|seed9,1.0,b=19 c=19 discordant 38
complete contract grid,"McNemar p (exact, per seed)",h42|L1|delta_AF|ds11|seed10,1.0,b=14 c=14 discordant 28
complete contract grid,"McNemar p (exact, per seed)",h42|L1|delta_AF|ds22|seed1,0.4187541882690154,b=31 c=24 discordant 55
complete contract grid,"McNemar p (exact, per seed)",h42|L1|delta_AF|ds22|seed2,0.12634707581392135,b=20 c=32 discordant 52
complete contract grid,"McNemar p (exact, per seed)",h42|L1|delta_AF|ds22|seed3,0.05946337525377034,b=17 c=31 discordant 48
complete contract grid,"McNemar p (exact, per seed)",h42|L1|delta_AF|ds22|seed4,1.0,b=16 c=15 discordant 31
complete contract grid,"McNemar p (exact, per seed)",h42|L1|delta_AF|ds22|seed5,1.0,b=22 c=23 discordant 45
complete contract grid,"McNemar p (exact, per seed)",h42|L1|delta_AF|ds22|seed6,0.1360323948778921,b=26 c=39 discordant 65
complete contract grid,"McNemar p (exact, per seed)",h42|L1|delta_AF|ds22|seed7,0.24296021728332556,b=19 c=28 discordant 47
complete contract grid,"McNemar p (exact, per seed)",h42|L1|delta_AF|ds22|seed8,0.20048842206597334,b=11 c=19 discordant 30
complete contract grid,"McNemar p (exact, per seed)",h42|L1|delta_AF|ds22|seed9,0.012400602797937593,b=34 c=59 discordant 93
complete contract grid,"McNemar p (exact, per seed)",h42|L1|delta_AF|ds22|seed10,0.42704285650325524,b=25 c=32 discordant 57
complete contract grid,"McNemar p (exact, per seed)",h42|L1|delta_AF|ds33|seed1,0.05681467793283902,b=27 c=44 discordant 71
complete contract grid,"McNemar p (exact, per seed)",h42|L1|delta_AF|ds33|seed2,0.08995433294496456,b=47 c=66 discordant 113
complete contract grid,"McNemar p (exact, per seed)",h42|L1|delta_AF|ds33|seed3,0.3081682319436807,b=34 c=44 discordant 78
complete contract grid,"McNemar p (exact, per seed)",h42|L1|delta_AF|ds33|seed4,0.5984117182335192,b=48 c=42 discordant 90
complete contract grid,"McNemar p (exact, per seed)",h42|L1|delta_AF|ds33|seed5,0.0018667182273168989,b=40 c=74 discordant 114
complete contract grid,"McNemar p (exact, per seed)",h42|L1|delta_AF|ds33|seed6,0.012400602797937593,b=34 c=59 discordant 93
complete contract grid,"McNemar p (exact, per seed)",h42|L1|delta_AF|ds33|seed7,0.15971168311801956,b=30 c=43 discordant 73
complete contract grid,"McNemar p (exact, per seed)",h42|L1|delta_AF|ds33|seed8,0.08755276689017023,b=52 c=72 discordant 124
complete contract grid,"McNemar p (exact, per seed)",h42|L1|delta_AF|ds33|seed9,0.02801690195894671,b=35 c=57 discordant 92
complete contract grid,"McNemar p (exact, per seed)",h42|L1|delta_AF|ds33|seed10,1.0,b=42 c=41 discordant 83
complete contract grid,McNemar b/c (summed over seeds),h42|L1|delta_BD_matched,b=5027 c=3781,supplementary: the paired reading of the same population as the binomial SE
complete contract grid,"McNemar p (exact, per seed)",h42|L1|delta_BD_matched|ds11|seed1,3.193917357471254e-44,b=282 c=43 discordant 325
complete contract grid,"McNemar p (exact, per seed)",h42|L1|delta_BD_matched|ds11|seed2,1.603317685712137e-07,b=107 c=199 discordant 306
complete contract grid,"McNemar p (exact, per seed)",h42|L1|delta_BD_matched|ds11|seed3,0.000183619689956764,b=258 c=179 discordant 437
complete contract grid,"McNemar p (exact, per seed)",h42|L1|delta_BD_matched|ds11|seed4,0.00018134383285472417,b=146 c=88 discordant 234
complete contract grid,"McNemar p (exact, per seed)",h42|L1|delta_BD_matched|ds11|seed5,0.8812234734185146,b=88 c=91 discordant 179
complete contract grid,"McNemar p (exact, per seed)",h42|L1|delta_BD_matched|ds11|seed6,0.21488751519535418,b=184 c=160 discordant 344
complete contract grid,"McNemar p (exact, per seed)",h42|L1|delta_BD_matched|ds11|seed7,0.00021609699366441232,b=110 c=173 discordant 283
complete contract grid,"McNemar p (exact, per seed)",h42|L1|delta_BD_matched|ds11|seed8,1.1740438737945657e-07,b=174 c=88 discordant 262
complete contract grid,"McNemar p (exact, per seed)",h42|L1|delta_BD_matched|ds11|seed9,1.940963289848939e-05,b=180 c=107 discordant 287
complete contract grid,"McNemar p (exact, per seed)",h42|L1|delta_BD_matched|ds11|seed10,0.013337580264213495,b=136 c=181 discordant 317
complete contract grid,"McNemar p (exact, per seed)",h42|L1|delta_BD_matched|ds22|seed1,1.3855630334917394e-09,b=174 c=78 discordant 252
complete contract grid,"McNemar p (exact, per seed)",h42|L1|delta_BD_matched|ds22|seed2,2.9500553726161994e-05,b=139 c=77 discordant 216
complete contract grid,"McNemar p (exact, per seed)",h42|L1|delta_BD_matched|ds22|seed3,0.9518419906327531,b=138 c=136 discordant 274
complete contract grid,"McNemar p (exact, per seed)",h42|L1|delta_BD_matched|ds22|seed4,5.833677750850406e-07,b=167 c=87 discordant 254
complete contract grid,"McNemar p (exact, per seed)",h42|L1|delta_BD_matched|ds22|seed5,0.01668531594424794,b=95 c=132 discordant 227
complete contract grid,"McNemar p (exact, per seed)",h42|L1|delta_BD_matched|ds22|seed6,5.888411212568804e-25,b=265 c=78 discordant 343
complete contract grid,"McNemar p (exact, per seed)",h42|L1|delta_BD_matched|ds22|seed7,0.0036873485724120115,b=118 c=168 discordant 286
complete contract grid,"McNemar p (exact, per seed)",h42|L1|delta_BD_matched|ds22|seed8,3.6102576435621657e-07,b=208 c=116 discordant 324
complete contract grid,"McNemar p (exact, per seed)",h42|L1|delta_BD_matched|ds22|seed9,0.0019394899413165752,b=180 c=125 discordant 305
complete contract grid,"McNemar p (exact, per seed)",h42|L1|delta_BD_matched|ds22|seed10,0.0018080089980988528,b=123 c=178 discordant 301
complete contract grid,"McNemar p (exact, per seed)",h42|L1|delta_BD_matched|ds33|seed1,8.526199052842013e-23,b=241 c=71 discordant 312
complete contract grid,"McNemar p (exact, per seed)",h42|L1|delta_BD_matched|ds33|seed2,0.15534845626237398,b=181 c=154 discordant 335
complete contract grid,"McNemar p (exact, per seed)",h42|L1|delta_BD_matched|ds33|seed3,0.34791631178842863,b=155 c=173 discordant 328
complete contract grid,"McNemar p (exact, per seed)",h42|L1|delta_BD_matched|ds33|seed4,0.00010446722965270361,b=165 c=101 discordant 266
complete contract grid,"McNemar p (exact, per seed)",h42|L1|delta_BD_matched|ds33|seed5,0.005140858089237952,b=107 c=69 discordant 176
complete contract grid,"McNemar p (exact, per seed)",h42|L1|delta_BD_matched|ds33|seed6,4.849292781811698e-11,b=268 c=136 discordant 404
complete contract grid,"McNemar p (exact, per seed)",h42|L1|delta_BD_matched|ds33|seed7,0.16610762610425348,b=126 c=150 discordant 276
complete contract grid,"McNemar p (exact, per seed)",h42|L1|delta_BD_matched|ds33|seed8,0.0012079785027808228,b=249 c=181 discordant 430
complete contract grid,"McNemar p (exact, per seed)",h42|L1|delta_BD_matched|ds33|seed9,0.2596149260932744,b=137 c=118 discordant 255
complete contract grid,"McNemar p (exact, per seed)",h42|L1|delta_BD_matched|ds33|seed10,0.3008520050421346,b=126 c=144 discordant 270
complete contract grid,McNemar b/c (summed over seeds),h42|L2|delta_AB,b=7277 c=1097,supplementary: the paired reading of the same population as the binomial SE
complete contract grid,"McNemar p (exact, per seed)",h42|L2|delta_AB|ds11|seed1,7.469510780169577e-54,b=264 c=22 discordant 286
complete contract grid,"McNemar p (exact, per seed)",h42|L2|delta_AB|ds11|seed2,2.8730669113891273e-45,b=240 c=25 discordant 265
complete contract grid,"McNemar p (exact, per seed)",h42|L2|delta_AB|ds11|seed3,2.288571514547845e-32,b=199 c=29 discordant 228
complete contract grid,"McNemar p (exact, per seed)",h42|L2|delta_AB|ds11|seed4,7.089183692806762e-46,b=225 c=19 discordant 244
complete contract grid,"McNemar p (exact, per seed)",h42|L2|delta_AB|ds11|seed5,4.4614761873908606e-41,b=242 c=32 discordant 274
complete contract grid,"McNemar p (exact, per seed)",h42|L2|delta_AB|ds11|seed6,7.087712421735083e-54,b=273 c=25 discordant 298
complete contract grid,"McNemar p (exact, per seed)",h42|L2|delta_AB|ds11|seed7,1.0635778475329475e-41,b=215 c=21 discordant 236
complete contract grid,"McNemar p (exact, per seed)",h42|L2|delta_AB|ds11|seed8,5.153259518701582e-44,b=215 c=18 discordant 233
complete contract grid,"McNemar p (exact, per seed)",h42|L2|delta_AB|ds11|seed9,8.534618589836696e-51,b=278 c=31 discordant 309
complete contract grid,"McNemar p (exact, per seed)",h42|L2|delta_AB|ds11|seed10,3.7062816541662294e-39,b=208 c=22 discordant 230
complete contract grid,"McNemar p (exact, per seed)",h42|L2|delta_AB|ds22|seed1,9.43303784388048e-71,b=320 c=20 discordant 340
complete contract grid,"McNemar p (exact, per seed)",h42|L2|delta_AB|ds22|seed2,3.653854977036942e-45,b=261 c=33 discordant 294
complete contract grid,"McNemar p (exact, per seed)",h42|L2|delta_AB|ds22|seed3,3.0332951048593587e-35,b=167 c=13 discordant 180
complete contract grid,"McNemar p (exact, per seed)",h42|L2|delta_AB|ds22|seed4,1.1049736749683574e-23,b=188 c=41 discordant 229
complete contract grid,"McNemar p (exact, per seed)",h42|L2|delta_AB|ds22|seed5,6.357388507443699e-53,b=305 c=38 discordant 343
complete contract grid,"McNemar p (exact, per seed)",h42|L2|delta_AB|ds22|seed6,9.21780336609953e-67,b=424 c=63 discordant 487
complete contract grid,"McNemar p (exact, per seed)",h42|L2|delta_AB|ds22|seed7,5.4541882582643195e-22,b=174 c=38 discordant 212
complete contract grid,"McNemar p (exact, per seed)",h42|L2|delta_AB|ds22|seed8,3.8942530082124505e-17,b=177 c=52 discordant 229
complete contract grid,"McNemar p (exact, per seed)",h42|L2|delta_AB|ds22|seed9,5.477275760768143e-88,b=375 c=18 discordant 393
complete contract grid,"McNemar p (exact, per seed)",h42|L2|delta_AB|ds22|seed10,3.8866515312231786e-25,b=217 c=52 discordant 269
complete contract grid,"McNemar p (exact, per seed)",h42|L2|delta_AB|ds33|seed1,2.7122042647152705e-26,b=244 c=63 discordant 307
complete contract grid,"McNemar p (exact, per seed)",h42|L2|delta_AB|ds33|seed2,1.4849902162304603e-20,b=202 c=56 discordant 258
complete contract grid,"McNemar p (exact, per seed)",h42|L2|delta_AB|ds33|seed3,1.1888947705091888e-15,b=162 c=48 discordant 210
complete contract grid,"McNemar p (exact, per seed)",h42|L2|delta_AB|ds33|seed4,5.291348087436499e-22,b=172 c=37 discordant 209
complete contract grid,"McNemar p (exact, per seed)",h42|L2|delta_AB|ds33|seed5,2.9382083867528757e-30,b=195 c=31 discordant 226
complete contract grid,"McNemar p (exact, per seed)",h42|L2|delta_AB|ds33|seed6,3.8105467900642884e-51,b=303 c=40 discordant 343
complete contract grid,"McNemar p (exact, per seed)",h42|L2|delta_AB|ds33|seed7,1.5979488531694268e-20,b=211 c=61 discordant 272
complete contract grid,"McNemar p (exact, per seed)",h42|L2|delta_AB|ds33|seed8,3.4694243423964527e-26,b=218 c=50 discordant 268
complete contract grid,"McNemar p (exact, per seed)",h42|L2|delta_AB|ds33|seed9,6.856953592059761e-74,b=401 c=43 discordant 444
complete contract grid,"McNemar p (exact, per seed)",h42|L2|delta_AB|ds33|seed10,1.4849902162304603e-20,b=202 c=56 discordant 258
complete contract grid,McNemar b/c (summed over seeds),h42|L2|delta_AE,b=644 c=1627,"MANDATORY for Delta_AE: sigma_Delta(A-E) is SMALLER than the binomial SE, so the CI over seeds narrows the uncertainty by itself (raport.tex 3.7)."
complete contract grid,"McNemar p (exact, per seed)",h42|L2|delta_AE|ds11|seed1,0.048766765904474596,b=15 c=29 discordant 44
complete contract grid,"McNemar p (exact, per seed)",h42|L2|delta_AE|ds11|seed2,0.03847730828420026,b=13 c=27 discordant 40
complete contract grid,"McNemar p (exact, per seed)",h42|L2|delta_AE|ds11|seed3,0.542384011856484,b=19 c=24 discordant 43
complete contract grid,"McNemar p (exact, per seed)",h42|L2|delta_AE|ds11|seed4,0.00010049669926914809,b=14 c=44 discordant 58
complete contract grid,"McNemar p (exact, per seed)",h42|L2|delta_AE|ds11|seed5,5.37831811014966e-06,b=11 c=45 discordant 56
complete contract grid,"McNemar p (exact, per seed)",h42|L2|delta_AE|ds11|seed6,0.003185253447776759,b=15 c=37 discordant 52
complete contract grid,"McNemar p (exact, per seed)",h42|L2|delta_AE|ds11|seed7,3.845911694355664e-05,b=10 c=39 discordant 49
complete contract grid,"McNemar p (exact, per seed)",h42|L2|delta_AE|ds11|seed8,0.07295138851623051,b=13 c=25 discordant 38
complete contract grid,"McNemar p (exact, per seed)",h42|L2|delta_AE|ds11|seed9,7.395947454563746e-05,b=24 c=61 discordant 85
complete contract grid,"McNemar p (exact, per seed)",h42|L2|delta_AE|ds11|seed10,0.11727520595741225,b=15 c=26 discordant 41
complete contract grid,"McNemar p (exact, per seed)",h42|L2|delta_AE|ds22|seed1,0.0008213953115046024,b=7 c=27 discordant 34
complete contract grid,"McNemar p (exact, per seed)",h42|L2|delta_AE|ds22|seed2,2.0876568218419767e-05,b=12 c=44 discordant 56
complete contract grid,"McNemar p (exact, per seed)",h42|L2|delta_AE|ds22|seed3,1.0,b=25 c=26 discordant 51
complete contract grid,"McNemar p (exact, per seed)",h42|L2|delta_AE|ds22|seed4,2.2429642158970264e-05,b=19 c=56 discordant 75
complete contract grid,"McNemar p (exact, per seed)",h42|L2|delta_AE|ds22|seed5,0.0001538890224443423,b=14 c=43 discordant 57
complete contract grid,"McNemar p (exact, per seed)",h42|L2|delta_AE|ds22|seed6,2.507729768138009e-14,b=17 c=95 discordant 112
complete contract grid,"McNemar p (exact, per seed)",h42|L2|delta_AE|ds22|seed7,3.807704084089984e-08,b=14 c=61 discordant 75
complete contract grid,"McNemar p (exact, per seed)",h42|L2|delta_AE|ds22|seed8,2.7753876825225043e-14,b=14 c=88 discordant 102
complete contract grid,"McNemar p (exact, per seed)",h42|L2|delta_AE|ds22|seed9,0.15240777196147803,b=19 c=30 discordant 49
complete contract grid,"McNemar p (exact, per seed)",h42|L2|delta_AE|ds22|seed10,1.1534228506927429e-09,b=19 c=78 discordant 97
complete contract grid,"McNemar p (exact, per seed)",h42|L2|delta_AE|ds33|seed1,0.02968221463162667,b=40 c=63 discordant 103
complete contract grid,"McNemar p (exact, per seed)",h42|L2|delta_AE|ds33|seed2,1.9611841673751263e-05,b=36 c=83 discordant 119
complete contract grid,"McNemar p (exact, per seed)",h42|L2|delta_AE|ds33|seed3,0.00039617781879230636,b=39 c=78 discordant 117
complete contract grid,"McNemar p (exact, per seed)",h42|L2|delta_AE|ds33|seed4,1.46756912668857e-07,b=29 c=85 discordant 114
complete contract grid,"McNemar p (exact, per seed)",h42|L2|delta_AE|ds33|seed5,0.008780930806975229,b=33 c=59 discordant 92
complete contract grid,"McNemar p (exact, per seed)",h42|L2|delta_AE|ds33|seed6,0.00013037942991199537,b=25 c=61 discordant 86
complete contract grid,"McNemar p (exact, per seed)",h42|L2|delta_AE|ds33|seed7,0.030414804699519807,b=54 c=80 discordant 134
complete contract grid,"McNemar p (exact, per seed)",h42|L2|delta_AE|ds33|seed8,4.590760083258195e-09,b=20 c=77 discordant 97
complete contract grid,"McNemar p (exact, per seed)",h42|L2|delta_AE|ds33|seed9,0.021383189937144585,b=31 c=53 discordant 84
complete contract grid,"McNemar p (exact, per seed)",h42|L2|delta_AE|ds33|seed10,1.6752020995667599e-07,b=28 c=83 discordant 111
complete contract grid,McNemar b/c (summed over seeds),h42|L2|delta_AF,b=897 c=1468,supplementary: the paired reading of the same population as the binomial SE
complete contract grid,"McNemar p (exact, per seed)",h42|L2|delta_AF|ds11|seed1,0.07245426016254441,b=29 c=16 discordant 45
complete contract grid,"McNemar p (exact, per seed)",h42|L2|delta_AF|ds11|seed2,1.0,b=25 c=26 discordant 51
complete contract grid,"McNemar p (exact, per seed)",h42|L2|delta_AF|ds11|seed3,0.3019956131896606,b=27 c=19 discordant 46
complete contract grid,"McNemar p (exact, per seed)",h42|L2|delta_AF|ds11|seed4,0.16864291143970336,b=26 c=38 discordant 64
complete contract grid,"McNemar p (exact, per seed)",h42|L2|delta_AF|ds11|seed5,0.1408954235984807,b=22 c=34 discordant 56
complete contract grid,"McNemar p (exact, per seed)",h42|L2|delta_AF|ds11|seed6,0.25285439418811073,b=26 c=36 discordant 62
complete contract grid,"McNemar p (exact, per seed)",h42|L2|delta_AF|ds11|seed7,0.14386508844054896,b=18 c=29 discordant 47
complete contract grid,"McNemar p (exact, per seed)",h42|L2|delta_AF|ds11|seed8,1.0,b=21 c=20 discordant 41
complete contract grid,"McNemar p (exact, per seed)",h42|L2|delta_AF|ds11|seed9,5.083654201844156e-05,b=24 c=62 discordant 86
complete contract grid,"McNemar p (exact, per seed)",h42|L2|delta_AF|ds11|seed10,0.3603776529357674,b=18 c=25 discordant 43
complete contract grid,"McNemar p (exact, per seed)",h42|L2|delta_AF|ds22|seed1,0.8013064925040663,b=33 c=30 discordant 63
complete contract grid,"McNemar p (exact, per seed)",h42|L2|delta_AF|ds22|seed2,0.04980011429472864,b=25 c=42 discordant 67
complete contract grid,"McNemar p (exact, per seed)",h42|L2|delta_AF|ds22|seed3,0.39152830513194203,b=14 c=20 discordant 34
complete contract grid,"McNemar p (exact, per seed)",h42|L2|delta_AF|ds22|seed4,0.00016604182060301758,b=19 c=51 discordant 70
complete contract grid,"McNemar p (exact, per seed)",h42|L2|delta_AF|ds22|seed5,0.03314396778750544,b=20 c=37 discordant 57
complete contract grid,"McNemar p (exact, per seed)",h42|L2|delta_AF|ds22|seed6,1.2560405612579237e-07,b=33 c=92 discordant 125
complete contract grid,"McNemar p (exact, per seed)",h42|L2|delta_AF|ds22|seed7,4.968015141912969e-06,b=21 c=63 discordant 84
complete contract grid,"McNemar p (exact, per seed)",h42|L2|delta_AF|ds22|seed8,1.2402507363468661e-12,b=14 c=81 discordant 95
complete contract grid,"McNemar p (exact, per seed)",h42|L2|delta_AF|ds22|seed9,0.3222363203575469,b=29 c=21 discordant 50
complete contract grid,"McNemar p (exact, per seed)",h42|L2|delta_AF|ds22|seed10,2.4928338709270455e-08,b=22 c=77 discordant 99
complete contract grid,"McNemar p (exact, per seed)",h42|L2|delta_AF|ds33|seed1,0.0013352623656219375,b=29 c=60 discordant 89
complete contract grid,"McNemar p (exact, per seed)",h42|L2|delta_AF|ds33|seed2,0.0670104147522952,b=44 c=64 discordant 108
complete contract grid,"McNemar p (exact, per seed)",h42|L2|delta_AF|ds33|seed3,6.973664632067766e-06,b=38 c=89 discordant 127
complete contract grid,"McNemar p (exact, per seed)",h42|L2|delta_AF|ds33|seed4,0.0015581706108055645,b=47 c=84 discordant 131
complete contract grid,"McNemar p (exact, per seed)",h42|L2|delta_AF|ds33|seed5,0.4394401017790823,b=49 c=58 discordant 107
complete contract grid,"McNemar p (exact, per seed)",h42|L2|delta_AF|ds33|seed6,0.4657074457730625,b=42 c=50 discordant 92
complete contract grid,"McNemar p (exact, per seed)",h42|L2|delta_AF|ds33|seed7,8.028561762207067e-07,b=31 c=84 discordant 115
complete contract grid,"McNemar p (exact, per seed)",h42|L2|delta_AF|ds33|seed8,0.8569843282497002,b=60 c=63 discordant 123
complete contract grid,"McNemar p (exact, per seed)",h42|L2|delta_AF|ds33|seed9,0.5984117182335192,b=48 c=42 discordant 90
complete contract grid,"McNemar p (exact, per seed)",h42|L2|delta_AF|ds33|seed10,0.2664055944111917,b=43 c=55 discordant 98
complete contract grid,McNemar b/c (summed over seeds),h42|L2|delta_BD_matched,b=4933 c=4619,supplementary: the paired reading of the same population as the binomial SE
complete contract grid,"McNemar p (exact, per seed)",h42|L2|delta_BD_matched|ds11|seed1,0.004527260632823215,b=209 c=154 discordant 363
complete contract grid,"McNemar p (exact, per seed)",h42|L2|delta_BD_matched|ds11|seed2,0.0017087969808928056,b=89 c=137 discordant 226
complete contract grid,"McNemar p (exact, per seed)",h42|L2|delta_BD_matched|ds11|seed3,5.6647603428116e-28,b=315 c=97 discordant 412
complete contract grid,"McNemar p (exact, per seed)",h42|L2|delta_BD_matched|ds11|seed4,0.29724315129740436,b=142 c=124 discordant 266
complete contract grid,"McNemar p (exact, per seed)",h42|L2|delta_BD_matched|ds11|seed5,0.09384822048623284,b=116 c=144 discordant 260
complete contract grid,"McNemar p (exact, per seed)",h42|L2|delta_BD_matched|ds11|seed6,0.5566111291449949,b=181 c=169 discordant 350
complete contract grid,"McNemar p (exact, per seed)",h42|L2|delta_BD_matched|ds11|seed7,0.0007067303696507368,b=118 c=177 discordant 295
complete contract grid,"McNemar p (exact, per seed)",h42|L2|delta_BD_matched|ds11|seed8,5.540387631823072e-07,b=197 c=109 discordant 306
complete contract grid,"McNemar p (exact, per seed)",h42|L2|delta_BD_matched|ds11|seed9,0.13825232691898393,b=164 c=193 discordant 357
complete contract grid,"McNemar p (exact, per seed)",h42|L2|delta_BD_matched|ds11|seed10,2.5745982233763536e-06,b=187 c=106 discordant 293
complete contract grid,"McNemar p (exact, per seed)",h42|L2|delta_BD_matched|ds22|seed1,1.2204013417281513e-10,b=105 c=221 discordant 326
complete contract grid,"McNemar p (exact, per seed)",h42|L2|delta_BD_matched|ds22|seed2,0.3042657853230647,b=144 c=163 discordant 307
complete contract grid,"McNemar p (exact, per seed)",h42|L2|delta_BD_matched|ds22|seed3,0.48183785097604304,b=152 c=139 discordant 291
complete contract grid,"McNemar p (exact, per seed)",h42|L2|delta_BD_matched|ds22|seed4,0.1764394931476556,b=144 c=121 discordant 265
complete contract grid,"McNemar p (exact, per seed)",h42|L2|delta_BD_matched|ds22|seed5,8.760980365493943e-15,b=92 c=230 discordant 322
complete contract grid,"McNemar p (exact, per seed)",h42|L2|delta_BD_matched|ds22|seed6,1.783060349399411e-12,b=145 c=292 discordant 437
complete contract grid,"McNemar p (exact, per seed)",h42|L2|delta_BD_matched|ds22|seed7,5.098103293579745e-09,b=137 c=56 discordant 193
complete contract grid,"McNemar p (exact, per seed)",h42|L2|delta_BD_matched|ds22|seed8,1.2909469607627952e-19,b=236 c=78 discordant 314
complete contract grid,"McNemar p (exact, per seed)",h42|L2|delta_BD_matched|ds22|seed9,2.9784857883072128e-05,b=179 c=268 discordant 447
complete contract grid,"McNemar p (exact, per seed)",h42|L2|delta_BD_matched|ds22|seed10,0.0005609843735760566,b=100 c=156 discordant 256
complete contract grid,"McNemar p (exact, per seed)",h42|L2|delta_BD_matched|ds33|seed1,0.02013033908072298,b=169 c=128 discordant 297
complete contract grid,"McNemar p (exact, per seed)",h42|L2|delta_BD_matched|ds33|seed2,0.0004867702206637828,b=174 c=114 discordant 288
complete contract grid,"McNemar p (exact, per seed)",h42|L2|delta_BD_matched|ds33|seed3,5.035530682013287e-09,b=210 c=106 discordant 316
complete contract grid,"McNemar p (exact, per seed)",h42|L2|delta_BD_matched|ds33|seed4,2.362884202885329e-05,b=174 c=103 discordant 277
complete contract grid,"McNemar p (exact, per seed)",h42|L2|delta_BD_matched|ds33|seed5,0.3234117938996339,b=108 c=93 discordant 201
complete contract grid,"McNemar p (exact, per seed)",h42|L2|delta_BD_matched|ds33|seed6,0.5648946983454011,b=262 c=248 discordant 510
complete contract grid,"McNemar p (exact, per seed)",h42|L2|delta_BD_matched|ds33|seed7,0.7114763589543267,b=128 c=135 discordant 263
complete contract grid,"McNemar p (exact, per seed)",h42|L2|delta_BD_matched|ds33|seed8,2.3498807032429545e-09,b=281 c=156 discordant 437
complete contract grid,"McNemar p (exact, per seed)",h42|L2|delta_BD_matched|ds33|seed9,2.1202481309838356e-12,b=144 c=290 discordant 434
complete contract grid,"McNemar p (exact, per seed)",h42|L2|delta_BD_matched|ds33|seed10,0.24815974822007925,b=131 c=112 discordant 243
complete contract grid,McNemar b/c (summed over seeds),linear|L1|delta_AB,b=4854 c=1674,supplementary: the paired reading of the same population as the binomial SE
complete contract grid,"McNemar p (exact, per seed)",linear|L1|delta_AB|ds11|seed1,1.1331322341928529e-12,b=108 c=27 discordant 135
complete contract grid,"McNemar p (exact, per seed)",linear|L1|delta_AB|ds11|seed2,1.1817709646951033e-32,b=237 c=45 discordant 282
complete contract grid,"McNemar p (exact, per seed)",linear|L1|delta_AB|ds11|seed3,1.3808860869467385e-21,b=286 c=101 discordant 387
complete contract grid,"McNemar p (exact, per seed)",linear|L1|delta_AB|ds11|seed4,0.0007995844433963244,b=77 c=40 discordant 117
complete contract grid,"McNemar p (exact, per seed)",linear|L1|delta_AB|ds11|seed5,3.354589112976569e-08,b=124 c=51 discordant 175
complete contract grid,"McNemar p (exact, per seed)",linear|L1|delta_AB|ds11|seed6,9.522957717011935e-23,b=262 c=83 discordant 345
complete contract grid,"McNemar p (exact, per seed)",linear|L1|delta_AB|ds11|seed7,1.2593457491380361e-07,b=154 c=74 discordant 228
complete contract grid,"McNemar p (exact, per seed)",linear|L1|delta_AB|ds11|seed8,0.00017832511915060807,b=155 c=95 discordant 250
complete contract grid,"McNemar p (exact, per seed)",linear|L1|delta_AB|ds11|seed9,1.927458560361278e-08,b=113 c=43 discordant 156
complete contract grid,"McNemar p (exact, per seed)",linear|L1|delta_AB|ds11|seed10,2.311182154718687e-18,b=217 c=71 discordant 288
complete contract grid,"McNemar p (exact, per seed)",linear|L1|delta_AB|ds22|seed1,2.9304321745456655e-05,b=52 c=17 discordant 69
complete contract grid,"McNemar p (exact, per seed)",linear|L1|delta_AB|ds22|seed2,6.636877591293943e-06,b=114 c=55 discordant 169
complete contract grid,"McNemar p (exact, per seed)",linear|L1|delta_AB|ds22|seed3,0.00012544713605318632,b=145 c=86 discordant 231
complete contract grid,"McNemar p (exact, per seed)",linear|L1|delta_AB|ds22|seed4,0.10534226887460482,b=45 c=30 discordant 75
complete contract grid,"McNemar p (exact, per seed)",linear|L1|delta_AB|ds22|seed5,0.0029291945870261924,b=67 c=36 discordant 103
complete contract grid,"McNemar p (exact, per seed)",linear|L1|delta_AB|ds22|seed6,1.4479307962539958e-22,b=164 c=32 discordant 196
complete contract grid,"McNemar p (exact, per seed)",linear|L1|delta_AB|ds22|seed7,2.9463355449736854e-31,b=316 c=88 discordant 404
complete contract grid,"McNemar p (exact, per seed)",linear|L1|delta_AB|ds22|seed8,5.91569507934362e-12,b=190 c=78 discordant 268
complete contract grid,"McNemar p (exact, per seed)",linear|L1|delta_AB|ds22|seed9,1.0306279000958564e-05,b=104 c=49 discordant 153
complete contract grid,"McNemar p (exact, per seed)",linear|L1|delta_AB|ds22|seed10,1.4182965073309203e-09,b=162 c=70 discordant 232
complete contract grid,"McNemar p (exact, per seed)",linear|L1|delta_AB|ds33|seed1,1.284705154200816e-15,b=124 c=28 discordant 152
complete contract grid,"McNemar p (exact, per seed)",linear|L1|delta_AB|ds33|seed2,1.158920389211327e-19,b=171 c=42 discordant 213
complete contract grid,"McNemar p (exact, per seed)",linear|L1|delta_AB|ds33|seed3,6.4223308004474985e-12,b=220 c=98 discordant 318
complete contract grid,"McNemar p (exact, per seed)",linear|L1|delta_AB|ds33|seed4,3.9040348640344726e-16,b=116 c=23 discordant 139
complete contract grid,"McNemar p (exact, per seed)",linear|L1|delta_AB|ds33|seed5,6.375481651166934e-10,b=85 c=22 discordant 107
complete contract grid,"McNemar p (exact, per seed)",linear|L1|delta_AB|ds33|seed6,1.5148606060610047e-18,b=197 c=59 discordant 256
complete contract grid,"McNemar p (exact, per seed)",linear|L1|delta_AB|ds33|seed7,1.4169415295223457e-15,b=158 c=46 discordant 204
complete contract grid,"McNemar p (exact, per seed)",linear|L1|delta_AB|ds33|seed8,1.9015577266879875e-24,b=287 c=92 discordant 379
complete contract grid,"McNemar p (exact, per seed)",linear|L1|delta_AB|ds33|seed9,5.7629914136893415e-25,b=224 c=56 discordant 280
complete contract grid,"McNemar p (exact, per seed)",linear|L1|delta_AB|ds33|seed10,9.366315068738953e-24,b=180 c=37 discordant 217
complete contract grid,McNemar b/c (summed over seeds),linear|L1|delta_AE,b=2145 c=716,"MANDATORY for Delta_AE: sigma_Delta(A-E) is SMALLER than the binomial SE, so the CI over seeds narrows the uncertainty by itself (raport.tex 3.7)."
complete contract grid,"McNemar p (exact, per seed)",linear|L1|delta_AE|ds11|seed1,2.4570971290651306e-15,b=90 c=13 discordant 103
complete contract grid,"McNemar p (exact, per seed)",linear|L1|delta_AE|ds11|seed2,1.4159872634786435e-14,b=82 c=11 discordant 93
complete contract grid,"McNemar p (exact, per seed)",linear|L1|delta_AE|ds11|seed3,9.814991011939296e-06,b=85 c=36 discordant 121
complete contract grid,"McNemar p (exact, per seed)",linear|L1|delta_AE|ds11|seed4,1.7155995359729554e-13,b=80 c=12 discordant 92
complete contract grid,"McNemar p (exact, per seed)",linear|L1|delta_AE|ds11|seed5,5.044923721823652e-09,b=63 c=13 discordant 76
complete contract grid,"McNemar p (exact, per seed)",linear|L1|delta_AE|ds11|seed6,3.796286088538813e-11,b=87 c=20 discordant 107
complete contract grid,"McNemar p (exact, per seed)",linear|L1|delta_AE|ds11|seed7,6.162186756126442e-12,b=78 c=14 discordant 92
complete contract grid,"McNemar p (exact, per seed)",linear|L1|delta_AE|ds11|seed8,1.1753602809018608e-08,b=55 c=10 discordant 65
complete contract grid,"McNemar p (exact, per seed)",linear|L1|delta_AE|ds11|seed9,2.2750760151658833e-12,b=63 c=7 discordant 70
complete contract grid,"McNemar p (exact, per seed)",linear|L1|delta_AE|ds11|seed10,8.988322916747511e-10,b=88 c=24 discordant 112
complete contract grid,"McNemar p (exact, per seed)",linear|L1|delta_AE|ds22|seed1,0.0003713401159383162,b=52 c=21 discordant 73
complete contract grid,"McNemar p (exact, per seed)",linear|L1|delta_AE|ds22|seed2,0.2678116648465871,b=38 c=28 discordant 66
complete contract grid,"McNemar p (exact, per seed)",linear|L1|delta_AE|ds22|seed3,0.2678116648465871,b=38 c=28 discordant 66
complete contract grid,"McNemar p (exact, per seed)",linear|L1|delta_AE|ds22|seed4,0.9999999999999996,b=43 c=44 discordant 87
complete contract grid,"McNemar p (exact, per seed)",linear|L1|delta_AE|ds22|seed5,0.009673218547269866,b=56 c=31 discordant 87
complete contract grid,"McNemar p (exact, per seed)",linear|L1|delta_AE|ds22|seed6,0.000641248502169594,b=68 c=33 discordant 101
complete contract grid,"McNemar p (exact, per seed)",linear|L1|delta_AE|ds22|seed7,0.11892045255943628,b=31 c=19 discordant 50
complete contract grid,"McNemar p (exact, per seed)",linear|L1|delta_AE|ds22|seed8,0.0009143907212875585,b=48 c=20 discordant 68
complete contract grid,"McNemar p (exact, per seed)",linear|L1|delta_AE|ds22|seed9,0.11466035574580133,b=47 c=32 discordant 79
complete contract grid,"McNemar p (exact, per seed)",linear|L1|delta_AE|ds22|seed10,0.241644723140752,b=42 c=31 discordant 73
complete contract grid,"McNemar p (exact, per seed)",linear|L1|delta_AE|ds33|seed1,2.655337324301677e-10,b=83 c=20 discordant 103
complete contract grid,"McNemar p (exact, per seed)",linear|L1|delta_AE|ds33|seed2,2.8898922372571294e-08,b=99 c=35 discordant 134
complete contract grid,"McNemar p (exact, per seed)",linear|L1|delta_AE|ds33|seed3,4.590760083258195e-09,b=77 c=20 discordant 97
complete contract grid,"McNemar p (exact, per seed)",linear|L1|delta_AE|ds33|seed4,9.29097217602857e-11,b=91 c=23 discordant 114
complete contract grid,"McNemar p (exact, per seed)",linear|L1|delta_AE|ds33|seed5,7.480237585894541e-08,b=90 c=31 discordant 121
complete contract grid,"McNemar p (exact, per seed)",linear|L1|delta_AE|ds33|seed6,3.025786266290503e-12,b=104 c=26 discordant 130
complete contract grid,"McNemar p (exact, per seed)",linear|L1|delta_AE|ds33|seed7,2.468486318806122e-10,b=100 c=29 discordant 129
complete contract grid,"McNemar p (exact, per seed)",linear|L1|delta_AE|ds33|seed8,1.8592713687301678e-07,b=91 c=33 discordant 124
complete contract grid,"McNemar p (exact, per seed)",linear|L1|delta_AE|ds33|seed9,6.6760437705023e-10,b=83 c=21 discordant 104
complete contract grid,"McNemar p (exact, per seed)",linear|L1|delta_AE|ds33|seed10,2.2005721799037115e-08,b=93 c=31 discordant 124
complete contract grid,McNemar b/c (summed over seeds),linear|L1|delta_AF,b=1300 c=733,supplementary: the paired reading of the same population as the binomial SE
complete contract grid,"McNemar p (exact, per seed)",linear|L1|delta_AF|ds11|seed1,0.0050976432976312935,b=28 c=10 discordant 38
complete contract grid,"McNemar p (exact, per seed)",linear|L1|delta_AF|ds11|seed2,0.03648340000835981,b=34 c=18 discordant 52
complete contract grid,"McNemar p (exact, per seed)",linear|L1|delta_AF|ds11|seed3,1.0,b=21 c=22 discordant 43
complete contract grid,"McNemar p (exact, per seed)",linear|L1|delta_AF|ds11|seed4,0.8043170001933984,b=31 c=34 discordant 65
complete contract grid,"McNemar p (exact, per seed)",linear|L1|delta_AF|ds11|seed5,0.9999999999999998,b=18 c=17 discordant 35
complete contract grid,"McNemar p (exact, per seed)",linear|L1|delta_AF|ds11|seed6,0.2288055412343561,b=33 c=23 discordant 56
complete contract grid,"McNemar p (exact, per seed)",linear|L1|delta_AF|ds11|seed7,0.32693958282470703,b=16 c=10 discordant 26
complete contract grid,"McNemar p (exact, per seed)",linear|L1|delta_AF|ds11|seed8,1.0,b=17 c=16 discordant 33
complete contract grid,"McNemar p (exact, per seed)",linear|L1|delta_AF|ds11|seed9,0.10342187831608088,b=39 c=25 discordant 64
complete contract grid,"McNemar p (exact, per seed)",linear|L1|delta_AF|ds11|seed10,0.044046546102150766,b=36 c=20 discordant 56
complete contract grid,"McNemar p (exact, per seed)",linear|L1|delta_AF|ds22|seed1,0.0077874363057435225,b=36 c=16 discordant 52
complete contract grid,"McNemar p (exact, per seed)",linear|L1|delta_AF|ds22|seed2,0.16864291143970336,b=38 c=26 discordant 64
complete contract grid,"McNemar p (exact, per seed)",linear|L1|delta_AF|ds22|seed3,0.6439689563703723,b=19 c=23 discordant 42
complete contract grid,"McNemar p (exact, per seed)",linear|L1|delta_AF|ds22|seed4,0.25285439418811073,b=26 c=36 discordant 62
complete contract grid,"McNemar p (exact, per seed)",linear|L1|delta_AF|ds22|seed5,0.6529643755164601,b=42 c=37 discordant 79
complete contract grid,"McNemar p (exact, per seed)",linear|L1|delta_AF|ds22|seed6,0.009673218547269866,b=56 c=31 discordant 87
complete contract grid,"McNemar p (exact, per seed)",linear|L1|delta_AF|ds22|seed7,0.15971168311801956,b=43 c=30 discordant 73
complete contract grid,"McNemar p (exact, per seed)",linear|L1|delta_AF|ds22|seed8,0.7838463022094988,b=28 c=25 discordant 53
complete contract grid,"McNemar p (exact, per seed)",linear|L1|delta_AF|ds22|seed9,1.0,b=13 c=13 discordant 26
complete contract grid,"McNemar p (exact, per seed)",linear|L1|delta_AF|ds22|seed10,0.37708558747544885,b=13 c=19 discordant 32
complete contract grid,"McNemar p (exact, per seed)",linear|L1|delta_AF|ds33|seed1,2.4928338709270455e-08,b=77 c=22 discordant 99
complete contract grid,"McNemar p (exact, per seed)",linear|L1|delta_AF|ds33|seed2,0.0011951063526718707,b=85 c=47 discordant 132
complete contract grid,"McNemar p (exact, per seed)",linear|L1|delta_AF|ds33|seed3,2.2661405044675463e-07,b=63 c=17 discordant 80
complete contract grid,"McNemar p (exact, per seed)",linear|L1|delta_AF|ds33|seed4,8.635781314660544e-06,b=73 c=28 discordant 101
complete contract grid,"McNemar p (exact, per seed)",linear|L1|delta_AF|ds33|seed5,2.3070738505242644e-08,b=60 c=13 discordant 73
complete contract grid,"McNemar p (exact, per seed)",linear|L1|delta_AF|ds33|seed6,1.2579150016678854e-05,b=72 c=28 discordant 100
complete contract grid,"McNemar p (exact, per seed)",linear|L1|delta_AF|ds33|seed7,3.2837572373979797e-06,b=85 c=34 discordant 119
complete contract grid,"McNemar p (exact, per seed)",linear|L1|delta_AF|ds33|seed8,0.0005622082483570491,b=67 c=32 discordant 99
complete contract grid,"McNemar p (exact, per seed)",linear|L1|delta_AF|ds33|seed9,3.4799669459257334e-05,b=63 c=24 discordant 87
complete contract grid,"McNemar p (exact, per seed)",linear|L1|delta_AF|ds33|seed10,0.0032209898687985275,b=68 c=37 discordant 105
complete contract grid,McNemar b/c (summed over seeds),linear|L1|delta_BD_matched,b=5613 c=4130,supplementary: the paired reading of the same population as the binomial SE
complete contract grid,"McNemar p (exact, per seed)",linear|L1|delta_BD_matched|ds11|seed1,4.500723756840062e-06,b=190 c=110 discordant 300
complete contract grid,"McNemar p (exact, per seed)",linear|L1|delta_BD_matched|ds11|seed2,7.069139305562682e-09,b=109 c=213 discordant 322
complete contract grid,"McNemar p (exact, per seed)",linear|L1|delta_BD_matched|ds11|seed3,2.048640762219611e-06,b=279 c=177 discordant 456
complete contract grid,"McNemar p (exact, per seed)",linear|L1|delta_BD_matched|ds11|seed4,9.245650628727584e-15,b=222 c=87 discordant 309
complete contract grid,"McNemar p (exact, per seed)",linear|L1|delta_BD_matched|ds11|seed5,0.023721496567349558,b=161 c=122 discordant 283
complete contract grid,"McNemar p (exact, per seed)",linear|L1|delta_BD_matched|ds11|seed6,0.18532367188308282,b=209 c=238 discordant 447
complete contract grid,"McNemar p (exact, per seed)",linear|L1|delta_BD_matched|ds11|seed7,0.6059427533583801,b=96 c=88 discordant 184
complete contract grid,"McNemar p (exact, per seed)",linear|L1|delta_BD_matched|ds11|seed8,1.936275601542821e-12,b=207 c=87 discordant 294
complete contract grid,"McNemar p (exact, per seed)",linear|L1|delta_BD_matched|ds11|seed9,1.6667803541284232e-07,b=223 c=125 discordant 348
complete contract grid,"McNemar p (exact, per seed)",linear|L1|delta_BD_matched|ds11|seed10,0.9259581822666201,b=233 c=230 discordant 463
complete contract grid,"McNemar p (exact, per seed)",linear|L1|delta_BD_matched|ds22|seed1,8.273972370475858e-16,b=263 c=109 discordant 372
complete contract grid,"McNemar p (exact, per seed)",linear|L1|delta_BD_matched|ds22|seed2,1.0,b=91 c=91 discordant 182
complete contract grid,"McNemar p (exact, per seed)",linear|L1|delta_BD_matched|ds22|seed3,0.00871533114531395,b=102 c=67 discordant 169
complete contract grid,"McNemar p (exact, per seed)",linear|L1|delta_BD_matched|ds22|seed4,3.4966594669188316e-11,b=197 c=86 discordant 283
complete contract grid,"McNemar p (exact, per seed)",linear|L1|delta_BD_matched|ds22|seed5,0.0009634160591858306,b=136 c=86 discordant 222
complete contract grid,"McNemar p (exact, per seed)",linear|L1|delta_BD_matched|ds22|seed6,0.00024054554996115037,b=207 c=138 discordant 345
complete contract grid,"McNemar p (exact, per seed)",linear|L1|delta_BD_matched|ds22|seed7,3.8357610764558415e-12,b=125 c=261 discordant 386
complete contract grid,"McNemar p (exact, per seed)",linear|L1|delta_BD_matched|ds22|seed8,5.027149146171298e-08,b=283 c=167 discordant 450
complete contract grid,"McNemar p (exact, per seed)",linear|L1|delta_BD_matched|ds22|seed9,1.6087388693445633e-07,b=239 c=137 discordant 376
complete contract grid,"McNemar p (exact, per seed)",linear|L1|delta_BD_matched|ds22|seed10,1.0,b=170 c=171 discordant 341
complete contract grid,"McNemar p (exact, per seed)",linear|L1|delta_BD_matched|ds33|seed1,1.0116880176040476e-06,b=192 c=107 discordant 299
complete contract grid,"McNemar p (exact, per seed)",linear|L1|delta_BD_matched|ds33|seed2,0.016732432737427826,b=192 c=147 discordant 339
complete contract grid,"McNemar p (exact, per seed)",linear|L1|delta_BD_matched|ds33|seed3,0.0005103947182575812,b=203 c=138 discordant 341
complete contract grid,"McNemar p (exact, per seed)",linear|L1|delta_BD_matched|ds33|seed4,4.3928265956651957e-13,b=225 c=96 discordant 321
complete contract grid,"McNemar p (exact, per seed)",linear|L1|delta_BD_matched|ds33|seed5,3.1407517861889404e-05,b=113 c=58 discordant 171
complete contract grid,"McNemar p (exact, per seed)",linear|L1|delta_BD_matched|ds33|seed6,1.9280141061006078e-06,b=226 c=135 discordant 361
complete contract grid,"McNemar p (exact, per seed)",linear|L1|delta_BD_matched|ds33|seed7,0.0016454779795564143,b=158 c=106 discordant 264
complete contract grid,"McNemar p (exact, per seed)",linear|L1|delta_BD_matched|ds33|seed8,0.7616047905719382,b=199 c=192 discordant 391
complete contract grid,"McNemar p (exact, per seed)",linear|L1|delta_BD_matched|ds33|seed9,0.023437254392145914,b=143 c=185 discordant 328
complete contract grid,"McNemar p (exact, per seed)",linear|L1|delta_BD_matched|ds33|seed10,0.03057920510235344,b=220 c=176 discordant 396
complete contract grid,McNemar b/c (summed over seeds),linear|L2|delta_AB,b=6119 c=2080,supplementary: the paired reading of the same population as the binomial SE
complete contract grid,"McNemar p (exact, per seed)",linear|L2|delta_AB|ds11|seed1,1.0749788082724684e-11,b=211 c=93 discordant 304
complete contract grid,"McNemar p (exact, per seed)",linear|L2|delta_AB|ds11|seed2,7.220923971050237e-27,b=309 c=97 discordant 406
complete contract grid,"McNemar p (exact, per seed)",linear|L2|delta_AB|ds11|seed3,1.0535726728912245e-11,b=125 c=39 discordant 164
complete contract grid,"McNemar p (exact, per seed)",linear|L2|delta_AB|ds11|seed4,9.53702422603029e-08,b=136 c=61 discordant 197
complete contract grid,"McNemar p (exact, per seed)",linear|L2|delta_AB|ds11|seed5,1.5667692776056472e-09,b=134 c=52 discordant 186
complete contract grid,"McNemar p (exact, per seed)",linear|L2|delta_AB|ds11|seed6,2.4291583986053993e-17,b=218 c=75 discordant 293
complete contract grid,"McNemar p (exact, per seed)",linear|L2|delta_AB|ds11|seed7,2.9783449483190726e-08,b=115 c=45 discordant 160
complete contract grid,"McNemar p (exact, per seed)",linear|L2|delta_AB|ds11|seed8,4.416500802515491e-06,b=111 c=52 discordant 163
complete contract grid,"McNemar p (exact, per seed)",linear|L2|delta_AB|ds11|seed9,3.3752165777849108e-15,b=262 c=111 discordant 373
complete contract grid,"McNemar p (exact, per seed)",linear|L2|delta_AB|ds11|seed10,9.212191423314369e-14,b=121 c=31 discordant 152
complete contract grid,"McNemar p (exact, per seed)",linear|L2|delta_AB|ds22|seed1,1.8314757909865783e-39,b=329 c=74 discordant 403
complete contract grid,"McNemar p (exact, per seed)",linear|L2|delta_AB|ds22|seed2,9.583274183300315e-34,b=338 c=93 discordant 431
complete contract grid,"McNemar p (exact, per seed)",linear|L2|delta_AB|ds22|seed3,2.9946595084083455e-05,b=109 c=55 discordant 164
complete contract grid,"McNemar p (exact, per seed)",linear|L2|delta_AB|ds22|seed4,3.3855381242206237e-16,b=152 c=41 discordant 193
complete contract grid,"McNemar p (exact, per seed)",linear|L2|delta_AB|ds22|seed5,1.6367904634198163e-13,b=192 c=73 discordant 265
complete contract grid,"McNemar p (exact, per seed)",linear|L2|delta_AB|ds22|seed6,2.001018493526461e-46,b=384 c=85 discordant 469
complete contract grid,"McNemar p (exact, per seed)",linear|L2|delta_AB|ds22|seed7,1.3332849321178445e-06,b=122 c=57 discordant 179
complete contract grid,"McNemar p (exact, per seed)",linear|L2|delta_AB|ds22|seed8,0.003529272035686486,b=69 c=38 discordant 107
complete contract grid,"McNemar p (exact, per seed)",linear|L2|delta_AB|ds22|seed9,5.364851694274112e-22,b=345 c=136 discordant 481
complete contract grid,"McNemar p (exact, per seed)",linear|L2|delta_AB|ds22|seed10,6.304595648728275e-08,b=149 c=69 discordant 218
complete contract grid,"McNemar p (exact, per seed)",linear|L2|delta_AB|ds33|seed1,9.956837150966226e-15,b=201 c=74 discordant 275
complete contract grid,"McNemar p (exact, per seed)",linear|L2|delta_AB|ds33|seed2,3.7288288433663075e-27,b=254 c=66 discordant 320
complete contract grid,"McNemar p (exact, per seed)",linear|L2|delta_AB|ds33|seed3,3.9383534725495774e-05,b=94 c=45 discordant 139
complete contract grid,"McNemar p (exact, per seed)",linear|L2|delta_AB|ds33|seed4,3.5269637603102873e-06,b=126 c=62 discordant 188
complete contract grid,"McNemar p (exact, per seed)",linear|L2|delta_AB|ds33|seed5,8.410739895820075e-14,b=159 c=52 discordant 211
complete contract grid,"McNemar p (exact, per seed)",linear|L2|delta_AB|ds33|seed6,2.40068917210973e-34,b=365 c=106 discordant 471
complete contract grid,"McNemar p (exact, per seed)",linear|L2|delta_AB|ds33|seed7,3.586601737202355e-21,b=207 c=57 discordant 264
complete contract grid,"McNemar p (exact, per seed)",linear|L2|delta_AB|ds33|seed8,3.381410353442412e-10,b=130 c=47 discordant 177
complete contract grid,"McNemar p (exact, per seed)",linear|L2|delta_AB|ds33|seed9,3.504364712123158e-34,b=441 c=150 discordant 591
complete contract grid,"McNemar p (exact, per seed)",linear|L2|delta_AB|ds33|seed10,2.456413020214362e-27,b=211 c=44 discordant 255
complete contract grid,McNemar b/c (summed over seeds),linear|L2|delta_AE,b=2078 c=782,"MANDATORY for Delta_AE: sigma_Delta(A-E) is SMALLER than the binomial SE, so the CI over seeds narrows the uncertainty by itself (raport.tex 3.7)."
complete contract grid,"McNemar p (exact, per seed)",linear|L2|delta_AE|ds11|seed1,2.7135450099873087e-12,b=75 c=12 discordant 87
complete contract grid,"McNemar p (exact, per seed)",linear|L2|delta_AE|ds11|seed2,2.655337324301677e-10,b=83 c=20 discordant 103
complete contract grid,"McNemar p (exact, per seed)",linear|L2|delta_AE|ds11|seed3,3.5803042787073536e-08,b=85 c=27 discordant 112
complete contract grid,"McNemar p (exact, per seed)",linear|L2|delta_AE|ds11|seed4,4.3940278290894227e-10,b=80 c=19 discordant 99
complete contract grid,"McNemar p (exact, per seed)",linear|L2|delta_AE|ds11|seed5,1.3932285101509037e-11,b=72 c=12 discordant 84
complete contract grid,"McNemar p (exact, per seed)",linear|L2|delta_AE|ds11|seed6,1.7951476752580547e-10,b=58 c=8 discordant 66
complete contract grid,"McNemar p (exact, per seed)",linear|L2|delta_AE|ds11|seed7,6.926172041503277e-14,b=84 c=13 discordant 97
complete contract grid,"McNemar p (exact, per seed)",linear|L2|delta_AE|ds11|seed8,9.842847414734726e-08,b=61 c=15 discordant 76
complete contract grid,"McNemar p (exact, per seed)",linear|L2|delta_AE|ds11|seed9,8.215921903007378e-05,b=56 c=21 discordant 77
complete contract grid,"McNemar p (exact, per seed)",linear|L2|delta_AE|ds11|seed10,4.980762968257179e-08,b=79 c=24 discordant 103
complete contract grid,"McNemar p (exact, per seed)",linear|L2|delta_AE|ds22|seed1,0.0003129786008370502,b=54 c=22 discordant 76
complete contract grid,"McNemar p (exact, per seed)",linear|L2|delta_AE|ds22|seed2,0.37415171240479483,b=35 c=27 discordant 62
complete contract grid,"McNemar p (exact, per seed)",linear|L2|delta_AE|ds22|seed3,0.3081682319436807,b=44 c=34 discordant 78
complete contract grid,"McNemar p (exact, per seed)",linear|L2|delta_AE|ds22|seed4,0.09191454981585423,b=32 c=19 discordant 51
complete contract grid,"McNemar p (exact, per seed)",linear|L2|delta_AE|ds22|seed5,0.022033458764822118,b=49 c=28 discordant 77
complete contract grid,"McNemar p (exact, per seed)",linear|L2|delta_AE|ds22|seed6,0.008633586943417947,b=63 c=36 discordant 99
complete contract grid,"McNemar p (exact, per seed)",linear|L2|delta_AE|ds22|seed7,0.16542794172425662,b=44 c=31 discordant 75
complete contract grid,"McNemar p (exact, per seed)",linear|L2|delta_AE|ds22|seed8,0.0009010035205219422,b=54 c=24 discordant 78
complete contract grid,"McNemar p (exact, per seed)",linear|L2|delta_AE|ds22|seed9,0.19778986306808305,b=58 c=44 discordant 102
complete contract grid,"McNemar p (exact, per seed)",linear|L2|delta_AE|ds22|seed10,0.004511640408355218,b=56 c=29 discordant 85
complete contract grid,"McNemar p (exact, per seed)",linear|L2|delta_AE|ds33|seed1,2.519412514630622e-07,b=82 c=28 discordant 110
complete contract grid,"McNemar p (exact, per seed)",linear|L2|delta_AE|ds33|seed2,1.9152268319067758e-09,b=104 c=34 discordant 138
complete contract grid,"McNemar p (exact, per seed)",linear|L2|delta_AE|ds33|seed3,4.606242964374745e-05,b=70 c=29 discordant 99
complete contract grid,"McNemar p (exact, per seed)",linear|L2|delta_AE|ds33|seed4,0.00216812660746545,b=97 c=58 discordant 155
complete contract grid,"McNemar p (exact, per seed)",linear|L2|delta_AE|ds33|seed5,0.0015165131944572209,b=61 c=30 discordant 91
complete contract grid,"McNemar p (exact, per seed)",linear|L2|delta_AE|ds33|seed6,8.541287933565377e-08,b=109 c=43 discordant 152
complete contract grid,"McNemar p (exact, per seed)",linear|L2|delta_AE|ds33|seed7,2.5683019697996157e-09,b=82 c=22 discordant 104
complete contract grid,"McNemar p (exact, per seed)",linear|L2|delta_AE|ds33|seed8,6.041171809636999e-10,b=87 c=23 discordant 110
complete contract grid,"McNemar p (exact, per seed)",linear|L2|delta_AE|ds33|seed9,5.489868446239806e-09,b=84 c=24 discordant 108
complete contract grid,"McNemar p (exact, per seed)",linear|L2|delta_AE|ds33|seed10,1.4269643738923103e-07,b=80 c=26 discordant 106
complete contract grid,McNemar b/c (summed over seeds),linear|L2|delta_AF,b=1258 c=824,supplementary: the paired reading of the same population as the binomial SE
complete contract grid,"McNemar p (exact, per seed)",linear|L2|delta_AF|ds11|seed1,0.6834892282353371,b=29 c=25 discordant 54
complete contract grid,"McNemar p (exact, per seed)",linear|L2|delta_AF|ds11|seed2,0.24298495403490966,b=22 c=14 discordant 36
complete contract grid,"McNemar p (exact, per seed)",linear|L2|delta_AF|ds11|seed3,0.27995623852893914,b=25 c=17 discordant 42
complete contract grid,"McNemar p (exact, per seed)",linear|L2|delta_AF|ds11|seed4,0.3318343545999156,b=38 c=48 discordant 86
complete contract grid,"McNemar p (exact, per seed)",linear|L2|delta_AF|ds11|seed5,0.11727520595741225,b=26 c=15 discordant 41
complete contract grid,"McNemar p (exact, per seed)",linear|L2|delta_AF|ds11|seed6,0.4010619910279374,b=22 c=29 discordant 51
complete contract grid,"McNemar p (exact, per seed)",linear|L2|delta_AF|ds11|seed7,0.03508203336969018,b=23 c=10 discordant 33
complete contract grid,"McNemar p (exact, per seed)",linear|L2|delta_AF|ds11|seed8,0.8388197422027588,b=13 c=11 discordant 24
complete contract grid,"McNemar p (exact, per seed)",linear|L2|delta_AF|ds11|seed9,0.3603776529357674,b=18 c=25 discordant 43
complete contract grid,"McNemar p (exact, per seed)",linear|L2|delta_AF|ds11|seed10,0.46381761789686937,b=37 c=30 discordant 67
complete contract grid,"McNemar p (exact, per seed)",linear|L2|delta_AF|ds22|seed1,0.005486344876760141,b=37 c=16 discordant 53
complete contract grid,"McNemar p (exact, per seed)",linear|L2|delta_AF|ds22|seed2,0.2288055412343561,b=33 c=23 discordant 56
complete contract grid,"McNemar p (exact, per seed)",linear|L2|delta_AF|ds22|seed3,0.6654658120766188,b=22 c=26 discordant 48
complete contract grid,"McNemar p (exact, per seed)",linear|L2|delta_AF|ds22|seed4,0.6358280026288412,b=22 c=18 discordant 40
complete contract grid,"McNemar p (exact, per seed)",linear|L2|delta_AF|ds22|seed5,0.9999999999999998,b=37 c=36 discordant 73
complete contract grid,"McNemar p (exact, per seed)",linear|L2|delta_AF|ds22|seed6,0.07478815428283364,b=49 c=32 discordant 81
complete contract grid,"McNemar p (exact, per seed)",linear|L2|delta_AF|ds22|seed7,0.10342187831608088,b=39 c=25 discordant 64
complete contract grid,"McNemar p (exact, per seed)",linear|L2|delta_AF|ds22|seed8,0.5900533317766354,b=30 c=25 discordant 55
complete contract grid,"McNemar p (exact, per seed)",linear|L2|delta_AF|ds22|seed9,1.0,b=29 c=30 discordant 59
complete contract grid,"McNemar p (exact, per seed)",linear|L2|delta_AF|ds22|seed10,0.2450608330229457,b=35 c=25 discordant 60
complete contract grid,"McNemar p (exact, per seed)",linear|L2|delta_AF|ds33|seed1,1.249258128763103e-06,b=68 c=22 discordant 90
complete contract grid,"McNemar p (exact, per seed)",linear|L2|delta_AF|ds33|seed2,0.00020179722637925912,b=90 c=46 discordant 136
complete contract grid,"McNemar p (exact, per seed)",linear|L2|delta_AF|ds33|seed3,0.0035176417229701587,b=65 c=35 discordant 100
complete contract grid,"McNemar p (exact, per seed)",linear|L2|delta_AF|ds33|seed4,0.2236131017590096,b=84 c=68 discordant 152
complete contract grid,"McNemar p (exact, per seed)",linear|L2|delta_AF|ds33|seed5,0.04482852238579864,b=50 c=31 discordant 81
complete contract grid,"McNemar p (exact, per seed)",linear|L2|delta_AF|ds33|seed6,0.006328684510754319,b=81 c=49 discordant 130
complete contract grid,"McNemar p (exact, per seed)",linear|L2|delta_AF|ds33|seed7,2.397319809534421e-06,b=56 c=16 discordant 72
complete contract grid,"McNemar p (exact, per seed)",linear|L2|delta_AF|ds33|seed8,5.656214894965935e-06,b=61 c=20 discordant 81
complete contract grid,"McNemar p (exact, per seed)",linear|L2|delta_AF|ds33|seed9,7.395947454563746e-05,b=61 c=24 discordant 85
complete contract grid,"McNemar p (exact, per seed)",linear|L2|delta_AF|ds33|seed10,0.01918660866014698,b=56 c=33 discordant 89
complete contract grid,McNemar b/c (summed over seeds),linear|L2|delta_BD_matched,b=5607 c=5116,supplementary: the paired reading of the same population as the binomial SE
complete contract grid,"McNemar p (exact, per seed)",linear|L2|delta_BD_matched|ds11|seed1,0.13380838418693208,b=189 c=160 discordant 349
complete contract grid,"McNemar p (exact, per seed)",linear|L2|delta_BD_matched|ds11|seed2,1.3056279301366743e-13,b=95 c=227 discordant 322
complete contract grid,"McNemar p (exact, per seed)",linear|L2|delta_BD_matched|ds11|seed3,9.786401493488586e-25,b=321 c=111 discordant 432
complete contract grid,"McNemar p (exact, per seed)",linear|L2|delta_BD_matched|ds11|seed4,9.246817829952146e-06,b=248 c=158 discordant 406
complete contract grid,"McNemar p (exact, per seed)",linear|L2|delta_BD_matched|ds11|seed5,0.04987919942897844,b=218 c=178 discordant 396
complete contract grid,"McNemar p (exact, per seed)",linear|L2|delta_BD_matched|ds11|seed6,0.5825647483051827,b=129 c=139 discordant 268
complete contract grid,"McNemar p (exact, per seed)",linear|L2|delta_BD_matched|ds11|seed7,0.061378327109488935,b=95 c=70 discordant 165
complete contract grid,"McNemar p (exact, per seed)",linear|L2|delta_BD_matched|ds11|seed8,6.4223308004474985e-12,b=220 c=98 discordant 318
complete contract grid,"McNemar p (exact, per seed)",linear|L2|delta_BD_matched|ds11|seed9,0.8926482750979158,b=245 c=249 discordant 494
complete contract grid,"McNemar p (exact, per seed)",linear|L2|delta_BD_matched|ds11|seed10,0.006899240385960821,b=190 c=140 discordant 330
complete contract grid,"McNemar p (exact, per seed)",linear|L2|delta_BD_matched|ds22|seed1,0.0008675587025502513,b=153 c=218 discordant 371
complete contract grid,"McNemar p (exact, per seed)",linear|L2|delta_BD_matched|ds22|seed2,5.2349609865889964e-18,b=146 c=334 discordant 480
complete contract grid,"McNemar p (exact, per seed)",linear|L2|delta_BD_matched|ds22|seed3,0.012740118279113241,b=143 c=103 discordant 246
complete contract grid,"McNemar p (exact, per seed)",linear|L2|delta_BD_matched|ds22|seed4,0.14045935551164918,b=195 c=166 discordant 361
complete contract grid,"McNemar p (exact, per seed)",linear|L2|delta_BD_matched|ds22|seed5,0.018550204909939753,b=131 c=173 discordant 304
complete contract grid,"McNemar p (exact, per seed)",linear|L2|delta_BD_matched|ds22|seed6,1.2932336997658665e-07,b=147 c=253 discordant 400
complete contract grid,"McNemar p (exact, per seed)",linear|L2|delta_BD_matched|ds22|seed7,0.04269434685440967,b=103 c=75 discordant 178
complete contract grid,"McNemar p (exact, per seed)",linear|L2|delta_BD_matched|ds22|seed8,1.5674938169791783e-22,b=313 c=114 discordant 427
complete contract grid,"McNemar p (exact, per seed)",linear|L2|delta_BD_matched|ds22|seed9,0.031181979152465344,b=265 c=318 discordant 583
complete contract grid,"McNemar p (exact, per seed)",linear|L2|delta_BD_matched|ds22|seed10,0.10058395491285081,b=139 c=112 discordant 251
complete contract grid,"McNemar p (exact, per seed)",linear|L2|delta_BD_matched|ds33|seed1,0.012188079133182818,b=177 c=132 discordant 309
complete contract grid,"McNemar p (exact, per seed)",linear|L2|delta_BD_matched|ds33|seed2,0.7414539774351572,b=221 c=229 discordant 450
complete contract grid,"McNemar p (exact, per seed)",linear|L2|delta_BD_matched|ds33|seed3,4.938528318327283e-11,b=234 c=112 discordant 346
complete contract grid,"McNemar p (exact, per seed)",linear|L2|delta_BD_matched|ds33|seed4,1.9588755599428932e-12,b=234 c=105 discordant 339
complete contract grid,"McNemar p (exact, per seed)",linear|L2|delta_BD_matched|ds33|seed5,0.33463764001802687,b=129 c=146 discordant 275
complete contract grid,"McNemar p (exact, per seed)",linear|L2|delta_BD_matched|ds33|seed6,0.07207989945148667,b=239 c=281 discordant 520
complete contract grid,"McNemar p (exact, per seed)",linear|L2|delta_BD_matched|ds33|seed7,0.8812234734185146,b=91 c=88 discordant 179
complete contract grid,"McNemar p (exact, per seed)",linear|L2|delta_BD_matched|ds33|seed8,1.829708893288261e-10,b=255 c=130 discordant 385
complete contract grid,"McNemar p (exact, per seed)",linear|L2|delta_BD_matched|ds33|seed9,4.049102364644858e-15,b=145 c=312 discordant 457
complete contract grid,"McNemar p (exact, per seed)",linear|L2|delta_BD_matched|ds33|seed10,0.5736224274247997,b=197 c=185 discordant 382
complete contract grid,decomposition Δ_AE = Δ_AB + (acc(B)-acc(E)),h2|L1,+0.032778 + -0.064944 = -0.032167,"Δ_AE -0.032167, residual -6.94e-18"
complete contract grid,decomposition Δ_AE = Δ_AB + (acc(B)-acc(E)),h2|L2,+0.092028 + -0.101250 = -0.009222,"Δ_AE -0.009222, residual -8.67e-18"
complete contract grid,decomposition Δ_AE = Δ_AB + (acc(B)-acc(E)),h4|L1,+0.118250 + -0.114639 = +0.003611,"Δ_AE +0.003611, residual +1.95e-17"
complete contract grid,decomposition Δ_AE = Δ_AB + (acc(B)-acc(E)),h4|L2,+0.128528 + -0.130389 = -0.001861,"Δ_AE -0.001861, residual -3.71e-17"
complete contract grid,decomposition Δ_AE = Δ_AB + (acc(B)-acc(E)),h42|L1,+0.152389 + -0.173083 = -0.020694,"Δ_AE -0.020694, residual -6.25e-17"
complete contract grid,decomposition Δ_AE = Δ_AB + (acc(B)-acc(E)),h42|L2,+0.171667 + -0.198972 = -0.027306,"Δ_AE -0.027306, residual +7.29e-17"
complete contract grid,decomposition Δ_AE = Δ_AB + (acc(B)-acc(E)),linear|L1,+0.088333 + -0.048639 = +0.039694,"Δ_AE +0.039694, residual +0.00e+00"
complete contract grid,decomposition Δ_AE = Δ_AB + (acc(B)-acc(E)),linear|L2,+0.112194 + -0.076194 = +0.036000,"Δ_AE +0.036000, residual +0.00e+00"
complete contract grid,TOST power recomputed at the ORIGINAL sigma,"TOST power A<->E, delta=0.02",1.0000,documents say 1.000 (raport.tex 3.7 / D-4); agrees
complete contract grid,TOST power recomputed at the ORIGINAL sigma,"TOST power A<->B, delta=0.02",0.0171,"documents say 0.000 (raport.tex 3.7 / D-4); ⚠️ DIVERGENCE — category 1.6(b), reported, NOT a STOP; changes no decision: both values sit on the same side of the 0.8 floor"
complete contract grid,TOST power recomputed at the ORIGINAL sigma,"TOST power, allocation-contrast sigma_Delta",0.0030,documents say 0.003 (SPEC 7.5 table); agrees
complete contract grid,TOST power recomputed at the ORIGINAL sigma,"TOST power, sigma_Delta(A-B) smoke n=3",0.2893,"documents say 0.044 (SPEC 7.5 / 7.6 remark); ⚠️ DIVERGENCE — category 1.6(b), reported, NOT a STOP; changes no decision: both values sit on the same side of the 0.8 floor"
complete contract grid,account 1 — CI over the paired differences,MAIN,MAIN. Generalises over initialisations at a fixed split.,
complete contract grid,account 2 — binomial SE,1200 test rows,0.014433756729740645,
complete contract grid,account 3 — McNemar,discordant pairs,"same population as (2) but paired, therefore smaller","⛔ THREE numbers, three labels, one marked main. Never summed, no 'total uncertainty' is computed."
complete contract grid,Holm correction,confirmatory family,NOT APPLIED,"the confirmatory family has ONE element (H1 = Delta_AB at the linear head), so the Holm correction is not applied. P1 and P2 are descriptive and do not enter the family. Stated explicitly so it does not read as an omission."
complete contract grid,MixedLM (check),ansatz L1,0.08833333333333339,"reported as a CHECK. In part A the mixed model is formally redundant: the design is balanced and the random part is one intercept, so the fixed effect equals the within-subject contrast (SPEC 7.3). "
complete contract grid,MixedLM (check),ansatz L2,0.11219444444444422,"reported as a CHECK. In part A the mixed model is formally redundant: the design is balanced and the random part is one intercept, so the fixed effect equals the within-subject contrast (SPEC 7.3). "
