run_id,timestamp_utc,dataset,dataset_hash,pca_hash,arm,ansatz_level,R,dilution,socket_params_nominal,socket_params_effective,head_params,seed,init_seed,init_spec_id,backend,shots,session_id,calibration_set_id,repeat_index,eval_subset_id,n_eval,split,accuracy,auc,macro_f1,train_accuracy,theta_displacement,grad_rms_start,grad_rms_end,epochs_run,best_epoch,wall_seconds,git_commit,env_hash,lr_selected,lr_grid,g1_margin,patience,max_epochs,feature_scale,rff_width,rff_omega_seed,used_feature_cache,ridge_accuracy,ridge_alpha_selected
a7_20260822T081428Z,2026-08-22T08:15:43+00:00,hyperplanes_n_features20_n_hyperplanes3_dim_hyperplanes5_seed11,4360508611e0e8963c01cd3994e98f0e069bb3b004ae6b18c71eecbf920853d1,2bf856a6c49a9c38010e4b719cd3d58e50f10d0c5c7048ed32accf1d9872633f,D_best,,2.0,linear,192,,33,1,0xebbfbc7ed33e45eb,RFF-int-spectrum-U0-2pi,pennylane,,,,0,test_full,1200,test,0.8066666666666666,0.9068773006817248,0.8066473313998066,0.8123809695243835,0.0,0.0732824498591353,0.0139643169774643,55,25,26.21172553198994,unknown,56488e26fdba,0.03,0.001 0.003 0.01 0.03,0.0380555555555555,30,300,1.0,32.0,0xebbfbc7ed33e45eb,True,0.8025,1e-06
a7_20260822T081428Z,2026-08-22T08:15:43+00:00,hyperplanes_n_features20_n_hyperplanes3_dim_hyperplanes5_seed11,4360508611e0e8963c01cd3994e98f0e069bb3b004ae6b18c71eecbf920853d1,2bf856a6c49a9c38010e4b719cd3d58e50f10d0c5c7048ed32accf1d9872633f,D_best,,2.0,linear,192,,33,1,0xebbfbc7ed33e45eb,RFF-int-spectrum-U0-2pi,pennylane,,,,0,val_full,600,val,0.7983333333333333,0.8909479049077356,0.7959384442414448,0.8123809695243835,0.0,0.0732824498591353,0.0139643169774643,55,25,26.21172553198994,unknown,56488e26fdba,0.03,0.001 0.003 0.01 0.03,0.0380555555555555,30,300,1.0,32.0,0xebbfbc7ed33e45eb,True,0.7816666666666666,1e-06
a7_20260822T081428Z,2026-08-22T08:15:44+00:00,hyperplanes_n_features20_n_hyperplanes3_dim_hyperplanes5_seed11,4360508611e0e8963c01cd3994e98f0e069bb3b004ae6b18c71eecbf920853d1,2bf856a6c49a9c38010e4b719cd3d58e50f10d0c5c7048ed32accf1d9872633f,D_best,,2.0,linear,768,,129,1,0x8c1cd5484ddd2802,RFF-int-spectrum-U0-2pi,pennylane,,,,0,test_full,1200,test,0.8216666666666667,0.9206980727098836,0.8199254457686687,0.8319047689437866,0.0,0.1260002107271901,0.0416882543874259,59,29,26.298828890998266,unknown,56488e26fdba,0.03,0.001 0.003 0.01 0.03,0.0380555555555555,30,300,1.0,128.0,0x8c1cd5484ddd2802,True,0.805,0.01
a7_20260822T081428Z,2026-08-22T08:15:44+00:00,hyperplanes_n_features20_n_hyperplanes3_dim_hyperplanes5_seed11,4360508611e0e8963c01cd3994e98f0e069bb3b004ae6b18c71eecbf920853d1,2bf856a6c49a9c38010e4b719cd3d58e50f10d0c5c7048ed32accf1d9872633f,D_best,,2.0,linear,768,,129,1,0x8c1cd5484ddd2802,RFF-int-spectrum-U0-2pi,pennylane,,,,0,val_full,600,val,0.8266666666666667,0.8949268478054342,0.8186700142971719,0.8319047689437866,0.0,0.1260002107271901,0.0416882543874259,59,29,26.298828890998266,unknown,56488e26fdba,0.03,0.001 0.003 0.01 0.03,0.0380555555555555,30,300,1.0,128.0,0x8c1cd5484ddd2802,True,0.805,0.01
a7_20260822T081428Z,2026-08-22T08:15:44+00:00,hyperplanes_n_features20_n_hyperplanes3_dim_hyperplanes5_seed11,4360508611e0e8963c01cd3994e98f0e069bb3b004ae6b18c71eecbf920853d1,2bf856a6c49a9c38010e4b719cd3d58e50f10d0c5c7048ed32accf1d9872633f,D_best,,2.0,linear,3072,,513,2,0x1b8ef9557b42386b,RFF-int-spectrum-U0-2pi,pennylane,,,,0,test_full,1200,test,0.82,0.9178816490396912,0.817993376981218,0.8235714435577393,0.0,0.0638780163787015,0.0214804149029627,38,8,26.218642138002902,unknown,56488e26fdba,0.01,0.001 0.003 0.01 0.03,0.0380555555555555,30,300,1.0,512.0,0x1b8ef9557b42386b,True,0.8183333333333334,0.0001
a7_20260822T081428Z,2026-08-22T08:15:44+00:00,hyperplanes_n_features20_n_hyperplanes3_dim_hyperplanes5_seed11,4360508611e0e8963c01cd3994e98f0e069bb3b004ae6b18c71eecbf920853d1,2bf856a6c49a9c38010e4b719cd3d58e50f10d0c5c7048ed32accf1d9872633f,D_best,,2.0,linear,3072,,513,2,0x1b8ef9557b42386b,RFF-int-spectrum-U0-2pi,pennylane,,,,0,val_full,600,val,0.8183333333333334,0.8958656995003967,0.8095288022157567,0.8235714435577393,0.0,0.0638780163787015,0.0214804149029627,38,8,26.218642138002902,unknown,56488e26fdba,0.01,0.001 0.003 0.01 0.03,0.0380555555555555,30,300,1.0,512.0,0x1b8ef9557b42386b,True,0.8133333333333334,0.0001
a7_20260822T081428Z,2026-08-22T08:15:44+00:00,hyperplanes_n_features20_n_hyperplanes3_dim_hyperplanes5_seed11,4360508611e0e8963c01cd3994e98f0e069bb3b004ae6b18c71eecbf920853d1,2bf856a6c49a9c38010e4b719cd3d58e50f10d0c5c7048ed32accf1d9872633f,D_best,,2.0,linear,768,,129,3,0x78af1d83bb727726,RFF-int-spectrum-U0-2pi,pennylane,,,,0,test_full,1200,test,0.8241666666666667,0.918996541331643,0.8222997029204749,0.825952410697937,0.0,0.0957655558208142,0.0334377616086982,49,19,26.24714487300662,unknown,56488e26fdba,0.03,0.001 0.003 0.01 0.03,0.0380555555555555,30,300,1.0,128.0,0x78af1d83bb727726,True,0.8116666666666666,0.01
a7_20260822T081428Z,2026-08-22T08:15:44+00:00,hyperplanes_n_features20_n_hyperplanes3_dim_hyperplanes5_seed11,4360508611e0e8963c01cd3994e98f0e069bb3b004ae6b18c71eecbf920853d1,2bf856a6c49a9c38010e4b719cd3d58e50f10d0c5c7048ed32accf1d9872633f,D_best,,2.0,linear,768,,129,3,0x78af1d83bb727726,RFF-int-spectrum-U0-2pi,pennylane,,,,0,val_full,600,val,0.8233333333333334,0.89736339148998,0.8146313028271641,0.825952410697937,0.0,0.0957655558208142,0.0334377616086982,49,19,26.24714487300662,unknown,56488e26fdba,0.03,0.001 0.003 0.01 0.03,0.0380555555555555,30,300,1.0,128.0,0x78af1d83bb727726,True,0.81,0.01
a7_20260822T081428Z,2026-08-22T08:15:44+00:00,hyperplanes_n_features20_n_hyperplanes3_dim_hyperplanes5_seed11,4360508611e0e8963c01cd3994e98f0e069bb3b004ae6b18c71eecbf920853d1,2bf856a6c49a9c38010e4b719cd3d58e50f10d0c5c7048ed32accf1d9872633f,D_best,,2.0,linear,3072,,513,3,0x2ea20278ff0b06a0,RFF-int-spectrum-U0-2pi,pennylane,,,,0,test_full,1200,test,0.82,0.9161828979414808,0.8188886808220441,0.8278571367263794,0.0,0.0708379147284821,0.0249260680987207,49,19,26.42617782000161,unknown,56488e26fdba,0.01,0.001 0.003 0.01 0.03,0.0380555555555555,30,300,1.0,512.0,0x2ea20278ff0b06a0,True,0.8208333333333333,0.0001
a7_20260822T081428Z,2026-08-22T08:15:44+00:00,hyperplanes_n_features20_n_hyperplanes3_dim_hyperplanes5_seed11,4360508611e0e8963c01cd3994e98f0e069bb3b004ae6b18c71eecbf920853d1,2bf856a6c49a9c38010e4b719cd3d58e50f10d0c5c7048ed32accf1d9872633f,D_best,,2.0,linear,3072,,513,3,0x2ea20278ff0b06a0,RFF-int-spectrum-U0-2pi,pennylane,,,,0,val_full,600,val,0.825,0.8983804808261895,0.8183260038930142,0.8278571367263794,0.0,0.0708379147284821,0.0249260680987207,49,19,26.42617782000161,unknown,56488e26fdba,0.01,0.001 0.003 0.01 0.03,0.0380555555555555,30,300,1.0,512.0,0x2ea20278ff0b06a0,True,0.82,0.0001
a7_20260822T081428Z,2026-08-22T08:15:44+00:00,hyperplanes_n_features20_n_hyperplanes3_dim_hyperplanes5_seed11,4360508611e0e8963c01cd3994e98f0e069bb3b004ae6b18c71eecbf920853d1,2bf856a6c49a9c38010e4b719cd3d58e50f10d0c5c7048ed32accf1d9872633f,D_best,,2.0,linear,192,,33,2,0xd5a39cfa401411b8,RFF-int-spectrum-U0-2pi,pennylane,,,,0,test_full,1200,test,0.8091666666666667,0.9166305230262792,0.8091601728114359,0.8071428537368774,0.0,0.0806033014075191,0.0428475486313552,81,51,26.716289438991225,unknown,56488e26fdba,0.03,0.001 0.003 0.01 0.03,0.0380555555555555,30,300,1.0,32.0,0xd5a39cfa401411b8,True,0.795,1e-06
a7_20260822T081428Z,2026-08-22T08:15:44+00:00,hyperplanes_n_features20_n_hyperplanes3_dim_hyperplanes5_seed11,4360508611e0e8963c01cd3994e98f0e069bb3b004ae6b18c71eecbf920853d1,2bf856a6c49a9c38010e4b719cd3d58e50f10d0c5c7048ed32accf1d9872633f,D_best,,2.0,linear,192,,33,2,0xd5a39cfa401411b8,RFF-int-spectrum-U0-2pi,pennylane,,,,0,val_full,600,val,0.8016666666666666,0.8961227660359222,0.7991623325297952,0.8071428537368774,0.0,0.0806033014075191,0.0428475486313552,81,51,26.716289438991225,unknown,56488e26fdba,0.03,0.001 0.003 0.01 0.03,0.0380555555555555,30,300,1.0,32.0,0xd5a39cfa401411b8,True,0.775,1e-06
a7_20260822T081428Z,2026-08-22T08:15:45+00:00,hyperplanes_n_features20_n_hyperplanes3_dim_hyperplanes5_seed11,4360508611e0e8963c01cd3994e98f0e069bb3b004ae6b18c71eecbf920853d1,2bf856a6c49a9c38010e4b719cd3d58e50f10d0c5c7048ed32accf1d9872633f,D_best,,2.0,linear,768,,129,2,0xd8c4a76812405ef6,RFF-int-spectrum-U0-2pi,pennylane,,,,0,test_full,1200,test,0.8233333333333334,0.9177370744781412,0.8230502136752137,0.825952410697937,0.0,0.0836651418149875,0.0938111136538686,96,66,27.17291622099583,unknown,56488e26fdba,0.03,0.001 0.003 0.01 0.03,0.0380555555555555,30,300,1.0,128.0,0xd8c4a76812405ef6,True,0.8058333333333333,1e-06
a7_20260822T081428Z,2026-08-22T08:15:45+00:00,hyperplanes_n_features20_n_hyperplanes3_dim_hyperplanes5_seed11,4360508611e0e8963c01cd3994e98f0e069bb3b004ae6b18c71eecbf920853d1,2bf856a6c49a9c38010e4b719cd3d58e50f10d0c5c7048ed32accf1d9872633f,D_best,,2.0,linear,768,,129,2,0xd8c4a76812405ef6,RFF-int-spectrum-U0-2pi,pennylane,,,,0,val_full,600,val,0.8266666666666667,0.8999899408746969,0.8223052476905377,0.825952410697937,0.0,0.0836651418149875,0.0938111136538686,96,66,27.17291622099583,unknown,56488e26fdba,0.03,0.001 0.003 0.01 0.03,0.0380555555555555,30,300,1.0,128.0,0xd8c4a76812405ef6,True,0.8,1e-06
a7_20260822T081428Z,2026-08-22T08:15:45+00:00,hyperplanes_n_features20_n_hyperplanes3_dim_hyperplanes5_seed11,4360508611e0e8963c01cd3994e98f0e069bb3b004ae6b18c71eecbf920853d1,2bf856a6c49a9c38010e4b719cd3d58e50f10d0c5c7048ed32accf1d9872633f,D_best,,2.0,linear,192,,33,3,0x7735a7384fa3a634,RFF-int-spectrum-U0-2pi,pennylane,,,,0,test_full,1200,test,0.8058333333333333,0.9098939045140628,0.8057349866703352,0.8078571557998657,0.0,0.0718620130132629,0.0283228466817545,103,73,27.13892572899931,unknown,56488e26fdba,0.03,0.001 0.003 0.01 0.03,0.0380555555555555,30,300,1.0,32.0,0x7735a7384fa3a634,True,0.7966666666666666,1e-06
a7_20260822T081428Z,2026-08-22T08:15:45+00:00,hyperplanes_n_features20_n_hyperplanes3_dim_hyperplanes5_seed11,4360508611e0e8963c01cd3994e98f0e069bb3b004ae6b18c71eecbf920853d1,2bf856a6c49a9c38010e4b719cd3d58e50f10d0c5c7048ed32accf1d9872633f,D_best,,2.0,linear,192,,33,3,0x7735a7384fa3a634,RFF-int-spectrum-U0-2pi,pennylane,,,,0,val_full,600,val,0.81,0.8968380816130367,0.8063836773514192,0.8078571557998657,0.0,0.0718620130132629,0.0283228466817545,103,73,27.13892572899931,unknown,56488e26fdba,0.03,0.001 0.003 0.01 0.03,0.0380555555555555,30,300,1.0,32.0,0x7735a7384fa3a634,True,0.7883333333333333,1e-06
a7_20260822T081428Z,2026-08-22T08:15:45+00:00,hyperplanes_n_features20_n_hyperplanes3_dim_hyperplanes5_seed11,4360508611e0e8963c01cd3994e98f0e069bb3b004ae6b18c71eecbf920853d1,2bf856a6c49a9c38010e4b719cd3d58e50f10d0c5c7048ed32accf1d9872633f,D_best,,2.0,linear,3072,,513,1,0x767dfcd7c4647a26,RFF-int-spectrum-U0-2pi,pennylane,,,,0,test_full,1200,test,0.8266666666666667,0.9238231074633836,0.8262322472848789,0.8361904621124268,0.0,0.0761851389814448,0.0247253360340448,129,99,28.03161945998727,unknown,56488e26fdba,0.01,0.001 0.003 0.01 0.03,0.0380555555555555,30,300,1.0,512.0,0x767dfcd7c4647a26,True,0.8158333333333333,1e-06
a7_20260822T081428Z,2026-08-22T08:15:45+00:00,hyperplanes_n_features20_n_hyperplanes3_dim_hyperplanes5_seed11,4360508611e0e8963c01cd3994e98f0e069bb3b004ae6b18c71eecbf920853d1,2bf856a6c49a9c38010e4b719cd3d58e50f10d0c5c7048ed32accf1d9872633f,D_best,,2.0,linear,3072,,513,1,0x767dfcd7c4647a26,RFF-int-spectrum-U0-2pi,pennylane,,,,0,val_full,600,val,0.835,0.9050753875557442,0.8297872340425532,0.8361904621124268,0.0,0.0761851389814448,0.0247253360340448,129,99,28.03161945998727,unknown,56488e26fdba,0.01,0.001 0.003 0.01 0.03,0.0380555555555555,30,300,1.0,512.0,0x767dfcd7c4647a26,True,0.81,1e-06
a7_20260822T081428Z,2026-08-22T08:15:44+00:00,hyperplanes_n_features20_n_hyperplanes3_dim_hyperplanes5_seed11,4360508611e0e8963c01cd3994e98f0e069bb3b004ae6b18c71eecbf920853d1,2bf856a6c49a9c38010e4b719cd3d58e50f10d0c5c7048ed32accf1d9872633f,D_matched,,2.0,linear,30,,6,1,0x7d4f7004e22ea7b3,RFF-int-spectrum-U0-2pi,pennylane,,,,0,test_full,1200,test,0.6958333333333333,0.7470584637284667,0.6937489118647125,0.7076190710067749,0.0,0.0843849704642768,0.0250861776127066,64,34,26.33911098599492,unknown,56488e26fdba,0.03,0.001 0.003 0.01 0.03,0.0380555555555555,30,300,1.0,,0x7d4f7004e22ea7b3,True,0.6991666666666667,1e-06
a7_20260822T081428Z,2026-08-22T08:15:44+00:00,hyperplanes_n_features20_n_hyperplanes3_dim_hyperplanes5_seed11,4360508611e0e8963c01cd3994e98f0e069bb3b004ae6b18c71eecbf920853d1,2bf856a6c49a9c38010e4b719cd3d58e50f10d0c5c7048ed32accf1d9872633f,D_matched,,2.0,linear,30,,6,1,0x7d4f7004e22ea7b3,RFF-int-spectrum-U0-2pi,pennylane,,,,0,val_full,600,val,0.7116666666666667,0.77058488225235,0.711665865738516,0.7076190710067749,0.0,0.0843849704642768,0.0250861776127066,64,34,26.33911098599492,unknown,56488e26fdba,0.03,0.001 0.003 0.01 0.03,0.0380555555555555,30,300,1.0,,0x7d4f7004e22ea7b3,True,0.7016666666666667,1e-06
a7_20260822T081428Z,2026-08-22T08:15:45+00:00,hyperplanes_n_features20_n_hyperplanes3_dim_hyperplanes5_seed11,4360508611e0e8963c01cd3994e98f0e069bb3b004ae6b18c71eecbf920853d1,2bf856a6c49a9c38010e4b719cd3d58e50f10d0c5c7048ed32accf1d9872633f,D_matched,,2.0,h2,30,,15,1,0x7d4f7004e22ea7b3,RFF-int-spectrum-U0-2pi,pennylane,,,,0,test_full,1200,test,0.7033333333333334,0.775028080828301,0.7030355439760426,0.723809540271759,0.0,0.019941709464994,0.0425395632191261,52,22,1.2910944489995018,unknown,56488e26fdba,0.03,0.001 0.003 0.01 0.03,0.0380555555555555,30,300,1.0,,0x7d4f7004e22ea7b3,True,0.6991666666666667,1e-06
a7_20260822T081428Z,2026-08-22T08:15:45+00:00,hyperplanes_n_features20_n_hyperplanes3_dim_hyperplanes5_seed11,4360508611e0e8963c01cd3994e98f0e069bb3b004ae6b18c71eecbf920853d1,2bf856a6c49a9c38010e4b719cd3d58e50f10d0c5c7048ed32accf1d9872633f,D_matched,,2.0,h2,30,,15,1,0x7d4f7004e22ea7b3,RFF-int-spectrum-U0-2pi,pennylane,,,,0,val_full,600,val,0.7366666666666667,0.7993763342312035,0.7353699795665427,0.723809540271759,0.0,0.019941709464994,0.0425395632191261,52,22,1.2910944489995018,unknown,56488e26fdba,0.03,0.001 0.003 0.01 0.03,0.0380555555555555,30,300,1.0,,0x7d4f7004e22ea7b3,True,0.7016666666666667,1e-06
a7_20260822T081428Z,2026-08-22T08:15:46+00:00,hyperplanes_n_features20_n_hyperplanes3_dim_hyperplanes5_seed11,4360508611e0e8963c01cd3994e98f0e069bb3b004ae6b18c71eecbf920853d1,2bf856a6c49a9c38010e4b719cd3d58e50f10d0c5c7048ed32accf1d9872633f,D_matched,,2.0,h4,30,,29,1,0x7d4f7004e22ea7b3,RFF-int-spectrum-U0-2pi,pennylane,,,,0,test_full,1200,test,0.7266666666666667,0.7864828345510959,0.7261524418073939,0.7335714101791382,0.0,0.0092203614514092,0.0889183847514858,42,12,1.0878231160022551,unknown,56488e26fdba,0.03,0.001 0.003 0.01 0.03,0.0380555555555555,30,300,1.0,,0x7d4f7004e22ea7b3,True,0.6991666666666667,1e-06
a7_20260822T081428Z,2026-08-22T08:15:46+00:00,hyperplanes_n_features20_n_hyperplanes3_dim_hyperplanes5_seed11,4360508611e0e8963c01cd3994e98f0e069bb3b004ae6b18c71eecbf920853d1,2bf856a6c49a9c38010e4b719cd3d58e50f10d0c5c7048ed32accf1d9872633f,D_matched,,2.0,h4,30,,29,1,0x7d4f7004e22ea7b3,RFF-int-spectrum-U0-2pi,pennylane,,,,0,val_full,600,val,0.7283333333333334,0.7999128209140391,0.7278608695652173,0.7335714101791382,0.0,0.0092203614514092,0.0889183847514858,42,12,1.0878231160022551,unknown,56488e26fdba,0.03,0.001 0.003 0.01 0.03,0.0380555555555555,30,300,1.0,,0x7d4f7004e22ea7b3,True,0.7016666666666667,1e-06
a7_20260822T081428Z,2026-08-22T08:15:47+00:00,hyperplanes_n_features20_n_hyperplanes3_dim_hyperplanes5_seed11,4360508611e0e8963c01cd3994e98f0e069bb3b004ae6b18c71eecbf920853d1,2bf856a6c49a9c38010e4b719cd3d58e50f10d0c5c7048ed32accf1d9872633f,D_matched,,2.0,h42,30,,295,1,0x7d4f7004e22ea7b3,RFF-int-spectrum-U0-2pi,pennylane,,,,0,test_full,1200,test,0.7175,0.7987105061221766,0.7169888110399409,0.7488095164299011,0.0,0.0063671340164755,0.0632149239207226,46,16,1.1764699339983054,unknown,56488e26fdba,0.01,0.001 0.003 0.01 0.03,0.0380555555555555,30,300,1.0,,0x7d4f7004e22ea7b3,True,0.6991666666666667,1e-06
a7_20260822T081428Z,2026-08-22T08:15:47+00:00,hyperplanes_n_features20_n_hyperplanes3_dim_hyperplanes5_seed11,4360508611e0e8963c01cd3994e98f0e069bb3b004ae6b18c71eecbf920853d1,2bf856a6c49a9c38010e4b719cd3d58e50f10d0c5c7048ed32accf1d9872633f,D_matched,,2.0,h42,30,,295,1,0x7d4f7004e22ea7b3,RFF-int-spectrum-U0-2pi,pennylane,,,,0,val_full,600,val,0.7466666666666667,0.8094466363402667,0.7463256155497947,0.7488095164299011,0.0,0.0063671340164755,0.0632149239207226,46,16,1.1764699339983054,unknown,56488e26fdba,0.01,0.001 0.003 0.01 0.03,0.0380555555555555,30,300,1.0,,0x7d4f7004e22ea7b3,True,0.7016666666666667,1e-06
a7_20260822T081428Z,2026-08-22T08:15:44+00:00,hyperplanes_n_features20_n_hyperplanes3_dim_hyperplanes5_seed11,4360508611e0e8963c01cd3994e98f0e069bb3b004ae6b18c71eecbf920853d1,2bf856a6c49a9c38010e4b719cd3d58e50f10d0c5c7048ed32accf1d9872633f,D_matched,,2.0,linear,30,,6,3,0x0e4dbf97e6e6ab66,RFF-int-spectrum-U0-2pi,pennylane,,,,0,test_full,1200,test,0.5808333333333333,0.5941541832093329,0.5759327056631531,0.5726190209388733,0.0,0.1488993136540639,0.0921319551079999,66,36,26.437301027996,unknown,56488e26fdba,0.03,0.001 0.003 0.01 0.03,0.0380555555555555,30,300,1.0,,0x0e4dbf97e6e6ab66,True,0.5808333333333333,1e-06
a7_20260822T081428Z,2026-08-22T08:15:44+00:00,hyperplanes_n_features20_n_hyperplanes3_dim_hyperplanes5_seed11,4360508611e0e8963c01cd3994e98f0e069bb3b004ae6b18c71eecbf920853d1,2bf856a6c49a9c38010e4b719cd3d58e50f10d0c5c7048ed32accf1d9872633f,D_matched,,2.0,linear,30,,6,3,0x0e4dbf97e6e6ab66,RFF-int-spectrum-U0-2pi,pennylane,,,,0,val_full,600,val,0.5816666666666667,0.5668317108336779,0.5699587948566387,0.5726190209388733,0.0,0.1488993136540639,0.0921319551079999,66,36,26.437301027996,unknown,56488e26fdba,0.03,0.001 0.003 0.01 0.03,0.0380555555555555,30,300,1.0,,0x0e4dbf97e6e6ab66,True,0.5766666666666667,1e-06
a7_20260822T081428Z,2026-08-22T08:15:45+00:00,hyperplanes_n_features20_n_hyperplanes3_dim_hyperplanes5_seed11,4360508611e0e8963c01cd3994e98f0e069bb3b004ae6b18c71eecbf920853d1,2bf856a6c49a9c38010e4b719cd3d58e50f10d0c5c7048ed32accf1d9872633f,D_matched,,2.0,h2,30,,15,3,0x0e4dbf97e6e6ab66,RFF-int-spectrum-U0-2pi,pennylane,,,,0,test_full,1200,test,0.5833333333333334,0.5946268308143996,0.579930772591323,0.5723809599876404,0.0,0.024765984345241,0.0145524848384518,51,21,1.256907852992299,unknown,56488e26fdba,0.03,0.001 0.003 0.01 0.03,0.0380555555555555,30,300,1.0,,0x0e4dbf97e6e6ab66,True,0.5808333333333333,1e-06
a7_20260822T081428Z,2026-08-22T08:15:45+00:00,hyperplanes_n_features20_n_hyperplanes3_dim_hyperplanes5_seed11,4360508611e0e8963c01cd3994e98f0e069bb3b004ae6b18c71eecbf920853d1,2bf856a6c49a9c38010e4b719cd3d58e50f10d0c5c7048ed32accf1d9872633f,D_matched,,2.0,h2,30,,15,3,0x0e4dbf97e6e6ab66,RFF-int-spectrum-U0-2pi,pennylane,,,,0,val_full,600,val,0.585,0.5750410747616547,0.5718891038039975,0.5723809599876404,0.0,0.024765984345241,0.0145524848384518,51,21,1.256907852992299,unknown,56488e26fdba,0.03,0.001 0.003 0.01 0.03,0.0380555555555555,30,300,1.0,,0x0e4dbf97e6e6ab66,True,0.5766666666666667,1e-06
a7_20260822T081428Z,2026-08-22T08:15:47+00:00,hyperplanes_n_features20_n_hyperplanes3_dim_hyperplanes5_seed11,4360508611e0e8963c01cd3994e98f0e069bb3b004ae6b18c71eecbf920853d1,2bf856a6c49a9c38010e4b719cd3d58e50f10d0c5c7048ed32accf1d9872633f,D_matched,,2.0,h4,30,,29,3,0x0e4dbf97e6e6ab66,RFF-int-spectrum-U0-2pi,pennylane,,,,0,test_full,1200,test,0.65,0.6883764832793958,0.6498823215580792,0.6416666507720947,0.0,0.0090825788370769,0.0562050950511798,59,29,1.505015982009354,unknown,56488e26fdba,0.03,0.001 0.003 0.01 0.03,0.0380555555555555,30,300,1.0,,0x0e4dbf97e6e6ab66,True,0.5808333333333333,1e-06
a7_20260822T081428Z,2026-08-22T08:15:47+00:00,hyperplanes_n_features20_n_hyperplanes3_dim_hyperplanes5_seed11,4360508611e0e8963c01cd3994e98f0e069bb3b004ae6b18c71eecbf920853d1,2bf856a6c49a9c38010e4b719cd3d58e50f10d0c5c7048ed32accf1d9872633f,D_matched,,2.0,h4,30,,29,3,0x0e4dbf97e6e6ab66,RFF-int-spectrum-U0-2pi,pennylane,,,,0,val_full,600,val,0.66,0.6989303796760961,0.6576223776223776,0.6416666507720947,0.0,0.0090825788370769,0.0562050950511798,59,29,1.505015982009354,unknown,56488e26fdba,0.03,0.001 0.003 0.01 0.03,0.0380555555555555,30,300,1.0,,0x0e4dbf97e6e6ab66,True,0.5766666666666667,1e-06
a7_20260822T081428Z,2026-08-22T08:15:48+00:00,hyperplanes_n_features20_n_hyperplanes3_dim_hyperplanes5_seed11,4360508611e0e8963c01cd3994e98f0e069bb3b004ae6b18c71eecbf920853d1,2bf856a6c49a9c38010e4b719cd3d58e50f10d0c5c7048ed32accf1d9872633f,D_matched,,2.0,h42,30,,295,3,0x0e4dbf97e6e6ab66,RFF-int-spectrum-U0-2pi,pennylane,,,,0,test_full,1200,test,0.6466666666666666,0.6996546892202982,0.6465684912475688,0.6452381014823914,0.0,0.0083977520679522,0.022488920696568,46,16,1.1677643919974798,unknown,56488e26fdba,0.01,0.001 0.003 0.01 0.03,0.0380555555555555,30,300,1.0,,0x0e4dbf97e6e6ab66,True,0.5808333333333333,1e-06
a7_20260822T081428Z,2026-08-22T08:15:48+00:00,hyperplanes_n_features20_n_hyperplanes3_dim_hyperplanes5_seed11,4360508611e0e8963c01cd3994e98f0e069bb3b004ae6b18c71eecbf920853d1,2bf856a6c49a9c38010e4b719cd3d58e50f10d0c5c7048ed32accf1d9872633f,D_matched,,2.0,h42,30,,295,3,0x0e4dbf97e6e6ab66,RFF-int-spectrum-U0-2pi,pennylane,,,,0,val_full,600,val,0.6666666666666666,0.7036693453744789,0.6632996632996633,0.6452381014823914,0.0,0.0083977520679522,0.022488920696568,46,16,1.1677643919974798,unknown,56488e26fdba,0.01,0.001 0.003 0.01 0.03,0.0380555555555555,30,300,1.0,,0x0e4dbf97e6e6ab66,True,0.5766666666666667,1e-06
a7_20260822T081428Z,2026-08-22T08:15:49+00:00,hyperplanes_n_features20_n_hyperplanes3_dim_hyperplanes5_seed11,4360508611e0e8963c01cd3994e98f0e069bb3b004ae6b18c71eecbf920853d1,2bf856a6c49a9c38010e4b719cd3d58e50f10d0c5c7048ed32accf1d9872633f,D_best,,2.0,linear,192,,33,4,0x81f13209d45c857b,RFF-int-spectrum-U0-2pi,pennylane,,,,0,test_full,1200,test,0.8016666666666666,0.9115898753322432,0.801611558766324,0.8045238256454468,0.0,0.0541500654413294,0.0255789761902287,73,43,1.3996820949978428,unknown,56488e26fdba,0.03,0.001 0.003 0.01 0.03,0.0380555555555555,30,300,1.0,32.0,0x81f13209d45c857b,True,0.7958333333333333,1.0
a7_20260822T081428Z,2026-08-22T08:15:49+00:00,hyperplanes_n_features20_n_hyperplanes3_dim_hyperplanes5_seed11,4360508611e0e8963c01cd3994e98f0e069bb3b004ae6b18c71eecbf920853d1,2bf856a6c49a9c38010e4b719cd3d58e50f10d0c5c7048ed32accf1d9872633f,D_best,,2.0,linear,192,,33,4,0x81f13209d45c857b,RFF-int-spectrum-U0-2pi,pennylane,,,,0,val_full,600,val,0.7983333333333333,0.8883660627465882,0.7963642891402702,0.8045238256454468,0.0,0.0541500654413294,0.0255789761902287,73,43,1.3996820949978428,unknown,56488e26fdba,0.03,0.001 0.003 0.01 0.03,0.0380555555555555,30,300,1.0,32.0,0x81f13209d45c857b,True,0.7783333333333333,1.0
a7_20260822T081428Z,2026-08-22T08:15:49+00:00,hyperplanes_n_features20_n_hyperplanes3_dim_hyperplanes5_seed11,4360508611e0e8963c01cd3994e98f0e069bb3b004ae6b18c71eecbf920853d1,2bf856a6c49a9c38010e4b719cd3d58e50f10d0c5c7048ed32accf1d9872633f,D_best,,2.0,linear,768,,129,4,0x08491676e12f22b5,RFF-int-spectrum-U0-2pi,pennylane,,,,0,test_full,1200,test,0.825,0.9136250403140604,0.8244024806633684,0.8257142901420593,0.0,0.0699366243092637,0.0393908334304295,46,16,0.9382587269938084,unknown,56488e26fdba,0.03,0.001 0.003 0.01 0.03,0.0380555555555555,30,300,1.0,128.0,0x08491676e12f22b5,True,0.8133333333333334,1e-06
a7_20260822T081428Z,2026-08-22T08:15:49+00:00,hyperplanes_n_features20_n_hyperplanes3_dim_hyperplanes5_seed11,4360508611e0e8963c01cd3994e98f0e069bb3b004ae6b18c71eecbf920853d1,2bf856a6c49a9c38010e4b719cd3d58e50f10d0c5c7048ed32accf1d9872633f,D_best,,2.0,linear,768,,129,4,0x08491676e12f22b5,RFF-int-spectrum-U0-2pi,pennylane,,,,0,val_full,600,val,0.8283333333333334,0.8954074504588079,0.8233271107121518,0.8257142901420593,0.0,0.0699366243092637,0.0393908334304295,46,16,0.9382587269938084,unknown,56488e26fdba,0.03,0.001 0.003 0.01 0.03,0.0380555555555555,30,300,1.0,128.0,0x08491676e12f22b5,True,0.8066666666666666,1e-06
a7_20260822T081428Z,2026-08-22T08:15:43+00:00,hyperplanes_n_features20_n_hyperplanes3_dim_hyperplanes5_seed11,4360508611e0e8963c01cd3994e98f0e069bb3b004ae6b18c71eecbf920853d1,2bf856a6c49a9c38010e4b719cd3d58e50f10d0c5c7048ed32accf1d9872633f,E,,,linear,0,,6,1,,,pennylane,,,,0,test_full,1200,test,0.7658333333333334,0.8844765844815891,0.7657863279505401,0.760952353477478,0.0,0.0348975145793595,0.0189641002975176,40,10,25.914057791000232,unknown,56488e26fdba,0.1,0.001 0.003 0.01 0.03 0.1,0.0380555555555555,30,300,1.0,,,True,0.7516666666666667,1e-06
a7_20260822T081428Z,2026-08-22T08:15:43+00:00,hyperplanes_n_features20_n_hyperplanes3_dim_hyperplanes5_seed11,4360508611e0e8963c01cd3994e98f0e069bb3b004ae6b18c71eecbf920853d1,2bf856a6c49a9c38010e4b719cd3d58e50f10d0c5c7048ed32accf1d9872633f,E,,,linear,0,,6,1,,,pennylane,,,,0,val_full,600,val,0.75,0.864056509930592,0.7469379491851402,0.760952353477478,0.0,0.0348975145793595,0.0189641002975176,40,10,25.914057791000232,unknown,56488e26fdba,0.1,0.001 0.003 0.01 0.03 0.1,0.0380555555555555,30,300,1.0,,,True,0.7383333333333333,1e-06
a7_20260822T081428Z,2026-08-22T08:15:45+00:00,hyperplanes_n_features20_n_hyperplanes3_dim_hyperplanes5_seed11,4360508611e0e8963c01cd3994e98f0e069bb3b004ae6b18c71eecbf920853d1,2bf856a6c49a9c38010e4b719cd3d58e50f10d0c5c7048ed32accf1d9872633f,E,,,h2,0,,15,1,,,pennylane,,,,0,test_full,1200,test,0.8008333333333333,0.8836480610327071,0.7991145068324182,0.8014285564422607,0.0,0.0172659564382003,0.1197785343363322,73,43,1.8306466109934263,unknown,56488e26fdba,0.1,0.001 0.003 0.01 0.03 0.1,0.0380555555555555,30,300,1.0,,,True,0.7516666666666667,1e-06
a7_20260822T081428Z,2026-08-22T08:15:45+00:00,hyperplanes_n_features20_n_hyperplanes3_dim_hyperplanes5_seed11,4360508611e0e8963c01cd3994e98f0e069bb3b004ae6b18c71eecbf920853d1,2bf856a6c49a9c38010e4b719cd3d58e50f10d0c5c7048ed32accf1d9872633f,E,,,h2,0,,15,1,,,pennylane,,,,0,val_full,600,val,0.7933333333333333,0.8634417856065094,0.785018319675447,0.8014285564422607,0.0,0.0172659564382003,0.1197785343363322,73,43,1.8306466109934263,unknown,56488e26fdba,0.1,0.001 0.003 0.01 0.03 0.1,0.0380555555555555,30,300,1.0,,,True,0.7383333333333333,1e-06
a7_20260822T081428Z,2026-08-22T08:15:47+00:00,hyperplanes_n_features20_n_hyperplanes3_dim_hyperplanes5_seed11,4360508611e0e8963c01cd3994e98f0e069bb3b004ae6b18c71eecbf920853d1,2bf856a6c49a9c38010e4b719cd3d58e50f10d0c5c7048ed32accf1d9872633f,E,,,h4,0,,29,1,,,pennylane,,,,0,test_full,1200,test,0.9333333333333332,0.981657102503364,0.9333266659999332,0.9361904859542848,0.0,0.0102314002254481,0.0638955025472657,67,37,1.720917118000216,unknown,56488e26fdba,0.1,0.001 0.003 0.01 0.03 0.1,0.0380555555555555,30,300,1.0,,,True,0.7516666666666667,1e-06
a7_20260822T081428Z,2026-08-22T08:15:47+00:00,hyperplanes_n_features20_n_hyperplanes3_dim_hyperplanes5_seed11,4360508611e0e8963c01cd3994e98f0e069bb3b004ae6b18c71eecbf920853d1,2bf856a6c49a9c38010e4b719cd3d58e50f10d0c5c7048ed32accf1d9872633f,E,,,h4,0,,29,1,,,pennylane,,,,0,val_full,600,val,0.9516666666666668,0.98063059538845,0.9513682568874008,0.9361904859542848,0.0,0.0102314002254481,0.0638955025472657,67,37,1.720917118000216,unknown,56488e26fdba,0.1,0.001 0.003 0.01 0.03 0.1,0.0380555555555555,30,300,1.0,,,True,0.7383333333333333,1e-06
a7_20260822T081428Z,2026-08-22T08:15:49+00:00,hyperplanes_n_features20_n_hyperplanes3_dim_hyperplanes5_seed11,4360508611e0e8963c01cd3994e98f0e069bb3b004ae6b18c71eecbf920853d1,2bf856a6c49a9c38010e4b719cd3d58e50f10d0c5c7048ed32accf1d9872633f,E,,,h42,0,,295,1,,,pennylane,,,,0,test_full,1200,test,0.9766666666666668,0.997027880648139,0.9766432450318236,0.9861904978752136,0.0,0.0062999799383802,0.0051605525710557,97,67,2.534273484998266,unknown,56488e26fdba,0.03,0.001 0.003 0.01 0.03 0.1,0.0380555555555555,30,300,1.0,,,True,0.7516666666666667,1e-06
a7_20260822T081428Z,2026-08-22T08:15:49+00:00,hyperplanes_n_features20_n_hyperplanes3_dim_hyperplanes5_seed11,4360508611e0e8963c01cd3994e98f0e069bb3b004ae6b18c71eecbf920853d1,2bf856a6c49a9c38010e4b719cd3d58e50f10d0c5c7048ed32accf1d9872633f,E,,,h42,0,,295,1,,,pennylane,,,,0,val_full,600,val,0.9816666666666668,0.997585809927239,0.9815629583071444,0.9861904978752136,0.0,0.0062999799383802,0.0051605525710557,97,67,2.534273484998266,unknown,56488e26fdba,0.03,0.001 0.003 0.01 0.03 0.1,0.0380555555555555,30,300,1.0,,,True,0.7383333333333333,1e-06
a7_20260822T081428Z,2026-08-22T08:15:44+00:00,hyperplanes_n_features20_n_hyperplanes3_dim_hyperplanes5_seed11,4360508611e0e8963c01cd3994e98f0e069bb3b004ae6b18c71eecbf920853d1,2bf856a6c49a9c38010e4b719cd3d58e50f10d0c5c7048ed32accf1d9872633f,E,,,linear,0,,6,3,,,pennylane,,,,0,test_full,1200,test,0.7791666666666667,0.884446001401261,0.7789786450278883,0.7678571343421936,0.0,0.0799366891137013,0.0534191700588452,59,29,26.25379035300284,unknown,56488e26fdba,0.1,0.001 0.003 0.01 0.03 0.1,0.0380555555555555,30,300,1.0,,,True,0.7516666666666667,1e-06
a7_20260822T081428Z,2026-08-22T08:15:44+00:00,hyperplanes_n_features20_n_hyperplanes3_dim_hyperplanes5_seed11,4360508611e0e8963c01cd3994e98f0e069bb3b004ae6b18c71eecbf920853d1,2bf856a6c49a9c38010e4b719cd3d58e50f10d0c5c7048ed32accf1d9872633f,E,,,linear,0,,6,3,,,pennylane,,,,0,val_full,600,val,0.7583333333333333,0.8643694604955795,0.7549012702875544,0.7678571343421936,0.0,0.0799366891137013,0.0534191700588452,59,29,26.25379035300284,unknown,56488e26fdba,0.1,0.001 0.003 0.01 0.03 0.1,0.0380555555555555,30,300,1.0,,,True,0.7383333333333333,1e-06
a7_20260822T081428Z,2026-08-22T08:15:45+00:00,hyperplanes_n_features20_n_hyperplanes3_dim_hyperplanes5_seed11,4360508611e0e8963c01cd3994e98f0e069bb3b004ae6b18c71eecbf920853d1,2bf856a6c49a9c38010e4b719cd3d58e50f10d0c5c7048ed32accf1d9872633f,E,,,h2,0,,15,3,,,pennylane,,,,0,test_full,1200,test,0.8025,0.8838649228750319,0.8000437316451887,0.8019047379493713,0.0,0.0271332123986135,0.11676443972864,59,29,1.4574773740023377,unknown,56488e26fdba,0.1,0.001 0.003 0.01 0.03 0.1,0.0380555555555555,30,300,1.0,,,True,0.7516666666666667,1e-06
a7_20260822T081428Z,2026-08-22T08:15:45+00:00,hyperplanes_n_features20_n_hyperplanes3_dim_hyperplanes5_seed11,4360508611e0e8963c01cd3994e98f0e069bb3b004ae6b18c71eecbf920853d1,2bf856a6c49a9c38010e4b719cd3d58e50f10d0c5c7048ed32accf1d9872633f,E,,,h2,0,,15,3,,,pennylane,,,,0,val_full,600,val,0.785,0.8628717685059963,0.7745799585856203,0.8019047379493713,0.0,0.0271332123986135,0.11676443972864,59,29,1.4574773740023377,unknown,56488e26fdba,0.1,0.001 0.003 0.01 0.03 0.1,0.0380555555555555,30,300,1.0,,,True,0.7383333333333333,1e-06
a7_20260822T081428Z,2026-08-22T08:15:47+00:00,hyperplanes_n_features20_n_hyperplanes3_dim_hyperplanes5_seed11,4360508611e0e8963c01cd3994e98f0e069bb3b004ae6b18c71eecbf920853d1,2bf856a6c49a9c38010e4b719cd3d58e50f10d0c5c7048ed32accf1d9872633f,E,,,h4,0,,29,3,,,pennylane,,,,0,test_full,1200,test,0.8666666666666667,0.9502941536271532,0.8666574067643587,0.8738095164299011,0.0,0.0134470450253748,0.0405954938254892,84,54,2.1047777560015675,unknown,56488e26fdba,0.1,0.001 0.003 0.01 0.03 0.1,0.0380555555555555,30,300,1.0,,,True,0.7516666666666667,1e-06
a7_20260822T081428Z,2026-08-22T08:15:47+00:00,hyperplanes_n_features20_n_hyperplanes3_dim_hyperplanes5_seed11,4360508611e0e8963c01cd3994e98f0e069bb3b004ae6b18c71eecbf920853d1,2bf856a6c49a9c38010e4b719cd3d58e50f10d0c5c7048ed32accf1d9872633f,E,,,h4,0,,29,3,,,pennylane,,,,0,val_full,600,val,0.855,0.9407573403672698,0.8541797611565054,0.8738095164299011,0.0,0.0134470450253748,0.0405954938254892,84,54,2.1047777560015675,unknown,56488e26fdba,0.1,0.001 0.003 0.01 0.03 0.1,0.0380555555555555,30,300,1.0,,,True,0.7383333333333333,1e-06
a7_20260822T081428Z,2026-08-22T08:15:50+00:00,hyperplanes_n_features20_n_hyperplanes3_dim_hyperplanes5_seed11,4360508611e0e8963c01cd3994e98f0e069bb3b004ae6b18c71eecbf920853d1,2bf856a6c49a9c38010e4b719cd3d58e50f10d0c5c7048ed32accf1d9872633f,E,,,h42,0,,295,3,,,pennylane,,,,0,test_full,1200,test,0.9741666666666666,0.9969027680467976,0.9741393513565372,0.9885714054107666,0.0,0.0102333801587637,0.0128213789450938,89,59,2.2989176900009625,unknown,56488e26fdba,0.03,0.001 0.003 0.01 0.03 0.1,0.0380555555555555,30,300,1.0,,,True,0.7516666666666667,1e-06
a7_20260822T081428Z,2026-08-22T08:15:50+00:00,hyperplanes_n_features20_n_hyperplanes3_dim_hyperplanes5_seed11,4360508611e0e8963c01cd3994e98f0e069bb3b004ae6b18c71eecbf920853d1,2bf856a6c49a9c38010e4b719cd3d58e50f10d0c5c7048ed32accf1d9872633f,E,,,h42,0,,295,3,,,pennylane,,,,0,val_full,600,val,0.9816666666666668,0.9970493232444032,0.9815435725491404,0.9885714054107666,0.0,0.0102333801587637,0.0128213789450938,89,59,2.2989176900009625,unknown,56488e26fdba,0.03,0.001 0.003 0.01 0.03 0.1,0.0380555555555555,30,300,1.0,,,True,0.7383333333333333,1e-06
a7_20260822T081428Z,2026-08-22T08:15:43+00:00,hyperplanes_n_features20_n_hyperplanes3_dim_hyperplanes5_seed11,4360508611e0e8963c01cd3994e98f0e069bb3b004ae6b18c71eecbf920853d1,2bf856a6c49a9c38010e4b719cd3d58e50f10d0c5c7048ed32accf1d9872633f,E,,,linear,0,,6,2,,,pennylane,,,,0,test_full,1200,test,0.7708333333333334,0.8833255485492499,0.7707631295417554,0.7621428370475769,0.0,0.0291632652281155,0.0138931382647239,40,10,25.97075545899861,unknown,56488e26fdba,0.1,0.001 0.003 0.01 0.03 0.1,0.0380555555555555,30,300,1.0,,,True,0.7516666666666667,1e-06
a7_20260822T081428Z,2026-08-22T08:15:43+00:00,hyperplanes_n_features20_n_hyperplanes3_dim_hyperplanes5_seed11,4360508611e0e8963c01cd3994e98f0e069bb3b004ae6b18c71eecbf920853d1,2bf856a6c49a9c38010e4b719cd3d58e50f10d0c5c7048ed32accf1d9872633f,E,,,linear,0,,6,2,,,pennylane,,,,0,val_full,600,val,0.7516666666666667,0.8628494148942115,0.7485309877894073,0.7621428370475769,0.0,0.0291632652281155,0.0138931382647239,40,10,25.97075545899861,unknown,56488e26fdba,0.1,0.001 0.003 0.01 0.03 0.1,0.0380555555555555,30,300,1.0,,,True,0.7383333333333333,1e-06
a7_20260822T081428Z,2026-08-22T08:15:46+00:00,hyperplanes_n_features20_n_hyperplanes3_dim_hyperplanes5_seed11,4360508611e0e8963c01cd3994e98f0e069bb3b004ae6b18c71eecbf920853d1,2bf856a6c49a9c38010e4b719cd3d58e50f10d0c5c7048ed32accf1d9872633f,E,,,h2,0,,15,2,,,pennylane,,,,0,test_full,1200,test,0.7975,0.8832977457489518,0.7964788609516498,0.7892857193946838,0.0,0.0137631289942391,0.0388975306739011,95,65,2.3953673399955733,unknown,56488e26fdba,0.1,0.001 0.003 0.01 0.03 0.1,0.0380555555555555,30,300,1.0,,,True,0.7516666666666667,1e-06
a7_20260822T081428Z,2026-08-22T08:15:46+00:00,hyperplanes_n_features20_n_hyperplanes3_dim_hyperplanes5_seed11,4360508611e0e8963c01cd3994e98f0e069bb3b004ae6b18c71eecbf920853d1,2bf856a6c49a9c38010e4b719cd3d58e50f10d0c5c7048ed32accf1d9872633f,E,,,h2,0,,15,2,,,pennylane,,,,0,val_full,600,val,0.7783333333333333,0.8634417856065093,0.7723843452912368,0.7892857193946838,0.0,0.0137631289942391,0.0388975306739011,95,65,2.3953673399955733,unknown,56488e26fdba,0.1,0.001 0.003 0.01 0.03 0.1,0.0380555555555555,30,300,1.0,,,True,0.7383333333333333,1e-06
a7_20260822T081428Z,2026-08-22T08:15:47+00:00,hyperplanes_n_features20_n_hyperplanes3_dim_hyperplanes5_seed11,4360508611e0e8963c01cd3994e98f0e069bb3b004ae6b18c71eecbf920853d1,2bf856a6c49a9c38010e4b719cd3d58e50f10d0c5c7048ed32accf1d9872633f,E,,,h4,0,,29,2,,,pennylane,,,,0,test_full,1200,test,0.8283333333333334,0.9164136611839544,0.8282111723892546,0.8299999833106995,0.0,0.0066371790318674,0.0613264466369609,49,19,1.2352638379961718,unknown,56488e26fdba,0.1,0.001 0.003 0.01 0.03 0.1,0.0380555555555555,30,300,1.0,,,True,0.7516666666666667,1e-06
a7_20260822T081428Z,2026-08-22T08:15:47+00:00,hyperplanes_n_features20_n_hyperplanes3_dim_hyperplanes5_seed11,4360508611e0e8963c01cd3994e98f0e069bb3b004ae6b18c71eecbf920853d1,2bf856a6c49a9c38010e4b719cd3d58e50f10d0c5c7048ed32accf1d9872633f,E,,,h4,0,,29,2,,,pennylane,,,,0,val_full,600,val,0.8266666666666667,0.8924847157179421,0.8221127531472359,0.8299999833106995,0.0,0.0066371790318674,0.0613264466369609,49,19,1.2352638379961718,unknown,56488e26fdba,0.1,0.001 0.003 0.01 0.03 0.1,0.0380555555555555,30,300,1.0,,,True,0.7383333333333333,1e-06
a7_20260822T081428Z,2026-08-22T08:15:50+00:00,hyperplanes_n_features20_n_hyperplanes3_dim_hyperplanes5_seed11,4360508611e0e8963c01cd3994e98f0e069bb3b004ae6b18c71eecbf920853d1,2bf856a6c49a9c38010e4b719cd3d58e50f10d0c5c7048ed32accf1d9872633f,E,,,h42,0,,295,2,,,pennylane,,,,0,test_full,1200,test,0.9791666666666666,0.9977340717757092,0.9791544923111344,0.991190493106842,0.0,0.0048479746818094,0.0431967906434812,107,77,2.8083020180056337,unknown,56488e26fdba,0.03,0.001 0.003 0.01 0.03 0.1,0.0380555555555555,30,300,1.0,,,True,0.7516666666666667,1e-06
a7_20260822T081428Z,2026-08-22T08:15:50+00:00,hyperplanes_n_features20_n_hyperplanes3_dim_hyperplanes5_seed11,4360508611e0e8963c01cd3994e98f0e069bb3b004ae6b18c71eecbf920853d1,2bf856a6c49a9c38010e4b719cd3d58e50f10d0c5c7048ed32accf1d9872633f,E,,,h42,0,,295,2,,,pennylane,,,,0,val_full,600,val,0.9816666666666668,0.9967587262912004,0.9815534767503934,0.991190493106842,0.0,0.0048479746818094,0.0431967906434812,107,77,2.8083020180056337,unknown,56488e26fdba,0.03,0.001 0.003 0.01 0.03 0.1,0.0380555555555555,30,300,1.0,,,True,0.7383333333333333,1e-06
a7_20260822T081428Z,2026-08-22T08:15:50+00:00,hyperplanes_n_features20_n_hyperplanes3_dim_hyperplanes5_seed11,4360508611e0e8963c01cd3994e98f0e069bb3b004ae6b18c71eecbf920853d1,2bf856a6c49a9c38010e4b719cd3d58e50f10d0c5c7048ed32accf1d9872633f,D_best,,2.0,linear,3072,,513,4,0x919c9577afb001d0,RFF-int-spectrum-U0-2pi,pennylane,,,,0,test_full,1200,test,0.8041666666666667,0.9198556478608524,0.804106674335682,0.814047634601593,0.0,0.0646946788356148,0.0330099522229563,68,38,1.6116686739987929,unknown,56488e26fdba,0.01,0.001 0.003 0.01 0.03,0.0380555555555555,30,300,1.0,512.0,0x919c9577afb001d0,True,0.8183333333333334,1e-06
a7_20260822T081428Z,2026-08-22T08:15:50+00:00,hyperplanes_n_features20_n_hyperplanes3_dim_hyperplanes5_seed11,4360508611e0e8963c01cd3994e98f0e069bb3b004ae6b18c71eecbf920853d1,2bf856a6c49a9c38010e4b719cd3d58e50f10d0c5c7048ed32accf1d9872633f,D_best,,2.0,linear,3072,,513,4,0x919c9577afb001d0,RFF-int-spectrum-U0-2pi,pennylane,,,,0,val_full,600,val,0.8183333333333334,0.9022700092767488,0.8166788600452416,0.814047634601593,0.0,0.0646946788356148,0.0330099522229563,68,38,1.6116686739987929,unknown,56488e26fdba,0.01,0.001 0.003 0.01 0.03,0.0380555555555555,30,300,1.0,512.0,0x919c9577afb001d0,True,0.8183333333333334,1e-06
a7_20260822T081428Z,2026-08-22T08:15:46+00:00,hyperplanes_n_features20_n_hyperplanes3_dim_hyperplanes5_seed11,4360508611e0e8963c01cd3994e98f0e069bb3b004ae6b18c71eecbf920853d1,2bf856a6c49a9c38010e4b719cd3d58e50f10d0c5c7048ed32accf1d9872633f,B,L1,2.0,linear,35,35.0,6,4,0xc975238400fc39ed,U0-2pi,pennylane,,,,0,test_full,1200,test,0.7941666666666667,0.8961009352862019,0.7939707958468849,0.795714259147644,0.0,0.0435883225552634,0.0049461120528567,92,62,15.611135262995958,unknown,56488e26fdba,0.03,0.001 0.003 0.01 0.03,0.0380555555555555,30,300,1.0,,,True,0.7841666666666667,1e-06
a7_20260822T081428Z,2026-08-22T08:15:46+00:00,hyperplanes_n_features20_n_hyperplanes3_dim_hyperplanes5_seed11,4360508611e0e8963c01cd3994e98f0e069bb3b004ae6b18c71eecbf920853d1,2bf856a6c49a9c38010e4b719cd3d58e50f10d0c5c7048ed32accf1d9872633f,B,L1,2.0,linear,35,35.0,6,4,0xc975238400fc39ed,U0-2pi,pennylane,,,,0,val_full,600,val,0.7966666666666666,0.8820288138055907,0.7917709708251786,0.795714259147644,0.0,0.0435883225552634,0.0049461120528567,92,62,15.611135262995958,unknown,56488e26fdba,0.03,0.001 0.003 0.01 0.03,0.0380555555555555,30,300,1.0,,,True,0.7783333333333333,1e-06
a7_20260822T081428Z,2026-08-22T08:15:48+00:00,hyperplanes_n_features20_n_hyperplanes3_dim_hyperplanes5_seed11,4360508611e0e8963c01cd3994e98f0e069bb3b004ae6b18c71eecbf920853d1,2bf856a6c49a9c38010e4b719cd3d58e50f10d0c5c7048ed32accf1d9872633f,B,L1,2.0,h2,35,35.0,15,4,0xc975238400fc39ed,U0-2pi,pennylane,,,,0,test_full,1200,test,0.8,0.9068272556411882,0.7997056786221977,0.7959523797035217,0.0,0.0045432316482164,0.0861562292027399,74,44,1.855851120999432,unknown,56488e26fdba,0.03,0.001 0.003 0.01 0.03,0.0380555555555555,30,300,1.0,,,True,0.7841666666666667,1e-06
a7_20260822T081428Z,2026-08-22T08:15:48+00:00,hyperplanes_n_features20_n_hyperplanes3_dim_hyperplanes5_seed11,4360508611e0e8963c01cd3994e98f0e069bb3b004ae6b18c71eecbf920853d1,2bf856a6c49a9c38010e4b719cd3d58e50f10d0c5c7048ed32accf1d9872633f,B,L1,2.0,h2,35,35.0,15,4,0xc975238400fc39ed,U0-2pi,pennylane,,,,0,val_full,600,val,0.8033333333333333,0.8925685417621352,0.798384800264264,0.7959523797035217,0.0,0.0045432316482164,0.0861562292027399,74,44,1.855851120999432,unknown,56488e26fdba,0.03,0.001 0.003 0.01 0.03,0.0380555555555555,30,300,1.0,,,True,0.7783333333333333,1e-06
a7_20260822T081428Z,2026-08-22T08:15:49+00:00,hyperplanes_n_features20_n_hyperplanes3_dim_hyperplanes5_seed11,4360508611e0e8963c01cd3994e98f0e069bb3b004ae6b18c71eecbf920853d1,2bf856a6c49a9c38010e4b719cd3d58e50f10d0c5c7048ed32accf1d9872633f,B,L1,2.0,h4,35,35.0,29,4,0xc975238400fc39ed,U0-2pi,pennylane,,,,0,test_full,1200,test,0.8125,0.904425093695437,0.8115092454715096,0.8102381229400635,0.0,0.0054542879261166,0.0504695554261046,49,19,1.2556302109878743,unknown,56488e26fdba,0.03,0.001 0.003 0.01 0.03,0.0380555555555555,30,300,1.0,,,True,0.7841666666666667,1e-06
a7_20260822T081428Z,2026-08-22T08:15:49+00:00,hyperplanes_n_features20_n_hyperplanes3_dim_hyperplanes5_seed11,4360508611e0e8963c01cd3994e98f0e069bb3b004ae6b18c71eecbf920853d1,2bf856a6c49a9c38010e4b719cd3d58e50f10d0c5c7048ed32accf1d9872633f,B,L1,2.0,h4,35,35.0,29,4,0xc975238400fc39ed,U0-2pi,pennylane,,,,0,val_full,600,val,0.8016666666666666,0.8910261425489824,0.7938269359044328,0.8102381229400635,0.0,0.0054542879261166,0.0504695554261046,49,19,1.2556302109878743,unknown,56488e26fdba,0.03,0.001 0.003 0.01 0.03,0.0380555555555555,30,300,1.0,,,True,0.7783333333333333,1e-06
a7_20260822T081428Z,2026-08-22T08:15:51+00:00,hyperplanes_n_features20_n_hyperplanes3_dim_hyperplanes5_seed11,4360508611e0e8963c01cd3994e98f0e069bb3b004ae6b18c71eecbf920853d1,2bf856a6c49a9c38010e4b719cd3d58e50f10d0c5c7048ed32accf1d9872633f,B,L1,2.0,h42,35,35.0,295,4,0xc975238400fc39ed,U0-2pi,pennylane,,,,0,test_full,1200,test,0.82,0.9177259533580222,0.8181200688224677,0.8209523558616638,0.0,0.0081262190611353,0.019768553839343,67,37,1.732797438002308,unknown,56488e26fdba,0.01,0.001 0.003 0.01 0.03,0.0380555555555555,30,300,1.0,,,True,0.7841666666666667,1e-06
a7_20260822T081428Z,2026-08-22T08:15:51+00:00,hyperplanes_n_features20_n_hyperplanes3_dim_hyperplanes5_seed11,4360508611e0e8963c01cd3994e98f0e069bb3b004ae6b18c71eecbf920853d1,2bf856a6c49a9c38010e4b719cd3d58e50f10d0c5c7048ed32accf1d9872633f,B,L1,2.0,h42,35,35.0,295,4,0xc975238400fc39ed,U0-2pi,pennylane,,,,0,val_full,600,val,0.8166666666666667,0.9038571157134712,0.8079251257217359,0.8209523558616638,0.0,0.0081262190611353,0.019768553839343,67,37,1.732797438002308,unknown,56488e26fdba,0.01,0.001 0.003 0.01 0.03,0.0380555555555555,30,300,1.0,,,True,0.7783333333333333,1e-06
a7_20260822T081428Z,2026-08-22T08:15:45+00:00,hyperplanes_n_features20_n_hyperplanes3_dim_hyperplanes5_seed11,4360508611e0e8963c01cd3994e98f0e069bb3b004ae6b18c71eecbf920853d1,2bf856a6c49a9c38010e4b719cd3d58e50f10d0c5c7048ed32accf1d9872633f,B,L2,2.0,linear,35,35.0,6,2,0xedbc28bf50f4bc26,U0-2pi,pennylane,,,,0,test_full,1200,test,0.6466666666666666,0.7086572359568056,0.6454602466727057,0.6554762125015259,0.0,0.010602368032657,0.0493940679835904,38,8,14.730081041998346,unknown,56488e26fdba,0.03,0.001 0.003 0.01 0.03,0.0380555555555555,30,300,1.0,,,True,0.6566666666666666,1.0
a7_20260822T081428Z,2026-08-22T08:15:45+00:00,hyperplanes_n_features20_n_hyperplanes3_dim_hyperplanes5_seed11,4360508611e0e8963c01cd3994e98f0e069bb3b004ae6b18c71eecbf920853d1,2bf856a6c49a9c38010e4b719cd3d58e50f10d0c5c7048ed32accf1d9872633f,B,L2,2.0,linear,35,35.0,6,2,0xedbc28bf50f4bc26,U0-2pi,pennylane,,,,0,val_full,600,val,0.6966666666666667,0.7280906662493993,0.6965823839955543,0.6554762125015259,0.0,0.010602368032657,0.0493940679835904,38,8,14.730081041998346,unknown,56488e26fdba,0.03,0.001 0.003 0.01 0.03,0.0380555555555555,30,300,1.0,,,True,0.6883333333333334,1.0
a7_20260822T081428Z,2026-08-22T08:15:46+00:00,hyperplanes_n_features20_n_hyperplanes3_dim_hyperplanes5_seed11,4360508611e0e8963c01cd3994e98f0e069bb3b004ae6b18c71eecbf920853d1,2bf856a6c49a9c38010e4b719cd3d58e50f10d0c5c7048ed32accf1d9872633f,B,L2,2.0,h2,35,35.0,15,2,0xedbc28bf50f4bc26,U0-2pi,pennylane,,,,0,test_full,1200,test,0.6658333333333334,0.7169063268052358,0.6658312447786132,0.6683333516120911,0.0,0.0068115572347451,0.1187911633100129,38,8,0.9840290900028776,unknown,56488e26fdba,0.03,0.001 0.003 0.01 0.03,0.0380555555555555,30,300,1.0,,,True,0.6566666666666666,1.0
a7_20260822T081428Z,2026-08-22T08:15:46+00:00,hyperplanes_n_features20_n_hyperplanes3_dim_hyperplanes5_seed11,4360508611e0e8963c01cd3994e98f0e069bb3b004ae6b18c71eecbf920853d1,2bf856a6c49a9c38010e4b719cd3d58e50f10d0c5c7048ed32accf1d9872633f,B,L2,2.0,h2,35,35.0,15,2,0xedbc28bf50f4bc26,U0-2pi,pennylane,,,,0,val_full,600,val,0.6966666666666667,0.7247823317052453,0.69517301443741,0.6683333516120911,0.0,0.0068115572347451,0.1187911633100129,38,8,0.9840290900028776,unknown,56488e26fdba,0.03,0.001 0.003 0.01 0.03,0.0380555555555555,30,300,1.0,,,True,0.6883333333333334,1.0
a7_20260822T081428Z,2026-08-22T08:15:48+00:00,hyperplanes_n_features20_n_hyperplanes3_dim_hyperplanes5_seed11,4360508611e0e8963c01cd3994e98f0e069bb3b004ae6b18c71eecbf920853d1,2bf856a6c49a9c38010e4b719cd3d58e50f10d0c5c7048ed32accf1d9872633f,B,L2,2.0,h4,35,35.0,29,2,0xedbc28bf50f4bc26,U0-2pi,pennylane,,,,0,test_full,1200,test,0.7041666666666667,0.7701361781158599,0.6994070698610428,0.7126190662384033,0.0,0.0041070743572896,0.1322074020136961,71,41,1.7906869790022029,unknown,56488e26fdba,0.03,0.001 0.003 0.01 0.03,0.0380555555555555,30,300,1.0,,,True,0.6566666666666666,1.0
a7_20260822T081428Z,2026-08-22T08:15:48+00:00,hyperplanes_n_features20_n_hyperplanes3_dim_hyperplanes5_seed11,4360508611e0e8963c01cd3994e98f0e069bb3b004ae6b18c71eecbf920853d1,2bf856a6c49a9c38010e4b719cd3d58e50f10d0c5c7048ed32accf1d9872633f,B,L2,2.0,h4,35,35.0,29,2,0xedbc28bf50f4bc26,U0-2pi,pennylane,,,,0,val_full,600,val,0.7233333333333334,0.7850141386594539,0.7233333333333334,0.7126190662384033,0.0,0.0041070743572896,0.1322074020136961,71,41,1.7906869790022029,unknown,56488e26fdba,0.03,0.001 0.003 0.01 0.03,0.0380555555555555,30,300,1.0,,,True,0.6883333333333334,1.0
a7_20260822T081428Z,2026-08-22T08:15:51+00:00,hyperplanes_n_features20_n_hyperplanes3_dim_hyperplanes5_seed11,4360508611e0e8963c01cd3994e98f0e069bb3b004ae6b18c71eecbf920853d1,2bf856a6c49a9c38010e4b719cd3d58e50f10d0c5c7048ed32accf1d9872633f,B,L2,2.0,h42,35,35.0,295,2,0xedbc28bf50f4bc26,U0-2pi,pennylane,,,,0,test_full,1200,test,0.7883333333333333,0.88161567633092,0.788248632786448,0.8030952215194702,0.0,0.0082335027232366,0.1045268875525522,140,110,3.668586530999164,unknown,56488e26fdba,0.01,0.001 0.003 0.01 0.03,0.0380555555555555,30,300,1.0,,,True,0.6566666666666666,1.0
a7_20260822T081428Z,2026-08-22T08:15:51+00:00,hyperplanes_n_features20_n_hyperplanes3_dim_hyperplanes5_seed11,4360508611e0e8963c01cd3994e98f0e069bb3b004ae6b18c71eecbf920853d1,2bf856a6c49a9c38010e4b719cd3d58e50f10d0c5c7048ed32accf1d9872633f,B,L2,2.0,h42,35,35.0,295,2,0xedbc28bf50f4bc26,U0-2pi,pennylane,,,,0,val_full,600,val,0.8,0.8718467436376033,0.7978413953436134,0.8030952215194702,0.0,0.0082335027232366,0.1045268875525522,140,110,3.668586530999164,unknown,56488e26fdba,0.01,0.001 0.003 0.01 0.03,0.0380555555555555,30,300,1.0,,,True,0.6883333333333334,1.0
a7_20260822T081428Z,2026-08-22T08:15:45+00:00,hyperplanes_n_features20_n_hyperplanes3_dim_hyperplanes5_seed11,4360508611e0e8963c01cd3994e98f0e069bb3b004ae6b18c71eecbf920853d1,2bf856a6c49a9c38010e4b719cd3d58e50f10d0c5c7048ed32accf1d9872633f,B,L2,2.0,linear,35,35.0,6,3,0xdec7e07515164a44,U0-2pi,pennylane,,,,0,test_full,1200,test,0.7558333333333334,0.8571936965491165,0.7553193340176412,0.75,0.0,0.0604644664490416,0.0278759631942402,65,35,15.02193962399906,unknown,56488e26fdba,0.03,0.001 0.003 0.01 0.03,0.0380555555555555,30,300,1.0,,,True,0.7541666666666667,1.0
a7_20260822T081428Z,2026-08-22T08:15:45+00:00,hyperplanes_n_features20_n_hyperplanes3_dim_hyperplanes5_seed11,4360508611e0e8963c01cd3994e98f0e069bb3b004ae6b18c71eecbf920853d1,2bf856a6c49a9c38010e4b719cd3d58e50f10d0c5c7048ed32accf1d9872633f,B,L2,2.0,linear,35,35.0,6,3,0xdec7e07515164a44,U0-2pi,pennylane,,,,0,val_full,600,val,0.7433333333333333,0.82396530719451,0.7391481096707169,0.75,0.0,0.0604644664490416,0.0278759631942402,65,35,15.02193962399906,unknown,56488e26fdba,0.03,0.001 0.003 0.01 0.03,0.0380555555555555,30,300,1.0,,,True,0.7383333333333333,1.0
a7_20260822T081428Z,2026-08-22T08:15:47+00:00,hyperplanes_n_features20_n_hyperplanes3_dim_hyperplanes5_seed11,4360508611e0e8963c01cd3994e98f0e069bb3b004ae6b18c71eecbf920853d1,2bf856a6c49a9c38010e4b719cd3d58e50f10d0c5c7048ed32accf1d9872633f,B,L2,2.0,h2,35,35.0,15,3,0xdec7e07515164a44,U0-2pi,pennylane,,,,0,test_full,1200,test,0.7558333333333334,0.8586060788042572,0.7549755776994326,0.7516666650772095,0.0,0.0252077833459684,0.1169524205890984,71,41,1.773582763999002,unknown,56488e26fdba,0.03,0.001 0.003 0.01 0.03,0.0380555555555555,30,300,1.0,,,True,0.7541666666666667,1.0
a7_20260822T081428Z,2026-08-22T08:15:47+00:00,hyperplanes_n_features20_n_hyperplanes3_dim_hyperplanes5_seed11,4360508611e0e8963c01cd3994e98f0e069bb3b004ae6b18c71eecbf920853d1,2bf856a6c49a9c38010e4b719cd3d58e50f10d0c5c7048ed32accf1d9872633f,B,L2,2.0,h2,35,35.0,15,3,0xdec7e07515164a44,U0-2pi,pennylane,,,,0,val_full,600,val,0.7583333333333333,0.8229817482759778,0.7521190968017665,0.7516666650772095,0.0,0.0252077833459684,0.1169524205890984,71,41,1.773582763999002,unknown,56488e26fdba,0.03,0.001 0.003 0.01 0.03,0.0380555555555555,30,300,1.0,,,True,0.7383333333333333,1.0
a7_20260822T081428Z,2026-08-22T08:15:48+00:00,hyperplanes_n_features20_n_hyperplanes3_dim_hyperplanes5_seed11,4360508611e0e8963c01cd3994e98f0e069bb3b004ae6b18c71eecbf920853d1,2bf856a6c49a9c38010e4b719cd3d58e50f10d0c5c7048ed32accf1d9872633f,B,L2,2.0,h4,35,35.0,29,3,0xdec7e07515164a44,U0-2pi,pennylane,,,,0,test_full,1200,test,0.7708333333333334,0.8648867313915858,0.7699346405228757,0.7659524083137512,0.0,0.0122925949496292,0.0823511971203003,49,19,1.251477320009144,unknown,56488e26fdba,0.03,0.001 0.003 0.01 0.03,0.0380555555555555,30,300,1.0,,,True,0.7541666666666667,1.0
a7_20260822T081428Z,2026-08-22T08:15:48+00:00,hyperplanes_n_features20_n_hyperplanes3_dim_hyperplanes5_seed11,4360508611e0e8963c01cd3994e98f0e069bb3b004ae6b18c71eecbf920853d1,2bf856a6c49a9c38010e4b719cd3d58e50f10d0c5c7048ed32accf1d9872633f,B,L2,2.0,h4,35,35.0,29,3,0xdec7e07515164a44,U0-2pi,pennylane,,,,0,val_full,600,val,0.7683333333333333,0.8399928468442288,0.7626305318613011,0.7659524083137512,0.0,0.0122925949496292,0.0823511971203003,49,19,1.251477320009144,unknown,56488e26fdba,0.03,0.001 0.003 0.01 0.03,0.0380555555555555,30,300,1.0,,,True,0.7383333333333333,1.0
a7_20260822T081428Z,2026-08-22T08:15:51+00:00,hyperplanes_n_features20_n_hyperplanes3_dim_hyperplanes5_seed11,4360508611e0e8963c01cd3994e98f0e069bb3b004ae6b18c71eecbf920853d1,2bf856a6c49a9c38010e4b719cd3d58e50f10d0c5c7048ed32accf1d9872633f,B,L2,2.0,h42,35,35.0,295,3,0xdec7e07515164a44,U0-2pi,pennylane,,,,0,test_full,1200,test,0.8283333333333334,0.9161717768213616,0.8282646391890089,0.822857141494751,0.0,0.0089034338641417,0.0587191900106792,115,85,2.969895970003563,unknown,56488e26fdba,0.01,0.001 0.003 0.01 0.03,0.0380555555555555,30,300,1.0,,,True,0.7541666666666667,1.0
a7_20260822T081428Z,2026-08-22T08:15:51+00:00,hyperplanes_n_features20_n_hyperplanes3_dim_hyperplanes5_seed11,4360508611e0e8963c01cd3994e98f0e069bb3b004ae6b18c71eecbf920853d1,2bf856a6c49a9c38010e4b719cd3d58e50f10d0c5c7048ed32accf1d9872633f,B,L2,2.0,h42,35,35.0,295,3,0xdec7e07515164a44,U0-2pi,pennylane,,,,0,val_full,600,val,0.82,0.889036671100133,0.8167420814479638,0.822857141494751,0.0,0.0089034338641417,0.0587191900106792,115,85,2.969895970003563,unknown,56488e26fdba,0.01,0.001 0.003 0.01 0.03,0.0380555555555555,30,300,1.0,,,True,0.7383333333333333,1.0
a7_20260822T081428Z,2026-08-22T08:15:44+00:00,hyperplanes_n_features20_n_hyperplanes3_dim_hyperplanes5_seed11,4360508611e0e8963c01cd3994e98f0e069bb3b004ae6b18c71eecbf920853d1,2bf856a6c49a9c38010e4b719cd3d58e50f10d0c5c7048ed32accf1d9872633f,D_matched,,2.0,linear,30,,6,2,0xd7b676f707d89334,RFF-int-spectrum-U0-2pi,pennylane,,,,0,test_full,1200,test,0.7566666666666667,0.8558925254951679,0.7565523815346649,0.7473809719085693,0.0,0.0866484063070483,0.0843104171614073,77,47,26.639042062990484,unknown,56488e26fdba,0.03,0.001 0.003 0.01 0.03,0.0380555555555555,30,300,1.0,,0xd7b676f707d89334,True,0.7541666666666667,1e-06
a7_20260822T081428Z,2026-08-22T08:15:44+00:00,hyperplanes_n_features20_n_hyperplanes3_dim_hyperplanes5_seed11,4360508611e0e8963c01cd3994e98f0e069bb3b004ae6b18c71eecbf920853d1,2bf856a6c49a9c38010e4b719cd3d58e50f10d0c5c7048ed32accf1d9872633f,D_matched,,2.0,linear,30,,6,2,0xd7b676f707d89334,RFF-int-spectrum-U0-2pi,pennylane,,,,0,val_full,600,val,0.7466666666666667,0.838260441930905,0.7423117349879632,0.7473809719085693,0.0,0.0866484063070483,0.0843104171614073,77,47,26.639042062990484,unknown,56488e26fdba,0.03,0.001 0.003 0.01 0.03,0.0380555555555555,30,300,1.0,,0xd7b676f707d89334,True,0.745,1e-06
a7_20260822T081428Z,2026-08-22T08:15:47+00:00,hyperplanes_n_features20_n_hyperplanes3_dim_hyperplanes5_seed11,4360508611e0e8963c01cd3994e98f0e069bb3b004ae6b18c71eecbf920853d1,2bf856a6c49a9c38010e4b719cd3d58e50f10d0c5c7048ed32accf1d9872633f,D_matched,,2.0,h2,30,,15,2,0xd7b676f707d89334,RFF-int-spectrum-U0-2pi,pennylane,,,,0,test_full,1200,test,0.755,0.8541228772561973,0.7537351564005126,0.7526190280914307,0.0,0.0266621358367071,0.0655003948481867,112,82,2.844449547003024,unknown,56488e26fdba,0.03,0.001 0.003 0.01 0.03,0.0380555555555555,30,300,1.0,,0xd7b676f707d89334,True,0.7541666666666667,1e-06
a7_20260822T081428Z,2026-08-22T08:15:47+00:00,hyperplanes_n_features20_n_hyperplanes3_dim_hyperplanes5_seed11,4360508611e0e8963c01cd3994e98f0e069bb3b004ae6b18c71eecbf920853d1,2bf856a6c49a9c38010e4b719cd3d58e50f10d0c5c7048ed32accf1d9872633f,D_matched,,2.0,h2,30,,15,2,0xd7b676f707d89334,RFF-int-spectrum-U0-2pi,pennylane,,,,0,val_full,600,val,0.7633333333333333,0.8300510780029283,0.7560025659824048,0.7526190280914307,0.0,0.0266621358367071,0.0655003948481867,112,82,2.844449547003024,unknown,56488e26fdba,0.03,0.001 0.003 0.01 0.03,0.0380555555555555,30,300,1.0,,0xd7b676f707d89334,True,0.745,1e-06
a7_20260822T081428Z,2026-08-22T08:15:49+00:00,hyperplanes_n_features20_n_hyperplanes3_dim_hyperplanes5_seed11,4360508611e0e8963c01cd3994e98f0e069bb3b004ae6b18c71eecbf920853d1,2bf856a6c49a9c38010e4b719cd3d58e50f10d0c5c7048ed32accf1d9872633f,D_matched,,2.0,h4,30,,29,2,0xd7b676f707d89334,RFF-int-spectrum-U0-2pi,pennylane,,,,0,test_full,1200,test,0.77,0.8773062422847229,0.7698919770670121,0.7726190686225891,0.0,0.0180672686195296,0.0339085023535539,69,39,1.7729130529914985,unknown,56488e26fdba,0.03,0.001 0.003 0.01 0.03,0.0380555555555555,30,300,1.0,,0xd7b676f707d89334,True,0.7541666666666667,1e-06
a7_20260822T081428Z,2026-08-22T08:15:49+00:00,hyperplanes_n_features20_n_hyperplanes3_dim_hyperplanes5_seed11,4360508611e0e8963c01cd3994e98f0e069bb3b004ae6b18c71eecbf920853d1,2bf856a6c49a9c38010e4b719cd3d58e50f10d0c5c7048ed32accf1d9872633f,D_matched,,2.0,h4,30,,29,2,0xd7b676f707d89334,RFF-int-spectrum-U0-2pi,pennylane,,,,0,val_full,600,val,0.7666666666666667,0.8588592951906204,0.7643097643097643,0.7726190686225891,0.0,0.0180672686195296,0.0339085023535539,69,39,1.7729130529914985,unknown,56488e26fdba,0.03,0.001 0.003 0.01 0.03,0.0380555555555555,30,300,1.0,,0xd7b676f707d89334,True,0.745,1e-06
a7_20260822T081428Z,2026-08-22T08:15:51+00:00,hyperplanes_n_features20_n_hyperplanes3_dim_hyperplanes5_seed11,4360508611e0e8963c01cd3994e98f0e069bb3b004ae6b18c71eecbf920853d1,2bf856a6c49a9c38010e4b719cd3d58e50f10d0c5c7048ed32accf1d9872633f,D_matched,,2.0,h42,30,,295,2,0xd7b676f707d89334,RFF-int-spectrum-U0-2pi,pennylane,,,,0,test_full,1200,test,0.8283333333333334,0.9158548248979638,0.8283214112091117,0.831428587436676,0.0,0.0114899795210505,0.0328680446471476,108,78,2.8253487559995847,unknown,56488e26fdba,0.01,0.001 0.003 0.01 0.03,0.0380555555555555,30,300,1.0,,0xd7b676f707d89334,True,0.7541666666666667,1e-06
a7_20260822T081428Z,2026-08-22T08:15:51+00:00,hyperplanes_n_features20_n_hyperplanes3_dim_hyperplanes5_seed11,4360508611e0e8963c01cd3994e98f0e069bb3b004ae6b18c71eecbf920853d1,2bf856a6c49a9c38010e4b719cd3d58e50f10d0c5c7048ed32accf1d9872633f,D_matched,,2.0,h42,30,,295,2,0xd7b676f707d89334,RFF-int-spectrum-U0-2pi,pennylane,,,,0,val_full,600,val,0.8283333333333334,0.9094566954655698,0.8258953851008144,0.831428587436676,0.0,0.0114899795210505,0.0328680446471476,108,78,2.8253487559995847,unknown,56488e26fdba,0.01,0.001 0.003 0.01 0.03,0.0380555555555555,30,300,1.0,,0xd7b676f707d89334,True,0.745,1e-06
a7_20260822T081428Z,2026-08-22T08:15:45+00:00,hyperplanes_n_features20_n_hyperplanes3_dim_hyperplanes5_seed11,4360508611e0e8963c01cd3994e98f0e069bb3b004ae6b18c71eecbf920853d1,2bf856a6c49a9c38010e4b719cd3d58e50f10d0c5c7048ed32accf1d9872633f,B,L2,2.0,linear,35,35.0,6,1,0x9aed96d53998f1c9,U0-2pi,pennylane,,,,0,test_full,1200,test,0.72,0.7888460725764299,0.719961883700837,0.7157142758369446,0.0,0.0214190578438025,0.0085873604394484,55,25,15.271645524000633,unknown,56488e26fdba,0.03,0.001 0.003 0.01 0.03,0.0380555555555555,30,300,1.0,,,True,0.7191666666666666,1.0
a7_20260822T081428Z,2026-08-22T08:15:45+00:00,hyperplanes_n_features20_n_hyperplanes3_dim_hyperplanes5_seed11,4360508611e0e8963c01cd3994e98f0e069bb3b004ae6b18c71eecbf920853d1,2bf856a6c49a9c38010e4b719cd3d58e50f10d0c5c7048ed32accf1d9872633f,B,L2,2.0,linear,35,35.0,6,1,0x9aed96d53998f1c9,U0-2pi,pennylane,,,,0,val_full,600,val,0.7433333333333333,0.7968168456818411,0.7419455739756021,0.7157142758369446,0.0,0.0214190578438025,0.0085873604394484,55,25,15.271645524000633,unknown,56488e26fdba,0.03,0.001 0.003 0.01 0.03,0.0380555555555555,30,300,1.0,,,True,0.74,1.0
a7_20260822T081428Z,2026-08-22T08:15:47+00:00,hyperplanes_n_features20_n_hyperplanes3_dim_hyperplanes5_seed11,4360508611e0e8963c01cd3994e98f0e069bb3b004ae6b18c71eecbf920853d1,2bf856a6c49a9c38010e4b719cd3d58e50f10d0c5c7048ed32accf1d9872633f,B,L2,2.0,h2,35,35.0,15,1,0x9aed96d53998f1c9,U0-2pi,pennylane,,,,0,test_full,1200,test,0.7533333333333333,0.82768936487283,0.7532894736842105,0.7492856979370117,0.0,0.0076208252783949,0.0445107529084989,86,56,2.1868542160082143,unknown,56488e26fdba,0.03,0.001 0.003 0.01 0.03,0.0380555555555555,30,300,1.0,,,True,0.7191666666666666,1.0
a7_20260822T081428Z,2026-08-22T08:15:47+00:00,hyperplanes_n_features20_n_hyperplanes3_dim_hyperplanes5_seed11,4360508611e0e8963c01cd3994e98f0e069bb3b004ae6b18c71eecbf920853d1,2bf856a6c49a9c38010e4b719cd3d58e50f10d0c5c7048ed32accf1d9872633f,B,L2,2.0,h2,35,35.0,15,1,0x9aed96d53998f1c9,U0-2pi,pennylane,,,,0,val_full,600,val,0.76,0.8250718109778588,0.7578909612625538,0.7492856979370117,0.0,0.0076208252783949,0.0445107529084989,86,56,2.1868542160082143,unknown,56488e26fdba,0.03,0.001 0.003 0.01 0.03,0.0380555555555555,30,300,1.0,,,True,0.74,1.0
a7_20260822T081428Z,2026-08-22T08:15:50+00:00,hyperplanes_n_features20_n_hyperplanes3_dim_hyperplanes5_seed11,4360508611e0e8963c01cd3994e98f0e069bb3b004ae6b18c71eecbf920853d1,2bf856a6c49a9c38010e4b719cd3d58e50f10d0c5c7048ed32accf1d9872633f,B,L2,2.0,h4,35,35.0,29,1,0x9aed96d53998f1c9,U0-2pi,pennylane,,,,0,test_full,1200,test,0.7533333333333333,0.8411139469967415,0.7523399413201843,0.7483333349227905,0.0,0.0085875050856785,0.0595044206413231,111,81,2.836303151998436,unknown,56488e26fdba,0.03,0.001 0.003 0.01 0.03,0.0380555555555555,30,300,1.0,,,True,0.7191666666666666,1.0
a7_20260822T081428Z,2026-08-22T08:15:50+00:00,hyperplanes_n_features20_n_hyperplanes3_dim_hyperplanes5_seed11,4360508611e0e8963c01cd3994e98f0e069bb3b004ae6b18c71eecbf920853d1,2bf856a6c49a9c38010e4b719cd3d58e50f10d0c5c7048ed32accf1d9872633f,B,L2,2.0,h4,35,35.0,29,1,0x9aed96d53998f1c9,U0-2pi,pennylane,,,,0,val_full,600,val,0.7666666666666667,0.8300846084206055,0.7612958226768969,0.7483333349227905,0.0,0.0085875050856785,0.0595044206413231,111,81,2.836303151998436,unknown,56488e26fdba,0.03,0.001 0.003 0.01 0.03,0.0380555555555555,30,300,1.0,,,True,0.74,1.0
a7_20260822T081428Z,2026-08-22T08:15:52+00:00,hyperplanes_n_features20_n_hyperplanes3_dim_hyperplanes5_seed11,4360508611e0e8963c01cd3994e98f0e069bb3b004ae6b18c71eecbf920853d1,2bf856a6c49a9c38010e4b719cd3d58e50f10d0c5c7048ed32accf1d9872633f,B,L2,2.0,h42,35,35.0,295,1,0x9aed96d53998f1c9,U0-2pi,pennylane,,,,0,test_full,1200,test,0.7633333333333333,0.841404486259856,0.7628168010333616,0.7519047856330872,0.0,0.0021381318910657,0.0283613306435383,50,20,1.3193624520063167,unknown,56488e26fdba,0.01,0.001 0.003 0.01 0.03,0.0380555555555555,30,300,1.0,,,True,0.7191666666666666,1.0
a7_20260822T081428Z,2026-08-22T08:15:52+00:00,hyperplanes_n_features20_n_hyperplanes3_dim_hyperplanes5_seed11,4360508611e0e8963c01cd3994e98f0e069bb3b004ae6b18c71eecbf920853d1,2bf856a6c49a9c38010e4b719cd3d58e50f10d0c5c7048ed32accf1d9872633f,B,L2,2.0,h42,35,35.0,295,1,0x9aed96d53998f1c9,U0-2pi,pennylane,,,,0,val_full,600,val,0.77,0.8354550636519097,0.7693439115706899,0.7519047856330872,0.0,0.0021381318910657,0.0283613306435383,50,20,1.3193624520063167,unknown,56488e26fdba,0.01,0.001 0.003 0.01 0.03,0.0380555555555555,30,300,1.0,,,True,0.74,1.0
a7_20260822T081428Z,2026-08-22T08:15:45+00:00,hyperplanes_n_features20_n_hyperplanes3_dim_hyperplanes5_seed11,4360508611e0e8963c01cd3994e98f0e069bb3b004ae6b18c71eecbf920853d1,2bf856a6c49a9c38010e4b719cd3d58e50f10d0c5c7048ed32accf1d9872633f,E,,,linear,0,,6,4,,,pennylane,,,,0,test_full,1200,test,0.7683333333333333,0.883550751231664,0.7683101643497683,0.7628571391105652,0.0,0.0280020253036248,0.0352777675558683,36,6,0.6861629420018289,unknown,56488e26fdba,0.1,0.001 0.003 0.01 0.03 0.1,0.0380555555555555,30,300,1.0,,,True,0.7516666666666667,1e-06
a7_20260822T081428Z,2026-08-22T08:15:45+00:00,hyperplanes_n_features20_n_hyperplanes3_dim_hyperplanes5_seed11,4360508611e0e8963c01cd3994e98f0e069bb3b004ae6b18c71eecbf920853d1,2bf856a6c49a9c38010e4b719cd3d58e50f10d0c5c7048ed32accf1d9872633f,E,,,linear,0,,6,4,,,pennylane,,,,0,val_full,600,val,0.7483333333333333,0.8631288350415218,0.7451555648067149,0.7628571391105652,0.0,0.0280020253036248,0.0352777675558683,36,6,0.6861629420018289,unknown,56488e26fdba,0.1,0.001 0.003 0.01 0.03 0.1,0.0380555555555555,30,300,1.0,,,True,0.7383333333333333,1e-06
a7_20260822T081428Z,2026-08-22T08:15:46+00:00,hyperplanes_n_features20_n_hyperplanes3_dim_hyperplanes5_seed11,4360508611e0e8963c01cd3994e98f0e069bb3b004ae6b18c71eecbf920853d1,2bf856a6c49a9c38010e4b719cd3d58e50f10d0c5c7048ed32accf1d9872633f,E,,,h2,0,,15,4,,,pennylane,,,,0,test_full,1200,test,0.7958333333333333,0.8837898553142274,0.7947545117356438,0.7952380776405334,0.0,0.0038790055718756,0.060221197239783,49,19,1.261888272012584,unknown,56488e26fdba,0.1,0.001 0.003 0.01 0.03 0.1,0.0380555555555555,30,300,1.0,,,True,0.7516666666666667,1e-06
a7_20260822T081428Z,2026-08-22T08:15:46+00:00,hyperplanes_n_features20_n_hyperplanes3_dim_hyperplanes5_seed11,4360508611e0e8963c01cd3994e98f0e069bb3b004ae6b18c71eecbf920853d1,2bf856a6c49a9c38010e4b719cd3d58e50f10d0c5c7048ed32accf1d9872633f,E,,,h2,0,,15,4,,,pennylane,,,,0,val_full,600,val,0.7833333333333333,0.863374724771155,0.7773947191177981,0.7952380776405334,0.0,0.0038790055718756,0.060221197239783,49,19,1.261888272012584,unknown,56488e26fdba,0.1,0.001 0.003 0.01 0.03 0.1,0.0380555555555555,30,300,1.0,,,True,0.7383333333333333,1e-06
a7_20260822T081428Z,2026-08-22T08:15:50+00:00,hyperplanes_n_features20_n_hyperplanes3_dim_hyperplanes5_seed11,4360508611e0e8963c01cd3994e98f0e069bb3b004ae6b18c71eecbf920853d1,2bf856a6c49a9c38010e4b719cd3d58e50f10d0c5c7048ed32accf1d9872633f,E,,,h4,0,,29,4,,,pennylane,,,,0,test_full,1200,test,0.9616666666666668,0.99160355430999,0.9616580397256048,0.965238094329834,0.0,0.0082381903341597,0.2513827572745498,124,94,3.1095887319970643,unknown,56488e26fdba,0.1,0.001 0.003 0.01 0.03 0.1,0.0380555555555555,30,300,1.0,,,True,0.7516666666666667,1e-06
a7_20260822T081428Z,2026-08-22T08:15:50+00:00,hyperplanes_n_features20_n_hyperplanes3_dim_hyperplanes5_seed11,4360508611e0e8963c01cd3994e98f0e069bb3b004ae6b18c71eecbf920853d1,2bf856a6c49a9c38010e4b719cd3d58e50f10d0c5c7048ed32accf1d9872633f,E,,,h4,0,,29,4,,,pennylane,,,,0,val_full,600,val,0.9516666666666668,0.982754188508008,0.9512865665708264,0.965238094329834,0.0,0.0082381903341597,0.2513827572745498,124,94,3.1095887319970643,unknown,56488e26fdba,0.1,0.001 0.003 0.01 0.03 0.1,0.0380555555555555,30,300,1.0,,,True,0.7383333333333333,1e-06
a7_20260822T081428Z,2026-08-22T08:15:54+00:00,hyperplanes_n_features20_n_hyperplanes3_dim_hyperplanes5_seed11,4360508611e0e8963c01cd3994e98f0e069bb3b004ae6b18c71eecbf920853d1,2bf856a6c49a9c38010e4b719cd3d58e50f10d0c5c7048ed32accf1d9872633f,E,,,h42,0,,295,4,,,pennylane,,,,0,test_full,1200,test,0.9833333333333332,0.9983095897418788,0.9833128916255748,0.9897618889808656,0.0,0.00700501678006,0.0097136216872406,153,123,3.978458858007798,unknown,56488e26fdba,0.03,0.001 0.003 0.01 0.03 0.1,0.0380555555555555,30,300,1.0,,,True,0.7516666666666667,1e-06
a7_20260822T081428Z,2026-08-22T08:15:54+00:00,hyperplanes_n_features20_n_hyperplanes3_dim_hyperplanes5_seed11,4360508611e0e8963c01cd3994e98f0e069bb3b004ae6b18c71eecbf920853d1,2bf856a6c49a9c38010e4b719cd3d58e50f10d0c5c7048ed32accf1d9872633f,E,,,h42,0,,295,4,,,pennylane,,,,0,val_full,600,val,0.9866666666666668,0.9979658213275808,0.9865878329291056,0.9897618889808656,0.0,0.00700501678006,0.0097136216872406,153,123,3.978458858007798,unknown,56488e26fdba,0.03,0.001 0.003 0.01 0.03 0.1,0.0380555555555555,30,300,1.0,,,True,0.7383333333333333,1e-06
a7_20260822T081428Z,2026-08-22T08:15:46+00:00,hyperplanes_n_features20_n_hyperplanes3_dim_hyperplanes5_seed11,4360508611e0e8963c01cd3994e98f0e069bb3b004ae6b18c71eecbf920853d1,2bf856a6c49a9c38010e4b719cd3d58e50f10d0c5c7048ed32accf1d9872633f,D_matched,,2.0,linear,30,,6,4,0x80ec42dc400d77f3,RFF-int-spectrum-U0-2pi,pennylane,,,,0,test_full,1200,test,0.6816666666666666,0.7486960486660217,0.6809718943476906,0.6802380681037903,0.0,0.0674443620342817,0.0320131142891508,33,3,0.6242684710014146,unknown,56488e26fdba,0.03,0.001 0.003 0.01 0.03,0.0380555555555555,30,300,1.0,,0x80ec42dc400d77f3,True,0.675,1e-06
a7_20260822T081428Z,2026-08-22T08:15:46+00:00,hyperplanes_n_features20_n_hyperplanes3_dim_hyperplanes5_seed11,4360508611e0e8963c01cd3994e98f0e069bb3b004ae6b18c71eecbf920853d1,2bf856a6c49a9c38010e4b719cd3d58e50f10d0c5c7048ed32accf1d9872633f,D_matched,,2.0,linear,30,,6,4,0x80ec42dc400d77f3,RFF-int-spectrum-U0-2pi,pennylane,,,,0,val_full,600,val,0.7033333333333334,0.7470800594606073,0.7031222202455079,0.6802380681037903,0.0,0.0674443620342817,0.0320131142891508,33,3,0.6242684710014146,unknown,56488e26fdba,0.03,0.001 0.003 0.01 0.03,0.0380555555555555,30,300,1.0,,0x80ec42dc400d77f3,True,0.655,1e-06
a7_20260822T081428Z,2026-08-22T08:15:47+00:00,hyperplanes_n_features20_n_hyperplanes3_dim_hyperplanes5_seed11,4360508611e0e8963c01cd3994e98f0e069bb3b004ae6b18c71eecbf920853d1,2bf856a6c49a9c38010e4b719cd3d58e50f10d0c5c7048ed32accf1d9872633f,D_matched,,2.0,h2,30,,15,4,0x80ec42dc400d77f3,RFF-int-spectrum-U0-2pi,pennylane,,,,0,test_full,1200,test,0.7066666666666667,0.7489935386292107,0.7029627775230584,0.7016666531562805,0.0,0.010315267757091,0.0397639558124696,58,28,1.453898820996983,unknown,56488e26fdba,0.03,0.001 0.003 0.01 0.03,0.0380555555555555,30,300,1.0,,0x80ec42dc400d77f3,True,0.675,1e-06
a7_20260822T081428Z,2026-08-22T08:15:47+00:00,hyperplanes_n_features20_n_hyperplanes3_dim_hyperplanes5_seed11,4360508611e0e8963c01cd3994e98f0e069bb3b004ae6b18c71eecbf920853d1,2bf856a6c49a9c38010e4b719cd3d58e50f10d0c5c7048ed32accf1d9872633f,D_matched,,2.0,h2,30,,15,4,0x80ec42dc400d77f3,RFF-int-spectrum-U0-2pi,pennylane,,,,0,val_full,600,val,0.73,0.7631411295280035,0.7297567811029927,0.7016666531562805,0.0,0.010315267757091,0.0397639558124696,58,28,1.453898820996983,unknown,56488e26fdba,0.03,0.001 0.003 0.01 0.03,0.0380555555555555,30,300,1.0,,0x80ec42dc400d77f3,True,0.655,1e-06
a7_20260822T081428Z,2026-08-22T08:15:50+00:00,hyperplanes_n_features20_n_hyperplanes3_dim_hyperplanes5_seed11,4360508611e0e8963c01cd3994e98f0e069bb3b004ae6b18c71eecbf920853d1,2bf856a6c49a9c38010e4b719cd3d58e50f10d0c5c7048ed32accf1d9872633f,D_matched,,2.0,h4,30,,29,4,0x80ec42dc400d77f3,RFF-int-spectrum-U0-2pi,pennylane,,,,0,test_full,1200,test,0.7191666666666666,0.7979125657536228,0.7185754797404269,0.727142870426178,0.0,0.0086333000985852,0.0399898102755775,98,68,2.51741048200347,unknown,56488e26fdba,0.03,0.001 0.003 0.01 0.03,0.0380555555555555,30,300,1.0,,0x80ec42dc400d77f3,True,0.675,1e-06
a7_20260822T081428Z,2026-08-22T08:15:50+00:00,hyperplanes_n_features20_n_hyperplanes3_dim_hyperplanes5_seed11,4360508611e0e8963c01cd3994e98f0e069bb3b004ae6b18c71eecbf920853d1,2bf856a6c49a9c38010e4b719cd3d58e50f10d0c5c7048ed32accf1d9872633f,D_matched,,2.0,h4,30,,29,4,0x80ec42dc400d77f3,RFF-int-spectrum-U0-2pi,pennylane,,,,0,val_full,600,val,0.745,0.8012316840093439,0.7438037056365976,0.727142870426178,0.0,0.0086333000985852,0.0399898102755775,98,68,2.51741048200347,unknown,56488e26fdba,0.03,0.001 0.003 0.01 0.03,0.0380555555555555,30,300,1.0,,0x80ec42dc400d77f3,True,0.655,1e-06
a7_20260822T081428Z,2026-08-22T08:15:54+00:00,hyperplanes_n_features20_n_hyperplanes3_dim_hyperplanes5_seed11,4360508611e0e8963c01cd3994e98f0e069bb3b004ae6b18c71eecbf920853d1,2bf856a6c49a9c38010e4b719cd3d58e50f10d0c5c7048ed32accf1d9872633f,D_matched,,2.0,h42,30,,295,4,0x80ec42dc400d77f3,RFF-int-spectrum-U0-2pi,pennylane,,,,0,test_full,1200,test,0.7716666666666666,0.865478931037934,0.77162606685633,0.7950000166893005,0.0,0.0109902900620989,0.0303276687914725,146,116,3.8216117359988857,unknown,56488e26fdba,0.01,0.001 0.003 0.01 0.03,0.0380555555555555,30,300,1.0,,0x80ec42dc400d77f3,True,0.675,1e-06
a7_20260822T081428Z,2026-08-22T08:15:54+00:00,hyperplanes_n_features20_n_hyperplanes3_dim_hyperplanes5_seed11,4360508611e0e8963c01cd3994e98f0e069bb3b004ae6b18c71eecbf920853d1,2bf856a6c49a9c38010e4b719cd3d58e50f10d0c5c7048ed32accf1d9872633f,D_matched,,2.0,h42,30,,295,4,0x80ec42dc400d77f3,RFF-int-spectrum-U0-2pi,pennylane,,,,0,val_full,600,val,0.7916666666666666,0.8620223312581731,0.7893441863208541,0.7950000166893005,0.0,0.0109902900620989,0.0303276687914725,146,116,3.8216117359988857,unknown,56488e26fdba,0.01,0.001 0.003 0.01 0.03,0.0380555555555555,30,300,1.0,,0x80ec42dc400d77f3,True,0.655,1e-06
a7_20260822T081428Z,2026-08-22T08:15:46+00:00,hyperplanes_n_features20_n_hyperplanes3_dim_hyperplanes5_seed11,4360508611e0e8963c01cd3994e98f0e069bb3b004ae6b18c71eecbf920853d1,2bf856a6c49a9c38010e4b719cd3d58e50f10d0c5c7048ed32accf1d9872633f,B,L1,2.0,linear,35,35.0,6,1,0x1ddc9c443a3565bb,U0-2pi,pennylane,,,,0,test_full,1200,test,0.7625,0.8793580889467187,0.7624404451393718,0.7519047856330872,0.0,0.0240004803802077,0.0288392034996753,87,57,15.90230311198684,unknown,56488e26fdba,0.03,0.001 0.003 0.01 0.03,0.0380555555555555,30,300,1.0,,,True,0.7375,1.0
a7_20260822T081428Z,2026-08-22T08:15:46+00:00,hyperplanes_n_features20_n_hyperplanes3_dim_hyperplanes5_seed11,4360508611e0e8963c01cd3994e98f0e069bb3b004ae6b18c71eecbf920853d1,2bf856a6c49a9c38010e4b719cd3d58e50f10d0c5c7048ed32accf1d9872633f,B,L1,2.0,linear,35,35.0,6,1,0x1ddc9c443a3565bb,U0-2pi,pennylane,,,,0,val_full,600,val,0.73,0.8476657240893698,0.7274532015836876,0.7519047856330872,0.0,0.0240004803802077,0.0288392034996753,87,57,15.90230311198684,unknown,56488e26fdba,0.03,0.001 0.003 0.01 0.03,0.0380555555555555,30,300,1.0,,,True,0.7016666666666667,1.0
a7_20260822T081428Z,2026-08-22T08:15:47+00:00,hyperplanes_n_features20_n_hyperplanes3_dim_hyperplanes5_seed11,4360508611e0e8963c01cd3994e98f0e069bb3b004ae6b18c71eecbf920853d1,2bf856a6c49a9c38010e4b719cd3d58e50f10d0c5c7048ed32accf1d9872633f,B,L1,2.0,h2,35,35.0,15,1,0x1ddc9c443a3565bb,U0-2pi,pennylane,,,,0,test_full,1200,test,0.7816666666666666,0.8792774608258543,0.7814475070834921,0.767380952835083,0.0,0.0206400350649229,0.0279039665637625,40,10,1.0120670089963824,unknown,56488e26fdba,0.03,0.001 0.003 0.01 0.03,0.0380555555555555,30,300,1.0,,,True,0.7375,1.0
a7_20260822T081428Z,2026-08-22T08:15:47+00:00,hyperplanes_n_features20_n_hyperplanes3_dim_hyperplanes5_seed11,4360508611e0e8963c01cd3994e98f0e069bb3b004ae6b18c71eecbf920853d1,2bf856a6c49a9c38010e4b719cd3d58e50f10d0c5c7048ed32accf1d9872633f,B,L1,2.0,h2,35,35.0,15,1,0x1ddc9c443a3565bb,U0-2pi,pennylane,,,,0,val_full,600,val,0.75,0.8475818980451766,0.7452416807255517,0.767380952835083,0.0,0.0206400350649229,0.0279039665637625,40,10,1.0120670089963824,unknown,56488e26fdba,0.03,0.001 0.003 0.01 0.03,0.0380555555555555,30,300,1.0,,,True,0.7016666666666667,1.0
a7_20260822T081428Z,2026-08-22T08:15:48+00:00,hyperplanes_n_features20_n_hyperplanes3_dim_hyperplanes5_seed11,4360508611e0e8963c01cd3994e98f0e069bb3b004ae6b18c71eecbf920853d1,2bf856a6c49a9c38010e4b719cd3d58e50f10d0c5c7048ed32accf1d9872633f,B,L1,2.0,h4,35,35.0,29,1,0x1ddc9c443a3565bb,U0-2pi,pennylane,,,,0,test_full,1200,test,0.7825,0.8793163847462717,0.7822203648990962,0.7683333158493042,0.0,0.0073079157945657,0.0211170787759445,40,10,1.000395141003537,unknown,56488e26fdba,0.03,0.001 0.003 0.01 0.03,0.0380555555555555,30,300,1.0,,,True,0.7375,1.0
a7_20260822T081428Z,2026-08-22T08:15:48+00:00,hyperplanes_n_features20_n_hyperplanes3_dim_hyperplanes5_seed11,4360508611e0e8963c01cd3994e98f0e069bb3b004ae6b18c71eecbf920853d1,2bf856a6c49a9c38010e4b719cd3d58e50f10d0c5c7048ed32accf1d9872633f,B,L1,2.0,h4,35,35.0,29,1,0x1ddc9c443a3565bb,U0-2pi,pennylane,,,,0,val_full,600,val,0.75,0.8476377820746387,0.7452416807255517,0.7683333158493042,0.0,0.0073079157945657,0.0211170787759445,40,10,1.000395141003537,unknown,56488e26fdba,0.03,0.001 0.003 0.01 0.03,0.0380555555555555,30,300,1.0,,,True,0.7016666666666667,1.0
a7_20260822T081428Z,2026-08-22T08:15:55+00:00,hyperplanes_n_features20_n_hyperplanes3_dim_hyperplanes5_seed11,4360508611e0e8963c01cd3994e98f0e069bb3b004ae6b18c71eecbf920853d1,2bf856a6c49a9c38010e4b719cd3d58e50f10d0c5c7048ed32accf1d9872633f,B,L1,2.0,h42,35,35.0,295,1,0x1ddc9c443a3565bb,U0-2pi,pennylane,,,,0,test_full,1200,test,0.9166666666666666,0.9727727176681236,0.9166073652375022,0.9173809289932252,0.0,0.0053439406910745,0.0759513081749885,259,229,6.7771538449887885,unknown,56488e26fdba,0.01,0.001 0.003 0.01 0.03,0.0380555555555555,30,300,1.0,,,True,0.7375,1.0
a7_20260822T081428Z,2026-08-22T08:15:55+00:00,hyperplanes_n_features20_n_hyperplanes3_dim_hyperplanes5_seed11,4360508611e0e8963c01cd3994e98f0e069bb3b004ae6b18c71eecbf920853d1,2bf856a6c49a9c38010e4b719cd3d58e50f10d0c5c7048ed32accf1d9872633f,B,L1,2.0,h42,35,35.0,295,1,0x1ddc9c443a3565bb,U0-2pi,pennylane,,,,0,val_full,600,val,0.9116666666666666,0.9660560405047446,0.9107441078480628,0.9173809289932252,0.0,0.0053439406910745,0.0759513081749885,259,229,6.7771538449887885,unknown,56488e26fdba,0.01,0.001 0.003 0.01 0.03,0.0380555555555555,30,300,1.0,,,True,0.7016666666666667,1.0
a7_20260822T081428Z,2026-08-22T08:15:47+00:00,hyperplanes_n_features20_n_hyperplanes3_dim_hyperplanes5_seed11,4360508611e0e8963c01cd3994e98f0e069bb3b004ae6b18c71eecbf920853d1,2bf856a6c49a9c38010e4b719cd3d58e50f10d0c5c7048ed32accf1d9872633f,B,L1,2.0,linear,35,35.0,6,3,0xe98c84d46f8b02b7,U0-2pi,pennylane,,,,0,test_full,1200,test,0.6658333333333334,0.7328345510959865,0.665580428532411,0.6721428632736206,0.0,0.0863697585234058,0.04243652310538,124,94,16.431651690989383,unknown,56488e26fdba,0.03,0.001 0.003 0.01 0.03,0.0380555555555555,30,300,1.0,,,True,0.67,1e-06
a7_20260822T081428Z,2026-08-22T08:15:47+00:00,hyperplanes_n_features20_n_hyperplanes3_dim_hyperplanes5_seed11,4360508611e0e8963c01cd3994e98f0e069bb3b004ae6b18c71eecbf920853d1,2bf856a6c49a9c38010e4b719cd3d58e50f10d0c5c7048ed32accf1d9872633f,B,L1,2.0,linear,35,35.0,6,3,0xe98c84d46f8b02b7,U0-2pi,pennylane,,,,0,val_full,600,val,0.7033333333333334,0.7645494070704475,0.7024870743448031,0.6721428632736206,0.0,0.0863697585234058,0.04243652310538,124,94,16.431651690989383,unknown,56488e26fdba,0.03,0.001 0.003 0.01 0.03,0.0380555555555555,30,300,1.0,,,True,0.6916666666666667,1e-06
a7_20260822T081428Z,2026-08-22T08:15:48+00:00,hyperplanes_n_features20_n_hyperplanes3_dim_hyperplanes5_seed11,4360508611e0e8963c01cd3994e98f0e069bb3b004ae6b18c71eecbf920853d1,2bf856a6c49a9c38010e4b719cd3d58e50f10d0c5c7048ed32accf1d9872633f,B,L1,2.0,h2,35,35.0,15,3,0xe98c84d46f8b02b7,U0-2pi,pennylane,,,,0,test_full,1200,test,0.6866666666666666,0.7499291028592399,0.6866657962938786,0.6885714530944824,0.0,0.0257869816834166,0.6131492292946206,68,38,1.7221877080010015,unknown,56488e26fdba,0.03,0.001 0.003 0.01 0.03,0.0380555555555555,30,300,1.0,,,True,0.67,1e-06
a7_20260822T081428Z,2026-08-22T08:15:48+00:00,hyperplanes_n_features20_n_hyperplanes3_dim_hyperplanes5_seed11,4360508611e0e8963c01cd3994e98f0e069bb3b004ae6b18c71eecbf920853d1,2bf856a6c49a9c38010e4b719cd3d58e50f10d0c5c7048ed32accf1d9872633f,B,L1,2.0,h2,35,35.0,15,3,0xe98c84d46f8b02b7,U0-2pi,pennylane,,,,0,val_full,600,val,0.7083333333333334,0.7724961160599524,0.706375017827231,0.6885714530944824,0.0,0.0257869816834166,0.6131492292946206,68,38,1.7221877080010015,unknown,56488e26fdba,0.03,0.001 0.003 0.01 0.03,0.0380555555555555,30,300,1.0,,,True,0.6916666666666667,1e-06
a7_20260822T081428Z,2026-08-22T08:15:51+00:00,hyperplanes_n_features20_n_hyperplanes3_dim_hyperplanes5_seed11,4360508611e0e8963c01cd3994e98f0e069bb3b004ae6b18c71eecbf920853d1,2bf856a6c49a9c38010e4b719cd3d58e50f10d0c5c7048ed32accf1d9872633f,B,L1,2.0,h4,35,35.0,29,3,0xe98c84d46f8b02b7,U0-2pi,pennylane,,,,0,test_full,1200,test,0.6825,0.7523382155050656,0.6810467693428182,0.6769047379493713,0.0,0.0130582226077008,0.0616940501855846,89,59,2.269716652008356,unknown,56488e26fdba,0.03,0.001 0.003 0.01 0.03,0.0380555555555555,30,300,1.0,,,True,0.67,1e-06
a7_20260822T081428Z,2026-08-22T08:15:51+00:00,hyperplanes_n_features20_n_hyperplanes3_dim_hyperplanes5_seed11,4360508611e0e8963c01cd3994e98f0e069bb3b004ae6b18c71eecbf920853d1,2bf856a6c49a9c38010e4b719cd3d58e50f10d0c5c7048ed32accf1d9872633f,B,L1,2.0,h4,35,35.0,29,3,0xe98c84d46f8b02b7,U0-2pi,pennylane,,,,0,val_full,600,val,0.7033333333333334,0.7685171731622538,0.693399476367645,0.6769047379493713,0.0,0.0130582226077008,0.0616940501855846,89,59,2.269716652008356,unknown,56488e26fdba,0.03,0.001 0.003 0.01 0.03,0.0380555555555555,30,300,1.0,,,True,0.6916666666666667,1e-06
a7_20260822T081428Z,2026-08-22T08:15:55+00:00,hyperplanes_n_features20_n_hyperplanes3_dim_hyperplanes5_seed11,4360508611e0e8963c01cd3994e98f0e069bb3b004ae6b18c71eecbf920853d1,2bf856a6c49a9c38010e4b719cd3d58e50f10d0c5c7048ed32accf1d9872633f,B,L1,2.0,h42,35,35.0,295,3,0xe98c84d46f8b02b7,U0-2pi,pennylane,,,,0,test_full,1200,test,0.7125,0.8097732403607691,0.7116009560358645,0.7338095307350159,0.0,0.0125693919520127,0.1647706037731494,173,143,4.524479274987243,unknown,56488e26fdba,0.01,0.001 0.003 0.01 0.03,0.0380555555555555,30,300,1.0,,,True,0.67,1e-06
a7_20260822T081428Z,2026-08-22T08:15:55+00:00,hyperplanes_n_features20_n_hyperplanes3_dim_hyperplanes5_seed11,4360508611e0e8963c01cd3994e98f0e069bb3b004ae6b18c71eecbf920853d1,2bf856a6c49a9c38010e4b719cd3d58e50f10d0c5c7048ed32accf1d9872633f,B,L1,2.0,h42,35,35.0,295,3,0xe98c84d46f8b02b7,U0-2pi,pennylane,,,,0,val_full,600,val,0.7716666666666666,0.8382380883191201,0.7710555120752898,0.7338095307350159,0.0,0.0125693919520127,0.1647706037731494,173,143,4.524479274987243,unknown,56488e26fdba,0.01,0.001 0.003 0.01 0.03,0.0380555555555555,30,300,1.0,,,True,0.6916666666666667,1e-06
a7_20260822T081428Z,2026-08-22T08:15:46+00:00,hyperplanes_n_features20_n_hyperplanes3_dim_hyperplanes5_seed11,4360508611e0e8963c01cd3994e98f0e069bb3b004ae6b18c71eecbf920853d1,2bf856a6c49a9c38010e4b719cd3d58e50f10d0c5c7048ed32accf1d9872633f,B,L1,2.0,linear,35,35.0,6,2,0x68f1fd9add9ea051,U0-2pi,pennylane,,,,0,test_full,1200,test,0.67,0.7561638808260768,0.6697027324592133,0.6800000071525574,0.0,0.0163115820186129,0.0404574037768428,85,55,15.513819829007844,unknown,56488e26fdba,0.03,0.001 0.003 0.01 0.03,0.0380555555555555,30,300,1.0,,,True,0.6791666666666667,1.0
a7_20260822T081428Z,2026-08-22T08:15:46+00:00,hyperplanes_n_features20_n_hyperplanes3_dim_hyperplanes5_seed11,4360508611e0e8963c01cd3994e98f0e069bb3b004ae6b18c71eecbf920853d1,2bf856a6c49a9c38010e4b719cd3d58e50f10d0c5c7048ed32accf1d9872633f,B,L1,2.0,linear,35,35.0,6,2,0x68f1fd9add9ea051,U0-2pi,pennylane,,,,0,val_full,600,val,0.68,0.7309631053637491,0.6755843424387497,0.6800000071525574,0.0,0.0163115820186129,0.0404574037768428,85,55,15.513819829007844,unknown,56488e26fdba,0.03,0.001 0.003 0.01 0.03,0.0380555555555555,30,300,1.0,,,True,0.675,1.0
a7_20260822T081428Z,2026-08-22T08:15:47+00:00,hyperplanes_n_features20_n_hyperplanes3_dim_hyperplanes5_seed11,4360508611e0e8963c01cd3994e98f0e069bb3b004ae6b18c71eecbf920853d1,2bf856a6c49a9c38010e4b719cd3d58e50f10d0c5c7048ed32accf1d9872633f,B,L1,2.0,h2,35,35.0,15,2,0x68f1fd9add9ea051,U0-2pi,pennylane,,,,0,test_full,1200,test,0.6875,0.7544317663675084,0.6838464505441002,0.6769047379493713,0.0,0.0151748365386278,0.057817720594188,51,21,1.289927011996042,unknown,56488e26fdba,0.03,0.001 0.003 0.01 0.03,0.0380555555555555,30,300,1.0,,,True,0.6791666666666667,1.0
a7_20260822T081428Z,2026-08-22T08:15:47+00:00,hyperplanes_n_features20_n_hyperplanes3_dim_hyperplanes5_seed11,4360508611e0e8963c01cd3994e98f0e069bb3b004ae6b18c71eecbf920853d1,2bf856a6c49a9c38010e4b719cd3d58e50f10d0c5c7048ed32accf1d9872633f,B,L1,2.0,h2,35,35.0,15,2,0x68f1fd9add9ea051,U0-2pi,pennylane,,,,0,val_full,600,val,0.69,0.731041343004996,0.6779629715129969,0.6769047379493713,0.0,0.0151748365386278,0.057817720594188,51,21,1.289927011996042,unknown,56488e26fdba,0.03,0.001 0.003 0.01 0.03,0.0380555555555555,30,300,1.0,,,True,0.675,1.0
a7_20260822T081428Z,2026-08-22T08:15:52+00:00,hyperplanes_n_features20_n_hyperplanes3_dim_hyperplanes5_seed11,4360508611e0e8963c01cd3994e98f0e069bb3b004ae6b18c71eecbf920853d1,2bf856a6c49a9c38010e4b719cd3d58e50f10d0c5c7048ed32accf1d9872633f,B,L1,2.0,h4,35,35.0,29,2,0x68f1fd9add9ea051,U0-2pi,pennylane,,,,0,test_full,1200,test,0.7225,0.796144307654667,0.720440383352071,0.7166666388511658,0.0,0.0048096788032324,0.3357495527440412,189,159,4.839585380002973,unknown,56488e26fdba,0.03,0.001 0.003 0.01 0.03,0.0380555555555555,30,300,1.0,,,True,0.6791666666666667,1.0
a7_20260822T081428Z,2026-08-22T08:15:52+00:00,hyperplanes_n_features20_n_hyperplanes3_dim_hyperplanes5_seed11,4360508611e0e8963c01cd3994e98f0e069bb3b004ae6b18c71eecbf920853d1,2bf856a6c49a9c38010e4b719cd3d58e50f10d0c5c7048ed32accf1d9872633f,B,L1,2.0,h4,35,35.0,29,2,0x68f1fd9add9ea051,U0-2pi,pennylane,,,,0,val_full,600,val,0.7166666666666667,0.7652870762593467,0.7082346479936841,0.7166666388511658,0.0,0.0048096788032324,0.3357495527440412,189,159,4.839585380002973,unknown,56488e26fdba,0.03,0.001 0.003 0.01 0.03,0.0380555555555555,30,300,1.0,,,True,0.675,1.0
a7_20260822T081428Z,2026-08-22T08:15:56+00:00,hyperplanes_n_features20_n_hyperplanes3_dim_hyperplanes5_seed11,4360508611e0e8963c01cd3994e98f0e069bb3b004ae6b18c71eecbf920853d1,2bf856a6c49a9c38010e4b719cd3d58e50f10d0c5c7048ed32accf1d9872633f,B,L1,2.0,h42,35,35.0,295,2,0x68f1fd9add9ea051,U0-2pi,pennylane,,,,0,test_full,1200,test,0.7516666666666667,0.8426305897529998,0.7514671500176531,0.7514285445213318,0.0,0.0062706196147108,0.0642215988021739,164,134,4.294975983997574,unknown,56488e26fdba,0.01,0.001 0.003 0.01 0.03,0.0380555555555555,30,300,1.0,,,True,0.6791666666666667,1.0
a7_20260822T081428Z,2026-08-22T08:15:56+00:00,hyperplanes_n_features20_n_hyperplanes3_dim_hyperplanes5_seed11,4360508611e0e8963c01cd3994e98f0e069bb3b004ae6b18c71eecbf920853d1,2bf856a6c49a9c38010e4b719cd3d58e50f10d0c5c7048ed32accf1d9872633f,B,L1,2.0,h42,35,35.0,295,2,0x68f1fd9add9ea051,U0-2pi,pennylane,,,,0,val_full,600,val,0.765,0.8469336433034168,0.7612698412698413,0.7514285445213318,0.0,0.0062706196147108,0.0642215988021739,164,134,4.294975983997574,unknown,56488e26fdba,0.01,0.001 0.003 0.01 0.03,0.0380555555555555,30,300,1.0,,,True,0.675,1.0
a7_20260822T081428Z,2026-08-22T08:15:58+00:00,hyperplanes_n_features20_n_hyperplanes3_dim_hyperplanes5_seed11,4360508611e0e8963c01cd3994e98f0e069bb3b004ae6b18c71eecbf920853d1,2bf856a6c49a9c38010e4b719cd3d58e50f10d0c5c7048ed32accf1d9872633f,B,L2,2.0,linear,35,35.0,6,4,0xc9f964aa2896fb2f,U0-2pi,pennylane,,,,0,test_full,1200,test,0.7566666666666667,0.8377178349403351,0.7533089270627992,0.7597619295120239,0.0,0.0195899186532251,0.0084222344374558,32,2,0.5851651899865828,unknown,56488e26fdba,0.03,0.001 0.003 0.01 0.03,0.0380555555555555,30,300,1.0,,,True,0.7625,1.0
a7_20260822T081428Z,2026-08-22T08:15:58+00:00,hyperplanes_n_features20_n_hyperplanes3_dim_hyperplanes5_seed11,4360508611e0e8963c01cd3994e98f0e069bb3b004ae6b18c71eecbf920853d1,2bf856a6c49a9c38010e4b719cd3d58e50f10d0c5c7048ed32accf1d9872633f,B,L2,2.0,linear,35,35.0,6,4,0xc9f964aa2896fb2f,U0-2pi,pennylane,,,,0,val_full,600,val,0.755,0.8088207352102914,0.7435084668378549,0.7597619295120239,0.0,0.0195899186532251,0.0084222344374558,32,2,0.5851651899865828,unknown,56488e26fdba,0.03,0.001 0.003 0.01 0.03,0.0380555555555555,30,300,1.0,,,True,0.75,1.0
a7_20260822T081428Z,2026-08-22T08:15:59+00:00,hyperplanes_n_features20_n_hyperplanes3_dim_hyperplanes5_seed11,4360508611e0e8963c01cd3994e98f0e069bb3b004ae6b18c71eecbf920853d1,2bf856a6c49a9c38010e4b719cd3d58e50f10d0c5c7048ed32accf1d9872633f,B,L2,2.0,h2,35,35.0,15,4,0xc9f964aa2896fb2f,U0-2pi,pennylane,,,,0,test_full,1200,test,0.7891666666666667,0.8668162457322701,0.7878926971790987,0.7907142639160156,0.0,0.0020731883703507,0.0632420388939226,49,19,1.2261052679968998,unknown,56488e26fdba,0.03,0.001 0.003 0.01 0.03,0.0380555555555555,30,300,1.0,,,True,0.7625,1.0
a7_20260822T081428Z,2026-08-22T08:15:59+00:00,hyperplanes_n_features20_n_hyperplanes3_dim_hyperplanes5_seed11,4360508611e0e8963c01cd3994e98f0e069bb3b004ae6b18c71eecbf920853d1,2bf856a6c49a9c38010e4b719cd3d58e50f10d0c5c7048ed32accf1d9872633f,B,L2,2.0,h2,35,35.0,15,4,0xc9f964aa2896fb2f,U0-2pi,pennylane,,,,0,val_full,600,val,0.7666666666666667,0.8339238412446491,0.7585513078470825,0.7907142639160156,0.0,0.0020731883703507,0.0632420388939226,49,19,1.2261052679968998,unknown,56488e26fdba,0.03,0.001 0.003 0.01 0.03,0.0380555555555555,30,300,1.0,,,True,0.75,1.0
a7_20260822T081428Z,2026-08-22T08:16:01+00:00,hyperplanes_n_features20_n_hyperplanes3_dim_hyperplanes5_seed11,4360508611e0e8963c01cd3994e98f0e069bb3b004ae6b18c71eecbf920853d1,2bf856a6c49a9c38010e4b719cd3d58e50f10d0c5c7048ed32accf1d9872633f,B,L2,2.0,h4,35,35.0,29,4,0xc9f964aa2896fb2f,U0-2pi,pennylane,,,,0,test_full,1200,test,0.7858333333333334,0.8670636906549226,0.7853143606175762,0.7864285707473755,0.0,0.0039215009675945,0.0474785156154951,92,62,2.305598484002985,unknown,56488e26fdba,0.03,0.001 0.003 0.01 0.03,0.0380555555555555,30,300,1.0,,,True,0.7625,1.0
a7_20260822T081428Z,2026-08-22T08:16:01+00:00,hyperplanes_n_features20_n_hyperplanes3_dim_hyperplanes5_seed11,4360508611e0e8963c01cd3994e98f0e069bb3b004ae6b18c71eecbf920853d1,2bf856a6c49a9c38010e4b719cd3d58e50f10d0c5c7048ed32accf1d9872633f,B,L2,2.0,h4,35,35.0,29,4,0xc9f964aa2896fb2f,U0-2pi,pennylane,,,,0,val_full,600,val,0.7666666666666667,0.8351421130869221,0.7610486550452871,0.7864285707473755,0.0,0.0039215009675945,0.0474785156154951,92,62,2.305598484002985,unknown,56488e26fdba,0.03,0.001 0.003 0.01 0.03,0.0380555555555555,30,300,1.0,,,True,0.75,1.0
a7_20260822T081428Z,2026-08-22T08:16:02+00:00,hyperplanes_n_features20_n_hyperplanes3_dim_hyperplanes5_seed11,4360508611e0e8963c01cd3994e98f0e069bb3b004ae6b18c71eecbf920853d1,2bf856a6c49a9c38010e4b719cd3d58e50f10d0c5c7048ed32accf1d9872633f,B,L2,2.0,h42,35,35.0,295,4,0xc9f964aa2896fb2f,U0-2pi,pennylane,,,,0,test_full,1200,test,0.7866666666666666,0.8664395177882316,0.7854598784831344,0.7897619009017944,0.0,0.004418538868718,0.012919652748242,49,19,1.2676249030046165,unknown,56488e26fdba,0.01,0.001 0.003 0.01 0.03,0.0380555555555555,30,300,1.0,,,True,0.7625,1.0
a7_20260822T081428Z,2026-08-22T08:16:02+00:00,hyperplanes_n_features20_n_hyperplanes3_dim_hyperplanes5_seed11,4360508611e0e8963c01cd3994e98f0e069bb3b004ae6b18c71eecbf920853d1,2bf856a6c49a9c38010e4b719cd3d58e50f10d0c5c7048ed32accf1d9872633f,B,L2,2.0,h42,35,35.0,295,4,0xc9f964aa2896fb2f,U0-2pi,pennylane,,,,0,val_full,600,val,0.765,0.8335661834560919,0.7575757575757576,0.7897619009017944,0.0,0.004418538868718,0.012919652748242,49,19,1.2676249030046165,unknown,56488e26fdba,0.01,0.001 0.003 0.01 0.03,0.0380555555555555,30,300,1.0,,,True,0.75,1.0
a7_20260822T081428Z,2026-08-22T08:15:57+00:00,hyperplanes_n_features20_n_hyperplanes3_dim_hyperplanes5_seed11,4360508611e0e8963c01cd3994e98f0e069bb3b004ae6b18c71eecbf920853d1,2bf856a6c49a9c38010e4b719cd3d58e50f10d0c5c7048ed32accf1d9872633f,E,,,linear,0,,6,5,,,pennylane,,,,0,test_full,1200,test,0.7691666666666667,0.8830586416663886,0.7691203303996427,0.7621428370475769,0.0,0.0426737955462146,0.0147929454654201,33,3,0.6203246819932247,unknown,56488e26fdba,0.1,0.001 0.003 0.01 0.03 0.1,0.0380555555555555,30,300,1.0,,,True,0.7516666666666667,1e-06
a7_20260822T081428Z,2026-08-22T08:15:57+00:00,hyperplanes_n_features20_n_hyperplanes3_dim_hyperplanes5_seed11,4360508611e0e8963c01cd3994e98f0e069bb3b004ae6b18c71eecbf920853d1,2bf856a6c49a9c38010e4b719cd3d58e50f10d0c5c7048ed32accf1d9872633f,E,,,linear,0,,6,5,,,pennylane,,,,0,val_full,600,val,0.7533333333333333,0.8635982608890032,0.7503121098626717,0.7621428370475769,0.0,0.0426737955462146,0.0147929454654201,33,3,0.6203246819932247,unknown,56488e26fdba,0.1,0.001 0.003 0.01 0.03 0.1,0.0380555555555555,30,300,1.0,,,True,0.7383333333333333,1e-06
a7_20260822T081428Z,2026-08-22T08:15:58+00:00,hyperplanes_n_features20_n_hyperplanes3_dim_hyperplanes5_seed11,4360508611e0e8963c01cd3994e98f0e069bb3b004ae6b18c71eecbf920853d1,2bf856a6c49a9c38010e4b719cd3d58e50f10d0c5c7048ed32accf1d9872633f,E,,,h2,0,,15,5,,,pennylane,,,,0,test_full,1200,test,0.8141666666666667,0.8391135355152972,0.8126206569620599,0.8104761838912964,0.0,0.0279626807987828,0.0076840162781122,55,25,1.4007536270073615,unknown,56488e26fdba,0.1,0.001 0.003 0.01 0.03 0.1,0.0380555555555555,30,300,1.0,,,True,0.7516666666666667,1e-06
a7_20260822T081428Z,2026-08-22T08:15:58+00:00,hyperplanes_n_features20_n_hyperplanes3_dim_hyperplanes5_seed11,4360508611e0e8963c01cd3994e98f0e069bb3b004ae6b18c71eecbf920853d1,2bf856a6c49a9c38010e4b719cd3d58e50f10d0c5c7048ed32accf1d9872633f,E,,,h2,0,,15,5,,,pennylane,,,,0,val_full,600,val,0.7983333333333333,0.8072895128030311,0.7906423473433783,0.8104761838912964,0.0,0.0279626807987828,0.0076840162781122,55,25,1.4007536270073615,unknown,56488e26fdba,0.1,0.001 0.003 0.01 0.03 0.1,0.0380555555555555,30,300,1.0,,,True,0.7383333333333333,1e-06
a7_20260822T081428Z,2026-08-22T08:16:00+00:00,hyperplanes_n_features20_n_hyperplanes3_dim_hyperplanes5_seed11,4360508611e0e8963c01cd3994e98f0e069bb3b004ae6b18c71eecbf920853d1,2bf856a6c49a9c38010e4b719cd3d58e50f10d0c5c7048ed32accf1d9872633f,E,,,h4,0,,29,5,,,pennylane,,,,0,test_full,1200,test,0.955,0.9849225413983697,0.9549898727213624,0.9557142853736876,0.0,0.0133613859069659,0.1708194657784864,75,45,1.9181156370032115,unknown,56488e26fdba,0.1,0.001 0.003 0.01 0.03 0.1,0.0380555555555555,30,300,1.0,,,True,0.7516666666666667,1e-06
a7_20260822T081428Z,2026-08-22T08:16:00+00:00,hyperplanes_n_features20_n_hyperplanes3_dim_hyperplanes5_seed11,4360508611e0e8963c01cd3994e98f0e069bb3b004ae6b18c71eecbf920853d1,2bf856a6c49a9c38010e4b719cd3d58e50f10d0c5c7048ed32accf1d9872633f,E,,,h4,0,,29,5,,,pennylane,,,,0,val_full,600,val,0.9483333333333334,0.9785405326865688,0.9478955108901184,0.9557142853736876,0.0,0.0133613859069659,0.1708194657784864,75,45,1.9181156370032115,unknown,56488e26fdba,0.1,0.001 0.003 0.01 0.03 0.1,0.0380555555555555,30,300,1.0,,,True,0.7383333333333333,1e-06
a7_20260822T081428Z,2026-08-22T08:16:03+00:00,hyperplanes_n_features20_n_hyperplanes3_dim_hyperplanes5_seed11,4360508611e0e8963c01cd3994e98f0e069bb3b004ae6b18c71eecbf920853d1,2bf856a6c49a9c38010e4b719cd3d58e50f10d0c5c7048ed32accf1d9872633f,E,,,h42,0,,295,5,,,pennylane,,,,0,test_full,1200,test,0.9833333333333332,0.9977841168162458,0.9833183198211723,0.9900000095367432,0.0,0.0042497279890403,0.0478386138522367,114,84,3.0011196449922863,unknown,56488e26fdba,0.03,0.001 0.003 0.01 0.03 0.1,0.0380555555555555,30,300,1.0,,,True,0.7516666666666667,1e-06
a7_20260822T081428Z,2026-08-22T08:16:03+00:00,hyperplanes_n_features20_n_hyperplanes3_dim_hyperplanes5_seed11,4360508611e0e8963c01cd3994e98f0e069bb3b004ae6b18c71eecbf920853d1,2bf856a6c49a9c38010e4b719cd3d58e50f10d0c5c7048ed32accf1d9872633f,E,,,h42,0,,295,5,,,pennylane,,,,0,val_full,600,val,0.985,0.9970605000502956,0.9849073900685036,0.9900000095367432,0.0,0.0042497279890403,0.0478386138522367,114,84,3.0011196449922863,unknown,56488e26fdba,0.03,0.001 0.003 0.01 0.03 0.1,0.0380555555555555,30,300,1.0,,,True,0.7383333333333333,1e-06
a7_20260822T081428Z,2026-08-22T08:16:06+00:00,hyperplanes_n_features20_n_hyperplanes3_dim_hyperplanes5_seed11,4360508611e0e8963c01cd3994e98f0e069bb3b004ae6b18c71eecbf920853d1,2bf856a6c49a9c38010e4b719cd3d58e50f10d0c5c7048ed32accf1d9872633f,D_best,,2.0,linear,192,,33,5,0x7bba18422325b3f3,RFF-int-spectrum-U0-2pi,pennylane,,,,0,test_full,1200,test,0.8141666666666667,0.9082479787364184,0.8137754658223003,0.8185714483261108,0.0,0.0597461355410091,0.0710620984493649,135,105,2.603920784997172,unknown,56488e26fdba,0.03,0.001 0.003 0.01 0.03,0.0380555555555555,30,300,1.0,32.0,0x7bba18422325b3f3,True,0.785,1e-06
a7_20260822T081428Z,2026-08-22T08:16:06+00:00,hyperplanes_n_features20_n_hyperplanes3_dim_hyperplanes5_seed11,4360508611e0e8963c01cd3994e98f0e069bb3b004ae6b18c71eecbf920853d1,2bf856a6c49a9c38010e4b719cd3d58e50f10d0c5c7048ed32accf1d9872633f,D_best,,2.0,linear,192,,33,5,0x7bba18422325b3f3,RFF-int-spectrum-U0-2pi,pennylane,,,,0,val_full,600,val,0.8066666666666666,0.8897184562595701,0.8020117427518092,0.8185714483261108,0.0,0.0597461355410091,0.0710620984493649,135,105,2.603920784997172,unknown,56488e26fdba,0.03,0.001 0.003 0.01 0.03,0.0380555555555555,30,300,1.0,32.0,0x7bba18422325b3f3,True,0.7783333333333333,1e-06
a7_20260822T081428Z,2026-08-22T08:16:07+00:00,hyperplanes_n_features20_n_hyperplanes3_dim_hyperplanes5_seed11,4360508611e0e8963c01cd3994e98f0e069bb3b004ae6b18c71eecbf920853d1,2bf856a6c49a9c38010e4b719cd3d58e50f10d0c5c7048ed32accf1d9872633f,D_best,,2.0,linear,768,,129,5,0xb50902aa88037212,RFF-int-spectrum-U0-2pi,pennylane,,,,0,test_full,1200,test,0.8266666666666667,0.9202782504253828,0.8258928571428572,0.8276190757751465,0.0,0.0564137041140818,0.0354544783144969,74,44,1.4982892310072202,unknown,56488e26fdba,0.03,0.001 0.003 0.01 0.03,0.0380555555555555,30,300,1.0,128.0,0xb50902aa88037212,True,0.8116666666666666,1e-06
a7_20260822T081428Z,2026-08-22T08:16:07+00:00,hyperplanes_n_features20_n_hyperplanes3_dim_hyperplanes5_seed11,4360508611e0e8963c01cd3994e98f0e069bb3b004ae6b18c71eecbf920853d1,2bf856a6c49a9c38010e4b719cd3d58e50f10d0c5c7048ed32accf1d9872633f,D_best,,2.0,linear,768,,129,5,0xb50902aa88037212,RFF-int-spectrum-U0-2pi,pennylane,,,,0,val_full,600,val,0.8216666666666667,0.900593488392887,0.8155803044361267,0.8276190757751465,0.0,0.0564137041140818,0.0354544783144969,74,44,1.4982892310072202,unknown,56488e26fdba,0.03,0.001 0.003 0.01 0.03,0.0380555555555555,30,300,1.0,128.0,0xb50902aa88037212,True,0.8083333333333333,1e-06
a7_20260822T081428Z,2026-08-22T08:16:03+00:00,hyperplanes_n_features20_n_hyperplanes3_dim_hyperplanes5_seed11,4360508611e0e8963c01cd3994e98f0e069bb3b004ae6b18c71eecbf920853d1,2bf856a6c49a9c38010e4b719cd3d58e50f10d0c5c7048ed32accf1d9872633f,D_matched,,2.0,linear,30,,6,5,0x5fea624fe73dbb57,RFF-int-spectrum-U0-2pi,pennylane,,,,0,test_full,1200,test,0.7175,0.8022442420400583,0.7163320365588595,0.7092857360839844,0.0,0.0751070365206443,0.0662829807048942,47,17,0.8862891910102917,unknown,56488e26fdba,0.03,0.001 0.003 0.01 0.03,0.0380555555555555,30,300,1.0,,0x5fea624fe73dbb57,True,0.7216666666666667,1e-06
a7_20260822T081428Z,2026-08-22T08:16:03+00:00,hyperplanes_n_features20_n_hyperplanes3_dim_hyperplanes5_seed11,4360508611e0e8963c01cd3994e98f0e069bb3b004ae6b18c71eecbf920853d1,2bf856a6c49a9c38010e4b719cd3d58e50f10d0c5c7048ed32accf1d9872633f,D_matched,,2.0,linear,30,,6,5,0x5fea624fe73dbb57,RFF-int-spectrum-U0-2pi,pennylane,,,,0,val_full,600,val,0.7166666666666667,0.786970079690626,0.7095374241095329,0.7092857360839844,0.0,0.0751070365206443,0.0662829807048942,47,17,0.8862891910102917,unknown,56488e26fdba,0.03,0.001 0.003 0.01 0.03,0.0380555555555555,30,300,1.0,,0x5fea624fe73dbb57,True,0.705,1e-06
a7_20260822T081428Z,2026-08-22T08:16:05+00:00,hyperplanes_n_features20_n_hyperplanes3_dim_hyperplanes5_seed11,4360508611e0e8963c01cd3994e98f0e069bb3b004ae6b18c71eecbf920853d1,2bf856a6c49a9c38010e4b719cd3d58e50f10d0c5c7048ed32accf1d9872633f,D_matched,,2.0,h2,30,,15,5,0x5fea624fe73dbb57,RFF-int-spectrum-U0-2pi,pennylane,,,,0,test_full,1200,test,0.7283333333333334,0.83565764743825,0.7252067973386082,0.7195237874984741,0.0,0.0238744870311951,0.0419189665102715,63,33,1.594115026993677,unknown,56488e26fdba,0.03,0.001 0.003 0.01 0.03,0.0380555555555555,30,300,1.0,,0x5fea624fe73dbb57,True,0.7216666666666667,1e-06
a7_20260822T081428Z,2026-08-22T08:16:05+00:00,hyperplanes_n_features20_n_hyperplanes3_dim_hyperplanes5_seed11,4360508611e0e8963c01cd3994e98f0e069bb3b004ae6b18c71eecbf920853d1,2bf856a6c49a9c38010e4b719cd3d58e50f10d0c5c7048ed32accf1d9872633f,D_matched,,2.0,h2,30,,15,5,0x5fea624fe73dbb57,RFF-int-spectrum-U0-2pi,pennylane,,,,0,val_full,600,val,0.7266666666666667,0.802539370298756,0.7167986737889114,0.7195237874984741,0.0,0.0238744870311951,0.0419189665102715,63,33,1.594115026993677,unknown,56488e26fdba,0.03,0.001 0.003 0.01 0.03,0.0380555555555555,30,300,1.0,,0x5fea624fe73dbb57,True,0.705,1e-06
a7_20260822T081428Z,2026-08-22T08:16:06+00:00,hyperplanes_n_features20_n_hyperplanes3_dim_hyperplanes5_seed11,4360508611e0e8963c01cd3994e98f0e069bb3b004ae6b18c71eecbf920853d1,2bf856a6c49a9c38010e4b719cd3d58e50f10d0c5c7048ed32accf1d9872633f,D_matched,,2.0,h4,30,,29,5,0x5fea624fe73dbb57,RFF-int-spectrum-U0-2pi,pennylane,,,,0,test_full,1200,test,0.7541666666666667,0.8525951133798195,0.7512925410946922,0.7502381205558777,0.0,0.0172951156799618,0.0287743234783923,63,33,1.6014004049939103,unknown,56488e26fdba,0.03,0.001 0.003 0.01 0.03,0.0380555555555555,30,300,1.0,,0x5fea624fe73dbb57,True,0.7216666666666667,1e-06
a7_20260822T081428Z,2026-08-22T08:16:06+00:00,hyperplanes_n_features20_n_hyperplanes3_dim_hyperplanes5_seed11,4360508611e0e8963c01cd3994e98f0e069bb3b004ae6b18c71eecbf920853d1,2bf856a6c49a9c38010e4b719cd3d58e50f10d0c5c7048ed32accf1d9872633f,D_matched,,2.0,h4,30,,29,5,0x5fea624fe73dbb57,RFF-int-spectrum-U0-2pi,pennylane,,,,0,val_full,600,val,0.7533333333333333,0.8056576991427391,0.741183328475663,0.7502381205558777,0.0,0.0172951156799618,0.0287743234783923,63,33,1.6014004049939103,unknown,56488e26fdba,0.03,0.001 0.003 0.01 0.03,0.0380555555555555,30,300,1.0,,0x5fea624fe73dbb57,True,0.705,1e-06
a7_20260822T081428Z,2026-08-22T08:16:09+00:00,hyperplanes_n_features20_n_hyperplanes3_dim_hyperplanes5_seed11,4360508611e0e8963c01cd3994e98f0e069bb3b004ae6b18c71eecbf920853d1,2bf856a6c49a9c38010e4b719cd3d58e50f10d0c5c7048ed32accf1d9872633f,D_matched,,2.0,h42,30,,295,5,0x5fea624fe73dbb57,RFF-int-spectrum-U0-2pi,pennylane,,,,0,test_full,1200,test,0.8033333333333333,0.9044278739754668,0.8031753268596179,0.8088095188140869,0.0,0.0109484950735707,0.0234356799671708,96,66,2.4940715020056814,unknown,56488e26fdba,0.01,0.001 0.003 0.01 0.03,0.0380555555555555,30,300,1.0,,0x5fea624fe73dbb57,True,0.7216666666666667,1e-06
a7_20260822T081428Z,2026-08-22T08:16:09+00:00,hyperplanes_n_features20_n_hyperplanes3_dim_hyperplanes5_seed11,4360508611e0e8963c01cd3994e98f0e069bb3b004ae6b18c71eecbf920853d1,2bf856a6c49a9c38010e4b719cd3d58e50f10d0c5c7048ed32accf1d9872633f,D_matched,,2.0,h42,30,,295,5,0x5fea624fe73dbb57,RFF-int-spectrum-U0-2pi,pennylane,,,,0,val_full,600,val,0.8133333333333334,0.8767645382302647,0.8086364205898098,0.8088095188140869,0.0,0.0109484950735707,0.0234356799671708,96,66,2.4940715020056814,unknown,56488e26fdba,0.01,0.001 0.003 0.01 0.03,0.0380555555555555,30,300,1.0,,0x5fea624fe73dbb57,True,0.705,1e-06
a7_20260822T081428Z,2026-08-22T08:16:09+00:00,hyperplanes_n_features20_n_hyperplanes3_dim_hyperplanes5_seed11,4360508611e0e8963c01cd3994e98f0e069bb3b004ae6b18c71eecbf920853d1,2bf856a6c49a9c38010e4b719cd3d58e50f10d0c5c7048ed32accf1d9872633f,D_best,,2.0,linear,3072,,513,5,0x10a2f35f53be67b9,RFF-int-spectrum-U0-2pi,pennylane,,,,0,test_full,1200,test,0.8241666666666667,0.9174868492754592,0.823010210465465,0.8278571367263794,0.0,0.074913645841205,0.0361949481822314,78,48,1.8807172560045728,unknown,56488e26fdba,0.01,0.001 0.003 0.01 0.03,0.0380555555555555,30,300,1.0,512.0,0x10a2f35f53be67b9,True,0.8183333333333334,1e-06
a7_20260822T081428Z,2026-08-22T08:16:09+00:00,hyperplanes_n_features20_n_hyperplanes3_dim_hyperplanes5_seed11,4360508611e0e8963c01cd3994e98f0e069bb3b004ae6b18c71eecbf920853d1,2bf856a6c49a9c38010e4b719cd3d58e50f10d0c5c7048ed32accf1d9872633f,D_best,,2.0,linear,3072,,513,5,0x10a2f35f53be67b9,RFF-int-spectrum-U0-2pi,pennylane,,,,0,val_full,600,val,0.835,0.8945356595991998,0.8284778710465448,0.8278571367263794,0.0,0.074913645841205,0.0361949481822314,78,48,1.8807172560045728,unknown,56488e26fdba,0.01,0.001 0.003 0.01 0.03,0.0380555555555555,30,300,1.0,512.0,0x10a2f35f53be67b9,True,0.8183333333333334,1e-06
a7_20260822T081428Z,2026-08-22T08:16:06+00:00,hyperplanes_n_features20_n_hyperplanes3_dim_hyperplanes5_seed11,4360508611e0e8963c01cd3994e98f0e069bb3b004ae6b18c71eecbf920853d1,2bf856a6c49a9c38010e4b719cd3d58e50f10d0c5c7048ed32accf1d9872633f,B,L2,2.0,linear,35,35.0,6,5,0xf9ea9d8280d97e94,U0-2pi,pennylane,,,,0,test_full,1200,test,0.7508333333333334,0.8373119140559837,0.7481877306787772,0.7376190423965454,0.0,0.0387990231608691,0.025017638180773,41,11,0.783080401000916,unknown,56488e26fdba,0.03,0.001 0.003 0.01 0.03,0.0380555555555555,30,300,1.0,,,True,0.75,1e-06
a7_20260822T081428Z,2026-08-22T08:16:06+00:00,hyperplanes_n_features20_n_hyperplanes3_dim_hyperplanes5_seed11,4360508611e0e8963c01cd3994e98f0e069bb3b004ae6b18c71eecbf920853d1,2bf856a6c49a9c38010e4b719cd3d58e50f10d0c5c7048ed32accf1d9872633f,B,L2,2.0,linear,35,35.0,6,5,0xf9ea9d8280d97e94,U0-2pi,pennylane,,,,0,val_full,600,val,0.75,0.8115143454303629,0.7409743967581507,0.7376190423965454,0.0,0.0387990231608691,0.025017638180773,41,11,0.783080401000916,unknown,56488e26fdba,0.03,0.001 0.003 0.01 0.03,0.0380555555555555,30,300,1.0,,,True,0.7433333333333333,1e-06
a7_20260822T081428Z,2026-08-22T08:16:08+00:00,hyperplanes_n_features20_n_hyperplanes3_dim_hyperplanes5_seed11,4360508611e0e8963c01cd3994e98f0e069bb3b004ae6b18c71eecbf920853d1,2bf856a6c49a9c38010e4b719cd3d58e50f10d0c5c7048ed32accf1d9872633f,B,L2,2.0,h2,35,35.0,15,5,0xf9ea9d8280d97e94,U0-2pi,pennylane,,,,0,test_full,1200,test,0.485,0.5,0.3265993265993266,0.4988095164299011,0.0,0.022077049499378,0.0281648413276655,56,26,1.4328900359978434,unknown,56488e26fdba,0.03,0.001 0.003 0.01 0.03,0.0380555555555555,30,300,1.0,,,True,0.75,1e-06
a7_20260822T081428Z,2026-08-22T08:16:08+00:00,hyperplanes_n_features20_n_hyperplanes3_dim_hyperplanes5_seed11,4360508611e0e8963c01cd3994e98f0e069bb3b004ae6b18c71eecbf920853d1,2bf856a6c49a9c38010e4b719cd3d58e50f10d0c5c7048ed32accf1d9872633f,B,L2,2.0,h2,35,35.0,15,5,0xf9ea9d8280d97e94,U0-2pi,pennylane,,,,0,val_full,600,val,0.5383333333333333,0.5,0.3499458288190682,0.4988095164299011,0.0,0.022077049499378,0.0281648413276655,56,26,1.4328900359978434,unknown,56488e26fdba,0.03,0.001 0.003 0.01 0.03,0.0380555555555555,30,300,1.0,,,True,0.7433333333333333,1e-06
a7_20260822T081428Z,2026-08-22T08:16:09+00:00,hyperplanes_n_features20_n_hyperplanes3_dim_hyperplanes5_seed11,4360508611e0e8963c01cd3994e98f0e069bb3b004ae6b18c71eecbf920853d1,2bf856a6c49a9c38010e4b719cd3d58e50f10d0c5c7048ed32accf1d9872633f,B,L2,2.0,h4,35,35.0,29,5,0xf9ea9d8280d97e94,U0-2pi,pennylane,,,,0,test_full,1200,test,0.7491666666666666,0.8400310279251326,0.7482349611862232,0.7373809814453125,0.0,0.0082086231252722,0.0789862422846971,44,14,1.1377248290082207,unknown,56488e26fdba,0.03,0.001 0.003 0.01 0.03,0.0380555555555555,30,300,1.0,,,True,0.75,1e-06
a7_20260822T081428Z,2026-08-22T08:16:09+00:00,hyperplanes_n_features20_n_hyperplanes3_dim_hyperplanes5_seed11,4360508611e0e8963c01cd3994e98f0e069bb3b004ae6b18c71eecbf920853d1,2bf856a6c49a9c38010e4b719cd3d58e50f10d0c5c7048ed32accf1d9872633f,B,L2,2.0,h4,35,35.0,29,5,0xf9ea9d8280d97e94,U0-2pi,pennylane,,,,0,val_full,600,val,0.755,0.8157727084753719,0.748143198581378,0.7373809814453125,0.0,0.0082086231252722,0.0789862422846971,44,14,1.1377248290082207,unknown,56488e26fdba,0.03,0.001 0.003 0.01 0.03,0.0380555555555555,30,300,1.0,,,True,0.7433333333333333,1e-06
a7_20260822T081428Z,2026-08-22T08:16:11+00:00,hyperplanes_n_features20_n_hyperplanes3_dim_hyperplanes5_seed11,4360508611e0e8963c01cd3994e98f0e069bb3b004ae6b18c71eecbf920853d1,2bf856a6c49a9c38010e4b719cd3d58e50f10d0c5c7048ed32accf1d9872633f,B,L2,2.0,h42,35,35.0,295,5,0xf9ea9d8280d97e94,U0-2pi,pennylane,,,,0,test_full,1200,test,0.78,0.8581417720392799,0.7799388719088636,0.7666666507720947,0.0,0.0043357989502526,0.0186381276373582,81,51,2.124100389002706,unknown,56488e26fdba,0.01,0.001 0.003 0.01 0.03,0.0380555555555555,30,300,1.0,,,True,0.75,1e-06
a7_20260822T081428Z,2026-08-22T08:16:11+00:00,hyperplanes_n_features20_n_hyperplanes3_dim_hyperplanes5_seed11,4360508611e0e8963c01cd3994e98f0e069bb3b004ae6b18c71eecbf920853d1,2bf856a6c49a9c38010e4b719cd3d58e50f10d0c5c7048ed32accf1d9872633f,B,L2,2.0,h42,35,35.0,295,5,0xf9ea9d8280d97e94,U0-2pi,pennylane,,,,0,val_full,600,val,0.7716666666666666,0.8332755865028894,0.7682359144108202,0.7666666507720947,0.0,0.0043357989502526,0.0186381276373582,81,51,2.124100389002706,unknown,56488e26fdba,0.01,0.001 0.003 0.01 0.03,0.0380555555555555,30,300,1.0,,,True,0.7433333333333333,1e-06
a7_20260822T081428Z,2026-08-22T08:16:05+00:00,hyperplanes_n_features20_n_hyperplanes3_dim_hyperplanes5_seed11,4360508611e0e8963c01cd3994e98f0e069bb3b004ae6b18c71eecbf920853d1,2bf856a6c49a9c38010e4b719cd3d58e50f10d0c5c7048ed32accf1d9872633f,B,L1,2.0,linear,35,35.0,6,5,0x2560fc84838de57f,U0-2pi,pennylane,,,,0,test_full,1200,test,0.75,0.8480493555310892,0.74997499749975,0.7566666603088379,0.0,0.0463938954306204,0.0378166484330489,62,32,1.166873308000504,unknown,56488e26fdba,0.03,0.001 0.003 0.01 0.03,0.0380555555555555,30,300,1.0,,,True,0.7625,1.0
a7_20260822T081428Z,2026-08-22T08:16:05+00:00,hyperplanes_n_features20_n_hyperplanes3_dim_hyperplanes5_seed11,4360508611e0e8963c01cd3994e98f0e069bb3b004ae6b18c71eecbf920853d1,2bf856a6c49a9c38010e4b719cd3d58e50f10d0c5c7048ed32accf1d9872633f,B,L1,2.0,linear,35,35.0,6,5,0x2560fc84838de57f,U0-2pi,pennylane,,,,0,val_full,600,val,0.74,0.8293860580523298,0.7362012987012987,0.7566666603088379,0.0,0.0463938954306204,0.0378166484330489,62,32,1.166873308000504,unknown,56488e26fdba,0.03,0.001 0.003 0.01 0.03,0.0380555555555555,30,300,1.0,,,True,0.73,1.0
a7_20260822T081428Z,2026-08-22T08:16:06+00:00,hyperplanes_n_features20_n_hyperplanes3_dim_hyperplanes5_seed11,4360508611e0e8963c01cd3994e98f0e069bb3b004ae6b18c71eecbf920853d1,2bf856a6c49a9c38010e4b719cd3d58e50f10d0c5c7048ed32accf1d9872633f,B,L1,2.0,h2,35,35.0,15,5,0x2560fc84838de57f,U0-2pi,pennylane,,,,0,test_full,1200,test,0.7666666666666667,0.852403274057763,0.7643884337160152,0.7711904644966125,0.0,0.028915989399347,0.0673669266518555,63,33,1.6030485900118947,unknown,56488e26fdba,0.03,0.001 0.003 0.01 0.03,0.0380555555555555,30,300,1.0,,,True,0.7625,1.0
a7_20260822T081428Z,2026-08-22T08:16:06+00:00,hyperplanes_n_features20_n_hyperplanes3_dim_hyperplanes5_seed11,4360508611e0e8963c01cd3994e98f0e069bb3b004ae6b18c71eecbf920853d1,2bf856a6c49a9c38010e4b719cd3d58e50f10d0c5c7048ed32accf1d9872633f,B,L1,2.0,h2,35,35.0,15,5,0x2560fc84838de57f,U0-2pi,pennylane,,,,0,val_full,600,val,0.76,0.8343262062567759,0.7496493932474878,0.7711904644966125,0.0,0.028915989399347,0.0673669266518555,63,33,1.6030485900118947,unknown,56488e26fdba,0.03,0.001 0.003 0.01 0.03,0.0380555555555555,30,300,1.0,,,True,0.73,1.0
a7_20260822T081428Z,2026-08-22T08:16:09+00:00,hyperplanes_n_features20_n_hyperplanes3_dim_hyperplanes5_seed11,4360508611e0e8963c01cd3994e98f0e069bb3b004ae6b18c71eecbf920853d1,2bf856a6c49a9c38010e4b719cd3d58e50f10d0c5c7048ed32accf1d9872633f,B,L1,2.0,h4,35,35.0,29,5,0x2560fc84838de57f,U0-2pi,pennylane,,,,0,test_full,1200,test,0.7941666666666667,0.8817074255719035,0.7938504274960686,0.7950000166893005,0.0,0.0135529326629948,0.0542447432455683,117,87,2.990164486996946,unknown,56488e26fdba,0.03,0.001 0.003 0.01 0.03,0.0380555555555555,30,300,1.0,,,True,0.7625,1.0
a7_20260822T081428Z,2026-08-22T08:16:09+00:00,hyperplanes_n_features20_n_hyperplanes3_dim_hyperplanes5_seed11,4360508611e0e8963c01cd3994e98f0e069bb3b004ae6b18c71eecbf920853d1,2bf856a6c49a9c38010e4b719cd3d58e50f10d0c5c7048ed32accf1d9872633f,B,L1,2.0,h4,35,35.0,29,5,0x2560fc84838de57f,U0-2pi,pennylane,,,,0,val_full,600,val,0.795,0.8664036391679986,0.7901734054742564,0.7950000166893005,0.0,0.0135529326629948,0.0542447432455683,117,87,2.990164486996946,unknown,56488e26fdba,0.03,0.001 0.003 0.01 0.03,0.0380555555555555,30,300,1.0,,,True,0.73,1.0
a7_20260822T081428Z,2026-08-22T08:16:12+00:00,hyperplanes_n_features20_n_hyperplanes3_dim_hyperplanes5_seed11,4360508611e0e8963c01cd3994e98f0e069bb3b004ae6b18c71eecbf920853d1,2bf856a6c49a9c38010e4b719cd3d58e50f10d0c5c7048ed32accf1d9872633f,B,L1,2.0,h42,35,35.0,295,5,0x2560fc84838de57f,U0-2pi,pennylane,,,,0,test_full,1200,test,0.8008333333333333,0.8891752577319587,0.8003507089011701,0.8073809742927551,0.0,0.0025226133778665,0.014208066983069,101,71,2.625482005998492,unknown,56488e26fdba,0.01,0.001 0.003 0.01 0.03,0.0380555555555555,30,300,1.0,,,True,0.7625,1.0
a7_20260822T081428Z,2026-08-22T08:16:12+00:00,hyperplanes_n_features20_n_hyperplanes3_dim_hyperplanes5_seed11,4360508611e0e8963c01cd3994e98f0e069bb3b004ae6b18c71eecbf920853d1,2bf856a6c49a9c38010e4b719cd3d58e50f10d0c5c7048ed32accf1d9872633f,B,L1,2.0,h42,35,35.0,295,5,0x2560fc84838de57f,U0-2pi,pennylane,,,,0,val_full,600,val,0.8066666666666666,0.8752333158230041,0.8011428571428572,0.8073809742927551,0.0,0.0025226133778665,0.014208066983069,101,71,2.625482005998492,unknown,56488e26fdba,0.01,0.001 0.003 0.01 0.03,0.0380555555555555,30,300,1.0,,,True,0.73,1.0
a7_20260822T081428Z,2026-08-22T08:26:23+00:00,hyperplanes_n_features20_n_hyperplanes3_dim_hyperplanes5_seed11,4360508611e0e8963c01cd3994e98f0e069bb3b004ae6b18c71eecbf920853d1,2bf856a6c49a9c38010e4b719cd3d58e50f10d0c5c7048ed32accf1d9872633f,F,product,2.0,linear,35,20.0,6,4,0x6ff3a4afd33346b9,U0-2pi,pennylane,,,,0,test_full,1200,test,0.8275,0.8972269486982729,0.8251540284610387,0.8302381038665771,0.9392576217651368,0.0499405131914278,0.0284155881953483,43,13,639.303445876998,unknown,56488e26fdba,0.03,0.001 0.003 0.01 0.03,0.0380555555555555,30,300,1.0,,,False,,
a7_20260822T081428Z,2026-08-22T08:26:23+00:00,hyperplanes_n_features20_n_hyperplanes3_dim_hyperplanes5_seed11,4360508611e0e8963c01cd3994e98f0e069bb3b004ae6b18c71eecbf920853d1,2bf856a6c49a9c38010e4b719cd3d58e50f10d0c5c7048ed32accf1d9872633f,F,product,2.0,linear,35,20.0,6,4,0x6ff3a4afd33346b9,U0-2pi,pennylane,,,,0,val_full,600,val,0.8183333333333334,0.8793687340031965,0.8089456663677183,0.8302381038665771,0.9392576217651368,0.0499405131914278,0.0284155881953483,43,13,639.303445876998,unknown,56488e26fdba,0.03,0.001 0.003 0.01 0.03,0.0380555555555555,30,300,1.0,,,False,,
a7_20260822T081428Z,2026-08-22T08:26:23+00:00,hyperplanes_n_features20_n_hyperplanes3_dim_hyperplanes5_seed11,4360508611e0e8963c01cd3994e98f0e069bb3b004ae6b18c71eecbf920853d1,2bf856a6c49a9c38010e4b719cd3d58e50f10d0c5c7048ed32accf1d9872633f,F,product,2.0,h2,35,20.0,15,5,0x47580f2ad4dd122e,U0-2pi,pennylane,,,,0,test_full,1200,test,0.8133333333333334,0.9117705935341808,0.811865360549398,0.8183333277702332,0.5976319313049316,0.014244479064979,0.0473448723234703,43,13,629.5898177929921,unknown,56488e26fdba,0.03,0.001 0.003 0.01 0.03,0.0380555555555555,30,300,1.0,,,False,,
a7_20260822T081428Z,2026-08-22T08:26:23+00:00,hyperplanes_n_features20_n_hyperplanes3_dim_hyperplanes5_seed11,4360508611e0e8963c01cd3994e98f0e069bb3b004ae6b18c71eecbf920853d1,2bf856a6c49a9c38010e4b719cd3d58e50f10d0c5c7048ed32accf1d9872633f,F,product,2.0,h2,35,20.0,15,5,0x47580f2ad4dd122e,U0-2pi,pennylane,,,,0,val_full,600,val,0.8133333333333334,0.8948039029406176,0.8060852301583638,0.8183333277702332,0.5976319313049316,0.014244479064979,0.0473448723234703,43,13,629.5898177929921,unknown,56488e26fdba,0.03,0.001 0.003 0.01 0.03,0.0380555555555555,30,300,1.0,,,False,,
a7_20260822T081428Z,2026-08-22T08:26:35+00:00,hyperplanes_n_features20_n_hyperplanes3_dim_hyperplanes5_seed11,4360508611e0e8963c01cd3994e98f0e069bb3b004ae6b18c71eecbf920853d1,2bf856a6c49a9c38010e4b719cd3d58e50f10d0c5c7048ed32accf1d9872633f,F,product,2.0,linear,35,20.0,6,1,0x27078a7f911995bb,U0-2pi,pennylane,,,,0,test_full,1200,test,0.815,0.9036049110866446,0.8141321001677276,0.8088095188140869,1.0811461210250854,0.0373698581463604,0.0558159741195363,44,14,677.949198702001,unknown,56488e26fdba,0.03,0.001 0.003 0.01 0.03,0.0380555555555555,30,300,1.0,,,False,,
a7_20260822T081428Z,2026-08-22T08:26:35+00:00,hyperplanes_n_features20_n_hyperplanes3_dim_hyperplanes5_seed11,4360508611e0e8963c01cd3994e98f0e069bb3b004ae6b18c71eecbf920853d1,2bf856a6c49a9c38010e4b719cd3d58e50f10d0c5c7048ed32accf1d9872633f,F,product,2.0,linear,35,20.0,6,1,0x27078a7f911995bb,U0-2pi,pennylane,,,,0,val_full,600,val,0.805,0.8881537034346325,0.7990789688343432,0.8088095188140869,1.0811461210250854,0.0373698581463604,0.0558159741195363,44,14,677.949198702001,unknown,56488e26fdba,0.03,0.001 0.003 0.01 0.03,0.0380555555555555,30,300,1.0,,,False,,
a7_20260822T081428Z,2026-08-22T08:26:37+00:00,hyperplanes_n_features20_n_hyperplanes3_dim_hyperplanes5_seed11,4360508611e0e8963c01cd3994e98f0e069bb3b004ae6b18c71eecbf920853d1,2bf856a6c49a9c38010e4b719cd3d58e50f10d0c5c7048ed32accf1d9872633f,F,product,2.0,h4,35,20.0,29,5,0x47580f2ad4dd122e,U0-2pi,pennylane,,,,0,test_full,1200,test,0.8116666666666666,0.9082090548160012,0.8104021543684407,0.8169047832489014,0.6449761390686035,0.00715010499238,0.0851931031971147,43,13,642.3307848159893,unknown,56488e26fdba,0.03,0.001 0.003 0.01 0.03,0.0380555555555555,30,300,1.0,,,False,,
a7_20260822T081428Z,2026-08-22T08:26:37+00:00,hyperplanes_n_features20_n_hyperplanes3_dim_hyperplanes5_seed11,4360508611e0e8963c01cd3994e98f0e069bb3b004ae6b18c71eecbf920853d1,2bf856a6c49a9c38010e4b719cd3d58e50f10d0c5c7048ed32accf1d9872633f,F,product,2.0,h4,35,20.0,29,5,0x47580f2ad4dd122e,U0-2pi,pennylane,,,,0,val_full,600,val,0.8116666666666666,0.8919426406321601,0.8044841756181962,0.8169047832489014,0.6449761390686035,0.00715010499238,0.0851931031971147,43,13,642.3307848159893,unknown,56488e26fdba,0.03,0.001 0.003 0.01 0.03,0.0380555555555555,30,300,1.0,,,False,,
a7_20260822T081428Z,2026-08-22T08:26:38+00:00,hyperplanes_n_features20_n_hyperplanes3_dim_hyperplanes5_seed11,4360508611e0e8963c01cd3994e98f0e069bb3b004ae6b18c71eecbf920853d1,2bf856a6c49a9c38010e4b719cd3d58e50f10d0c5c7048ed32accf1d9872633f,B,L1,2.0,linear,35,35.0,6,6,0x7f041defed10b1c8,U0-2pi,pennylane,,,,0,test_full,1200,test,0.6758333333333333,0.7634120708637775,0.6750478065378878,0.6623809337615967,0.0,0.0490344144334345,0.0133302773369352,48,18,0.8621175200096332,unknown,56488e26fdba,0.03,0.001 0.003 0.01 0.03,0.0380555555555555,30,300,1.0,,,True,0.6883333333333334,1e-06
a7_20260822T081428Z,2026-08-22T08:26:38+00:00,hyperplanes_n_features20_n_hyperplanes3_dim_hyperplanes5_seed11,4360508611e0e8963c01cd3994e98f0e069bb3b004ae6b18c71eecbf920853d1,2bf856a6c49a9c38010e4b719cd3d58e50f10d0c5c7048ed32accf1d9872633f,B,L1,2.0,linear,35,35.0,6,6,0x7f041defed10b1c8,U0-2pi,pennylane,,,,0,val_full,600,val,0.69,0.7423746241799019,0.6895826611333014,0.6623809337615967,0.0,0.0490344144334345,0.0133302773369352,48,18,0.8621175200096332,unknown,56488e26fdba,0.03,0.001 0.003 0.01 0.03,0.0380555555555555,30,300,1.0,,,True,0.6733333333333333,1e-06
a7_20260822T081428Z,2026-08-22T08:26:40+00:00,hyperplanes_n_features20_n_hyperplanes3_dim_hyperplanes5_seed11,4360508611e0e8963c01cd3994e98f0e069bb3b004ae6b18c71eecbf920853d1,2bf856a6c49a9c38010e4b719cd3d58e50f10d0c5c7048ed32accf1d9872633f,B,L1,2.0,h2,35,35.0,15,6,0x7f041defed10b1c8,U0-2pi,pennylane,,,,0,test_full,1200,test,0.7333333333333333,0.8195125613051747,0.7308179768727778,0.7259523868560791,0.0,0.0501926319743093,0.1295989977419009,80,50,1.9891523080004845,unknown,56488e26fdba,0.03,0.001 0.003 0.01 0.03,0.0380555555555555,30,300,1.0,,,True,0.6883333333333334,1e-06
a7_20260822T081428Z,2026-08-22T08:26:40+00:00,hyperplanes_n_features20_n_hyperplanes3_dim_hyperplanes5_seed11,4360508611e0e8963c01cd3994e98f0e069bb3b004ae6b18c71eecbf920853d1,2bf856a6c49a9c38010e4b719cd3d58e50f10d0c5c7048ed32accf1d9872633f,B,L1,2.0,h2,35,35.0,15,6,0x7f041defed10b1c8,U0-2pi,pennylane,,,,0,val_full,600,val,0.735,0.803349688725956,0.7349639256454351,0.7259523868560791,0.0,0.0501926319743093,0.1295989977419009,80,50,1.9891523080004845,unknown,56488e26fdba,0.03,0.001 0.003 0.01 0.03,0.0380555555555555,30,300,1.0,,,True,0.6733333333333333,1e-06
a7_20260822T081428Z,2026-08-22T08:26:42+00:00,hyperplanes_n_features20_n_hyperplanes3_dim_hyperplanes5_seed11,4360508611e0e8963c01cd3994e98f0e069bb3b004ae6b18c71eecbf920853d1,2bf856a6c49a9c38010e4b719cd3d58e50f10d0c5c7048ed32accf1d9872633f,B,L1,2.0,h4,35,35.0,29,6,0x7f041defed10b1c8,U0-2pi,pennylane,,,,0,test_full,1200,test,0.7366666666666667,0.8190843981805848,0.7359154929577465,0.7288095355033875,0.0,0.0373336295966107,0.0310158194058442,104,74,2.592360316004488,unknown,56488e26fdba,0.03,0.001 0.003 0.01 0.03,0.0380555555555555,30,300,1.0,,,True,0.6883333333333334,1e-06
a7_20260822T081428Z,2026-08-22T08:26:42+00:00,hyperplanes_n_features20_n_hyperplanes3_dim_hyperplanes5_seed11,4360508611e0e8963c01cd3994e98f0e069bb3b004ae6b18c71eecbf920853d1,2bf856a6c49a9c38010e4b719cd3d58e50f10d0c5c7048ed32accf1d9872633f,B,L1,2.0,h4,35,35.0,29,6,0x7f041defed10b1c8,U0-2pi,pennylane,,,,0,val_full,600,val,0.735,0.8050094444009791,0.7346100241744118,0.7288095355033875,0.0,0.0373336295966107,0.0310158194058442,104,74,2.592360316004488,unknown,56488e26fdba,0.03,0.001 0.003 0.01 0.03,0.0380555555555555,30,300,1.0,,,True,0.6733333333333333,1e-06
a7_20260822T081428Z,2026-08-22T08:26:47+00:00,hyperplanes_n_features20_n_hyperplanes3_dim_hyperplanes5_seed11,4360508611e0e8963c01cd3994e98f0e069bb3b004ae6b18c71eecbf920853d1,2bf856a6c49a9c38010e4b719cd3d58e50f10d0c5c7048ed32accf1d9872633f,B,L1,2.0,h42,35,35.0,295,6,0x7f041defed10b1c8,U0-2pi,pennylane,,,,0,test_full,1200,test,0.765,0.8436287102836998,0.7648327699697562,0.7647619247436523,0.0,0.012281492646554,0.0380162804846354,191,161,4.849387409994961,unknown,56488e26fdba,0.01,0.001 0.003 0.01 0.03,0.0380555555555555,30,300,1.0,,,True,0.6883333333333334,1e-06
a7_20260822T081428Z,2026-08-22T08:26:47+00:00,hyperplanes_n_features20_n_hyperplanes3_dim_hyperplanes5_seed11,4360508611e0e8963c01cd3994e98f0e069bb3b004ae6b18c71eecbf920853d1,2bf856a6c49a9c38010e4b719cd3d58e50f10d0c5c7048ed32accf1d9872633f,B,L1,2.0,h42,35,35.0,295,6,0x7f041defed10b1c8,U0-2pi,pennylane,,,,0,val_full,600,val,0.76,0.8293301740228678,0.7587023548862772,0.7647619247436523,0.0,0.012281492646554,0.0380162804846354,191,161,4.849387409994961,unknown,56488e26fdba,0.01,0.001 0.003 0.01 0.03,0.0380555555555555,30,300,1.0,,,True,0.6733333333333333,1e-06
a7_20260822T081428Z,2026-08-22T08:27:28+00:00,hyperplanes_n_features20_n_hyperplanes3_dim_hyperplanes5_seed11,4360508611e0e8963c01cd3994e98f0e069bb3b004ae6b18c71eecbf920853d1,2bf856a6c49a9c38010e4b719cd3d58e50f10d0c5c7048ed32accf1d9872633f,A,L2,2.0,h4,35,35.0,29,1,0x9aed96d53998f1c9,U0-2pi,pennylane,,,,0,test_full,1200,test,0.8158333333333333,0.9105111266806792,0.8151492572164629,0.8159523606300354,0.6625110507011414,0.0058013060875891,0.0893495053994386,43,13,730.9289459360007,unknown,56488e26fdba,0.03,0.001 0.003 0.01 0.03,0.0380555555555555,30,300,1.0,,,False,,
a7_20260822T081428Z,2026-08-22T08:27:28+00:00,hyperplanes_n_features20_n_hyperplanes3_dim_hyperplanes5_seed11,4360508611e0e8963c01cd3994e98f0e069bb3b004ae6b18c71eecbf920853d1,2bf856a6c49a9c38010e4b719cd3d58e50f10d0c5c7048ed32accf1d9872633f,A,L2,2.0,h4,35,35.0,29,1,0x9aed96d53998f1c9,U0-2pi,pennylane,,,,0,val_full,600,val,0.8233333333333334,0.890500832672039,0.8178610703812317,0.8159523606300354,0.6625110507011414,0.0058013060875891,0.0893495053994386,43,13,730.9289459360007,unknown,56488e26fdba,0.03,0.001 0.003 0.01 0.03,0.0380555555555555,30,300,1.0,,,False,,
a7_20260822T081428Z,2026-08-22T08:27:42+00:00,hyperplanes_n_features20_n_hyperplanes3_dim_hyperplanes5_seed11,4360508611e0e8963c01cd3994e98f0e069bb3b004ae6b18c71eecbf920853d1,2bf856a6c49a9c38010e4b719cd3d58e50f10d0c5c7048ed32accf1d9872633f,A,L2,2.0,linear,35,35.0,6,1,0x9aed96d53998f1c9,U0-2pi,pennylane,,,,0,test_full,1200,test,0.8183333333333334,0.9115870950522136,0.8173510880736405,0.8238095045089722,0.9532212615013124,0.0105620346071668,0.0560139604523735,44,14,745.2615248020011,unknown,56488e26fdba,0.03,0.001 0.003 0.01 0.03,0.0380555555555555,30,300,1.0,,,False,,
a7_20260822T081428Z,2026-08-22T08:27:42+00:00,hyperplanes_n_features20_n_hyperplanes3_dim_hyperplanes5_seed11,4360508611e0e8963c01cd3994e98f0e069bb3b004ae6b18c71eecbf920853d1,2bf856a6c49a9c38010e4b719cd3d58e50f10d0c5c7048ed32accf1d9872633f,A,L2,2.0,linear,35,35.0,6,1,0x9aed96d53998f1c9,U0-2pi,pennylane,,,,0,val_full,600,val,0.8033333333333333,0.8939544656927944,0.7962331921164119,0.8238095045089722,0.9532212615013124,0.0105620346071668,0.0560139604523735,44,14,745.2615248020011,unknown,56488e26fdba,0.03,0.001 0.003 0.01 0.03,0.0380555555555555,30,300,1.0,,,False,,
a7_20260822T081428Z,2026-08-22T08:27:44+00:00,hyperplanes_n_features20_n_hyperplanes3_dim_hyperplanes5_seed11,4360508611e0e8963c01cd3994e98f0e069bb3b004ae6b18c71eecbf920853d1,2bf856a6c49a9c38010e4b719cd3d58e50f10d0c5c7048ed32accf1d9872633f,F,product,2.0,h2,35,20.0,15,3,0xa27b3263a781f0fe,U0-2pi,pennylane,,,,0,test_full,1200,test,0.8208333333333333,0.909615876511082,0.8189929694904933,0.8221428394317627,0.7960312366485596,0.0145600803671871,0.1415742731106623,49,19,746.3877253250103,unknown,56488e26fdba,0.03,0.001 0.003 0.01 0.03,0.0380555555555555,30,300,1.0,,,False,,
a7_20260822T081428Z,2026-08-22T08:27:44+00:00,hyperplanes_n_features20_n_hyperplanes3_dim_hyperplanes5_seed11,4360508611e0e8963c01cd3994e98f0e069bb3b004ae6b18c71eecbf920853d1,2bf856a6c49a9c38010e4b719cd3d58e50f10d0c5c7048ed32accf1d9872633f,F,product,2.0,h2,35,20.0,15,3,0xa27b3263a781f0fe,U0-2pi,pennylane,,,,0,val_full,600,val,0.8166666666666667,0.8940438801399335,0.8084869306838758,0.8221428394317627,0.7960312366485596,0.0145600803671871,0.1415742731106623,49,19,746.3877253250103,unknown,56488e26fdba,0.03,0.001 0.003 0.01 0.03,0.0380555555555555,30,300,1.0,,,False,,
a7_20260822T081428Z,2026-08-22T08:27:44+00:00,hyperplanes_n_features20_n_hyperplanes3_dim_hyperplanes5_seed11,4360508611e0e8963c01cd3994e98f0e069bb3b004ae6b18c71eecbf920853d1,2bf856a6c49a9c38010e4b719cd3d58e50f10d0c5c7048ed32accf1d9872633f,A,L2,2.0,linear,35,35.0,6,5,0xf9ea9d8280d97e94,U0-2pi,pennylane,,,,0,test_full,1200,test,0.8191666666666667,0.910272022598116,0.8182547852942716,0.8238095045089722,0.9222119450569152,0.016196488159627,0.1045011186576304,44,14,713.0036764820106,unknown,56488e26fdba,0.03,0.001 0.003 0.01 0.03,0.0380555555555555,30,300,1.0,,,False,,
a7_20260822T081428Z,2026-08-22T08:27:44+00:00,hyperplanes_n_features20_n_hyperplanes3_dim_hyperplanes5_seed11,4360508611e0e8963c01cd3994e98f0e069bb3b004ae6b18c71eecbf920853d1,2bf856a6c49a9c38010e4b719cd3d58e50f10d0c5c7048ed32accf1d9872633f,A,L2,2.0,linear,35,35.0,6,5,0xf9ea9d8280d97e94,U0-2pi,pennylane,,,,0,val_full,600,val,0.81,0.8892602072179814,0.8041147360703812,0.8238095045089722,0.9222119450569152,0.016196488159627,0.1045011186576304,44,14,713.0036764820106,unknown,56488e26fdba,0.03,0.001 0.003 0.01 0.03,0.0380555555555555,30,300,1.0,,,False,,
a7_20260822T081428Z,2026-08-22T08:27:48+00:00,hyperplanes_n_features20_n_hyperplanes3_dim_hyperplanes5_seed11,4360508611e0e8963c01cd3994e98f0e069bb3b004ae6b18c71eecbf920853d1,2bf856a6c49a9c38010e4b719cd3d58e50f10d0c5c7048ed32accf1d9872633f,F,product,2.0,linear,35,20.0,6,5,0x47580f2ad4dd122e,U0-2pi,pennylane,,,,0,test_full,1200,test,0.81,0.905008952501696,0.8094580139062222,0.8038095235824585,0.7861288785934448,0.0138779855290321,0.2182998655112946,49,19,714.5470110739989,unknown,56488e26fdba,0.03,0.001 0.003 0.01 0.03,0.0380555555555555,30,300,1.0,,,False,,
a7_20260822T081428Z,2026-08-22T08:27:48+00:00,hyperplanes_n_features20_n_hyperplanes3_dim_hyperplanes5_seed11,4360508611e0e8963c01cd3994e98f0e069bb3b004ae6b18c71eecbf920853d1,2bf856a6c49a9c38010e4b719cd3d58e50f10d0c5c7048ed32accf1d9872633f,F,product,2.0,linear,35,20.0,6,5,0x47580f2ad4dd122e,U0-2pi,pennylane,,,,0,val_full,600,val,0.795,0.8891037319354875,0.7901734054742564,0.8038095235824585,0.7861288785934448,0.0138779855290321,0.2182998655112946,49,19,714.5470110739989,unknown,56488e26fdba,0.03,0.001 0.003 0.01 0.03,0.0380555555555555,30,300,1.0,,,False,,
a7_20260822T081428Z,2026-08-22T08:27:48+00:00,hyperplanes_n_features20_n_hyperplanes3_dim_hyperplanes5_seed11,4360508611e0e8963c01cd3994e98f0e069bb3b004ae6b18c71eecbf920853d1,2bf856a6c49a9c38010e4b719cd3d58e50f10d0c5c7048ed32accf1d9872633f,A,L1,2.0,linear,35,35.0,6,5,0x2560fc84838de57f,U0-2pi,pennylane,,,,0,test_full,1200,test,0.8108333333333333,0.9033630267240516,0.8102417884641776,0.8107143044471741,0.7999088764190674,0.0199095905805194,0.1291339181693634,44,14,719.700209068993,unknown,56488e26fdba,0.03,0.001 0.003 0.01 0.03,0.0380555555555555,30,300,1.0,,,False,,
a7_20260822T081428Z,2026-08-22T08:27:48+00:00,hyperplanes_n_features20_n_hyperplanes3_dim_hyperplanes5_seed11,4360508611e0e8963c01cd3994e98f0e069bb3b004ae6b18c71eecbf920853d1,2bf856a6c49a9c38010e4b719cd3d58e50f10d0c5c7048ed32accf1d9872633f,A,L1,2.0,linear,35,35.0,6,5,0x2560fc84838de57f,U0-2pi,pennylane,,,,0,val_full,600,val,0.8033333333333333,0.8914620379787863,0.7977142857142857,0.8107143044471741,0.7999088764190674,0.0199095905805194,0.1291339181693634,44,14,719.700209068993,unknown,56488e26fdba,0.03,0.001 0.003 0.01 0.03,0.0380555555555555,30,300,1.0,,,False,,
a7_20260822T081428Z,2026-08-22T08:27:43+00:00,hyperplanes_n_features20_n_hyperplanes3_dim_hyperplanes5_seed11,4360508611e0e8963c01cd3994e98f0e069bb3b004ae6b18c71eecbf920853d1,2bf856a6c49a9c38010e4b719cd3d58e50f10d0c5c7048ed32accf1d9872633f,B,L2,2.0,linear,35,35.0,6,6,0xfed8b00a5c8d996d,U0-2pi,pennylane,,,,0,test_full,1200,test,0.6916666666666667,0.7573705223590121,0.6916589581406202,0.6819047331809998,0.0,0.0883071706634715,0.078873655303721,64,34,1.182091484995908,unknown,56488e26fdba,0.03,0.001 0.003 0.01 0.03,0.0380555555555555,30,300,1.0,,,True,0.6825,1e-06
a7_20260822T081428Z,2026-08-22T08:27:43+00:00,hyperplanes_n_features20_n_hyperplanes3_dim_hyperplanes5_seed11,4360508611e0e8963c01cd3994e98f0e069bb3b004ae6b18c71eecbf920853d1,2bf856a6c49a9c38010e4b719cd3d58e50f10d0c5c7048ed32accf1d9872633f,B,L2,2.0,linear,35,35.0,6,6,0xfed8b00a5c8d996d,U0-2pi,pennylane,,,,0,val_full,600,val,0.6933333333333334,0.7562562170982776,0.6916752312435765,0.6819047331809998,0.0,0.0883071706634715,0.078873655303721,64,34,1.182091484995908,unknown,56488e26fdba,0.03,0.001 0.003 0.01 0.03,0.0380555555555555,30,300,1.0,,,True,0.675,1e-06
a7_20260822T081428Z,2026-08-22T08:27:44+00:00,hyperplanes_n_features20_n_hyperplanes3_dim_hyperplanes5_seed11,4360508611e0e8963c01cd3994e98f0e069bb3b004ae6b18c71eecbf920853d1,2bf856a6c49a9c38010e4b719cd3d58e50f10d0c5c7048ed32accf1d9872633f,B,L2,2.0,h2,35,35.0,15,6,0xfed8b00a5c8d996d,U0-2pi,pennylane,,,,0,test_full,1200,test,0.6833333333333333,0.7686417775998398,0.6808430223605858,0.6795238256454468,0.0,0.0499762623102422,0.1061195725157635,50,20,1.2491742109996269,unknown,56488e26fdba,0.03,0.001 0.003 0.01 0.03,0.0380555555555555,30,300,1.0,,,True,0.6825,1e-06
a7_20260822T081428Z,2026-08-22T08:27:44+00:00,hyperplanes_n_features20_n_hyperplanes3_dim_hyperplanes5_seed11,4360508611e0e8963c01cd3994e98f0e069bb3b004ae6b18c71eecbf920853d1,2bf856a6c49a9c38010e4b719cd3d58e50f10d0c5c7048ed32accf1d9872633f,B,L2,2.0,h2,35,35.0,15,6,0xfed8b00a5c8d996d,U0-2pi,pennylane,,,,0,val_full,600,val,0.6983333333333334,0.7665221133104582,0.6982922675586399,0.6795238256454468,0.0,0.0499762623102422,0.1061195725157635,50,20,1.2491742109996269,unknown,56488e26fdba,0.03,0.001 0.003 0.01 0.03,0.0380555555555555,30,300,1.0,,,True,0.675,1e-06
a7_20260822T081428Z,2026-08-22T08:27:47+00:00,hyperplanes_n_features20_n_hyperplanes3_dim_hyperplanes5_seed11,4360508611e0e8963c01cd3994e98f0e069bb3b004ae6b18c71eecbf920853d1,2bf856a6c49a9c38010e4b719cd3d58e50f10d0c5c7048ed32accf1d9872633f,B,L2,2.0,h4,35,35.0,29,6,0xfed8b00a5c8d996d,U0-2pi,pennylane,,,,0,test_full,1200,test,0.74,0.8118389884229139,0.7383252818035426,0.7178571224212646,0.0,0.046667055638013,0.1975980622845176,98,68,2.4378644280077424,unknown,56488e26fdba,0.03,0.001 0.003 0.01 0.03,0.0380555555555555,30,300,1.0,,,True,0.6825,1e-06
a7_20260822T081428Z,2026-08-22T08:27:47+00:00,hyperplanes_n_features20_n_hyperplanes3_dim_hyperplanes5_seed11,4360508611e0e8963c01cd3994e98f0e069bb3b004ae6b18c71eecbf920853d1,2bf856a6c49a9c38010e4b719cd3d58e50f10d0c5c7048ed32accf1d9872633f,B,L2,2.0,h4,35,35.0,29,6,0xfed8b00a5c8d996d,U0-2pi,pennylane,,,,0,val_full,600,val,0.745,0.8119837712778442,0.7446872418712923,0.7178571224212646,0.0,0.046667055638013,0.1975980622845176,98,68,2.4378644280077424,unknown,56488e26fdba,0.03,0.001 0.003 0.01 0.03,0.0380555555555555,30,300,1.0,,,True,0.675,1e-06
a7_20260822T081428Z,2026-08-22T08:27:51+00:00,hyperplanes_n_features20_n_hyperplanes3_dim_hyperplanes5_seed11,4360508611e0e8963c01cd3994e98f0e069bb3b004ae6b18c71eecbf920853d1,2bf856a6c49a9c38010e4b719cd3d58e50f10d0c5c7048ed32accf1d9872633f,B,L2,2.0,h42,35,35.0,295,6,0xfed8b00a5c8d996d,U0-2pi,pennylane,,,,0,test_full,1200,test,0.755,0.8309534136278206,0.7549176250906555,0.7409523725509644,0.0,0.0110998829775658,0.030453990431404,146,116,3.729821133005317,unknown,56488e26fdba,0.01,0.001 0.003 0.01 0.03,0.0380555555555555,30,300,1.0,,,True,0.6825,1e-06
a7_20260822T081428Z,2026-08-22T08:27:51+00:00,hyperplanes_n_features20_n_hyperplanes3_dim_hyperplanes5_seed11,4360508611e0e8963c01cd3994e98f0e069bb3b004ae6b18c71eecbf920853d1,2bf856a6c49a9c38010e4b719cd3d58e50f10d0c5c7048ed32accf1d9872633f,B,L2,2.0,h42,35,35.0,295,6,0xfed8b00a5c8d996d,U0-2pi,pennylane,,,,0,val_full,600,val,0.77,0.8283466151043355,0.7675176046451555,0.7409523725509644,0.0,0.0110998829775658,0.030453990431404,146,116,3.729821133005317,unknown,56488e26fdba,0.01,0.001 0.003 0.01 0.03,0.0380555555555555,30,300,1.0,,,True,0.675,1e-06
a7_20260822T081428Z,2026-08-22T08:27:52+00:00,hyperplanes_n_features20_n_hyperplanes3_dim_hyperplanes5_seed11,4360508611e0e8963c01cd3994e98f0e069bb3b004ae6b18c71eecbf920853d1,2bf856a6c49a9c38010e4b719cd3d58e50f10d0c5c7048ed32accf1d9872633f,F,product,2.0,h4,35,20.0,29,4,0x6ff3a4afd33346b9,U0-2pi,pennylane,,,,0,test_full,1200,test,0.8275,0.9102358789577288,0.8263178760438232,0.819523811340332,0.8880594968795776,0.0059550113146849,0.1144776012119881,49,19,727.6885824339988,unknown,56488e26fdba,0.03,0.001 0.003 0.01 0.03,0.0380555555555555,30,300,1.0,,,False,,
a7_20260822T081428Z,2026-08-22T08:27:52+00:00,hyperplanes_n_features20_n_hyperplanes3_dim_hyperplanes5_seed11,4360508611e0e8963c01cd3994e98f0e069bb3b004ae6b18c71eecbf920853d1,2bf856a6c49a9c38010e4b719cd3d58e50f10d0c5c7048ed32accf1d9872633f,F,product,2.0,h4,35,20.0,29,4,0x6ff3a4afd33346b9,U0-2pi,pennylane,,,,0,val_full,600,val,0.815,0.8924344200914263,0.8079446326869008,0.819523811340332,0.8880594968795776,0.0059550113146849,0.1144776012119881,49,19,727.6885824339988,unknown,56488e26fdba,0.03,0.001 0.003 0.01 0.03,0.0380555555555555,30,300,1.0,,,False,,
a7_20260822T081428Z,2026-08-22T08:27:54+00:00,hyperplanes_n_features20_n_hyperplanes3_dim_hyperplanes5_seed11,4360508611e0e8963c01cd3994e98f0e069bb3b004ae6b18c71eecbf920853d1,2bf856a6c49a9c38010e4b719cd3d58e50f10d0c5c7048ed32accf1d9872633f,D_best,,2.0,linear,192,,33,6,0x9a1aca9cdc0b384a,RFF-int-spectrum-U0-2pi,pennylane,,,,0,test_full,1200,test,0.8191666666666667,0.9174534859151012,0.8190459049407278,0.8095238208770752,0.0,0.1084198882331625,0.0249861894721494,119,89,2.232289015009883,unknown,56488e26fdba,0.03,0.001 0.003 0.01 0.03,0.0380555555555555,30,300,1.0,32.0,0x9a1aca9cdc0b384a,True,0.8016666666666666,1e-06
a7_20260822T081428Z,2026-08-22T08:27:54+00:00,hyperplanes_n_features20_n_hyperplanes3_dim_hyperplanes5_seed11,4360508611e0e8963c01cd3994e98f0e069bb3b004ae6b18c71eecbf920853d1,2bf856a6c49a9c38010e4b719cd3d58e50f10d0c5c7048ed32accf1d9872633f,D_best,,2.0,linear,192,,33,6,0x9a1aca9cdc0b384a,RFF-int-spectrum-U0-2pi,pennylane,,,,0,val_full,600,val,0.8116666666666666,0.9011858591051848,0.8078095103111048,0.8095238208770752,0.0,0.1084198882331625,0.0249861894721494,119,89,2.232289015009883,unknown,56488e26fdba,0.03,0.001 0.003 0.01 0.03,0.0380555555555555,30,300,1.0,32.0,0x9a1aca9cdc0b384a,True,0.7833333333333333,1e-06
a7_20260822T081428Z,2026-08-22T08:27:55+00:00,hyperplanes_n_features20_n_hyperplanes3_dim_hyperplanes5_seed11,4360508611e0e8963c01cd3994e98f0e069bb3b004ae6b18c71eecbf920853d1,2bf856a6c49a9c38010e4b719cd3d58e50f10d0c5c7048ed32accf1d9872633f,D_best,,2.0,linear,768,,129,6,0x0765a6307b9ee5f9,RFF-int-spectrum-U0-2pi,pennylane,,,,0,test_full,1200,test,0.8241666666666667,0.913886386636862,0.8233214314871633,0.8269047737121582,0.0,0.0574581720903419,0.040445990565628,44,14,0.874921454989817,unknown,56488e26fdba,0.03,0.001 0.003 0.01 0.03,0.0380555555555555,30,300,1.0,128.0,0x0765a6307b9ee5f9,True,0.8041666666666667,0.01
a7_20260822T081428Z,2026-08-22T08:27:55+00:00,hyperplanes_n_features20_n_hyperplanes3_dim_hyperplanes5_seed11,4360508611e0e8963c01cd3994e98f0e069bb3b004ae6b18c71eecbf920853d1,2bf856a6c49a9c38010e4b719cd3d58e50f10d0c5c7048ed32accf1d9872633f,D_best,,2.0,linear,768,,129,6,0x0765a6307b9ee5f9,RFF-int-spectrum-U0-2pi,pennylane,,,,0,val_full,600,val,0.83,0.8888354885940696,0.8240873814314458,0.8269047737121582,0.0,0.0574581720903419,0.040445990565628,44,14,0.874921454989817,unknown,56488e26fdba,0.03,0.001 0.003 0.01 0.03,0.0380555555555555,30,300,1.0,128.0,0x0765a6307b9ee5f9,True,0.8016666666666666,0.01
a7_20260822T081428Z,2026-08-22T08:27:57+00:00,hyperplanes_n_features20_n_hyperplanes3_dim_hyperplanes5_seed11,4360508611e0e8963c01cd3994e98f0e069bb3b004ae6b18c71eecbf920853d1,2bf856a6c49a9c38010e4b719cd3d58e50f10d0c5c7048ed32accf1d9872633f,D_best,,2.0,linear,3072,,513,6,0xac5b090c25741663,RFF-int-spectrum-U0-2pi,pennylane,,,,0,test_full,1200,test,0.8291666666666667,0.9214932327984072,0.8287527001035142,0.8302381038665771,0.0,0.0747306737888839,0.0659292652458165,72,42,1.690732058006688,unknown,56488e26fdba,0.01,0.001 0.003 0.01 0.03,0.0380555555555555,30,300,1.0,512.0,0xac5b090c25741663,True,0.8208333333333333,0.0001
a7_20260822T081428Z,2026-08-22T08:27:57+00:00,hyperplanes_n_features20_n_hyperplanes3_dim_hyperplanes5_seed11,4360508611e0e8963c01cd3994e98f0e069bb3b004ae6b18c71eecbf920853d1,2bf856a6c49a9c38010e4b719cd3d58e50f10d0c5c7048ed32accf1d9872633f,D_best,,2.0,linear,3072,,513,6,0xac5b090c25741663,RFF-int-spectrum-U0-2pi,pennylane,,,,0,val_full,600,val,0.8316666666666667,0.8994199237741839,0.8265553491646894,0.8302381038665771,0.0,0.0747306737888839,0.0659292652458165,72,42,1.690732058006688,unknown,56488e26fdba,0.01,0.001 0.003 0.01 0.03,0.0380555555555555,30,300,1.0,512.0,0xac5b090c25741663,True,0.8116666666666666,0.0001
a7_20260822T081428Z,2026-08-22T08:27:50+00:00,hyperplanes_n_features20_n_hyperplanes3_dim_hyperplanes5_seed11,4360508611e0e8963c01cd3994e98f0e069bb3b004ae6b18c71eecbf920853d1,2bf856a6c49a9c38010e4b719cd3d58e50f10d0c5c7048ed32accf1d9872633f,E,,,linear,0,,6,6,,,pennylane,,,,0,test_full,1200,test,0.7691666666666667,0.8845822351227216,0.769081836313479,0.7635714411735535,0.0,0.0627107661355284,0.0322000708932931,62,32,1.1290002000023378,unknown,56488e26fdba,0.1,0.001 0.003 0.01 0.03 0.1,0.0380555555555555,30,300,1.0,,,True,0.7516666666666667,1e-06
a7_20260822T081428Z,2026-08-22T08:27:50+00:00,hyperplanes_n_features20_n_hyperplanes3_dim_hyperplanes5_seed11,4360508611e0e8963c01cd3994e98f0e069bb3b004ae6b18c71eecbf920853d1,2bf856a6c49a9c38010e4b719cd3d58e50f10d0c5c7048ed32accf1d9872633f,E,,,linear,0,,6,6,,,pennylane,,,,0,val_full,600,val,0.7516666666666667,0.8647941791194913,0.7483384425696502,0.7635714411735535,0.0,0.0627107661355284,0.0322000708932931,62,32,1.1290002000023378,unknown,56488e26fdba,0.1,0.001 0.003 0.01 0.03 0.1,0.0380555555555555,30,300,1.0,,,True,0.7383333333333333,1e-06
a7_20260822T081428Z,2026-08-22T08:27:51+00:00,hyperplanes_n_features20_n_hyperplanes3_dim_hyperplanes5_seed11,4360508611e0e8963c01cd3994e98f0e069bb3b004ae6b18c71eecbf920853d1,2bf856a6c49a9c38010e4b719cd3d58e50f10d0c5c7048ed32accf1d9872633f,E,,,h2,0,,15,6,,,pennylane,,,,0,test_full,1200,test,0.7941666666666667,0.8832504809884453,0.7928129004027007,0.7895237803459167,0.0,0.0494140530135154,0.0185208689477284,61,31,1.4946339730086038,unknown,56488e26fdba,0.1,0.001 0.003 0.01 0.03 0.1,0.0380555555555555,30,300,1.0,,,True,0.7516666666666667,1e-06
a7_20260822T081428Z,2026-08-22T08:27:51+00:00,hyperplanes_n_features20_n_hyperplanes3_dim_hyperplanes5_seed11,4360508611e0e8963c01cd3994e98f0e069bb3b004ae6b18c71eecbf920853d1,2bf856a6c49a9c38010e4b719cd3d58e50f10d0c5c7048ed32accf1d9872633f,E,,,h2,0,,15,6,,,pennylane,,,,0,val_full,600,val,0.7766666666666666,0.8638776810363133,0.7700202519479629,0.7895237803459167,0.0,0.0494140530135154,0.0185208689477284,61,31,1.4946339730086038,unknown,56488e26fdba,0.1,0.001 0.003 0.01 0.03 0.1,0.0380555555555555,30,300,1.0,,,True,0.7383333333333333,1e-06
a7_20260822T081428Z,2026-08-22T08:27:53+00:00,hyperplanes_n_features20_n_hyperplanes3_dim_hyperplanes5_seed11,4360508611e0e8963c01cd3994e98f0e069bb3b004ae6b18c71eecbf920853d1,2bf856a6c49a9c38010e4b719cd3d58e50f10d0c5c7048ed32accf1d9872633f,E,,,h4,0,,29,6,,,pennylane,,,,0,test_full,1200,test,0.925,0.9772934529965858,0.924969987995198,0.9302380681037904,0.0,0.0393076166788335,0.0769219984155658,78,48,1.9236078730027657,unknown,56488e26fdba,0.1,0.001 0.003 0.01 0.03 0.1,0.0380555555555555,30,300,1.0,,,True,0.7516666666666667,1e-06
a7_20260822T081428Z,2026-08-22T08:27:53+00:00,hyperplanes_n_features20_n_hyperplanes3_dim_hyperplanes5_seed11,4360508611e0e8963c01cd3994e98f0e069bb3b004ae6b18c71eecbf920853d1,2bf856a6c49a9c38010e4b719cd3d58e50f10d0c5c7048ed32accf1d9872633f,E,,,h4,0,,29,6,,,pennylane,,,,0,val_full,600,val,0.9383333333333334,0.9818600440366152,0.9376010118754832,0.9302380681037904,0.0,0.0393076166788335,0.0769219984155658,78,48,1.9236078730027657,unknown,56488e26fdba,0.1,0.001 0.003 0.01 0.03 0.1,0.0380555555555555,30,300,1.0,,,True,0.7383333333333333,1e-06
a7_20260822T081428Z,2026-08-22T08:27:57+00:00,hyperplanes_n_features20_n_hyperplanes3_dim_hyperplanes5_seed11,4360508611e0e8963c01cd3994e98f0e069bb3b004ae6b18c71eecbf920853d1,2bf856a6c49a9c38010e4b719cd3d58e50f10d0c5c7048ed32accf1d9872633f,E,,,h42,0,,295,6,,,pennylane,,,,0,test_full,1200,test,0.98,0.9976061788943384,0.9799906067014792,0.9897618889808656,0.0,0.011424908455459,0.025351661069649,147,117,3.7483015100006014,unknown,56488e26fdba,0.03,0.001 0.003 0.01 0.03 0.1,0.0380555555555555,30,300,1.0,,,True,0.7516666666666667,1e-06
a7_20260822T081428Z,2026-08-22T08:27:57+00:00,hyperplanes_n_features20_n_hyperplanes3_dim_hyperplanes5_seed11,4360508611e0e8963c01cd3994e98f0e069bb3b004ae6b18c71eecbf920853d1,2bf856a6c49a9c38010e4b719cd3d58e50f10d0c5c7048ed32accf1d9872633f,E,,,h42,0,,295,6,,,pennylane,,,,0,val_full,600,val,0.9766666666666668,0.99712756088565,0.9765163714439076,0.9897618889808656,0.0,0.011424908455459,0.025351661069649,147,117,3.7483015100006014,unknown,56488e26fdba,0.03,0.001 0.003 0.01 0.03 0.1,0.0380555555555555,30,300,1.0,,,True,0.7383333333333333,1e-06
a7_20260822T081428Z,2026-08-22T08:27:52+00:00,hyperplanes_n_features20_n_hyperplanes3_dim_hyperplanes5_seed11,4360508611e0e8963c01cd3994e98f0e069bb3b004ae6b18c71eecbf920853d1,2bf856a6c49a9c38010e4b719cd3d58e50f10d0c5c7048ed32accf1d9872633f,D_matched,,2.0,linear,30,,6,6,0x88bb3901c7635059,RFF-int-spectrum-U0-2pi,pennylane,,,,0,test_full,1200,test,0.7,0.7650440952412727,0.6995192307692308,0.6961904764175415,0.0,0.0929212530337768,0.0929836384822022,59,29,1.088295734996791,unknown,56488e26fdba,0.03,0.001 0.003 0.01 0.03,0.0380555555555555,30,300,1.0,,0x88bb3901c7635059,True,0.6783333333333333,1e-06
a7_20260822T081428Z,2026-08-22T08:27:52+00:00,hyperplanes_n_features20_n_hyperplanes3_dim_hyperplanes5_seed11,4360508611e0e8963c01cd3994e98f0e069bb3b004ae6b18c71eecbf920853d1,2bf856a6c49a9c38010e4b719cd3d58e50f10d0c5c7048ed32accf1d9872633f,D_matched,,2.0,linear,30,,6,6,0x88bb3901c7635059,RFF-int-spectrum-U0-2pi,pennylane,,,,0,val_full,600,val,0.6866666666666666,0.7424640386270411,0.6859828070019153,0.6961904764175415,0.0,0.0929212530337768,0.0929836384822022,59,29,1.088295734996791,unknown,56488e26fdba,0.03,0.001 0.003 0.01 0.03,0.0380555555555555,30,300,1.0,,0x88bb3901c7635059,True,0.655,1e-06
a7_20260822T081428Z,2026-08-22T08:27:54+00:00,hyperplanes_n_features20_n_hyperplanes3_dim_hyperplanes5_seed11,4360508611e0e8963c01cd3994e98f0e069bb3b004ae6b18c71eecbf920853d1,2bf856a6c49a9c38010e4b719cd3d58e50f10d0c5c7048ed32accf1d9872633f,D_matched,,2.0,h2,30,,15,6,0x88bb3901c7635059,RFF-int-spectrum-U0-2pi,pennylane,,,,0,test_full,1200,test,0.7041666666666667,0.7646075912765933,0.7034976833146454,0.6985714435577393,0.0,0.0471156829346053,0.0227931629404585,78,48,1.9396810089965584,unknown,56488e26fdba,0.03,0.001 0.003 0.01 0.03,0.0380555555555555,30,300,1.0,,0x88bb3901c7635059,True,0.6783333333333333,1e-06
a7_20260822T081428Z,2026-08-22T08:27:54+00:00,hyperplanes_n_features20_n_hyperplanes3_dim_hyperplanes5_seed11,4360508611e0e8963c01cd3994e98f0e069bb3b004ae6b18c71eecbf920853d1,2bf856a6c49a9c38010e4b719cd3d58e50f10d0c5c7048ed32accf1d9872633f,D_matched,,2.0,h2,30,,15,6,0x88bb3901c7635059,RFF-int-spectrum-U0-2pi,pennylane,,,,0,val_full,600,val,0.6833333333333333,0.7420728504208067,0.6830480766022754,0.6985714435577393,0.0,0.0471156829346053,0.0227931629404585,78,48,1.9396810089965584,unknown,56488e26fdba,0.03,0.001 0.003 0.01 0.03,0.0380555555555555,30,300,1.0,,0x88bb3901c7635059,True,0.655,1e-06
a7_20260822T081428Z,2026-08-22T08:27:57+00:00,hyperplanes_n_features20_n_hyperplanes3_dim_hyperplanes5_seed11,4360508611e0e8963c01cd3994e98f0e069bb3b004ae6b18c71eecbf920853d1,2bf856a6c49a9c38010e4b719cd3d58e50f10d0c5c7048ed32accf1d9872633f,D_matched,,2.0,h4,30,,29,6,0x88bb3901c7635059,RFF-int-spectrum-U0-2pi,pennylane,,,,0,test_full,1200,test,0.7075,0.7859156574250159,0.7032864617051449,0.7228571176528931,0.0,0.0424410445804477,0.0528711096758715,138,108,3.5090705979964696,unknown,56488e26fdba,0.03,0.001 0.003 0.01 0.03,0.0380555555555555,30,300,1.0,,0x88bb3901c7635059,True,0.6783333333333333,1e-06
a7_20260822T081428Z,2026-08-22T08:27:57+00:00,hyperplanes_n_features20_n_hyperplanes3_dim_hyperplanes5_seed11,4360508611e0e8963c01cd3994e98f0e069bb3b004ae6b18c71eecbf920853d1,2bf856a6c49a9c38010e4b719cd3d58e50f10d0c5c7048ed32accf1d9872633f,D_matched,,2.0,h4,30,,29,6,0x88bb3901c7635059,RFF-int-spectrum-U0-2pi,pennylane,,,,0,val_full,600,val,0.7116666666666667,0.7757765085893753,0.7109915107236628,0.7228571176528931,0.0,0.0424410445804477,0.0528711096758715,138,108,3.5090705979964696,unknown,56488e26fdba,0.03,0.001 0.003 0.01 0.03,0.0380555555555555,30,300,1.0,,0x88bb3901c7635059,True,0.655,1e-06
a7_20260822T081428Z,2026-08-22T08:27:59+00:00,hyperplanes_n_features20_n_hyperplanes3_dim_hyperplanes5_seed11,4360508611e0e8963c01cd3994e98f0e069bb3b004ae6b18c71eecbf920853d1,2bf856a6c49a9c38010e4b719cd3d58e50f10d0c5c7048ed32accf1d9872633f,D_matched,,2.0,h42,30,,295,6,0x88bb3901c7635059,RFF-int-spectrum-U0-2pi,pennylane,,,,0,test_full,1200,test,0.745,0.8177304018060699,0.7439730474458662,0.7576190233230591,0.0,0.0072765899524954,0.0212252647738016,70,40,1.7843219500064151,unknown,56488e26fdba,0.01,0.001 0.003 0.01 0.03,0.0380555555555555,30,300,1.0,,0x88bb3901c7635059,True,0.6783333333333333,1e-06
a7_20260822T081428Z,2026-08-22T08:27:59+00:00,hyperplanes_n_features20_n_hyperplanes3_dim_hyperplanes5_seed11,4360508611e0e8963c01cd3994e98f0e069bb3b004ae6b18c71eecbf920853d1,2bf856a6c49a9c38010e4b719cd3d58e50f10d0c5c7048ed32accf1d9872633f,D_matched,,2.0,h42,30,,295,6,0x88bb3901c7635059,RFF-int-spectrum-U0-2pi,pennylane,,,,0,val_full,600,val,0.7316666666666667,0.8070100926557208,0.731337555171752,0.7576190233230591,0.0,0.0072765899524954,0.0212252647738016,70,40,1.7843219500064151,unknown,56488e26fdba,0.01,0.001 0.003 0.01 0.03,0.0380555555555555,30,300,1.0,,0x88bb3901c7635059,True,0.655,1e-06
a7_20260822T081428Z,2026-08-22T08:28:24+00:00,hyperplanes_n_features20_n_hyperplanes3_dim_hyperplanes5_seed11,4360508611e0e8963c01cd3994e98f0e069bb3b004ae6b18c71eecbf920853d1,2bf856a6c49a9c38010e4b719cd3d58e50f10d0c5c7048ed32accf1d9872633f,A,L1,2.0,h4,35,35.0,29,3,0xe98c84d46f8b02b7,U0-2pi,pennylane,,,,0,test_full,1200,test,0.825,0.9152181407711386,0.8231112209256618,0.8316666483879089,0.8477913737297058,0.0087997690729077,0.0475668986873401,47,17,786.6712862669956,unknown,56488e26fdba,0.03,0.001 0.003 0.01 0.03,0.0380555555555555,30,300,1.0,,,False,,
a7_20260822T081428Z,2026-08-22T08:28:24+00:00,hyperplanes_n_features20_n_hyperplanes3_dim_hyperplanes5_seed11,4360508611e0e8963c01cd3994e98f0e069bb3b004ae6b18c71eecbf920853d1,2bf856a6c49a9c38010e4b719cd3d58e50f10d0c5c7048ed32accf1d9872633f,A,L1,2.0,h4,35,35.0,29,3,0xe98c84d46f8b02b7,U0-2pi,pennylane,,,,0,val_full,600,val,0.8266666666666667,0.900593488392887,0.819191228456519,0.8316666483879089,0.8477913737297058,0.0087997690729077,0.0475668986873401,47,17,786.6712862669956,unknown,56488e26fdba,0.03,0.001 0.003 0.01 0.03,0.0380555555555555,30,300,1.0,,,False,,
a7_20260822T081428Z,2026-08-22T08:28:56+00:00,hyperplanes_n_features20_n_hyperplanes3_dim_hyperplanes5_seed11,4360508611e0e8963c01cd3994e98f0e069bb3b004ae6b18c71eecbf920853d1,2bf856a6c49a9c38010e4b719cd3d58e50f10d0c5c7048ed32accf1d9872633f,A,L1,2.0,h2,35,35.0,15,3,0xe98c84d46f8b02b7,U0-2pi,pennylane,,,,0,test_full,1200,test,0.8183333333333334,0.914299258221288,0.816242582269376,0.8266666531562805,0.8675638437271118,0.0141526501025568,0.1865618334192,49,19,818.3239322139998,unknown,56488e26fdba,0.03,0.001 0.003 0.01 0.03,0.0380555555555555,30,300,1.0,,,False,,
a7_20260822T081428Z,2026-08-22T08:28:56+00:00,hyperplanes_n_features20_n_hyperplanes3_dim_hyperplanes5_seed11,4360508611e0e8963c01cd3994e98f0e069bb3b004ae6b18c71eecbf920853d1,2bf856a6c49a9c38010e4b719cd3d58e50f10d0c5c7048ed32accf1d9872633f,A,L1,2.0,h2,35,35.0,15,3,0xe98c84d46f8b02b7,U0-2pi,pennylane,,,,0,val_full,600,val,0.8183333333333334,0.9027394351242302,0.8095288022157567,0.8266666531562805,0.8675638437271118,0.0141526501025568,0.1865618334192,49,19,818.3239322139998,unknown,56488e26fdba,0.03,0.001 0.003 0.01 0.03,0.0380555555555555,30,300,1.0,,,False,,
a7_20260822T081428Z,2026-08-22T08:29:01+00:00,hyperplanes_n_features20_n_hyperplanes3_dim_hyperplanes5_seed11,4360508611e0e8963c01cd3994e98f0e069bb3b004ae6b18c71eecbf920853d1,2bf856a6c49a9c38010e4b719cd3d58e50f10d0c5c7048ed32accf1d9872633f,A,L1,2.0,linear,35,35.0,6,4,0xc975238400fc39ed,U0-2pi,pennylane,,,,0,test_full,1200,test,0.825,0.9092516598271778,0.8237762237762238,0.8252381086349487,0.9759384393692015,0.0176660133070655,0.0626296581676437,49,19,823.9921557350026,unknown,56488e26fdba,0.03,0.001 0.003 0.01 0.03,0.0380555555555555,30,300,1.0,,,False,,
a7_20260822T081428Z,2026-08-22T08:29:01+00:00,hyperplanes_n_features20_n_hyperplanes3_dim_hyperplanes5_seed11,4360508611e0e8963c01cd3994e98f0e069bb3b004ae6b18c71eecbf920853d1,2bf856a6c49a9c38010e4b719cd3d58e50f10d0c5c7048ed32accf1d9872633f,A,L1,2.0,linear,35,35.0,6,4,0xc975238400fc39ed,U0-2pi,pennylane,,,,0,val_full,600,val,0.8133333333333334,0.8923002984207173,0.8068410462776661,0.8252381086349487,0.9759384393692015,0.0176660133070655,0.0626296581676437,49,19,823.9921557350026,unknown,56488e26fdba,0.03,0.001 0.003 0.01 0.03,0.0380555555555555,30,300,1.0,,,False,,
a7_20260822T081428Z,2026-08-22T08:29:03+00:00,hyperplanes_n_features20_n_hyperplanes3_dim_hyperplanes5_seed11,4360508611e0e8963c01cd3994e98f0e069bb3b004ae6b18c71eecbf920853d1,2bf856a6c49a9c38010e4b719cd3d58e50f10d0c5c7048ed32accf1d9872633f,A,L1,2.0,h4,35,35.0,29,4,0xc975238400fc39ed,U0-2pi,pennylane,,,,0,test_full,1200,test,0.8258333333333333,0.9158131206975167,0.8247809237566467,0.8261904716491699,0.8463232517242432,0.0038601337305766,0.2441307882473047,49,19,825.9558853720082,unknown,56488e26fdba,0.03,0.001 0.003 0.01 0.03,0.0380555555555555,30,300,1.0,,,False,,
a7_20260822T081428Z,2026-08-22T08:29:03+00:00,hyperplanes_n_features20_n_hyperplanes3_dim_hyperplanes5_seed11,4360508611e0e8963c01cd3994e98f0e069bb3b004ae6b18c71eecbf920853d1,2bf856a6c49a9c38010e4b719cd3d58e50f10d0c5c7048ed32accf1d9872633f,A,L1,2.0,h4,35,35.0,29,4,0xc975238400fc39ed,U0-2pi,pennylane,,,,0,val_full,600,val,0.83,0.8955751025471941,0.8233990488942241,0.8261904716491699,0.8463232517242432,0.0038601337305766,0.2441307882473047,49,19,825.9558853720082,unknown,56488e26fdba,0.03,0.001 0.003 0.01 0.03,0.0380555555555555,30,300,1.0,,,False,,
a7_20260822T081428Z,2026-08-22T08:29:05+00:00,hyperplanes_n_features20_n_hyperplanes3_dim_hyperplanes5_seed11,4360508611e0e8963c01cd3994e98f0e069bb3b004ae6b18c71eecbf920853d1,2bf856a6c49a9c38010e4b719cd3d58e50f10d0c5c7048ed32accf1d9872633f,A,L1,2.0,h2,35,35.0,15,4,0xc975238400fc39ed,U0-2pi,pennylane,,,,0,test_full,1200,test,0.825,0.9161550951411824,0.8238727858293076,0.8216666579246521,0.9257668256759644,0.002488430950114,0.2149701840132712,49,19,827.8303051390103,unknown,56488e26fdba,0.03,0.001 0.003 0.01 0.03,0.0380555555555555,30,300,1.0,,,False,,
a7_20260822T081428Z,2026-08-22T08:29:05+00:00,hyperplanes_n_features20_n_hyperplanes3_dim_hyperplanes5_seed11,4360508611e0e8963c01cd3994e98f0e069bb3b004ae6b18c71eecbf920853d1,2bf856a6c49a9c38010e4b719cd3d58e50f10d0c5c7048ed32accf1d9872633f,A,L1,2.0,h2,35,35.0,15,4,0xc975238400fc39ed,U0-2pi,pennylane,,,,0,val_full,600,val,0.8216666666666667,0.9014988096701724,0.8146174969897,0.8216666579246521,0.9257668256759644,0.002488430950114,0.2149701840132712,49,19,827.8303051390103,unknown,56488e26fdba,0.03,0.001 0.003 0.01 0.03,0.0380555555555555,30,300,1.0,,,False,,
a7_20260822T081428Z,2026-08-22T08:29:10+00:00,hyperplanes_n_features20_n_hyperplanes3_dim_hyperplanes5_seed11,4360508611e0e8963c01cd3994e98f0e069bb3b004ae6b18c71eecbf920853d1,2bf856a6c49a9c38010e4b719cd3d58e50f10d0c5c7048ed32accf1d9872633f,B,L1,2.0,linear,35,35.0,6,7,0xd86bbfc3a6142e24,U0-2pi,pennylane,,,,0,test_full,1200,test,0.7583333333333333,0.8396473492810196,0.7579130434782608,0.7476190328598022,0.0,0.1143650491785888,0.0347191154601736,39,9,0.71012656899984,unknown,56488e26fdba,0.03,0.001 0.003 0.01 0.03,0.0380555555555555,30,300,1.0,,,True,0.7641666666666667,1e-06
a7_20260822T081428Z,2026-08-22T08:29:10+00:00,hyperplanes_n_features20_n_hyperplanes3_dim_hyperplanes5_seed11,4360508611e0e8963c01cd3994e98f0e069bb3b004ae6b18c71eecbf920853d1,2bf856a6c49a9c38010e4b719cd3d58e50f10d0c5c7048ed32accf1d9872633f,B,L1,2.0,linear,35,35.0,6,7,0xd86bbfc3a6142e24,U0-2pi,pennylane,,,,0,val_full,600,val,0.7616666666666667,0.8295313565289311,0.7549964448784834,0.7476190328598022,0.0,0.1143650491785888,0.0347191154601736,39,9,0.71012656899984,unknown,56488e26fdba,0.03,0.001 0.003 0.01 0.03,0.0380555555555555,30,300,1.0,,,True,0.7383333333333333,1e-06
a7_20260822T081428Z,2026-08-22T08:29:11+00:00,hyperplanes_n_features20_n_hyperplanes3_dim_hyperplanes5_seed11,4360508611e0e8963c01cd3994e98f0e069bb3b004ae6b18c71eecbf920853d1,2bf856a6c49a9c38010e4b719cd3d58e50f10d0c5c7048ed32accf1d9872633f,B,L1,2.0,h2,35,35.0,15,7,0xd86bbfc3a6142e24,U0-2pi,pennylane,,,,0,test_full,1200,test,0.7916666666666666,0.8598516442576096,0.7900283041845959,0.7823809385299683,0.0,0.0702936616256281,0.015799875258913,41,11,1.0167841729999054,unknown,56488e26fdba,0.03,0.001 0.003 0.01 0.03,0.0380555555555555,30,300,1.0,,,True,0.7641666666666667,1e-06
a7_20260822T081428Z,2026-08-22T08:29:11+00:00,hyperplanes_n_features20_n_hyperplanes3_dim_hyperplanes5_seed11,4360508611e0e8963c01cd3994e98f0e069bb3b004ae6b18c71eecbf920853d1,2bf856a6c49a9c38010e4b719cd3d58e50f10d0c5c7048ed32accf1d9872633f,B,L1,2.0,h2,35,35.0,15,7,0xd86bbfc3a6142e24,U0-2pi,pennylane,,,,0,val_full,600,val,0.7866666666666666,0.8428317555409015,0.7783831201809871,0.7823809385299683,0.0,0.0702936616256281,0.015799875258913,41,11,1.0167841729999054,unknown,56488e26fdba,0.03,0.001 0.003 0.01 0.03,0.0380555555555555,30,300,1.0,,,True,0.7383333333333333,1e-06
a7_20260822T081428Z,2026-08-22T08:29:12+00:00,hyperplanes_n_features20_n_hyperplanes3_dim_hyperplanes5_seed11,4360508611e0e8963c01cd3994e98f0e069bb3b004ae6b18c71eecbf920853d1,2bf856a6c49a9c38010e4b719cd3d58e50f10d0c5c7048ed32accf1d9872633f,B,L1,2.0,h4,35,35.0,29,7,0xd86bbfc3a6142e24,U0-2pi,pennylane,,,,0,test_full,1200,test,0.7933333333333333,0.8611361336313794,0.7901411470027417,0.7790476083755493,0.0,0.01581678081352,0.0409674502306198,41,11,1.0364581659960097,unknown,56488e26fdba,0.03,0.001 0.003 0.01 0.03,0.0380555555555555,30,300,1.0,,,True,0.7641666666666667,1e-06
a7_20260822T081428Z,2026-08-22T08:29:12+00:00,hyperplanes_n_features20_n_hyperplanes3_dim_hyperplanes5_seed11,4360508611e0e8963c01cd3994e98f0e069bb3b004ae6b18c71eecbf920853d1,2bf856a6c49a9c38010e4b719cd3d58e50f10d0c5c7048ed32accf1d9872633f,B,L1,2.0,h4,35,35.0,29,7,0xd86bbfc3a6142e24,U0-2pi,pennylane,,,,0,val_full,600,val,0.7883333333333333,0.8444076851717317,0.7780748429486339,0.7790476083755493,0.0,0.01581678081352,0.0409674502306198,41,11,1.0364581659960097,unknown,56488e26fdba,0.03,0.001 0.003 0.01 0.03,0.0380555555555555,30,300,1.0,,,True,0.7383333333333333,1e-06
a7_20260822T081428Z,2026-08-22T08:29:13+00:00,hyperplanes_n_features20_n_hyperplanes3_dim_hyperplanes5_seed11,4360508611e0e8963c01cd3994e98f0e069bb3b004ae6b18c71eecbf920853d1,2bf856a6c49a9c38010e4b719cd3d58e50f10d0c5c7048ed32accf1d9872633f,B,L1,2.0,h42,35,35.0,295,7,0xd86bbfc3a6142e24,U0-2pi,pennylane,,,,0,test_full,1200,test,0.7925,0.8754351138246644,0.790576650137548,0.7833333611488342,0.0,0.0123327651184567,0.0491652005448748,61,31,1.5598814239929195,unknown,56488e26fdba,0.01,0.001 0.003 0.01 0.03,0.0380555555555555,30,300,1.0,,,True,0.7641666666666667,1e-06
a7_20260822T081428Z,2026-08-22T08:29:13+00:00,hyperplanes_n_features20_n_hyperplanes3_dim_hyperplanes5_seed11,4360508611e0e8963c01cd3994e98f0e069bb3b004ae6b18c71eecbf920853d1,2bf856a6c49a9c38010e4b719cd3d58e50f10d0c5c7048ed32accf1d9872633f,B,L1,2.0,h42,35,35.0,295,7,0xd86bbfc3a6142e24,U0-2pi,pennylane,,,,0,val_full,600,val,0.7833333333333333,0.8572945423656827,0.7739890355706487,0.7833333611488342,0.0,0.0123327651184567,0.0491652005448748,61,31,1.5598814239929195,unknown,56488e26fdba,0.01,0.001 0.003 0.01 0.03,0.0380555555555555,30,300,1.0,,,True,0.7383333333333333,1e-06
a7_20260822T081428Z,2026-08-22T08:29:29+00:00,hyperplanes_n_features20_n_hyperplanes3_dim_hyperplanes5_seed11,4360508611e0e8963c01cd3994e98f0e069bb3b004ae6b18c71eecbf920853d1,2bf856a6c49a9c38010e4b719cd3d58e50f10d0c5c7048ed32accf1d9872633f,F,product,2.0,linear,35,20.0,6,3,0xa27b3263a781f0fe,U0-2pi,pennylane,,,,0,test_full,1200,test,0.8208333333333333,0.9074305764076558,0.8190539044029514,0.8166666626930237,1.0310786962509155,0.0381198254263445,0.0455640754139409,57,27,851.2263959929987,unknown,56488e26fdba,0.03,0.001 0.003 0.01 0.03,0.0380555555555555,30,300,1.0,,,False,,
a7_20260822T081428Z,2026-08-22T08:29:29+00:00,hyperplanes_n_features20_n_hyperplanes3_dim_hyperplanes5_seed11,4360508611e0e8963c01cd3994e98f0e069bb3b004ae6b18c71eecbf920853d1,2bf856a6c49a9c38010e4b719cd3d58e50f10d0c5c7048ed32accf1d9872633f,F,product,2.0,linear,35,20.0,6,3,0xa27b3263a781f0fe,U0-2pi,pennylane,,,,0,val_full,600,val,0.815,0.8907914296252417,0.8071571900544071,0.8166666626930237,1.0310786962509155,0.0381198254263445,0.0455640754139409,57,27,851.2263959929987,unknown,56488e26fdba,0.03,0.001 0.003 0.01 0.03,0.0380555555555555,30,300,1.0,,,False,,
a7_20260822T081428Z,2026-08-22T08:29:44+00:00,hyperplanes_n_features20_n_hyperplanes3_dim_hyperplanes5_seed11,4360508611e0e8963c01cd3994e98f0e069bb3b004ae6b18c71eecbf920853d1,2bf856a6c49a9c38010e4b719cd3d58e50f10d0c5c7048ed32accf1d9872633f,B,L2,2.0,linear,35,35.0,6,7,0x93234eaab96b5658,U0-2pi,pennylane,,,,0,test_full,1200,test,0.7725,0.856912888266106,0.7724922584171267,0.7802380919456482,0.0,0.0602182331651133,0.0148125376164783,88,58,1.6104034050076734,unknown,56488e26fdba,0.03,0.001 0.003 0.01 0.03,0.0380555555555555,30,300,1.0,,,True,0.77,1e-06
a7_20260822T081428Z,2026-08-22T08:29:44+00:00,hyperplanes_n_features20_n_hyperplanes3_dim_hyperplanes5_seed11,4360508611e0e8963c01cd3994e98f0e069bb3b004ae6b18c71eecbf920853d1,2bf856a6c49a9c38010e4b719cd3d58e50f10d0c5c7048ed32accf1d9872633f,B,L2,2.0,linear,35,35.0,6,7,0x93234eaab96b5658,U0-2pi,pennylane,,,,0,val_full,600,val,0.7683333333333333,0.8531591241854903,0.7659137922807687,0.7802380919456482,0.0,0.0602182331651133,0.0148125376164783,88,58,1.6104034050076734,unknown,56488e26fdba,0.03,0.001 0.003 0.01 0.03,0.0380555555555555,30,300,1.0,,,True,0.7616666666666667,1e-06
a7_20260822T081428Z,2026-08-22T08:29:45+00:00,hyperplanes_n_features20_n_hyperplanes3_dim_hyperplanes5_seed11,4360508611e0e8963c01cd3994e98f0e069bb3b004ae6b18c71eecbf920853d1,2bf856a6c49a9c38010e4b719cd3d58e50f10d0c5c7048ed32accf1d9872633f,B,L2,2.0,h2,35,35.0,15,7,0x93234eaab96b5658,U0-2pi,pennylane,,,,0,test_full,1200,test,0.7725,0.8569267896662552,0.7724922584171267,0.7797619104385376,0.0,0.0702575645593695,0.0052943832389363,53,23,1.328873813006794,unknown,56488e26fdba,0.03,0.001 0.003 0.01 0.03,0.0380555555555555,30,300,1.0,,,True,0.77,1e-06
a7_20260822T081428Z,2026-08-22T08:29:45+00:00,hyperplanes_n_features20_n_hyperplanes3_dim_hyperplanes5_seed11,4360508611e0e8963c01cd3994e98f0e069bb3b004ae6b18c71eecbf920853d1,2bf856a6c49a9c38010e4b719cd3d58e50f10d0c5c7048ed32accf1d9872633f,B,L2,2.0,h2,35,35.0,15,7,0x93234eaab96b5658,U0-2pi,pennylane,,,,0,val_full,600,val,0.7666666666666667,0.8528238200087179,0.7641482945675491,0.7797619104385376,0.0,0.0702575645593695,0.0052943832389363,53,23,1.328873813006794,unknown,56488e26fdba,0.03,0.001 0.003 0.01 0.03,0.0380555555555555,30,300,1.0,,,True,0.7616666666666667,1e-06
a7_20260822T081428Z,2026-08-22T08:29:48+00:00,hyperplanes_n_features20_n_hyperplanes3_dim_hyperplanes5_seed11,4360508611e0e8963c01cd3994e98f0e069bb3b004ae6b18c71eecbf920853d1,2bf856a6c49a9c38010e4b719cd3d58e50f10d0c5c7048ed32accf1d9872633f,B,L2,2.0,h4,35,35.0,29,7,0x93234eaab96b5658,U0-2pi,pennylane,,,,0,test_full,1200,test,0.7641666666666667,0.8567168785240049,0.7640799988329046,0.7764285802841187,0.0,0.0112823460745708,0.0063024668345751,86,56,2.145037334994413,unknown,56488e26fdba,0.03,0.001 0.003 0.01 0.03,0.0380555555555555,30,300,1.0,,,True,0.77,1e-06
a7_20260822T081428Z,2026-08-22T08:29:48+00:00,hyperplanes_n_features20_n_hyperplanes3_dim_hyperplanes5_seed11,4360508611e0e8963c01cd3994e98f0e069bb3b004ae6b18c71eecbf920853d1,2bf856a6c49a9c38010e4b719cd3d58e50f10d0c5c7048ed32accf1d9872633f,B,L2,2.0,h4,35,35.0,29,7,0x93234eaab96b5658,U0-2pi,pennylane,,,,0,val_full,600,val,0.7666666666666667,0.8535111935711012,0.7651637144390768,0.7764285802841187,0.0,0.0112823460745708,0.0063024668345751,86,56,2.145037334994413,unknown,56488e26fdba,0.03,0.001 0.003 0.01 0.03,0.0380555555555555,30,300,1.0,,,True,0.7616666666666667,1e-06
a7_20260822T081428Z,2026-08-22T08:29:49+00:00,hyperplanes_n_features20_n_hyperplanes3_dim_hyperplanes5_seed11,4360508611e0e8963c01cd3994e98f0e069bb3b004ae6b18c71eecbf920853d1,2bf856a6c49a9c38010e4b719cd3d58e50f10d0c5c7048ed32accf1d9872633f,B,L2,2.0,h42,35,35.0,295,7,0x93234eaab96b5658,U0-2pi,pennylane,,,,0,test_full,1200,test,0.7958333333333333,0.8817241072520824,0.7958093692940352,0.7923809289932251,0.0,0.0098441024280821,0.0301242464262921,67,37,1.7279102869943015,unknown,56488e26fdba,0.01,0.001 0.003 0.01 0.03,0.0380555555555555,30,300,1.0,,,True,0.77,1e-06
a7_20260822T081428Z,2026-08-22T08:29:49+00:00,hyperplanes_n_features20_n_hyperplanes3_dim_hyperplanes5_seed11,4360508611e0e8963c01cd3994e98f0e069bb3b004ae6b18c71eecbf920853d1,2bf856a6c49a9c38010e4b719cd3d58e50f10d0c5c7048ed32accf1d9872633f,B,L2,2.0,h42,35,35.0,295,7,0x93234eaab96b5658,U0-2pi,pennylane,,,,0,val_full,600,val,0.8,0.8750880173464027,0.7973976858313448,0.7923809289932251,0.0,0.0098441024280821,0.0301242464262921,67,37,1.7279102869943015,unknown,56488e26fdba,0.01,0.001 0.003 0.01 0.03,0.0380555555555555,30,300,1.0,,,True,0.7616666666666667,1e-06
a7_20260822T081428Z,2026-08-22T08:29:57+00:00,hyperplanes_n_features20_n_hyperplanes3_dim_hyperplanes5_seed11,4360508611e0e8963c01cd3994e98f0e069bb3b004ae6b18c71eecbf920853d1,2bf856a6c49a9c38010e4b719cd3d58e50f10d0c5c7048ed32accf1d9872633f,F,product,2.0,h2,35,20.0,15,1,0x27078a7f911995bb,U0-2pi,pennylane,,,,0,test_full,1200,test,0.815,0.9127270098644336,0.8133151694038698,0.8185714483261108,0.8660596609115601,0.0050702448830849,0.0896312244154567,59,29,880.1587700189993,unknown,56488e26fdba,0.03,0.001 0.003 0.01 0.03,0.0380555555555555,30,300,1.0,,,False,,
a7_20260822T081428Z,2026-08-22T08:29:57+00:00,hyperplanes_n_features20_n_hyperplanes3_dim_hyperplanes5_seed11,4360508611e0e8963c01cd3994e98f0e069bb3b004ae6b18c71eecbf920853d1,2bf856a6c49a9c38010e4b719cd3d58e50f10d0c5c7048ed32accf1d9872633f,F,product,2.0,h2,35,20.0,15,1,0x27078a7f911995bb,U0-2pi,pennylane,,,,0,val_full,600,val,0.815,0.8965139542421567,0.8071571900544071,0.8185714483261108,0.8660596609115601,0.0050702448830849,0.0896312244154567,59,29,880.1587700189993,unknown,56488e26fdba,0.03,0.001 0.003 0.01 0.03,0.0380555555555555,30,300,1.0,,,False,,
a7_20260822T081428Z,2026-08-22T08:30:12+00:00,hyperplanes_n_features20_n_hyperplanes3_dim_hyperplanes5_seed11,4360508611e0e8963c01cd3994e98f0e069bb3b004ae6b18c71eecbf920853d1,2bf856a6c49a9c38010e4b719cd3d58e50f10d0c5c7048ed32accf1d9872633f,F,product,2.0,h4,35,20.0,29,3,0xa27b3263a781f0fe,U0-2pi,pennylane,,,,0,test_full,1200,test,0.8141666666666667,0.9122460214192774,0.8132733612399877,0.8185714483261108,0.8452871441841125,0.0018165234599614,0.1627528427169787,59,29,894.5368229820015,unknown,56488e26fdba,0.03,0.001 0.003 0.01 0.03,0.0380555555555555,30,300,1.0,,,False,,
a7_20260822T081428Z,2026-08-22T08:30:12+00:00,hyperplanes_n_features20_n_hyperplanes3_dim_hyperplanes5_seed11,4360508611e0e8963c01cd3994e98f0e069bb3b004ae6b18c71eecbf920853d1,2bf856a6c49a9c38010e4b719cd3d58e50f10d0c5c7048ed32accf1d9872633f,F,product,2.0,h4,35,20.0,29,3,0xa27b3263a781f0fe,U0-2pi,pennylane,,,,0,val_full,600,val,0.8133333333333334,0.8936415151278068,0.8060852301583638,0.8185714483261108,0.8452871441841125,0.0018165234599614,0.1627528427169787,59,29,894.5368229820015,unknown,56488e26fdba,0.03,0.001 0.003 0.01 0.03,0.0380555555555555,30,300,1.0,,,False,,
a7_20260822T081428Z,2026-08-22T08:30:37+00:00,hyperplanes_n_features20_n_hyperplanes3_dim_hyperplanes5_seed11,4360508611e0e8963c01cd3994e98f0e069bb3b004ae6b18c71eecbf920853d1,2bf856a6c49a9c38010e4b719cd3d58e50f10d0c5c7048ed32accf1d9872633f,F,product,2.0,h4,35,20.0,29,1,0x27078a7f911995bb,U0-2pi,pennylane,,,,0,test_full,1200,test,0.8325,0.9223273168073488,0.8308924210778715,0.8304761648178101,0.7931188344955444,0.0079721230203858,0.0700071904459484,62,32,919.7962058080012,unknown,56488e26fdba,0.03,0.001 0.003 0.01 0.03,0.0380555555555555,30,300,1.0,,,False,,
a7_20260822T081428Z,2026-08-22T08:30:37+00:00,hyperplanes_n_features20_n_hyperplanes3_dim_hyperplanes5_seed11,4360508611e0e8963c01cd3994e98f0e069bb3b004ae6b18c71eecbf920853d1,2bf856a6c49a9c38010e4b719cd3d58e50f10d0c5c7048ed32accf1d9872633f,F,product,2.0,h4,35,20.0,29,1,0x27078a7f911995bb,U0-2pi,pennylane,,,,0,val_full,600,val,0.8216666666666667,0.9061818913390932,0.8143644875216502,0.8304761648178101,0.7931188344955444,0.0079721230203858,0.0700071904459484,62,32,919.7962058080012,unknown,56488e26fdba,0.03,0.001 0.003 0.01 0.03,0.0380555555555555,30,300,1.0,,,False,,
a7_20260822T081428Z,2026-08-22T08:30:53+00:00,hyperplanes_n_features20_n_hyperplanes3_dim_hyperplanes5_seed11,4360508611e0e8963c01cd3994e98f0e069bb3b004ae6b18c71eecbf920853d1,2bf856a6c49a9c38010e4b719cd3d58e50f10d0c5c7048ed32accf1d9872633f,A,L1,2.0,h2,35,35.0,15,5,0x2560fc84838de57f,U0-2pi,pennylane,,,,0,test_full,1200,test,0.485,0.5,0.3265993265993266,0.4988095164299011,0.2743560075759887,0.0159651797664893,0.0154265346203064,56,26,903.869440749986,unknown,56488e26fdba,0.03,0.001 0.003 0.01 0.03,0.0380555555555555,30,300,1.0,,,False,,
a7_20260822T081428Z,2026-08-22T08:30:53+00:00,hyperplanes_n_features20_n_hyperplanes3_dim_hyperplanes5_seed11,4360508611e0e8963c01cd3994e98f0e069bb3b004ae6b18c71eecbf920853d1,2bf856a6c49a9c38010e4b719cd3d58e50f10d0c5c7048ed32accf1d9872633f,A,L1,2.0,h2,35,35.0,15,5,0x2560fc84838de57f,U0-2pi,pennylane,,,,0,val_full,600,val,0.5383333333333333,0.5,0.3499458288190682,0.4988095164299011,0.2743560075759887,0.0159651797664893,0.0154265346203064,56,26,903.869440749986,unknown,56488e26fdba,0.03,0.001 0.003 0.01 0.03,0.0380555555555555,30,300,1.0,,,False,,
a7_20260822T081428Z,2026-08-22T08:30:53+00:00,hyperplanes_n_features20_n_hyperplanes3_dim_hyperplanes5_seed11,4360508611e0e8963c01cd3994e98f0e069bb3b004ae6b18c71eecbf920853d1,2bf856a6c49a9c38010e4b719cd3d58e50f10d0c5c7048ed32accf1d9872633f,A,L2,2.0,h2,35,35.0,15,4,0xc9f964aa2896fb2f,U0-2pi,pennylane,,,,0,test_full,1200,test,0.83,0.9139447725174878,0.8286117552172598,0.833809494972229,0.6591356992721558,0.0011355323773452,0.0418778255237426,56,26,935.723312261005,unknown,56488e26fdba,0.03,0.001 0.003 0.01 0.03,0.0380555555555555,30,300,1.0,,,False,,
a7_20260822T081428Z,2026-08-22T08:30:53+00:00,hyperplanes_n_features20_n_hyperplanes3_dim_hyperplanes5_seed11,4360508611e0e8963c01cd3994e98f0e069bb3b004ae6b18c71eecbf920853d1,2bf856a6c49a9c38010e4b719cd3d58e50f10d0c5c7048ed32accf1d9872633f,A,L2,2.0,h2,35,35.0,15,4,0xc9f964aa2896fb2f,U0-2pi,pennylane,,,,0,val_full,600,val,0.8166666666666667,0.8940103497222563,0.8098004633952347,0.833809494972229,0.6591356992721558,0.0011355323773452,0.0418778255237426,56,26,935.723312261005,unknown,56488e26fdba,0.03,0.001 0.003 0.01 0.03,0.0380555555555555,30,300,1.0,,,False,,
a7_20260822T081428Z,2026-08-22T08:30:58+00:00,hyperplanes_n_features20_n_hyperplanes3_dim_hyperplanes5_seed11,4360508611e0e8963c01cd3994e98f0e069bb3b004ae6b18c71eecbf920853d1,2bf856a6c49a9c38010e4b719cd3d58e50f10d0c5c7048ed32accf1d9872633f,A,L2,2.0,h2,35,35.0,15,5,0xf9ea9d8280d97e94,U0-2pi,pennylane,,,,0,test_full,1200,test,0.485,0.5,0.3265993265993266,0.4988095164299011,0.2165106385946273,0.0122115706512065,0.0154265189237161,56,26,906.3549938500072,unknown,56488e26fdba,0.03,0.001 0.003 0.01 0.03,0.0380555555555555,30,300,1.0,,,False,,
a7_20260822T081428Z,2026-08-22T08:30:58+00:00,hyperplanes_n_features20_n_hyperplanes3_dim_hyperplanes5_seed11,4360508611e0e8963c01cd3994e98f0e069bb3b004ae6b18c71eecbf920853d1,2bf856a6c49a9c38010e4b719cd3d58e50f10d0c5c7048ed32accf1d9872633f,A,L2,2.0,h2,35,35.0,15,5,0xf9ea9d8280d97e94,U0-2pi,pennylane,,,,0,val_full,600,val,0.5383333333333333,0.5,0.3499458288190682,0.4988095164299011,0.2165106385946273,0.0122115706512065,0.0154265189237161,56,26,906.3549938500072,unknown,56488e26fdba,0.03,0.001 0.003 0.01 0.03,0.0380555555555555,30,300,1.0,,,False,,
a7_20260822T081428Z,2026-08-22T08:30:59+00:00,hyperplanes_n_features20_n_hyperplanes3_dim_hyperplanes5_seed11,4360508611e0e8963c01cd3994e98f0e069bb3b004ae6b18c71eecbf920853d1,2bf856a6c49a9c38010e4b719cd3d58e50f10d0c5c7048ed32accf1d9872633f,D_best,,2.0,linear,192,,33,7,0x0b43632cc101e959,RFF-int-spectrum-U0-2pi,pennylane,,,,0,test_full,1200,test,0.8116666666666666,0.9100940846762086,0.8115326454367551,0.8092857003211975,0.0,0.0672291181391921,0.0197959804130698,48,18,0.911484042997472,unknown,56488e26fdba,0.03,0.001 0.003 0.01 0.03,0.0380555555555555,30,300,1.0,32.0,0x0b43632cc101e959,True,0.7966666666666666,1e-06
a7_20260822T081428Z,2026-08-22T08:30:59+00:00,hyperplanes_n_features20_n_hyperplanes3_dim_hyperplanes5_seed11,4360508611e0e8963c01cd3994e98f0e069bb3b004ae6b18c71eecbf920853d1,2bf856a6c49a9c38010e4b719cd3d58e50f10d0c5c7048ed32accf1d9872633f,D_best,,2.0,linear,192,,33,7,0x0b43632cc101e959,RFF-int-spectrum-U0-2pi,pennylane,,,,0,val_full,600,val,0.81,0.8934068022040661,0.8067338012409724,0.8092857003211975,0.0,0.0672291181391921,0.0197959804130698,48,18,0.911484042997472,unknown,56488e26fdba,0.03,0.001 0.003 0.01 0.03,0.0380555555555555,30,300,1.0,32.0,0x0b43632cc101e959,True,0.7916666666666666,1e-06
a7_20260822T081428Z,2026-08-22T08:30:54+00:00,hyperplanes_n_features20_n_hyperplanes3_dim_hyperplanes5_seed11,4360508611e0e8963c01cd3994e98f0e069bb3b004ae6b18c71eecbf920853d1,2bf856a6c49a9c38010e4b719cd3d58e50f10d0c5c7048ed32accf1d9872633f,D_matched,,2.0,linear,30,,6,7,0x1faf6886a6db9d45,RFF-int-spectrum-U0-2pi,pennylane,,,,0,test_full,1200,test,0.7516666666666667,0.87265205351483,0.7515500332100347,0.7488095164299011,0.0,0.0696414111122941,0.0359763412170218,39,9,0.7184756200003903,unknown,56488e26fdba,0.03,0.001 0.003 0.01 0.03,0.0380555555555555,30,300,1.0,,0x1faf6886a6db9d45,True,0.7366666666666667,1e-06
a7_20260822T081428Z,2026-08-22T08:30:54+00:00,hyperplanes_n_features20_n_hyperplanes3_dim_hyperplanes5_seed11,4360508611e0e8963c01cd3994e98f0e069bb3b004ae6b18c71eecbf920853d1,2bf856a6c49a9c38010e4b719cd3d58e50f10d0c5c7048ed32accf1d9872633f,D_matched,,2.0,linear,30,,6,7,0x1faf6886a6db9d45,RFF-int-spectrum-U0-2pi,pennylane,,,,0,val_full,600,val,0.7383333333333333,0.8507784645304065,0.7350292958586373,0.7488095164299011,0.0,0.0696414111122941,0.0359763412170218,39,9,0.7184756200003903,unknown,56488e26fdba,0.03,0.001 0.003 0.01 0.03,0.0380555555555555,30,300,1.0,,0x1faf6886a6db9d45,True,0.7183333333333334,1e-06
a7_20260822T081428Z,2026-08-22T08:30:55+00:00,hyperplanes_n_features20_n_hyperplanes3_dim_hyperplanes5_seed11,4360508611e0e8963c01cd3994e98f0e069bb3b004ae6b18c71eecbf920853d1,2bf856a6c49a9c38010e4b719cd3d58e50f10d0c5c7048ed32accf1d9872633f,D_matched,,2.0,h2,30,,15,7,0x1faf6886a6db9d45,RFF-int-spectrum-U0-2pi,pennylane,,,,0,test_full,1200,test,0.76,0.8620995006617067,0.76,0.7576190233230591,0.0,0.0787509993349099,0.0594589215973023,31,1,0.7709569619910326,unknown,56488e26fdba,0.03,0.001 0.003 0.01 0.03,0.0380555555555555,30,300,1.0,,0x1faf6886a6db9d45,True,0.7366666666666667,1e-06
a7_20260822T081428Z,2026-08-22T08:30:55+00:00,hyperplanes_n_features20_n_hyperplanes3_dim_hyperplanes5_seed11,4360508611e0e8963c01cd3994e98f0e069bb3b004ae6b18c71eecbf920853d1,2bf856a6c49a9c38010e4b719cd3d58e50f10d0c5c7048ed32accf1d9872633f,D_matched,,2.0,h2,30,,15,7,0x1faf6886a6db9d45,RFF-int-spectrum-U0-2pi,pennylane,,,,0,val_full,600,val,0.7466666666666667,0.8390987023728359,0.744277078029139,0.7576190233230591,0.0,0.0787509993349099,0.0594589215973023,31,1,0.7709569619910326,unknown,56488e26fdba,0.03,0.001 0.003 0.01 0.03,0.0380555555555555,30,300,1.0,,0x1faf6886a6db9d45,True,0.7183333333333334,1e-06
a7_20260822T081428Z,2026-08-22T08:30:56+00:00,hyperplanes_n_features20_n_hyperplanes3_dim_hyperplanes5_seed11,4360508611e0e8963c01cd3994e98f0e069bb3b004ae6b18c71eecbf920853d1,2bf856a6c49a9c38010e4b719cd3d58e50f10d0c5c7048ed32accf1d9872633f,D_matched,,2.0,h4,30,,29,7,0x1faf6886a6db9d45,RFF-int-spectrum-U0-2pi,pennylane,,,,0,test_full,1200,test,0.7733333333333333,0.8703916858505989,0.7708064747170893,0.7726190686225891,0.0,0.0162616960565214,0.0336234109875697,53,23,1.3121242159977555,unknown,56488e26fdba,0.03,0.001 0.003 0.01 0.03,0.0380555555555555,30,300,1.0,,0x1faf6886a6db9d45,True,0.7366666666666667,1e-06
a7_20260822T081428Z,2026-08-22T08:30:56+00:00,hyperplanes_n_features20_n_hyperplanes3_dim_hyperplanes5_seed11,4360508611e0e8963c01cd3994e98f0e069bb3b004ae6b18c71eecbf920853d1,2bf856a6c49a9c38010e4b719cd3d58e50f10d0c5c7048ed32accf1d9872633f,D_matched,,2.0,h4,30,,29,7,0x1faf6886a6db9d45,RFF-int-spectrum-U0-2pi,pennylane,,,,0,val_full,600,val,0.7683333333333333,0.8657218540085614,0.7588473249113027,0.7726190686225891,0.0,0.0162616960565214,0.0336234109875697,53,23,1.3121242159977555,unknown,56488e26fdba,0.03,0.001 0.003 0.01 0.03,0.0380555555555555,30,300,1.0,,0x1faf6886a6db9d45,True,0.7183333333333334,1e-06
a7_20260822T081428Z,2026-08-22T08:30:59+00:00,hyperplanes_n_features20_n_hyperplanes3_dim_hyperplanes5_seed11,4360508611e0e8963c01cd3994e98f0e069bb3b004ae6b18c71eecbf920853d1,2bf856a6c49a9c38010e4b719cd3d58e50f10d0c5c7048ed32accf1d9872633f,D_matched,,2.0,h42,30,,295,7,0x1faf6886a6db9d45,RFF-int-spectrum-U0-2pi,pennylane,,,,0,test_full,1200,test,0.845,0.9322584770738108,0.8449724395448079,0.8623809814453125,0.0,0.018304031570698,0.0270888896388747,112,82,2.840228461005609,unknown,56488e26fdba,0.01,0.001 0.003 0.01 0.03,0.0380555555555555,30,300,1.0,,0x1faf6886a6db9d45,True,0.7366666666666667,1e-06
a7_20260822T081428Z,2026-08-22T08:30:59+00:00,hyperplanes_n_features20_n_hyperplanes3_dim_hyperplanes5_seed11,4360508611e0e8963c01cd3994e98f0e069bb3b004ae6b18c71eecbf920853d1,2bf856a6c49a9c38010e4b719cd3d58e50f10d0c5c7048ed32accf1d9872633f,D_matched,,2.0,h42,30,,295,7,0x1faf6886a6db9d45,RFF-int-spectrum-U0-2pi,pennylane,,,,0,val_full,600,val,0.8616666666666667,0.9342468509349398,0.8610797285196623,0.8623809814453125,0.0,0.018304031570698,0.0270888896388747,112,82,2.840228461005609,unknown,56488e26fdba,0.01,0.001 0.003 0.01 0.03,0.0380555555555555,30,300,1.0,,0x1faf6886a6db9d45,True,0.7183333333333334,1e-06
a7_20260822T081428Z,2026-08-22T08:30:54+00:00,hyperplanes_n_features20_n_hyperplanes3_dim_hyperplanes5_seed11,4360508611e0e8963c01cd3994e98f0e069bb3b004ae6b18c71eecbf920853d1,2bf856a6c49a9c38010e4b719cd3d58e50f10d0c5c7048ed32accf1d9872633f,E,,,linear,0,,6,7,,,pennylane,,,,0,test_full,1200,test,0.7716666666666666,0.8841929959185489,0.7715238690848447,0.767380952835083,0.0,0.0686525337158729,0.0106829828293109,61,31,1.1306653109932083,unknown,56488e26fdba,0.1,0.001 0.003 0.01 0.03 0.1,0.0380555555555555,30,300,1.0,,,True,0.7516666666666667,1e-06
a7_20260822T081428Z,2026-08-22T08:30:54+00:00,hyperplanes_n_features20_n_hyperplanes3_dim_hyperplanes5_seed11,4360508611e0e8963c01cd3994e98f0e069bb3b004ae6b18c71eecbf920853d1,2bf856a6c49a9c38010e4b719cd3d58e50f10d0c5c7048ed32accf1d9872633f,E,,,linear,0,,6,7,,,pennylane,,,,0,val_full,600,val,0.7533333333333333,0.8632182494886611,0.7501238125253253,0.767380952835083,0.0,0.0686525337158729,0.0106829828293109,61,31,1.1306653109932083,unknown,56488e26fdba,0.1,0.001 0.003 0.01 0.03 0.1,0.0380555555555555,30,300,1.0,,,True,0.7383333333333333,1e-06
a7_20260822T081428Z,2026-08-22T08:30:55+00:00,hyperplanes_n_features20_n_hyperplanes3_dim_hyperplanes5_seed11,4360508611e0e8963c01cd3994e98f0e069bb3b004ae6b18c71eecbf920853d1,2bf856a6c49a9c38010e4b719cd3d58e50f10d0c5c7048ed32accf1d9872633f,E,,,h2,0,,15,7,,,pennylane,,,,0,test_full,1200,test,0.815,0.9169836185900644,0.8149259703881553,0.8183333277702332,0.0,0.0697054032709458,0.0634744961720156,35,5,0.874445312001626,unknown,56488e26fdba,0.1,0.001 0.003 0.01 0.03 0.1,0.0380555555555555,30,300,1.0,,,True,0.7516666666666667,1e-06
a7_20260822T081428Z,2026-08-22T08:30:55+00:00,hyperplanes_n_features20_n_hyperplanes3_dim_hyperplanes5_seed11,4360508611e0e8963c01cd3994e98f0e069bb3b004ae6b18c71eecbf920853d1,2bf856a6c49a9c38010e4b719cd3d58e50f10d0c5c7048ed32accf1d9872633f,E,,,h2,0,,15,7,,,pennylane,,,,0,val_full,600,val,0.815,0.9078248818052778,0.813432313187198,0.8183333277702332,0.0,0.0697054032709458,0.0634744961720156,35,5,0.874445312001626,unknown,56488e26fdba,0.1,0.001 0.003 0.01 0.03 0.1,0.0380555555555555,30,300,1.0,,,True,0.7383333333333333,1e-06
a7_20260822T081428Z,2026-08-22T08:30:57+00:00,hyperplanes_n_features20_n_hyperplanes3_dim_hyperplanes5_seed11,4360508611e0e8963c01cd3994e98f0e069bb3b004ae6b18c71eecbf920853d1,2bf856a6c49a9c38010e4b719cd3d58e50f10d0c5c7048ed32accf1d9872633f,E,,,h4,0,,29,7,,,pennylane,,,,0,test_full,1200,test,0.8683333333333333,0.9496352272600898,0.8682806455915699,0.8680952191352844,0.0,0.0137937018716683,0.0122905304006643,75,45,1.8733287549985107,unknown,56488e26fdba,0.1,0.001 0.003 0.01 0.03 0.1,0.0380555555555555,30,300,1.0,,,True,0.7516666666666667,1e-06
a7_20260822T081428Z,2026-08-22T08:30:57+00:00,hyperplanes_n_features20_n_hyperplanes3_dim_hyperplanes5_seed11,4360508611e0e8963c01cd3994e98f0e069bb3b004ae6b18c71eecbf920853d1,2bf856a6c49a9c38010e4b719cd3d58e50f10d0c5c7048ed32accf1d9872633f,E,,,h4,0,,29,7,,,pennylane,,,,0,val_full,600,val,0.85,0.9322685562919828,0.8494580489763148,0.8680952191352844,0.0,0.0137937018716683,0.0122905304006643,75,45,1.8733287549985107,unknown,56488e26fdba,0.1,0.001 0.003 0.01 0.03 0.1,0.0380555555555555,30,300,1.0,,,True,0.7383333333333333,1e-06
a7_20260822T081428Z,2026-08-22T08:31:00+00:00,hyperplanes_n_features20_n_hyperplanes3_dim_hyperplanes5_seed11,4360508611e0e8963c01cd3994e98f0e069bb3b004ae6b18c71eecbf920853d1,2bf856a6c49a9c38010e4b719cd3d58e50f10d0c5c7048ed32accf1d9872633f,E,,,h42,0,,295,7,,,pennylane,,,,0,test_full,1200,test,0.9816666666666668,0.998092727899554,0.981659330398826,0.9857142567634584,0.0,0.0139255692937203,0.0085452662198256,117,87,3.0083476989966584,unknown,56488e26fdba,0.03,0.001 0.003 0.01 0.03 0.1,0.0380555555555555,30,300,1.0,,,True,0.7516666666666667,1e-06
a7_20260822T081428Z,2026-08-22T08:31:00+00:00,hyperplanes_n_features20_n_hyperplanes3_dim_hyperplanes5_seed11,4360508611e0e8963c01cd3994e98f0e069bb3b004ae6b18c71eecbf920853d1,2bf856a6c49a9c38010e4b719cd3d58e50f10d0c5c7048ed32accf1d9872633f,E,,,h42,0,,295,7,,,pennylane,,,,0,val_full,600,val,0.9833333333333332,0.9974293346447451,0.9832072007523174,0.9857142567634584,0.0,0.0139255692937203,0.0085452662198256,117,87,3.0083476989966584,unknown,56488e26fdba,0.03,0.001 0.003 0.01 0.03 0.1,0.0380555555555555,30,300,1.0,,,True,0.7383333333333333,1e-06
a7_20260822T081428Z,2026-08-22T08:31:00+00:00,hyperplanes_n_features20_n_hyperplanes3_dim_hyperplanes5_seed11,4360508611e0e8963c01cd3994e98f0e069bb3b004ae6b18c71eecbf920853d1,2bf856a6c49a9c38010e4b719cd3d58e50f10d0c5c7048ed32accf1d9872633f,D_best,,2.0,linear,3072,,513,7,0xbd1cf10942c2e933,RFF-int-spectrum-U0-2pi,pennylane,,,,0,test_full,1200,test,0.8175,0.9160272022598116,0.8173933526455381,0.8192856907844543,0.0,0.157867766462646,0.0566970917198124,56,26,1.3689532319986029,unknown,56488e26fdba,0.01,0.001 0.003 0.01 0.03,0.0380555555555555,30,300,1.0,512.0,0xbd1cf10942c2e933,True,0.8225,1e-06
a7_20260822T081428Z,2026-08-22T08:31:00+00:00,hyperplanes_n_features20_n_hyperplanes3_dim_hyperplanes5_seed11,4360508611e0e8963c01cd3994e98f0e069bb3b004ae6b18c71eecbf920853d1,2bf856a6c49a9c38010e4b719cd3d58e50f10d0c5c7048ed32accf1d9872633f,D_best,,2.0,linear,3072,,513,7,0xbd1cf10942c2e933,RFF-int-spectrum-U0-2pi,pennylane,,,,0,val_full,600,val,0.8216666666666667,0.896603368689296,0.8196786234906511,0.8192856907844543,0.0,0.157867766462646,0.0566970917198124,56,26,1.3689532319986029,unknown,56488e26fdba,0.01,0.001 0.003 0.01 0.03,0.0380555555555555,30,300,1.0,512.0,0xbd1cf10942c2e933,True,0.8216666666666667,1e-06
a7_20260822T081428Z,2026-08-22T08:31:01+00:00,hyperplanes_n_features20_n_hyperplanes3_dim_hyperplanes5_seed11,4360508611e0e8963c01cd3994e98f0e069bb3b004ae6b18c71eecbf920853d1,2bf856a6c49a9c38010e4b719cd3d58e50f10d0c5c7048ed32accf1d9872633f,D_best,,2.0,linear,768,,129,7,0x7c054db42ab0a66c,RFF-int-spectrum-U0-2pi,pennylane,,,,0,test_full,1200,test,0.8266666666666667,0.9164609259444612,0.8262607925737626,0.8252381086349487,0.0,0.1204832987878816,0.0336472675697593,107,77,2.098168790005729,unknown,56488e26fdba,0.03,0.001 0.003 0.01 0.03,0.0380555555555555,30,300,1.0,128.0,0x7c054db42ab0a66c,True,0.7975,1.0
a7_20260822T081428Z,2026-08-22T08:31:01+00:00,hyperplanes_n_features20_n_hyperplanes3_dim_hyperplanes5_seed11,4360508611e0e8963c01cd3994e98f0e069bb3b004ae6b18c71eecbf920853d1,2bf856a6c49a9c38010e4b719cd3d58e50f10d0c5c7048ed32accf1d9872633f,D_best,,2.0,linear,768,,129,7,0x7c054db42ab0a66c,RFF-int-spectrum-U0-2pi,pennylane,,,,0,val_full,600,val,0.8283333333333334,0.8929150227448001,0.8235289078495369,0.8252381086349487,0.0,0.1204832987878816,0.0336472675697593,107,77,2.098168790005729,unknown,56488e26fdba,0.03,0.001 0.003 0.01 0.03,0.0380555555555555,30,300,1.0,128.0,0x7c054db42ab0a66c,True,0.8066666666666666,1.0
a7_20260822T081428Z,2026-08-22T08:31:09+00:00,hyperplanes_n_features20_n_hyperplanes3_dim_hyperplanes5_seed11,4360508611e0e8963c01cd3994e98f0e069bb3b004ae6b18c71eecbf920853d1,2bf856a6c49a9c38010e4b719cd3d58e50f10d0c5c7048ed32accf1d9872633f,A,L2,2.0,h2,35,35.0,15,3,0xdec7e07515164a44,U0-2pi,pennylane,,,,0,test_full,1200,test,0.825,0.9246015858717288,0.82421875,0.8378571271896362,0.709726870059967,0.0138138626033033,0.075621870097797,57,27,951.3605170810042,unknown,56488e26fdba,0.03,0.001 0.003 0.01 0.03,0.0380555555555555,30,300,1.0,,,False,,
a7_20260822T081428Z,2026-08-22T08:31:09+00:00,hyperplanes_n_features20_n_hyperplanes3_dim_hyperplanes5_seed11,4360508611e0e8963c01cd3994e98f0e069bb3b004ae6b18c71eecbf920853d1,2bf856a6c49a9c38010e4b719cd3d58e50f10d0c5c7048ed32accf1d9872633f,A,L2,2.0,h2,35,35.0,15,3,0xdec7e07515164a44,U0-2pi,pennylane,,,,0,val_full,600,val,0.8383333333333334,0.9125079634741984,0.833424444247276,0.8378571271896362,0.709726870059967,0.0138138626033033,0.075621870097797,57,27,951.3605170810042,unknown,56488e26fdba,0.03,0.001 0.003 0.01 0.03,0.0380555555555555,30,300,1.0,,,False,,
a7_20260822T081428Z,2026-08-22T08:31:16+00:00,hyperplanes_n_features20_n_hyperplanes3_dim_hyperplanes5_seed11,4360508611e0e8963c01cd3994e98f0e069bb3b004ae6b18c71eecbf920853d1,2bf856a6c49a9c38010e4b719cd3d58e50f10d0c5c7048ed32accf1d9872633f,A,L1,2.0,h2,35,35.0,15,6,0x7f041defed10b1c8,U0-2pi,pennylane,,,,0,test_full,1200,test,0.8183333333333334,0.9179094518399894,0.8177130513553063,0.814047634601593,0.895733118057251,0.0277762627690357,0.0898886486004782,56,26,906.5983383639978,unknown,56488e26fdba,0.03,0.001 0.003 0.01 0.03,0.0380555555555555,30,300,1.0,,,False,,
a7_20260822T081428Z,2026-08-22T08:31:16+00:00,hyperplanes_n_features20_n_hyperplanes3_dim_hyperplanes5_seed11,4360508611e0e8963c01cd3994e98f0e069bb3b004ae6b18c71eecbf920853d1,2bf856a6c49a9c38010e4b719cd3d58e50f10d0c5c7048ed32accf1d9872633f,A,L1,2.0,h2,35,35.0,15,6,0x7f041defed10b1c8,U0-2pi,pennylane,,,,0,val_full,600,val,0.815,0.8978328173374613,0.809382611458223,0.814047634601593,0.895733118057251,0.0277762627690357,0.0898886486004782,56,26,906.5983383639978,unknown,56488e26fdba,0.03,0.001 0.003 0.01 0.03,0.0380555555555555,30,300,1.0,,,False,,
a7_20260822T081428Z,2026-08-22T08:31:37+00:00,hyperplanes_n_features20_n_hyperplanes3_dim_hyperplanes5_seed11,4360508611e0e8963c01cd3994e98f0e069bb3b004ae6b18c71eecbf920853d1,2bf856a6c49a9c38010e4b719cd3d58e50f10d0c5c7048ed32accf1d9872633f,A,L1,2.0,linear,35,35.0,6,3,0xe98c84d46f8b02b7,U0-2pi,pennylane,,,,0,test_full,1200,test,0.82,0.9116482612128696,0.816905706438816,0.8269047737121582,0.886565625667572,0.0350060338951414,0.1262260959914866,59,29,979.7020341820024,unknown,56488e26fdba,0.03,0.001 0.003 0.01 0.03,0.0380555555555555,30,300,1.0,,,False,,
a7_20260822T081428Z,2026-08-22T08:31:37+00:00,hyperplanes_n_features20_n_hyperplanes3_dim_hyperplanes5_seed11,4360508611e0e8963c01cd3994e98f0e069bb3b004ae6b18c71eecbf920853d1,2bf856a6c49a9c38010e4b719cd3d58e50f10d0c5c7048ed32accf1d9872633f,A,L1,2.0,linear,35,35.0,6,3,0xe98c84d46f8b02b7,U0-2pi,pennylane,,,,0,val_full,600,val,0.815,0.8954074504588079,0.8051349572086899,0.8269047737121582,0.886565625667572,0.0350060338951414,0.1262260959914866,59,29,979.7020341820024,unknown,56488e26fdba,0.03,0.001 0.003 0.01 0.03,0.0380555555555555,30,300,1.0,,,False,,
a7_20260822T081428Z,2026-08-22T08:31:31+00:00,hyperplanes_n_features20_n_hyperplanes3_dim_hyperplanes5_seed11,4360508611e0e8963c01cd3994e98f0e069bb3b004ae6b18c71eecbf920853d1,2bf856a6c49a9c38010e4b719cd3d58e50f10d0c5c7048ed32accf1d9872633f,B,L1,2.0,linear,35,35.0,6,8,0xe2c241f58beaa0b8,U0-2pi,pennylane,,,,0,test_full,1200,test,0.77,0.8566320799830959,0.77,0.755476176738739,0.0,0.1602432317159925,0.02316112914055,115,85,2.124204638996161,unknown,56488e26fdba,0.03,0.001 0.003 0.01 0.03,0.0380555555555555,30,300,1.0,,,True,0.7925,1e-06
a7_20260822T081428Z,2026-08-22T08:31:31+00:00,hyperplanes_n_features20_n_hyperplanes3_dim_hyperplanes5_seed11,4360508611e0e8963c01cd3994e98f0e069bb3b004ae6b18c71eecbf920853d1,2bf856a6c49a9c38010e4b719cd3d58e50f10d0c5c7048ed32accf1d9872633f,B,L1,2.0,linear,35,35.0,6,8,0xe2c241f58beaa0b8,U0-2pi,pennylane,,,,0,val_full,600,val,0.765,0.8319343697957997,0.7634221572207975,0.755476176738739,0.0,0.1602432317159925,0.02316112914055,115,85,2.124204638996161,unknown,56488e26fdba,0.03,0.001 0.003 0.01 0.03,0.0380555555555555,30,300,1.0,,,True,0.7566666666666667,1e-06
a7_20260822T081428Z,2026-08-22T08:31:33+00:00,hyperplanes_n_features20_n_hyperplanes3_dim_hyperplanes5_seed11,4360508611e0e8963c01cd3994e98f0e069bb3b004ae6b18c71eecbf920853d1,2bf856a6c49a9c38010e4b719cd3d58e50f10d0c5c7048ed32accf1d9872633f,B,L1,2.0,h2,35,35.0,15,8,0xe2c241f58beaa0b8,U0-2pi,pennylane,,,,0,test_full,1200,test,0.485,0.5,0.3265993265993266,0.4988095164299011,0.0,0.0037709206386651,0.024533480727057,78,48,1.944307419995312,unknown,56488e26fdba,0.03,0.001 0.003 0.01 0.03,0.0380555555555555,30,300,1.0,,,True,0.7925,1e-06
a7_20260822T081428Z,2026-08-22T08:31:33+00:00,hyperplanes_n_features20_n_hyperplanes3_dim_hyperplanes5_seed11,4360508611e0e8963c01cd3994e98f0e069bb3b004ae6b18c71eecbf920853d1,2bf856a6c49a9c38010e4b719cd3d58e50f10d0c5c7048ed32accf1d9872633f,B,L1,2.0,h2,35,35.0,15,8,0xe2c241f58beaa0b8,U0-2pi,pennylane,,,,0,val_full,600,val,0.5383333333333333,0.5,0.3499458288190682,0.4988095164299011,0.0,0.0037709206386651,0.024533480727057,78,48,1.944307419995312,unknown,56488e26fdba,0.03,0.001 0.003 0.01 0.03,0.0380555555555555,30,300,1.0,,,True,0.7566666666666667,1e-06
a7_20260822T081428Z,2026-08-22T08:31:35+00:00,hyperplanes_n_features20_n_hyperplanes3_dim_hyperplanes5_seed11,4360508611e0e8963c01cd3994e98f0e069bb3b004ae6b18c71eecbf920853d1,2bf856a6c49a9c38010e4b719cd3d58e50f10d0c5c7048ed32accf1d9872633f,B,L1,2.0,h4,35,35.0,29,8,0xe2c241f58beaa0b8,U0-2pi,pennylane,,,,0,test_full,1200,test,0.485,0.5,0.3265993265993266,0.4988095164299011,0.0,0.0421829028307401,0.0176443300180022,78,48,1.9486923599906727,unknown,56488e26fdba,0.03,0.001 0.003 0.01 0.03,0.0380555555555555,30,300,1.0,,,True,0.7925,1e-06
a7_20260822T081428Z,2026-08-22T08:31:35+00:00,hyperplanes_n_features20_n_hyperplanes3_dim_hyperplanes5_seed11,4360508611e0e8963c01cd3994e98f0e069bb3b004ae6b18c71eecbf920853d1,2bf856a6c49a9c38010e4b719cd3d58e50f10d0c5c7048ed32accf1d9872633f,B,L1,2.0,h4,35,35.0,29,8,0xe2c241f58beaa0b8,U0-2pi,pennylane,,,,0,val_full,600,val,0.5383333333333333,0.5,0.3499458288190682,0.4988095164299011,0.0,0.0421829028307401,0.0176443300180022,78,48,1.9486923599906727,unknown,56488e26fdba,0.03,0.001 0.003 0.01 0.03,0.0380555555555555,30,300,1.0,,,True,0.7566666666666667,1e-06
a7_20260822T081428Z,2026-08-22T08:31:37+00:00,hyperplanes_n_features20_n_hyperplanes3_dim_hyperplanes5_seed11,4360508611e0e8963c01cd3994e98f0e069bb3b004ae6b18c71eecbf920853d1,2bf856a6c49a9c38010e4b719cd3d58e50f10d0c5c7048ed32accf1d9872633f,B,L1,2.0,h42,35,35.0,295,8,0xe2c241f58beaa0b8,U0-2pi,pennylane,,,,0,test_full,1200,test,0.8016666666666666,0.8909351749908252,0.801657851460065,0.7947618961334229,0.0,0.0203231418325561,0.0485025629001565,77,47,1.9829759090062,unknown,56488e26fdba,0.01,0.001 0.003 0.01 0.03,0.0380555555555555,30,300,1.0,,,True,0.7925,1e-06
a7_20260822T081428Z,2026-08-22T08:31:37+00:00,hyperplanes_n_features20_n_hyperplanes3_dim_hyperplanes5_seed11,4360508611e0e8963c01cd3994e98f0e069bb3b004ae6b18c71eecbf920853d1,2bf856a6c49a9c38010e4b719cd3d58e50f10d0c5c7048ed32accf1d9872633f,B,L1,2.0,h42,35,35.0,295,8,0xe2c241f58beaa0b8,U0-2pi,pennylane,,,,0,val_full,600,val,0.7983333333333333,0.8792010819148104,0.7957869095471026,0.7947618961334229,0.0,0.0203231418325561,0.0485025629001565,77,47,1.9829759090062,unknown,56488e26fdba,0.01,0.001 0.003 0.01 0.03,0.0380555555555555,30,300,1.0,,,True,0.7566666666666667,1e-06
a7_20260822T081428Z,2026-08-22T08:31:45+00:00,hyperplanes_n_features20_n_hyperplanes3_dim_hyperplanes5_seed11,4360508611e0e8963c01cd3994e98f0e069bb3b004ae6b18c71eecbf920853d1,2bf856a6c49a9c38010e4b719cd3d58e50f10d0c5c7048ed32accf1d9872633f,A,L2,2.0,linear,35,35.0,6,3,0xdec7e07515164a44,U0-2pi,pennylane,,,,0,test_full,1200,test,0.8275,0.9137334712352227,0.82501509280047,0.8295238018035889,1.2278977632522583,0.0270052484316856,0.1166704530530201,59,29,987.4851891120052,unknown,56488e26fdba,0.03,0.001 0.003 0.01 0.03,0.0380555555555555,30,300,1.0,,,False,,
a7_20260822T081428Z,2026-08-22T08:31:45+00:00,hyperplanes_n_features20_n_hyperplanes3_dim_hyperplanes5_seed11,4360508611e0e8963c01cd3994e98f0e069bb3b004ae6b18c71eecbf920853d1,2bf856a6c49a9c38010e4b719cd3d58e50f10d0c5c7048ed32accf1d9872633f,A,L2,2.0,linear,35,35.0,6,3,0xdec7e07515164a44,U0-2pi,pennylane,,,,0,val_full,600,val,0.825,0.895195091146852,0.81477071260353,0.8295238018035889,1.2278977632522583,0.0270052484316856,0.1166704530530201,59,29,987.4851891120052,unknown,56488e26fdba,0.03,0.001 0.003 0.01 0.03,0.0380555555555555,30,300,1.0,,,False,,
a7_20260822T081428Z,2026-08-22T08:32:34+00:00,hyperplanes_n_features20_n_hyperplanes3_dim_hyperplanes5_seed11,4360508611e0e8963c01cd3994e98f0e069bb3b004ae6b18c71eecbf920853d1,2bf856a6c49a9c38010e4b719cd3d58e50f10d0c5c7048ed32accf1d9872633f,F,product,2.0,h42,35,20.0,295,1,0x27078a7f911995bb,U0-2pi,pennylane,,,,0,test_full,1200,test,0.9541666666666668,0.9917231063512716,0.9541574663248388,0.967380940914154,0.6536654829978943,0.0014235885255426,0.2186621075599931,70,40,1036.5698179229948,unknown,56488e26fdba,0.01,0.001 0.003 0.01 0.03,0.0380555555555555,30,300,1.0,,,False,,
a7_20260822T081428Z,2026-08-22T08:32:34+00:00,hyperplanes_n_features20_n_hyperplanes3_dim_hyperplanes5_seed11,4360508611e0e8963c01cd3994e98f0e069bb3b004ae6b18c71eecbf920853d1,2bf856a6c49a9c38010e4b719cd3d58e50f10d0c5c7048ed32accf1d9872633f,F,product,2.0,h42,35,20.0,295,1,0x27078a7f911995bb,U0-2pi,pennylane,,,,0,val_full,600,val,0.965,0.9878843424126252,0.9647034106029836,0.967380940914154,0.6536654829978943,0.0014235885255426,0.2186621075599931,70,40,1036.5698179229948,unknown,56488e26fdba,0.01,0.001 0.003 0.01 0.03,0.0380555555555555,30,300,1.0,,,False,,
a7_20260822T081428Z,2026-08-22T08:32:34+00:00,hyperplanes_n_features20_n_hyperplanes3_dim_hyperplanes5_seed11,4360508611e0e8963c01cd3994e98f0e069bb3b004ae6b18c71eecbf920853d1,2bf856a6c49a9c38010e4b719cd3d58e50f10d0c5c7048ed32accf1d9872633f,A,L2,2.0,h2,35,35.0,15,1,0x9aed96d53998f1c9,U0-2pi,pennylane,,,,0,test_full,1200,test,0.8191666666666667,0.9183098121642812,0.8191635271445685,0.8178571462631226,0.8128223419189453,0.0046096385371812,0.1868748105946828,63,33,1037.3570936879987,unknown,56488e26fdba,0.03,0.001 0.003 0.01 0.03,0.0380555555555555,30,300,1.0,,,False,,
a7_20260822T081428Z,2026-08-22T08:32:34+00:00,hyperplanes_n_features20_n_hyperplanes3_dim_hyperplanes5_seed11,4360508611e0e8963c01cd3994e98f0e069bb3b004ae6b18c71eecbf920853d1,2bf856a6c49a9c38010e4b719cd3d58e50f10d0c5c7048ed32accf1d9872633f,A,L2,2.0,h2,35,35.0,15,1,0x9aed96d53998f1c9,U0-2pi,pennylane,,,,0,val_full,600,val,0.82,0.9008282013166276,0.8176579172482104,0.8178571462631226,0.8128223419189453,0.0046096385371812,0.1868748105946828,63,33,1037.3570936879987,unknown,56488e26fdba,0.03,0.001 0.003 0.01 0.03,0.0380555555555555,30,300,1.0,,,False,,
a7_20260822T081428Z,2026-08-22T08:32:50+00:00,hyperplanes_n_features20_n_hyperplanes3_dim_hyperplanes5_seed11,4360508611e0e8963c01cd3994e98f0e069bb3b004ae6b18c71eecbf920853d1,2bf856a6c49a9c38010e4b719cd3d58e50f10d0c5c7048ed32accf1d9872633f,A,L1,2.0,h2,35,35.0,15,1,0x1ddc9c443a3565bb,U0-2pi,pennylane,,,,0,test_full,1200,test,0.8358333333333333,0.9233866034987044,0.8358323072852538,0.8373809456825256,1.0236822366714478,0.0114269805776988,0.138382369047247,63,33,1053.5958291309944,unknown,56488e26fdba,0.03,0.001 0.003 0.01 0.03,0.0380555555555555,30,300,1.0,,,False,,
a7_20260822T081428Z,2026-08-22T08:32:50+00:00,hyperplanes_n_features20_n_hyperplanes3_dim_hyperplanes5_seed11,4360508611e0e8963c01cd3994e98f0e069bb3b004ae6b18c71eecbf920853d1,2bf856a6c49a9c38010e4b719cd3d58e50f10d0c5c7048ed32accf1d9872633f,A,L1,2.0,h2,35,35.0,15,1,0x1ddc9c443a3565bb,U0-2pi,pennylane,,,,0,val_full,600,val,0.8366666666666667,0.900973499793229,0.8344128414531118,0.8373809456825256,1.0236822366714478,0.0114269805776988,0.138382369047247,63,33,1053.5958291309944,unknown,56488e26fdba,0.03,0.001 0.003 0.01 0.03,0.0380555555555555,30,300,1.0,,,False,,
a7_20260822T081428Z,2026-08-22T08:32:49+00:00,hyperplanes_n_features20_n_hyperplanes3_dim_hyperplanes5_seed11,4360508611e0e8963c01cd3994e98f0e069bb3b004ae6b18c71eecbf920853d1,2bf856a6c49a9c38010e4b719cd3d58e50f10d0c5c7048ed32accf1d9872633f,B,L2,2.0,linear,35,35.0,6,8,0x3c7362638e9ada30,U0-2pi,pennylane,,,,0,test_full,1200,test,0.7716666666666666,0.8605995395856272,0.77162606685633,0.7657142877578735,0.0,0.0711012897405885,0.0147289922212452,43,13,0.8060427610034822,unknown,56488e26fdba,0.03,0.001 0.003 0.01 0.03,0.0380555555555555,30,300,1.0,,,True,0.7641666666666667,1e-06
a7_20260822T081428Z,2026-08-22T08:32:49+00:00,hyperplanes_n_features20_n_hyperplanes3_dim_hyperplanes5_seed11,4360508611e0e8963c01cd3994e98f0e069bb3b004ae6b18c71eecbf920853d1,2bf856a6c49a9c38010e4b719cd3d58e50f10d0c5c7048ed32accf1d9872633f,B,L2,2.0,linear,35,35.0,6,8,0x3c7362638e9ada30,U0-2pi,pennylane,,,,0,val_full,600,val,0.7516666666666667,0.8343709134803456,0.7481399260196249,0.7657142877578735,0.0,0.0711012897405885,0.0147289922212452,43,13,0.8060427610034822,unknown,56488e26fdba,0.03,0.001 0.003 0.01 0.03,0.0380555555555555,30,300,1.0,,,True,0.7616666666666667,1e-06
a7_20260822T081428Z,2026-08-22T08:32:51+00:00,hyperplanes_n_features20_n_hyperplanes3_dim_hyperplanes5_seed11,4360508611e0e8963c01cd3994e98f0e069bb3b004ae6b18c71eecbf920853d1,2bf856a6c49a9c38010e4b719cd3d58e50f10d0c5c7048ed32accf1d9872633f,B,L2,2.0,h2,35,35.0,15,8,0x3c7362638e9ada30,U0-2pi,pennylane,,,,0,test_full,1200,test,0.485,0.5,0.3265993265993266,0.4988095164299011,0.0,0.0041778844171647,0.024533480727057,78,48,1.962392025001464,unknown,56488e26fdba,0.03,0.001 0.003 0.01 0.03,0.0380555555555555,30,300,1.0,,,True,0.7641666666666667,1e-06
a7_20260822T081428Z,2026-08-22T08:32:51+00:00,hyperplanes_n_features20_n_hyperplanes3_dim_hyperplanes5_seed11,4360508611e0e8963c01cd3994e98f0e069bb3b004ae6b18c71eecbf920853d1,2bf856a6c49a9c38010e4b719cd3d58e50f10d0c5c7048ed32accf1d9872633f,B,L2,2.0,h2,35,35.0,15,8,0x3c7362638e9ada30,U0-2pi,pennylane,,,,0,val_full,600,val,0.5383333333333333,0.5,0.3499458288190682,0.4988095164299011,0.0,0.0041778844171647,0.024533480727057,78,48,1.962392025001464,unknown,56488e26fdba,0.03,0.001 0.003 0.01 0.03,0.0380555555555555,30,300,1.0,,,True,0.7616666666666667,1e-06
a7_20260822T081428Z,2026-08-22T08:32:53+00:00,hyperplanes_n_features20_n_hyperplanes3_dim_hyperplanes5_seed11,4360508611e0e8963c01cd3994e98f0e069bb3b004ae6b18c71eecbf920853d1,2bf856a6c49a9c38010e4b719cd3d58e50f10d0c5c7048ed32accf1d9872633f,B,L2,2.0,h4,35,35.0,29,8,0x3c7362638e9ada30,U0-2pi,pennylane,,,,0,test_full,1200,test,0.7975,0.8929008329718968,0.7965731363525062,0.7850000262260437,0.0,0.0520055111024065,0.0457004446746171,74,44,1.845050129995797,unknown,56488e26fdba,0.03,0.001 0.003 0.01 0.03,0.0380555555555555,30,300,1.0,,,True,0.7641666666666667,1e-06
a7_20260822T081428Z,2026-08-22T08:32:53+00:00,hyperplanes_n_features20_n_hyperplanes3_dim_hyperplanes5_seed11,4360508611e0e8963c01cd3994e98f0e069bb3b004ae6b18c71eecbf920853d1,2bf856a6c49a9c38010e4b719cd3d58e50f10d0c5c7048ed32accf1d9872633f,B,L2,2.0,h4,35,35.0,29,8,0x3c7362638e9ada30,U0-2pi,pennylane,,,,0,val_full,600,val,0.7966666666666666,0.864436521330934,0.7906154532660556,0.7850000262260437,0.0,0.0520055111024065,0.0457004446746171,74,44,1.845050129995797,unknown,56488e26fdba,0.03,0.001 0.003 0.01 0.03,0.0380555555555555,30,300,1.0,,,True,0.7616666666666667,1e-06
a7_20260822T081428Z,2026-08-22T08:32:54+00:00,hyperplanes_n_features20_n_hyperplanes3_dim_hyperplanes5_seed11,4360508611e0e8963c01cd3994e98f0e069bb3b004ae6b18c71eecbf920853d1,2bf856a6c49a9c38010e4b719cd3d58e50f10d0c5c7048ed32accf1d9872633f,B,L2,2.0,h42,35,35.0,295,8,0x3c7362638e9ada30,U0-2pi,pennylane,,,,0,test_full,1200,test,0.8033333333333333,0.8815211468099067,0.8020665593129361,0.7890475988388062,0.0,0.010467357457839,0.0157967442677359,44,14,1.1522991949896095,unknown,56488e26fdba,0.01,0.001 0.003 0.01 0.03,0.0380555555555555,30,300,1.0,,,True,0.7641666666666667,1e-06
a7_20260822T081428Z,2026-08-22T08:32:54+00:00,hyperplanes_n_features20_n_hyperplanes3_dim_hyperplanes5_seed11,4360508611e0e8963c01cd3994e98f0e069bb3b004ae6b18c71eecbf920853d1,2bf856a6c49a9c38010e4b719cd3d58e50f10d0c5c7048ed32accf1d9872633f,B,L2,2.0,h42,35,35.0,295,8,0x3c7362638e9ada30,U0-2pi,pennylane,,,,0,val_full,600,val,0.7933333333333333,0.8544444568631177,0.7864131183684717,0.7890475988388062,0.0,0.010467357457839,0.0157967442677359,44,14,1.1522991949896095,unknown,56488e26fdba,0.01,0.001 0.003 0.01 0.03,0.0380555555555555,30,300,1.0,,,True,0.7616666666666667,1e-06
a7_20260822T081428Z,2026-08-22T08:32:56+00:00,hyperplanes_n_features20_n_hyperplanes3_dim_hyperplanes5_seed11,4360508611e0e8963c01cd3994e98f0e069bb3b004ae6b18c71eecbf920853d1,2bf856a6c49a9c38010e4b719cd3d58e50f10d0c5c7048ed32accf1d9872633f,A,L2,2.0,h4,35,35.0,29,3,0xdec7e07515164a44,U0-2pi,pennylane,,,,0,test_full,1200,test,0.8075,0.9217100946407322,0.8074998663193516,0.8138095140457153,0.9416353702545166,0.0084613907799854,0.1354666361776113,63,33,1058.7659992759873,unknown,56488e26fdba,0.03,0.001 0.003 0.01 0.03,0.0380555555555555,30,300,1.0,,,False,,
a7_20260822T081428Z,2026-08-22T08:32:56+00:00,hyperplanes_n_features20_n_hyperplanes3_dim_hyperplanes5_seed11,4360508611e0e8963c01cd3994e98f0e069bb3b004ae6b18c71eecbf920853d1,2bf856a6c49a9c38010e4b719cd3d58e50f10d0c5c7048ed32accf1d9872633f,A,L2,2.0,h4,35,35.0,29,3,0xdec7e07515164a44,U0-2pi,pennylane,,,,0,val_full,600,val,0.8183333333333334,0.9037453476545472,0.8160394474432577,0.8138095140457153,0.9416353702545166,0.0084613907799854,0.1354666361776113,63,33,1058.7659992759873,unknown,56488e26fdba,0.03,0.001 0.003 0.01 0.03,0.0380555555555555,30,300,1.0,,,False,,
a7_20260822T081428Z,2026-08-22T08:33:41+00:00,hyperplanes_n_features20_n_hyperplanes3_dim_hyperplanes5_seed11,4360508611e0e8963c01cd3994e98f0e069bb3b004ae6b18c71eecbf920853d1,2bf856a6c49a9c38010e4b719cd3d58e50f10d0c5c7048ed32accf1d9872633f,A,L2,2.0,h4,35,35.0,29,4,0xc9f964aa2896fb2f,U0-2pi,pennylane,,,,0,test_full,1200,test,0.8308333333333333,0.9153154505721816,0.8300969688769173,0.8202381134033203,0.7543397545814514,0.0028761097670206,0.0547373885177813,67,37,1077.7606413159956,unknown,56488e26fdba,0.03,0.001 0.003 0.01 0.03,0.0380555555555555,30,300,1.0,,,False,,
a7_20260822T081428Z,2026-08-22T08:33:41+00:00,hyperplanes_n_features20_n_hyperplanes3_dim_hyperplanes5_seed11,4360508611e0e8963c01cd3994e98f0e069bb3b004ae6b18c71eecbf920853d1,2bf856a6c49a9c38010e4b719cd3d58e50f10d0c5c7048ed32accf1d9872633f,A,L2,2.0,h4,35,35.0,29,4,0xc9f964aa2896fb2f,U0-2pi,pennylane,,,,0,val_full,600,val,0.83,0.8940327033340412,0.8243075651095495,0.8202381134033203,0.7543397545814514,0.0028761097670206,0.0547373885177813,67,37,1077.7606413159956,unknown,56488e26fdba,0.03,0.001 0.003 0.01 0.03,0.0380555555555555,30,300,1.0,,,False,,
a7_20260822T081428Z,2026-08-22T08:33:47+00:00,hyperplanes_n_features20_n_hyperplanes3_dim_hyperplanes5_seed11,4360508611e0e8963c01cd3994e98f0e069bb3b004ae6b18c71eecbf920853d1,2bf856a6c49a9c38010e4b719cd3d58e50f10d0c5c7048ed32accf1d9872633f,A,L2,2.0,h4,35,35.0,29,5,0xf9ea9d8280d97e94,U0-2pi,pennylane,,,,0,test_full,1200,test,0.8183333333333334,0.921484891958318,0.8183086031154241,0.8192856907844543,0.6908578872680664,0.0055668301804709,0.0413409400993716,66,36,1075.6340046250116,unknown,56488e26fdba,0.03,0.001 0.003 0.01 0.03,0.0380555555555555,30,300,1.0,,,False,,
a7_20260822T081428Z,2026-08-22T08:33:47+00:00,hyperplanes_n_features20_n_hyperplanes3_dim_hyperplanes5_seed11,4360508611e0e8963c01cd3994e98f0e069bb3b004ae6b18c71eecbf920853d1,2bf856a6c49a9c38010e4b719cd3d58e50f10d0c5c7048ed32accf1d9872633f,A,L2,2.0,h4,35,35.0,29,5,0xf9ea9d8280d97e94,U0-2pi,pennylane,,,,0,val_full,600,val,0.8216666666666667,0.9031194465245722,0.8185205182058972,0.8192856907844543,0.6908578872680664,0.0055668301804709,0.0413409400993716,66,36,1075.6340046250116,unknown,56488e26fdba,0.03,0.001 0.003 0.01 0.03,0.0380555555555555,30,300,1.0,,,False,,
a7_20260822T081428Z,2026-08-22T08:33:47+00:00,hyperplanes_n_features20_n_hyperplanes3_dim_hyperplanes5_seed11,4360508611e0e8963c01cd3994e98f0e069bb3b004ae6b18c71eecbf920853d1,2bf856a6c49a9c38010e4b719cd3d58e50f10d0c5c7048ed32accf1d9872633f,A,L2,2.0,linear,35,35.0,6,4,0xc9f964aa2896fb2f,U0-2pi,pennylane,,,,0,test_full,1200,test,0.8191666666666667,0.9110755235267296,0.8181664559008267,0.814047634601593,1.1521002054214478,0.0081352276389253,0.0668323355728098,67,37,1110.043247887006,unknown,56488e26fdba,0.03,0.001 0.003 0.01 0.03,0.0380555555555555,30,300,1.0,,,False,,
a7_20260822T081428Z,2026-08-22T08:33:47+00:00,hyperplanes_n_features20_n_hyperplanes3_dim_hyperplanes5_seed11,4360508611e0e8963c01cd3994e98f0e069bb3b004ae6b18c71eecbf920853d1,2bf856a6c49a9c38010e4b719cd3d58e50f10d0c5c7048ed32accf1d9872633f,A,L2,2.0,linear,35,35.0,6,4,0xc9f964aa2896fb2f,U0-2pi,pennylane,,,,0,val_full,600,val,0.815,0.8926914866269517,0.8079446326869008,0.814047634601593,1.1521002054214478,0.0081352276389253,0.0668323355728098,67,37,1110.043247887006,unknown,56488e26fdba,0.03,0.001 0.003 0.01 0.03,0.0380555555555555,30,300,1.0,,,False,,
a7_20260822T081428Z,2026-08-22T08:33:48+00:00,hyperplanes_n_features20_n_hyperplanes3_dim_hyperplanes5_seed11,4360508611e0e8963c01cd3994e98f0e069bb3b004ae6b18c71eecbf920853d1,2bf856a6c49a9c38010e4b719cd3d58e50f10d0c5c7048ed32accf1d9872633f,D_matched,,2.0,linear,30,,6,8,0x25c7a59bcb8f24fd,RFF-int-spectrum-U0-2pi,pennylane,,,,0,test_full,1200,test,0.67,0.7239209733204328,0.6655772592536293,0.6816666722297668,0.0,0.0910111741040499,0.063627936140469,32,2,0.5913000419968739,unknown,56488e26fdba,0.03,0.001 0.003 0.01 0.03,0.0380555555555555,30,300,1.0,,0x25c7a59bcb8f24fd,True,0.6716666666666666,1e-06
a7_20260822T081428Z,2026-08-22T08:33:48+00:00,hyperplanes_n_features20_n_hyperplanes3_dim_hyperplanes5_seed11,4360508611e0e8963c01cd3994e98f0e069bb3b004ae6b18c71eecbf920853d1,2bf856a6c49a9c38010e4b719cd3d58e50f10d0c5c7048ed32accf1d9872633f,D_matched,,2.0,linear,30,,6,8,0x25c7a59bcb8f24fd,RFF-int-spectrum-U0-2pi,pennylane,,,,0,val_full,600,val,0.655,0.7030210906327189,0.6545768566493955,0.6816666722297668,0.0,0.0910111741040499,0.063627936140469,32,2,0.5913000419968739,unknown,56488e26fdba,0.03,0.001 0.003 0.01 0.03,0.0380555555555555,30,300,1.0,,0x25c7a59bcb8f24fd,True,0.645,1e-06
a7_20260822T081428Z,2026-08-22T08:33:50+00:00,hyperplanes_n_features20_n_hyperplanes3_dim_hyperplanes5_seed11,4360508611e0e8963c01cd3994e98f0e069bb3b004ae6b18c71eecbf920853d1,2bf856a6c49a9c38010e4b719cd3d58e50f10d0c5c7048ed32accf1d9872633f,D_matched,,2.0,h2,30,,15,8,0x25c7a59bcb8f24fd,RFF-int-spectrum-U0-2pi,pennylane,,,,0,test_full,1200,test,0.485,0.5,0.3265993265993266,0.4988095164299011,0.0,0.007157226348329,0.024533480727057,78,48,1.8946388549957192,unknown,56488e26fdba,0.03,0.001 0.003 0.01 0.03,0.0380555555555555,30,300,1.0,,0x25c7a59bcb8f24fd,True,0.6716666666666666,1e-06
a7_20260822T081428Z,2026-08-22T08:33:50+00:00,hyperplanes_n_features20_n_hyperplanes3_dim_hyperplanes5_seed11,4360508611e0e8963c01cd3994e98f0e069bb3b004ae6b18c71eecbf920853d1,2bf856a6c49a9c38010e4b719cd3d58e50f10d0c5c7048ed32accf1d9872633f,D_matched,,2.0,h2,30,,15,8,0x25c7a59bcb8f24fd,RFF-int-spectrum-U0-2pi,pennylane,,,,0,val_full,600,val,0.5383333333333333,0.5,0.3499458288190682,0.4988095164299011,0.0,0.007157226348329,0.024533480727057,78,48,1.8946388549957192,unknown,56488e26fdba,0.03,0.001 0.003 0.01 0.03,0.0380555555555555,30,300,1.0,,0x25c7a59bcb8f24fd,True,0.645,1e-06
a7_20260822T081428Z,2026-08-22T08:33:51+00:00,hyperplanes_n_features20_n_hyperplanes3_dim_hyperplanes5_seed11,4360508611e0e8963c01cd3994e98f0e069bb3b004ae6b18c71eecbf920853d1,2bf856a6c49a9c38010e4b719cd3d58e50f10d0c5c7048ed32accf1d9872633f,D_matched,,2.0,h4,30,,29,8,0x25c7a59bcb8f24fd,RFF-int-spectrum-U0-2pi,pennylane,,,,0,test_full,1200,test,0.6791666666666667,0.7496997297567811,0.6788613619475737,0.6754761934280396,0.0,0.0911048992596083,0.0327400265144129,44,14,1.0818587960093282,unknown,56488e26fdba,0.03,0.001 0.003 0.01 0.03,0.0380555555555555,30,300,1.0,,0x25c7a59bcb8f24fd,True,0.6716666666666666,1e-06
a7_20260822T081428Z,2026-08-22T08:33:51+00:00,hyperplanes_n_features20_n_hyperplanes3_dim_hyperplanes5_seed11,4360508611e0e8963c01cd3994e98f0e069bb3b004ae6b18c71eecbf920853d1,2bf856a6c49a9c38010e4b719cd3d58e50f10d0c5c7048ed32accf1d9872633f,D_matched,,2.0,h4,30,,29,8,0x25c7a59bcb8f24fd,RFF-int-spectrum-U0-2pi,pennylane,,,,0,val_full,600,val,0.6583333333333333,0.7273697622693387,0.6564005866331448,0.6754761934280396,0.0,0.0911048992596083,0.0327400265144129,44,14,1.0818587960093282,unknown,56488e26fdba,0.03,0.001 0.003 0.01 0.03,0.0380555555555555,30,300,1.0,,0x25c7a59bcb8f24fd,True,0.645,1e-06
a7_20260822T081428Z,2026-08-22T08:33:55+00:00,hyperplanes_n_features20_n_hyperplanes3_dim_hyperplanes5_seed11,4360508611e0e8963c01cd3994e98f0e069bb3b004ae6b18c71eecbf920853d1,2bf856a6c49a9c38010e4b719cd3d58e50f10d0c5c7048ed32accf1d9872633f,D_matched,,2.0,h42,30,,295,8,0x25c7a59bcb8f24fd,RFF-int-spectrum-U0-2pi,pennylane,,,,0,test_full,1200,test,0.73,0.8143217784895295,0.7293233082706767,0.7473809719085693,0.0,0.0183828382443455,0.0559656086909542,146,116,3.668568788998528,unknown,56488e26fdba,0.01,0.001 0.003 0.01 0.03,0.0380555555555555,30,300,1.0,,0x25c7a59bcb8f24fd,True,0.6716666666666666,1e-06
a7_20260822T081428Z,2026-08-22T08:33:55+00:00,hyperplanes_n_features20_n_hyperplanes3_dim_hyperplanes5_seed11,4360508611e0e8963c01cd3994e98f0e069bb3b004ae6b18c71eecbf920853d1,2bf856a6c49a9c38010e4b719cd3d58e50f10d0c5c7048ed32accf1d9872633f,D_matched,,2.0,h42,30,,295,8,0x25c7a59bcb8f24fd,RFF-int-spectrum-U0-2pi,pennylane,,,,0,val_full,600,val,0.725,0.7938661689262442,0.7238331952499311,0.7473809719085693,0.0,0.0183828382443455,0.0559656086909542,146,116,3.668568788998528,unknown,56488e26fdba,0.01,0.001 0.003 0.01 0.03,0.0380555555555555,30,300,1.0,,0x25c7a59bcb8f24fd,True,0.645,1e-06
a7_20260822T081428Z,2026-08-22T08:33:48+00:00,hyperplanes_n_features20_n_hyperplanes3_dim_hyperplanes5_seed11,4360508611e0e8963c01cd3994e98f0e069bb3b004ae6b18c71eecbf920853d1,2bf856a6c49a9c38010e4b719cd3d58e50f10d0c5c7048ed32accf1d9872633f,E,,,linear,0,,6,8,,,pennylane,,,,0,test_full,1200,test,0.7825,0.8841596325581913,0.7820748947078016,0.7714285850524902,0.0,0.0928405142780087,0.0159923455088226,43,13,0.798012707993621,unknown,56488e26fdba,0.1,0.001 0.003 0.01 0.03 0.1,0.0380555555555555,30,300,1.0,,,True,0.7516666666666667,1e-06
a7_20260822T081428Z,2026-08-22T08:33:48+00:00,hyperplanes_n_features20_n_hyperplanes3_dim_hyperplanes5_seed11,4360508611e0e8963c01cd3994e98f0e069bb3b004ae6b18c71eecbf920853d1,2bf856a6c49a9c38010e4b719cd3d58e50f10d0c5c7048ed32accf1d9872633f,E,,,linear,0,,6,8,,,pennylane,,,,0,val_full,600,val,0.7566666666666667,0.8643694604955796,0.7529081246967765,0.7714285850524902,0.0,0.0928405142780087,0.0159923455088226,43,13,0.798012707993621,unknown,56488e26fdba,0.1,0.001 0.003 0.01 0.03 0.1,0.0380555555555555,30,300,1.0,,,True,0.7383333333333333,1e-06
a7_20260822T081428Z,2026-08-22T08:33:50+00:00,hyperplanes_n_features20_n_hyperplanes3_dim_hyperplanes5_seed11,4360508611e0e8963c01cd3994e98f0e069bb3b004ae6b18c71eecbf920853d1,2bf856a6c49a9c38010e4b719cd3d58e50f10d0c5c7048ed32accf1d9872633f,E,,,h2,0,,15,8,,,pennylane,,,,0,test_full,1200,test,0.485,0.5,0.3265993265993266,0.4988095164299011,0.0,0.0069716334256427,0.024210012305604,74,44,1.8162979670014463,unknown,56488e26fdba,0.1,0.001 0.003 0.01 0.03 0.1,0.0380555555555555,30,300,1.0,,,True,0.7516666666666667,1e-06
a7_20260822T081428Z,2026-08-22T08:33:50+00:00,hyperplanes_n_features20_n_hyperplanes3_dim_hyperplanes5_seed11,4360508611e0e8963c01cd3994e98f0e069bb3b004ae6b18c71eecbf920853d1,2bf856a6c49a9c38010e4b719cd3d58e50f10d0c5c7048ed32accf1d9872633f,E,,,h2,0,,15,8,,,pennylane,,,,0,val_full,600,val,0.5383333333333333,0.5,0.3499458288190682,0.4988095164299011,0.0,0.0069716334256427,0.024210012305604,74,44,1.8162979670014463,unknown,56488e26fdba,0.1,0.001 0.003 0.01 0.03 0.1,0.0380555555555555,30,300,1.0,,,True,0.7383333333333333,1e-06
a7_20260822T081428Z,2026-08-22T08:33:52+00:00,hyperplanes_n_features20_n_hyperplanes3_dim_hyperplanes5_seed11,4360508611e0e8963c01cd3994e98f0e069bb3b004ae6b18c71eecbf920853d1,2bf856a6c49a9c38010e4b719cd3d58e50f10d0c5c7048ed32accf1d9872633f,E,,,h4,0,,29,8,,,pennylane,,,,0,test_full,1200,test,0.9466666666666668,0.9837909674262392,0.9466613327999468,0.9528571367263794,0.0,0.0364176106775831,0.0830325182734488,96,66,2.379002098998172,unknown,56488e26fdba,0.1,0.001 0.003 0.01 0.03 0.1,0.0380555555555555,30,300,1.0,,,True,0.7516666666666667,1e-06
a7_20260822T081428Z,2026-08-22T08:33:52+00:00,hyperplanes_n_features20_n_hyperplanes3_dim_hyperplanes5_seed11,4360508611e0e8963c01cd3994e98f0e069bb3b004ae6b18c71eecbf920853d1,2bf856a6c49a9c38010e4b719cd3d58e50f10d0c5c7048ed32accf1d9872633f,E,,,h4,0,,29,8,,,pennylane,,,,0,val_full,600,val,0.94,0.9818488672307228,0.9394727403156384,0.9528571367263794,0.0,0.0364176106775831,0.0830325182734488,96,66,2.379002098998172,unknown,56488e26fdba,0.1,0.001 0.003 0.01 0.03 0.1,0.0380555555555555,30,300,1.0,,,True,0.7383333333333333,1e-06
a7_20260822T081428Z,2026-08-22T08:33:55+00:00,hyperplanes_n_features20_n_hyperplanes3_dim_hyperplanes5_seed11,4360508611e0e8963c01cd3994e98f0e069bb3b004ae6b18c71eecbf920853d1,2bf856a6c49a9c38010e4b719cd3d58e50f10d0c5c7048ed32accf1d9872633f,E,,,h42,0,,295,8,,,pennylane,,,,0,test_full,1200,test,0.9775,0.9980120997786898,0.977491731337415,0.9861904978752136,0.0,0.0113503240086307,0.0211860143944702,106,76,2.6909127319959225,unknown,56488e26fdba,0.03,0.001 0.003 0.01 0.03 0.1,0.0380555555555555,30,300,1.0,,,True,0.7516666666666667,1e-06
a7_20260822T081428Z,2026-08-22T08:33:55+00:00,hyperplanes_n_features20_n_hyperplanes3_dim_hyperplanes5_seed11,4360508611e0e8963c01cd3994e98f0e069bb3b004ae6b18c71eecbf920853d1,2bf856a6c49a9c38010e4b719cd3d58e50f10d0c5c7048ed32accf1d9872633f,E,,,h42,0,,295,8,,,pennylane,,,,0,val_full,600,val,0.98,0.997015792826726,0.9798711755233496,0.9861904978752136,0.0,0.0113503240086307,0.0211860143944702,106,76,2.6909127319959225,unknown,56488e26fdba,0.03,0.001 0.003 0.01 0.03 0.1,0.0380555555555555,30,300,1.0,,,True,0.7383333333333333,1e-06
a7_20260822T081428Z,2026-08-22T08:33:56+00:00,hyperplanes_n_features20_n_hyperplanes3_dim_hyperplanes5_seed11,4360508611e0e8963c01cd3994e98f0e069bb3b004ae6b18c71eecbf920853d1,2bf856a6c49a9c38010e4b719cd3d58e50f10d0c5c7048ed32accf1d9872633f,D_best,,2.0,linear,192,,33,8,0xdead39ffa3b8d809,RFF-int-spectrum-U0-2pi,pennylane,,,,0,test_full,1200,test,0.8183333333333334,0.9054426761863456,0.8176017135398654,0.8149999976158142,0.0,0.091641749408849,0.021209829649075,44,14,0.8220500280003762,unknown,56488e26fdba,0.03,0.001 0.003 0.01 0.03,0.0380555555555555,30,300,1.0,32.0,0xdead39ffa3b8d809,True,0.7975,1.0
a7_20260822T081428Z,2026-08-22T08:33:56+00:00,hyperplanes_n_features20_n_hyperplanes3_dim_hyperplanes5_seed11,4360508611e0e8963c01cd3994e98f0e069bb3b004ae6b18c71eecbf920853d1,2bf856a6c49a9c38010e4b719cd3d58e50f10d0c5c7048ed32accf1d9872633f,D_best,,2.0,linear,192,,33,8,0xdead39ffa3b8d809,RFF-int-spectrum-U0-2pi,pennylane,,,,0,val_full,600,val,0.805,0.8787763632908986,0.7990789688343432,0.8149999976158142,0.0,0.091641749408849,0.021209829649075,44,14,0.8220500280003762,unknown,56488e26fdba,0.03,0.001 0.003 0.01 0.03,0.0380555555555555,30,300,1.0,32.0,0xdead39ffa3b8d809,True,0.7683333333333333,1.0
a7_20260822T081428Z,2026-08-22T08:33:56+00:00,hyperplanes_n_features20_n_hyperplanes3_dim_hyperplanes5_seed11,4360508611e0e8963c01cd3994e98f0e069bb3b004ae6b18c71eecbf920853d1,2bf856a6c49a9c38010e4b719cd3d58e50f10d0c5c7048ed32accf1d9872633f,D_best,,2.0,linear,768,,129,8,0x7e666b538f76ff75,RFF-int-spectrum-U0-2pi,pennylane,,,,0,test_full,1200,test,0.8283333333333334,0.9192106228939378,0.8275669642857143,0.8273809552192688,0.0,0.0814072314056099,0.0865781344878467,56,26,1.0969543190003606,unknown,56488e26fdba,0.03,0.001 0.003 0.01 0.03,0.0380555555555555,30,300,1.0,128.0,0x7e666b538f76ff75,True,0.8108333333333333,1e-06
a7_20260822T081428Z,2026-08-22T08:33:56+00:00,hyperplanes_n_features20_n_hyperplanes3_dim_hyperplanes5_seed11,4360508611e0e8963c01cd3994e98f0e069bb3b004ae6b18c71eecbf920853d1,2bf856a6c49a9c38010e4b719cd3d58e50f10d0c5c7048ed32accf1d9872633f,D_best,,2.0,linear,768,,129,8,0x7e666b538f76ff75,RFF-int-spectrum-U0-2pi,pennylane,,,,0,val_full,600,val,0.8266666666666667,0.9005711347811023,0.8206381144006898,0.8273809552192688,0.0,0.0814072314056099,0.0865781344878467,56,26,1.0969543190003606,unknown,56488e26fdba,0.03,0.001 0.003 0.01 0.03,0.0380555555555555,30,300,1.0,128.0,0x7e666b538f76ff75,True,0.8116666666666666,1e-06
a7_20260822T081428Z,2026-08-22T08:33:58+00:00,hyperplanes_n_features20_n_hyperplanes3_dim_hyperplanes5_seed11,4360508611e0e8963c01cd3994e98f0e069bb3b004ae6b18c71eecbf920853d1,2bf856a6c49a9c38010e4b719cd3d58e50f10d0c5c7048ed32accf1d9872633f,D_best,,2.0,linear,3072,,513,8,0xef57d4b5699c3697,RFF-int-spectrum-U0-2pi,pennylane,,,,0,test_full,1200,test,0.8241666666666667,0.9204978925477372,0.8231496543665342,0.8297619223594666,0.0,0.0627822109490214,0.0407207733709696,105,75,2.404615027000545,unknown,56488e26fdba,0.01,0.001 0.003 0.01 0.03,0.0380555555555555,30,300,1.0,512.0,0xef57d4b5699c3697,True,0.8183333333333334,1e-06
a7_20260822T081428Z,2026-08-22T08:33:58+00:00,hyperplanes_n_features20_n_hyperplanes3_dim_hyperplanes5_seed11,4360508611e0e8963c01cd3994e98f0e069bb3b004ae6b18c71eecbf920853d1,2bf856a6c49a9c38010e4b719cd3d58e50f10d0c5c7048ed32accf1d9872633f,D_best,,2.0,linear,3072,,513,8,0xef57d4b5699c3697,RFF-int-spectrum-U0-2pi,pennylane,,,,0,val_full,600,val,0.8283333333333334,0.9027059047065528,0.8220204993217772,0.8297619223594666,0.0,0.0627822109490214,0.0407207733709696,105,75,2.404615027000545,unknown,56488e26fdba,0.01,0.001 0.003 0.01 0.03,0.0380555555555555,30,300,1.0,512.0,0xef57d4b5699c3697,True,0.8166666666666667,1e-06
a7_20260822T081428Z,2026-08-22T08:35:12+00:00,hyperplanes_n_features20_n_hyperplanes3_dim_hyperplanes5_seed11,4360508611e0e8963c01cd3994e98f0e069bb3b004ae6b18c71eecbf920853d1,2bf856a6c49a9c38010e4b719cd3d58e50f10d0c5c7048ed32accf1d9872633f,F,product,2.0,h2,35,20.0,15,2,0x499fbb627c0f5f7c,U0-2pi,pennylane,,,,0,test_full,1200,test,0.81,0.9121959763787408,0.8095238095238095,0.8061904907226562,0.6037899851799011,0.0091572405609169,0.0510568001458876,81,51,1194.903193000995,unknown,56488e26fdba,0.03,0.001 0.003 0.01 0.03,0.0380555555555555,30,300,1.0,,,False,,
a7_20260822T081428Z,2026-08-22T08:35:12+00:00,hyperplanes_n_features20_n_hyperplanes3_dim_hyperplanes5_seed11,4360508611e0e8963c01cd3994e98f0e069bb3b004ae6b18c71eecbf920853d1,2bf856a6c49a9c38010e4b719cd3d58e50f10d0c5c7048ed32accf1d9872633f,F,product,2.0,h2,35,20.0,15,2,0x499fbb627c0f5f7c,U0-2pi,pennylane,,,,0,val_full,600,val,0.8116666666666666,0.8941556481988577,0.8061744030143025,0.8061904907226562,0.6037899851799011,0.0091572405609169,0.0510568001458876,81,51,1194.903193000995,unknown,56488e26fdba,0.03,0.001 0.003 0.01 0.03,0.0380555555555555,30,300,1.0,,,False,,
a7_20260822T081428Z,2026-08-22T08:35:18+00:00,hyperplanes_n_features20_n_hyperplanes3_dim_hyperplanes5_seed11,4360508611e0e8963c01cd3994e98f0e069bb3b004ae6b18c71eecbf920853d1,2bf856a6c49a9c38010e4b719cd3d58e50f10d0c5c7048ed32accf1d9872633f,F,product,2.0,h2,35,20.0,15,4,0x6ff3a4afd33346b9,U0-2pi,pennylane,,,,0,test_full,1200,test,0.8375,0.9188491864900632,0.8354169963601836,0.8371428847312927,1.2146635055541992,0.0051799670894313,0.1391322804501615,82,52,1174.4934943910048,unknown,56488e26fdba,0.03,0.001 0.003 0.01 0.03,0.0380555555555555,30,300,1.0,,,False,,
a7_20260822T081428Z,2026-08-22T08:35:18+00:00,hyperplanes_n_features20_n_hyperplanes3_dim_hyperplanes5_seed11,4360508611e0e8963c01cd3994e98f0e069bb3b004ae6b18c71eecbf920853d1,2bf856a6c49a9c38010e4b719cd3d58e50f10d0c5c7048ed32accf1d9872633f,F,product,2.0,h2,35,20.0,15,4,0x6ff3a4afd33346b9,U0-2pi,pennylane,,,,0,val_full,600,val,0.8283333333333334,0.8934179790099586,0.8197404612660754,0.8371428847312927,1.2146635055541992,0.0051799670894313,0.1391322804501615,82,52,1174.4934943910048,unknown,56488e26fdba,0.03,0.001 0.003 0.01 0.03,0.0380555555555555,30,300,1.0,,,False,,
a7_20260822T081428Z,2026-08-22T08:35:48+00:00,hyperplanes_n_features20_n_hyperplanes3_dim_hyperplanes5_seed11,4360508611e0e8963c01cd3994e98f0e069bb3b004ae6b18c71eecbf920853d1,2bf856a6c49a9c38010e4b719cd3d58e50f10d0c5c7048ed32accf1d9872633f,A,L1,2.0,h4,35,35.0,29,2,0x68f1fd9add9ea051,U0-2pi,pennylane,,,,0,test_full,1200,test,0.8341666666666666,0.9229570502340996,0.8323475208424748,0.8361904621124268,0.8386040925979614,0.0034601656371062,0.2901769466447995,75,45,1230.5422794689948,unknown,56488e26fdba,0.03,0.001 0.003 0.01 0.03,0.0380555555555555,30,300,1.0,,,False,,
a7_20260822T081428Z,2026-08-22T08:35:48+00:00,hyperplanes_n_features20_n_hyperplanes3_dim_hyperplanes5_seed11,4360508611e0e8963c01cd3994e98f0e069bb3b004ae6b18c71eecbf920853d1,2bf856a6c49a9c38010e4b719cd3d58e50f10d0c5c7048ed32accf1d9872633f,A,L1,2.0,h4,35,35.0,29,2,0x68f1fd9add9ea051,U0-2pi,pennylane,,,,0,val_full,600,val,0.83,0.9075789920756444,0.8221571294068417,0.8361904621124268,0.8386040925979614,0.0034601656371062,0.2901769466447995,75,45,1230.5422794689948,unknown,56488e26fdba,0.03,0.001 0.003 0.01 0.03,0.0380555555555555,30,300,1.0,,,False,,
a7_20260822T081428Z,2026-08-22T08:35:50+00:00,hyperplanes_n_features20_n_hyperplanes3_dim_hyperplanes5_seed11,4360508611e0e8963c01cd3994e98f0e069bb3b004ae6b18c71eecbf920853d1,2bf856a6c49a9c38010e4b719cd3d58e50f10d0c5c7048ed32accf1d9872633f,A,L1,2.0,linear,35,35.0,6,2,0x68f1fd9add9ea051,U0-2pi,pennylane,,,,0,test_full,1200,test,0.83,0.9128215393854467,0.8289049919484701,0.8211904764175415,0.7765293121337891,0.0085035546015345,0.1062856788474768,75,45,1232.4735392959992,unknown,56488e26fdba,0.03,0.001 0.003 0.01 0.03,0.0380555555555555,30,300,1.0,,,False,,
a7_20260822T081428Z,2026-08-22T08:35:50+00:00,hyperplanes_n_features20_n_hyperplanes3_dim_hyperplanes5_seed11,4360508611e0e8963c01cd3994e98f0e069bb3b004ae6b18c71eecbf920853d1,2bf856a6c49a9c38010e4b719cd3d58e50f10d0c5c7048ed32accf1d9872633f,A,L1,2.0,linear,35,35.0,6,2,0x68f1fd9add9ea051,U0-2pi,pennylane,,,,0,val_full,600,val,0.8183333333333334,0.8912720322786154,0.8121332073227834,0.8211904764175415,0.7765293121337891,0.0085035546015345,0.1062856788474768,75,45,1232.4735392959992,unknown,56488e26fdba,0.03,0.001 0.003 0.01 0.03,0.0380555555555555,30,300,1.0,,,False,,
a7_20260822T081428Z,2026-08-22T08:36:03+00:00,hyperplanes_n_features20_n_hyperplanes3_dim_hyperplanes5_seed11,4360508611e0e8963c01cd3994e98f0e069bb3b004ae6b18c71eecbf920853d1,2bf856a6c49a9c38010e4b719cd3d58e50f10d0c5c7048ed32accf1d9872633f,B,L1,2.0,linear,35,35.0,6,9,0x6714fd5b78bd8a7d,U0-2pi,pennylane,,,,0,test_full,1200,test,0.77,0.84618656791112,0.7699482383536296,0.753333330154419,0.0,0.0362526280679229,0.0381680209265197,54,24,1.019993224006612,unknown,56488e26fdba,0.03,0.001 0.003 0.01 0.03,0.0380555555555555,30,300,1.0,,,True,0.75,1e-06
a7_20260822T081428Z,2026-08-22T08:36:03+00:00,hyperplanes_n_features20_n_hyperplanes3_dim_hyperplanes5_seed11,4360508611e0e8963c01cd3994e98f0e069bb3b004ae6b18c71eecbf920853d1,2bf856a6c49a9c38010e4b719cd3d58e50f10d0c5c7048ed32accf1d9872633f,B,L1,2.0,linear,35,35.0,6,9,0x6714fd5b78bd8a7d,U0-2pi,pennylane,,,,0,val_full,600,val,0.7516666666666667,0.8367292195236445,0.7475082681157169,0.753333330154419,0.0,0.0362526280679229,0.0381680209265197,54,24,1.019993224006612,unknown,56488e26fdba,0.03,0.001 0.003 0.01 0.03,0.0380555555555555,30,300,1.0,,,True,0.7283333333333334,1e-06
a7_20260822T081428Z,2026-08-22T08:36:03+00:00,hyperplanes_n_features20_n_hyperplanes3_dim_hyperplanes5_seed11,4360508611e0e8963c01cd3994e98f0e069bb3b004ae6b18c71eecbf920853d1,2bf856a6c49a9c38010e4b719cd3d58e50f10d0c5c7048ed32accf1d9872633f,B,L1,2.0,h2,35,35.0,15,9,0x6714fd5b78bd8a7d,U0-2pi,pennylane,,,,0,test_full,1200,test,0.485,0.5,0.3265993265993266,0.4988095164299011,0.0,0.0054328951848791,0.003077587490726,33,3,0.8067841000010958,unknown,56488e26fdba,0.03,0.001 0.003 0.01 0.03,0.0380555555555555,30,300,1.0,,,True,0.75,1e-06
a7_20260822T081428Z,2026-08-22T08:36:03+00:00,hyperplanes_n_features20_n_hyperplanes3_dim_hyperplanes5_seed11,4360508611e0e8963c01cd3994e98f0e069bb3b004ae6b18c71eecbf920853d1,2bf856a6c49a9c38010e4b719cd3d58e50f10d0c5c7048ed32accf1d9872633f,B,L1,2.0,h2,35,35.0,15,9,0x6714fd5b78bd8a7d,U0-2pi,pennylane,,,,0,val_full,600,val,0.5383333333333333,0.5,0.3499458288190682,0.4988095164299011,0.0,0.0054328951848791,0.003077587490726,33,3,0.8067841000010958,unknown,56488e26fdba,0.03,0.001 0.003 0.01 0.03,0.0380555555555555,30,300,1.0,,,True,0.7283333333333334,1e-06
a7_20260822T081428Z,2026-08-22T08:36:04+00:00,hyperplanes_n_features20_n_hyperplanes3_dim_hyperplanes5_seed11,4360508611e0e8963c01cd3994e98f0e069bb3b004ae6b18c71eecbf920853d1,2bf856a6c49a9c38010e4b719cd3d58e50f10d0c5c7048ed32accf1d9872633f,B,L1,2.0,h4,35,35.0,29,9,0x6714fd5b78bd8a7d,U0-2pi,pennylane,,,,0,test_full,1200,test,0.7766666666666666,0.8481077414117151,0.7754033102870312,0.7645238041877747,0.0,0.0297120908698901,0.1097858053464033,37,7,0.9298861919960472,unknown,56488e26fdba,0.03,0.001 0.003 0.01 0.03,0.0380555555555555,30,300,1.0,,,True,0.75,1e-06
a7_20260822T081428Z,2026-08-22T08:36:04+00:00,hyperplanes_n_features20_n_hyperplanes3_dim_hyperplanes5_seed11,4360508611e0e8963c01cd3994e98f0e069bb3b004ae6b18c71eecbf920853d1,2bf856a6c49a9c38010e4b719cd3d58e50f10d0c5c7048ed32accf1d9872633f,B,L1,2.0,h4,35,35.0,29,9,0x6714fd5b78bd8a7d,U0-2pi,pennylane,,,,0,val_full,600,val,0.7583333333333333,0.8392998848788993,0.7509953032562373,0.7645238041877747,0.0,0.0297120908698901,0.1097858053464033,37,7,0.9298861919960472,unknown,56488e26fdba,0.03,0.001 0.003 0.01 0.03,0.0380555555555555,30,300,1.0,,,True,0.7283333333333334,1e-06
a7_20260822T081428Z,2026-08-22T08:36:07+00:00,hyperplanes_n_features20_n_hyperplanes3_dim_hyperplanes5_seed11,4360508611e0e8963c01cd3994e98f0e069bb3b004ae6b18c71eecbf920853d1,2bf856a6c49a9c38010e4b719cd3d58e50f10d0c5c7048ed32accf1d9872633f,B,L1,2.0,h42,35,35.0,295,9,0x6714fd5b78bd8a7d,U0-2pi,pennylane,,,,0,test_full,1200,test,0.8175,0.8978358300248,0.8172867076079784,0.8214285969734192,0.0,0.0102819745892831,0.0267028725834203,101,71,2.6230170889903093,unknown,56488e26fdba,0.01,0.001 0.003 0.01 0.03,0.0380555555555555,30,300,1.0,,,True,0.75,1e-06
a7_20260822T081428Z,2026-08-22T08:36:07+00:00,hyperplanes_n_features20_n_hyperplanes3_dim_hyperplanes5_seed11,4360508611e0e8963c01cd3994e98f0e069bb3b004ae6b18c71eecbf920853d1,2bf856a6c49a9c38010e4b719cd3d58e50f10d0c5c7048ed32accf1d9872633f,B,L1,2.0,h42,35,35.0,295,9,0x6714fd5b78bd8a7d,U0-2pi,pennylane,,,,0,val_full,600,val,0.8216666666666667,0.8864995361625555,0.8199254457686687,0.8214285969734192,0.0,0.0102819745892831,0.0267028725834203,101,71,2.6230170889903093,unknown,56488e26fdba,0.01,0.001 0.003 0.01 0.03,0.0380555555555555,30,300,1.0,,,True,0.7283333333333334,1e-06
a7_20260822T081428Z,2026-08-22T08:37:49+00:00,hyperplanes_n_features20_n_hyperplanes3_dim_hyperplanes5_seed11,4360508611e0e8963c01cd3994e98f0e069bb3b004ae6b18c71eecbf920853d1,2bf856a6c49a9c38010e4b719cd3d58e50f10d0c5c7048ed32accf1d9872633f,A,L2,2.0,h2,35,35.0,15,2,0xedbc28bf50f4bc26,U0-2pi,pennylane,,,,0,test_full,1200,test,0.83,0.9191550172933416,0.8288585818193004,0.8261904716491699,1.010994791984558,0.0043891002619857,0.0790885308357084,81,51,1352.1646846960066,unknown,56488e26fdba,0.03,0.001 0.003 0.01 0.03,0.0380555555555555,30,300,1.0,,,False,,
a7_20260822T081428Z,2026-08-22T08:37:49+00:00,hyperplanes_n_features20_n_hyperplanes3_dim_hyperplanes5_seed11,4360508611e0e8963c01cd3994e98f0e069bb3b004ae6b18c71eecbf920853d1,2bf856a6c49a9c38010e4b719cd3d58e50f10d0c5c7048ed32accf1d9872633f,A,L2,2.0,h2,35,35.0,15,2,0xedbc28bf50f4bc26,U0-2pi,pennylane,,,,0,val_full,600,val,0.825,0.8993305093270445,0.8183260038930142,0.8261904716491699,1.010994791984558,0.0043891002619857,0.0790885308357084,81,51,1352.1646846960066,unknown,56488e26fdba,0.03,0.001 0.003 0.01 0.03,0.0380555555555555,30,300,1.0,,,False,,
a7_20260822T081428Z,2026-08-22T08:38:02+00:00,hyperplanes_n_features20_n_hyperplanes3_dim_hyperplanes5_seed11,4360508611e0e8963c01cd3994e98f0e069bb3b004ae6b18c71eecbf920853d1,2bf856a6c49a9c38010e4b719cd3d58e50f10d0c5c7048ed32accf1d9872633f,F,product,2.0,h4,35,20.0,29,2,0x499fbb627c0f5f7c,U0-2pi,pennylane,,,,0,test_full,1200,test,0.8233333333333334,0.9211707203149502,0.8219963279745646,0.8230952620506287,0.7883667349815369,0.0057608164756044,0.0593195164533345,93,63,1364.1839063340012,unknown,56488e26fdba,0.03,0.001 0.003 0.01 0.03,0.0380555555555555,30,300,1.0,,,False,,
a7_20260822T081428Z,2026-08-22T08:38:02+00:00,hyperplanes_n_features20_n_hyperplanes3_dim_hyperplanes5_seed11,4360508611e0e8963c01cd3994e98f0e069bb3b004ae6b18c71eecbf920853d1,2bf856a6c49a9c38010e4b719cd3d58e50f10d0c5c7048ed32accf1d9872633f,F,product,2.0,h4,35,20.0,29,2,0x499fbb627c0f5f7c,U0-2pi,pennylane,,,,0,val_full,600,val,0.8266666666666667,0.90973611561288,0.8199362851470521,0.8230952620506287,0.7883667349815369,0.0057608164756044,0.0593195164533345,93,63,1364.1839063340012,unknown,56488e26fdba,0.03,0.001 0.003 0.01 0.03,0.0380555555555555,30,300,1.0,,,False,,
a7_20260822T081428Z,2026-08-22T08:38:08+00:00,hyperplanes_n_features20_n_hyperplanes3_dim_hyperplanes5_seed11,4360508611e0e8963c01cd3994e98f0e069bb3b004ae6b18c71eecbf920853d1,2bf856a6c49a9c38010e4b719cd3d58e50f10d0c5c7048ed32accf1d9872633f,A,L1,2.0,h2,35,35.0,15,2,0x68f1fd9add9ea051,U0-2pi,pennylane,,,,0,test_full,1200,test,0.8141666666666667,0.9209844415529532,0.8141603429561145,0.8261904716491699,1.2425858974456787,0.0091689936986471,0.1021946063546628,84,54,1370.365004599007,unknown,56488e26fdba,0.03,0.001 0.003 0.01 0.03,0.0380555555555555,30,300,1.0,,,False,,
a7_20260822T081428Z,2026-08-22T08:38:08+00:00,hyperplanes_n_features20_n_hyperplanes3_dim_hyperplanes5_seed11,4360508611e0e8963c01cd3994e98f0e069bb3b004ae6b18c71eecbf920853d1,2bf856a6c49a9c38010e4b719cd3d58e50f10d0c5c7048ed32accf1d9872633f,A,L1,2.0,h2,35,35.0,15,2,0x68f1fd9add9ea051,U0-2pi,pennylane,,,,0,val_full,600,val,0.825,0.905120094779314,0.822654607179955,0.8261904716491699,1.2425858974456787,0.0091689936986471,0.1021946063546628,84,54,1370.365004599007,unknown,56488e26fdba,0.03,0.001 0.003 0.01 0.03,0.0380555555555555,30,300,1.0,,,False,,
a7_20260822T081428Z,2026-08-22T08:38:27+00:00,hyperplanes_n_features20_n_hyperplanes3_dim_hyperplanes5_seed11,4360508611e0e8963c01cd3994e98f0e069bb3b004ae6b18c71eecbf920853d1,2bf856a6c49a9c38010e4b719cd3d58e50f10d0c5c7048ed32accf1d9872633f,F,product,2.0,linear,35,20.0,6,2,0x499fbb627c0f5f7c,U0-2pi,pennylane,,,,0,test_full,1200,test,0.8166666666666667,0.9086594601808292,0.8158065857518022,0.8149999976158142,0.7815185785293579,0.0131582133851819,0.0136048411524309,95,65,1389.7857682769973,unknown,56488e26fdba,0.03,0.001 0.003 0.01 0.03,0.0380555555555555,30,300,1.0,,,False,,
a7_20260822T081428Z,2026-08-22T08:38:27+00:00,hyperplanes_n_features20_n_hyperplanes3_dim_hyperplanes5_seed11,4360508611e0e8963c01cd3994e98f0e069bb3b004ae6b18c71eecbf920853d1,2bf856a6c49a9c38010e4b719cd3d58e50f10d0c5c7048ed32accf1d9872633f,F,product,2.0,linear,35,20.0,6,2,0x499fbb627c0f5f7c,U0-2pi,pennylane,,,,0,val_full,600,val,0.8033333333333333,0.8922555911971476,0.796997396520283,0.8149999976158142,0.7815185785293579,0.0131582133851819,0.0136048411524309,95,65,1389.7857682769973,unknown,56488e26fdba,0.03,0.001 0.003 0.01 0.03,0.0380555555555555,30,300,1.0,,,False,,
a7_20260822T081428Z,2026-08-22T08:38:22+00:00,hyperplanes_n_features20_n_hyperplanes3_dim_hyperplanes5_seed11,4360508611e0e8963c01cd3994e98f0e069bb3b004ae6b18c71eecbf920853d1,2bf856a6c49a9c38010e4b719cd3d58e50f10d0c5c7048ed32accf1d9872633f,B,L2,2.0,linear,35,35.0,6,9,0x37a73ff05100a2cc,U0-2pi,pennylane,,,,0,test_full,1200,test,0.685,0.7454542421512694,0.6817101204393186,0.6745238304138184,0.0,0.0397306290525058,0.0110385599107503,72,42,1.3308590330125298,unknown,56488e26fdba,0.03,0.001 0.003 0.01 0.03,0.0380555555555555,30,300,1.0,,,True,0.6933333333333334,1e-06
a7_20260822T081428Z,2026-08-22T08:38:22+00:00,hyperplanes_n_features20_n_hyperplanes3_dim_hyperplanes5_seed11,4360508611e0e8963c01cd3994e98f0e069bb3b004ae6b18c71eecbf920853d1,2bf856a6c49a9c38010e4b719cd3d58e50f10d0c5c7048ed32accf1d9872633f,B,L2,2.0,linear,35,35.0,6,9,0x37a73ff05100a2cc,U0-2pi,pennylane,,,,0,val_full,600,val,0.6983333333333334,0.7537861429960545,0.6981446737544299,0.6745238304138184,0.0,0.0397306290525058,0.0110385599107503,72,42,1.3308590330125298,unknown,56488e26fdba,0.03,0.001 0.003 0.01 0.03,0.0380555555555555,30,300,1.0,,,True,0.7016666666666667,1e-06
a7_20260822T081428Z,2026-08-22T08:38:25+00:00,hyperplanes_n_features20_n_hyperplanes3_dim_hyperplanes5_seed11,4360508611e0e8963c01cd3994e98f0e069bb3b004ae6b18c71eecbf920853d1,2bf856a6c49a9c38010e4b719cd3d58e50f10d0c5c7048ed32accf1d9872633f,B,L2,2.0,h2,35,35.0,15,9,0x37a73ff05100a2cc,U0-2pi,pennylane,,,,0,test_full,1200,test,0.7,0.7566198467509648,0.6966556283020299,0.680476188659668,0.0,0.0053708994403173,0.034703754300827,107,77,2.6762326510070125,unknown,56488e26fdba,0.03,0.001 0.003 0.01 0.03,0.0380555555555555,30,300,1.0,,,True,0.6933333333333334,1e-06
a7_20260822T081428Z,2026-08-22T08:38:25+00:00,hyperplanes_n_features20_n_hyperplanes3_dim_hyperplanes5_seed11,4360508611e0e8963c01cd3994e98f0e069bb3b004ae6b18c71eecbf920853d1,2bf856a6c49a9c38010e4b719cd3d58e50f10d0c5c7048ed32accf1d9872633f,B,L2,2.0,h2,35,35.0,15,9,0x37a73ff05100a2cc,U0-2pi,pennylane,,,,0,val_full,600,val,0.7033333333333334,0.7612187189145085,0.7032805832147937,0.680476188659668,0.0,0.0053708994403173,0.034703754300827,107,77,2.6762326510070125,unknown,56488e26fdba,0.03,0.001 0.003 0.01 0.03,0.0380555555555555,30,300,1.0,,,True,0.7016666666666667,1e-06
a7_20260822T081428Z,2026-08-22T08:38:28+00:00,hyperplanes_n_features20_n_hyperplanes3_dim_hyperplanes5_seed11,4360508611e0e8963c01cd3994e98f0e069bb3b004ae6b18c71eecbf920853d1,2bf856a6c49a9c38010e4b719cd3d58e50f10d0c5c7048ed32accf1d9872633f,B,L2,2.0,h4,35,35.0,29,9,0x37a73ff05100a2cc,U0-2pi,pennylane,,,,0,test_full,1200,test,0.7016666666666667,0.7546430676497737,0.701454367550258,0.675000011920929,0.0,0.0072916049990116,0.0626567205726236,105,75,2.597928265997325,unknown,56488e26fdba,0.03,0.001 0.003 0.01 0.03,0.0380555555555555,30,300,1.0,,,True,0.6933333333333334,1e-06
a7_20260822T081428Z,2026-08-22T08:38:28+00:00,hyperplanes_n_features20_n_hyperplanes3_dim_hyperplanes5_seed11,4360508611e0e8963c01cd3994e98f0e069bb3b004ae6b18c71eecbf920853d1,2bf856a6c49a9c38010e4b719cd3d58e50f10d0c5c7048ed32accf1d9872633f,B,L2,2.0,h4,35,35.0,29,9,0x37a73ff05100a2cc,U0-2pi,pennylane,,,,0,val_full,600,val,0.7066666666666667,0.7657900325245051,0.7059314954051796,0.675000011920929,0.0,0.0072916049990116,0.0626567205726236,105,75,2.597928265997325,unknown,56488e26fdba,0.03,0.001 0.003 0.01 0.03,0.0380555555555555,30,300,1.0,,,True,0.7016666666666667,1e-06
a7_20260822T081428Z,2026-08-22T08:38:30+00:00,hyperplanes_n_features20_n_hyperplanes3_dim_hyperplanes5_seed11,4360508611e0e8963c01cd3994e98f0e069bb3b004ae6b18c71eecbf920853d1,2bf856a6c49a9c38010e4b719cd3d58e50f10d0c5c7048ed32accf1d9872633f,B,L2,2.0,h42,35,35.0,295,9,0x37a73ff05100a2cc,U0-2pi,pennylane,,,,0,test_full,1200,test,0.7325,0.7956021530488551,0.7320532359858347,0.7354761958122253,0.0,0.0105718036074243,0.0297355190421937,82,52,2.1006955890043173,unknown,56488e26fdba,0.01,0.001 0.003 0.01 0.03,0.0380555555555555,30,300,1.0,,,True,0.6933333333333334,1e-06
a7_20260822T081428Z,2026-08-22T08:38:30+00:00,hyperplanes_n_features20_n_hyperplanes3_dim_hyperplanes5_seed11,4360508611e0e8963c01cd3994e98f0e069bb3b004ae6b18c71eecbf920853d1,2bf856a6c49a9c38010e4b719cd3d58e50f10d0c5c7048ed32accf1d9872633f,B,L2,2.0,h42,35,35.0,295,9,0x37a73ff05100a2cc,U0-2pi,pennylane,,,,0,val_full,600,val,0.7333333333333333,0.7967833152641639,0.7323698648467818,0.7354761958122253,0.0,0.0105718036074243,0.0297355190421937,82,52,2.1006955890043173,unknown,56488e26fdba,0.01,0.001 0.003 0.01 0.03,0.0380555555555555,30,300,1.0,,,True,0.7016666666666667,1e-06
a7_20260822T081428Z,2026-08-22T08:38:33+00:00,hyperplanes_n_features20_n_hyperplanes3_dim_hyperplanes5_seed11,4360508611e0e8963c01cd3994e98f0e069bb3b004ae6b18c71eecbf920853d1,2bf856a6c49a9c38010e4b719cd3d58e50f10d0c5c7048ed32accf1d9872633f,F,product,2.0,h2,35,20.0,15,6,0x5a38e794abf67abb,U0-2pi,pennylane,,,,0,test_full,1200,test,0.83,0.9207675797106284,0.8288111888111889,0.824999988079071,0.7062986493110657,0.0303937633810473,0.2202123665898283,44,14,649.469247179004,unknown,56488e26fdba,0.03,0.001 0.003 0.01 0.03,0.0380555555555555,30,300,1.0,,,False,,
a7_20260822T081428Z,2026-08-22T08:38:33+00:00,hyperplanes_n_features20_n_hyperplanes3_dim_hyperplanes5_seed11,4360508611e0e8963c01cd3994e98f0e069bb3b004ae6b18c71eecbf920853d1,2bf856a6c49a9c38010e4b719cd3d58e50f10d0c5c7048ed32accf1d9872633f,F,product,2.0,h2,35,20.0,15,6,0x5a38e794abf67abb,U0-2pi,pennylane,,,,0,val_full,600,val,0.8166666666666667,0.9071207430340558,0.8100478909559772,0.824999988079071,0.7062986493110657,0.0303937633810473,0.2202123665898283,44,14,649.469247179004,unknown,56488e26fdba,0.03,0.001 0.003 0.01 0.03,0.0380555555555555,30,300,1.0,,,False,,
a7_20260822T081428Z,2026-08-22T08:38:38+00:00,hyperplanes_n_features20_n_hyperplanes3_dim_hyperplanes5_seed11,4360508611e0e8963c01cd3994e98f0e069bb3b004ae6b18c71eecbf920853d1,2bf856a6c49a9c38010e4b719cd3d58e50f10d0c5c7048ed32accf1d9872633f,A,L2,2.0,h2,35,35.0,15,6,0xfed8b00a5c8d996d,U0-2pi,pennylane,,,,0,test_full,1200,test,0.8275,0.9141560737997532,0.8262196977593954,0.8261904716491699,0.9031969308853148,0.027538634717101,0.0553784362242756,44,14,722.7694371920079,unknown,56488e26fdba,0.03,0.001 0.003 0.01 0.03,0.0380555555555555,30,300,1.0,,,False,,
a7_20260822T081428Z,2026-08-22T08:38:38+00:00,hyperplanes_n_features20_n_hyperplanes3_dim_hyperplanes5_seed11,4360508611e0e8963c01cd3994e98f0e069bb3b004ae6b18c71eecbf920853d1,2bf856a6c49a9c38010e4b719cd3d58e50f10d0c5c7048ed32accf1d9872633f,A,L2,2.0,h2,35,35.0,15,6,0xfed8b00a5c8d996d,U0-2pi,pennylane,,,,0,val_full,600,val,0.8166666666666667,0.8991293268209811,0.8100478909559772,0.8261904716491699,0.9031969308853148,0.027538634717101,0.0553784362242756,44,14,722.7694371920079,unknown,56488e26fdba,0.03,0.001 0.003 0.01 0.03,0.0380555555555555,30,300,1.0,,,False,,
a7_20260822T081428Z,2026-08-22T08:38:48+00:00,hyperplanes_n_features20_n_hyperplanes3_dim_hyperplanes5_seed11,4360508611e0e8963c01cd3994e98f0e069bb3b004ae6b18c71eecbf920853d1,2bf856a6c49a9c38010e4b719cd3d58e50f10d0c5c7048ed32accf1d9872633f,A,L2,2.0,h4,35,35.0,29,6,0xfed8b00a5c8d996d,U0-2pi,pennylane,,,,0,test_full,1200,test,0.8233333333333334,0.9147149100857438,0.8218362630436304,0.833809494972229,0.7910924553871155,0.0314326610439007,0.0275427163634008,44,14,730.8360023630084,unknown,56488e26fdba,0.03,0.001 0.003 0.01 0.03,0.0380555555555555,30,300,1.0,,,False,,
a7_20260822T081428Z,2026-08-22T08:38:48+00:00,hyperplanes_n_features20_n_hyperplanes3_dim_hyperplanes5_seed11,4360508611e0e8963c01cd3994e98f0e069bb3b004ae6b18c71eecbf920853d1,2bf856a6c49a9c38010e4b719cd3d58e50f10d0c5c7048ed32accf1d9872633f,A,L2,2.0,h4,35,35.0,29,6,0xfed8b00a5c8d996d,U0-2pi,pennylane,,,,0,val_full,600,val,0.8183333333333334,0.8977210492785371,0.8108946648585036,0.833809494972229,0.7910924553871155,0.0314326610439007,0.0275427163634008,44,14,730.8360023630084,unknown,56488e26fdba,0.03,0.001 0.003 0.01 0.03,0.0380555555555555,30,300,1.0,,,False,,
a7_20260822T081428Z,2026-08-22T08:38:48+00:00,hyperplanes_n_features20_n_hyperplanes3_dim_hyperplanes5_seed11,4360508611e0e8963c01cd3994e98f0e069bb3b004ae6b18c71eecbf920853d1,2bf856a6c49a9c38010e4b719cd3d58e50f10d0c5c7048ed32accf1d9872633f,E,,,linear,0,,6,9,,,pennylane,,,,0,test_full,1200,test,0.7816666666666666,0.8824414194997721,0.7813453658292324,0.770714282989502,0.0,0.0466097909789929,0.0089928264229773,33,3,0.6045149929996114,unknown,56488e26fdba,0.1,0.001 0.003 0.01 0.03 0.1,0.0380555555555555,30,300,1.0,,,True,0.7516666666666667,1e-06
a7_20260822T081428Z,2026-08-22T08:38:48+00:00,hyperplanes_n_features20_n_hyperplanes3_dim_hyperplanes5_seed11,4360508611e0e8963c01cd3994e98f0e069bb3b004ae6b18c71eecbf920853d1,2bf856a6c49a9c38010e4b719cd3d58e50f10d0c5c7048ed32accf1d9872633f,E,,,linear,0,,6,9,,,pennylane,,,,0,val_full,600,val,0.7566666666666667,0.861642319857831,0.7520352359062037,0.770714282989502,0.0,0.0466097909789929,0.0089928264229773,33,3,0.6045149929996114,unknown,56488e26fdba,0.1,0.001 0.003 0.01 0.03 0.1,0.0380555555555555,30,300,1.0,,,True,0.7383333333333333,1e-06
a7_20260822T081428Z,2026-08-22T08:38:50+00:00,hyperplanes_n_features20_n_hyperplanes3_dim_hyperplanes5_seed11,4360508611e0e8963c01cd3994e98f0e069bb3b004ae6b18c71eecbf920853d1,2bf856a6c49a9c38010e4b719cd3d58e50f10d0c5c7048ed32accf1d9872633f,E,,,h2,0,,15,9,,,pennylane,,,,0,test_full,1200,test,0.485,0.5,0.3265993265993266,0.4988095164299011,0.0,0.0054957864113957,0.0377358855661882,57,27,1.4306241930025865,unknown,56488e26fdba,0.1,0.001 0.003 0.01 0.03 0.1,0.0380555555555555,30,300,1.0,,,True,0.7516666666666667,1e-06
a7_20260822T081428Z,2026-08-22T08:38:50+00:00,hyperplanes_n_features20_n_hyperplanes3_dim_hyperplanes5_seed11,4360508611e0e8963c01cd3994e98f0e069bb3b004ae6b18c71eecbf920853d1,2bf856a6c49a9c38010e4b719cd3d58e50f10d0c5c7048ed32accf1d9872633f,E,,,h2,0,,15,9,,,pennylane,,,,0,val_full,600,val,0.5383333333333333,0.5,0.3499458288190682,0.4988095164299011,0.0,0.0054957864113957,0.0377358855661882,57,27,1.4306241930025865,unknown,56488e26fdba,0.1,0.001 0.003 0.01 0.03 0.1,0.0380555555555555,30,300,1.0,,,True,0.7383333333333333,1e-06
a7_20260822T081428Z,2026-08-22T08:38:52+00:00,hyperplanes_n_features20_n_hyperplanes3_dim_hyperplanes5_seed11,4360508611e0e8963c01cd3994e98f0e069bb3b004ae6b18c71eecbf920853d1,2bf856a6c49a9c38010e4b719cd3d58e50f10d0c5c7048ed32accf1d9872633f,E,,,h4,0,,29,9,,,pennylane,,,,0,test_full,1200,test,0.8683333333333333,0.949047198033786,0.8682806455915699,0.8761904835700989,0.0,0.0170081944647067,0.0546642091131662,106,76,2.6558005739934742,unknown,56488e26fdba,0.1,0.001 0.003 0.01 0.03 0.1,0.0380555555555555,30,300,1.0,,,True,0.7516666666666667,1e-06
a7_20260822T081428Z,2026-08-22T08:38:52+00:00,hyperplanes_n_features20_n_hyperplanes3_dim_hyperplanes5_seed11,4360508611e0e8963c01cd3994e98f0e069bb3b004ae6b18c71eecbf920853d1,2bf856a6c49a9c38010e4b719cd3d58e50f10d0c5c7048ed32accf1d9872633f,E,,,h4,0,,29,9,,,pennylane,,,,0,val_full,600,val,0.895,0.9513026567267606,0.893422354802056,0.8761904835700989,0.0,0.0170081944647067,0.0546642091131662,106,76,2.6558005739934742,unknown,56488e26fdba,0.1,0.001 0.003 0.01 0.03 0.1,0.0380555555555555,30,300,1.0,,,True,0.7383333333333333,1e-06
a7_20260822T081428Z,2026-08-22T08:38:54+00:00,hyperplanes_n_features20_n_hyperplanes3_dim_hyperplanes5_seed11,4360508611e0e8963c01cd3994e98f0e069bb3b004ae6b18c71eecbf920853d1,2bf856a6c49a9c38010e4b719cd3d58e50f10d0c5c7048ed32accf1d9872633f,E,,,h42,0,,295,9,,,pennylane,,,,0,test_full,1200,test,0.9691666666666666,0.9955015069117762,0.969151049385418,0.9788095355033876,0.0,0.0109397084394215,0.0200286850580772,73,43,1.8794544499978656,unknown,56488e26fdba,0.03,0.001 0.003 0.01 0.03 0.1,0.0380555555555555,30,300,1.0,,,True,0.7516666666666667,1e-06
a7_20260822T081428Z,2026-08-22T08:38:54+00:00,hyperplanes_n_features20_n_hyperplanes3_dim_hyperplanes5_seed11,4360508611e0e8963c01cd3994e98f0e069bb3b004ae6b18c71eecbf920853d1,2bf856a6c49a9c38010e4b719cd3d58e50f10d0c5c7048ed32accf1d9872633f,E,,,h42,0,,295,9,,,pennylane,,,,0,val_full,600,val,0.9766666666666668,0.9935286293882934,0.9765034965034964,0.9788095355033876,0.0,0.0109397084394215,0.0200286850580772,73,43,1.8794544499978656,unknown,56488e26fdba,0.03,0.001 0.003 0.01 0.03 0.1,0.0380555555555555,30,300,1.0,,,True,0.7383333333333333,1e-06
a7_20260822T081428Z,2026-08-22T08:38:58+00:00,hyperplanes_n_features20_n_hyperplanes3_dim_hyperplanes5_seed11,4360508611e0e8963c01cd3994e98f0e069bb3b004ae6b18c71eecbf920853d1,2bf856a6c49a9c38010e4b719cd3d58e50f10d0c5c7048ed32accf1d9872633f,A,L1,2.0,linear,35,35.0,6,1,0x1ddc9c443a3565bb,U0-2pi,pennylane,,,,0,test_full,1200,test,0.83,0.9153432533724796,0.8286117552172598,0.8297619223594666,0.8602793216705322,0.0131442580698051,0.0503448155260365,87,57,1421.1113949420103,unknown,56488e26fdba,0.03,0.001 0.003 0.01 0.03,0.0380555555555555,30,300,1.0,,,False,,
a7_20260822T081428Z,2026-08-22T08:38:58+00:00,hyperplanes_n_features20_n_hyperplanes3_dim_hyperplanes5_seed11,4360508611e0e8963c01cd3994e98f0e069bb3b004ae6b18c71eecbf920853d1,2bf856a6c49a9c38010e4b719cd3d58e50f10d0c5c7048ed32accf1d9872633f,A,L1,2.0,linear,35,35.0,6,1,0x1ddc9c443a3565bb,U0-2pi,pennylane,,,,0,val_full,600,val,0.82,0.9015323400878498,0.8130107576527079,0.8297619223594666,0.8602793216705322,0.0131442580698051,0.0503448155260365,87,57,1421.1113949420103,unknown,56488e26fdba,0.03,0.001 0.003 0.01 0.03,0.0380555555555555,30,300,1.0,,,False,,
a7_20260822T081428Z,2026-08-22T08:38:59+00:00,hyperplanes_n_features20_n_hyperplanes3_dim_hyperplanes5_seed11,4360508611e0e8963c01cd3994e98f0e069bb3b004ae6b18c71eecbf920853d1,2bf856a6c49a9c38010e4b719cd3d58e50f10d0c5c7048ed32accf1d9872633f,D_best,,2.0,linear,192,,33,9,0x82d30d660e805c92,RFF-int-spectrum-U0-2pi,pennylane,,,,0,test_full,1200,test,0.8258333333333333,0.9072415173656292,0.8245406610227712,0.8192856907844543,0.0,0.0901368542944492,0.0407038486560103,56,26,1.0596540169935906,unknown,56488e26fdba,0.03,0.001 0.003 0.01 0.03,0.0380555555555555,30,300,1.0,32.0,0x82d30d660e805c92,True,0.7916666666666666,1e-06
a7_20260822T081428Z,2026-08-22T08:38:59+00:00,hyperplanes_n_features20_n_hyperplanes3_dim_hyperplanes5_seed11,4360508611e0e8963c01cd3994e98f0e069bb3b004ae6b18c71eecbf920853d1,2bf856a6c49a9c38010e4b719cd3d58e50f10d0c5c7048ed32accf1d9872633f,D_best,,2.0,linear,192,,33,9,0x82d30d660e805c92,RFF-int-spectrum-U0-2pi,pennylane,,,,0,val_full,600,val,0.8066666666666666,0.8868460171452202,0.7991597026640196,0.8192856907844543,0.0,0.0901368542944492,0.0407038486560103,56,26,1.0596540169935906,unknown,56488e26fdba,0.03,0.001 0.003 0.01 0.03,0.0380555555555555,30,300,1.0,32.0,0x82d30d660e805c92,True,0.7783333333333333,1e-06
a7_20260822T081428Z,2026-08-22T08:39:00+00:00,hyperplanes_n_features20_n_hyperplanes3_dim_hyperplanes5_seed11,4360508611e0e8963c01cd3994e98f0e069bb3b004ae6b18c71eecbf920853d1,2bf856a6c49a9c38010e4b719cd3d58e50f10d0c5c7048ed32accf1d9872633f,D_best,,2.0,linear,768,,129,9,0x709aa72cd73e2b60,RFF-int-spectrum-U0-2pi,pennylane,,,,0,test_full,1200,test,0.8216666666666667,0.9168724073888722,0.8208300425040258,0.8311904668807983,0.0,0.110337144373364,0.06117239304538,59,29,1.1387631649995456,unknown,56488e26fdba,0.03,0.001 0.003 0.01 0.03,0.0380555555555555,30,300,1.0,128.0,0x709aa72cd73e2b60,True,0.8091666666666667,1e-06
a7_20260822T081428Z,2026-08-22T08:39:00+00:00,hyperplanes_n_features20_n_hyperplanes3_dim_hyperplanes5_seed11,4360508611e0e8963c01cd3994e98f0e069bb3b004ae6b18c71eecbf920853d1,2bf856a6c49a9c38010e4b719cd3d58e50f10d0c5c7048ed32accf1d9872633f,D_best,,2.0,linear,768,,129,9,0x709aa72cd73e2b60,RFF-int-spectrum-U0-2pi,pennylane,,,,0,val_full,600,val,0.8233333333333334,0.8995987526684625,0.8169552403757598,0.8311904668807983,0.0,0.110337144373364,0.06117239304538,59,29,1.1387631649995456,unknown,56488e26fdba,0.03,0.001 0.003 0.01 0.03,0.0380555555555555,30,300,1.0,128.0,0x709aa72cd73e2b60,True,0.7983333333333333,1e-06
a7_20260822T081428Z,2026-08-22T08:38:56+00:00,hyperplanes_n_features20_n_hyperplanes3_dim_hyperplanes5_seed11,4360508611e0e8963c01cd3994e98f0e069bb3b004ae6b18c71eecbf920853d1,2bf856a6c49a9c38010e4b719cd3d58e50f10d0c5c7048ed32accf1d9872633f,D_matched,,2.0,linear,30,,6,9,0xa62498f8735d06b9,RFF-int-spectrum-U0-2pi,pennylane,,,,0,test_full,1200,test,0.6883333333333334,0.7526968716289104,0.6875522138680034,0.6816666722297668,0.0,0.0433650285195445,0.0324674587672519,73,43,1.3590991099918028,unknown,56488e26fdba,0.03,0.001 0.003 0.01 0.03,0.0380555555555555,30,300,1.0,,0xa62498f8735d06b9,True,0.6791666666666667,1e-06
a7_20260822T081428Z,2026-08-22T08:38:56+00:00,hyperplanes_n_features20_n_hyperplanes3_dim_hyperplanes5_seed11,4360508611e0e8963c01cd3994e98f0e069bb3b004ae6b18c71eecbf920853d1,2bf856a6c49a9c38010e4b719cd3d58e50f10d0c5c7048ed32accf1d9872633f,D_matched,,2.0,linear,30,,6,9,0xa62498f8735d06b9,RFF-int-spectrum-U0-2pi,pennylane,,,,0,val_full,600,val,0.6966666666666667,0.756401515574879,0.6956894918125982,0.6816666722297668,0.0,0.0433650285195445,0.0324674587672519,73,43,1.3590991099918028,unknown,56488e26fdba,0.03,0.001 0.003 0.01 0.03,0.0380555555555555,30,300,1.0,,0xa62498f8735d06b9,True,0.6816666666666666,1e-06
a7_20260822T081428Z,2026-08-22T08:38:57+00:00,hyperplanes_n_features20_n_hyperplanes3_dim_hyperplanes5_seed11,4360508611e0e8963c01cd3994e98f0e069bb3b004ae6b18c71eecbf920853d1,2bf856a6c49a9c38010e4b719cd3d58e50f10d0c5c7048ed32accf1d9872633f,D_matched,,2.0,h2,30,,15,9,0xa62498f8735d06b9,RFF-int-spectrum-U0-2pi,pennylane,,,,0,test_full,1200,test,0.7283333333333334,0.7818633992815757,0.7278222439914952,0.7104762196540833,0.0,0.0109810256772923,0.0353329108530492,69,39,1.7155200710112697,unknown,56488e26fdba,0.03,0.001 0.003 0.01 0.03,0.0380555555555555,30,300,1.0,,0xa62498f8735d06b9,True,0.6791666666666667,1e-06
a7_20260822T081428Z,2026-08-22T08:38:57+00:00,hyperplanes_n_features20_n_hyperplanes3_dim_hyperplanes5_seed11,4360508611e0e8963c01cd3994e98f0e069bb3b004ae6b18c71eecbf920853d1,2bf856a6c49a9c38010e4b719cd3d58e50f10d0c5c7048ed32accf1d9872633f,D_matched,,2.0,h2,30,,15,9,0xa62498f8735d06b9,RFF-int-spectrum-U0-2pi,pennylane,,,,0,val_full,600,val,0.735,0.7778609828883102,0.7307936507936508,0.7104762196540833,0.0,0.0109810256772923,0.0353329108530492,69,39,1.7155200710112697,unknown,56488e26fdba,0.03,0.001 0.003 0.01 0.03,0.0380555555555555,30,300,1.0,,0xa62498f8735d06b9,True,0.6816666666666666,1e-06
a7_20260822T081428Z,2026-08-22T08:38:59+00:00,hyperplanes_n_features20_n_hyperplanes3_dim_hyperplanes5_seed11,4360508611e0e8963c01cd3994e98f0e069bb3b004ae6b18c71eecbf920853d1,2bf856a6c49a9c38010e4b719cd3d58e50f10d0c5c7048ed32accf1d9872633f,D_matched,,2.0,h4,30,,29,9,0xa62498f8735d06b9,RFF-int-spectrum-U0-2pi,pennylane,,,,0,test_full,1200,test,0.7408333333333333,0.814113257487294,0.7403267902456946,0.7159523963928223,0.0,0.0220749665766028,0.0345376446466284,68,38,1.7016042030008975,unknown,56488e26fdba,0.03,0.001 0.003 0.01 0.03,0.0380555555555555,30,300,1.0,,0xa62498f8735d06b9,True,0.6791666666666667,1e-06
a7_20260822T081428Z,2026-08-22T08:38:59+00:00,hyperplanes_n_features20_n_hyperplanes3_dim_hyperplanes5_seed11,4360508611e0e8963c01cd3994e98f0e069bb3b004ae6b18c71eecbf920853d1,2bf856a6c49a9c38010e4b719cd3d58e50f10d0c5c7048ed32accf1d9872633f,D_matched,,2.0,h4,30,,29,9,0xa62498f8735d06b9,RFF-int-spectrum-U0-2pi,pennylane,,,,0,val_full,600,val,0.7416666666666667,0.7916531613595466,0.7384047188413299,0.7159523963928223,0.0,0.0220749665766028,0.0345376446466284,68,38,1.7016042030008975,unknown,56488e26fdba,0.03,0.001 0.003 0.01 0.03,0.0380555555555555,30,300,1.0,,0xa62498f8735d06b9,True,0.6816666666666666,1e-06
a7_20260822T081428Z,2026-08-22T08:39:01+00:00,hyperplanes_n_features20_n_hyperplanes3_dim_hyperplanes5_seed11,4360508611e0e8963c01cd3994e98f0e069bb3b004ae6b18c71eecbf920853d1,2bf856a6c49a9c38010e4b719cd3d58e50f10d0c5c7048ed32accf1d9872633f,D_matched,,2.0,h42,30,,295,9,0xa62498f8735d06b9,RFF-int-spectrum-U0-2pi,pennylane,,,,0,test_full,1200,test,0.7566666666666667,0.832796739287581,0.7548957887403154,0.7350000143051147,0.0,0.0193656324087474,0.0152410186740007,66,36,1.70095640400541,unknown,56488e26fdba,0.01,0.001 0.003 0.01 0.03,0.0380555555555555,30,300,1.0,,0xa62498f8735d06b9,True,0.6791666666666667,1e-06
a7_20260822T081428Z,2026-08-22T08:39:01+00:00,hyperplanes_n_features20_n_hyperplanes3_dim_hyperplanes5_seed11,4360508611e0e8963c01cd3994e98f0e069bb3b004ae6b18c71eecbf920853d1,2bf856a6c49a9c38010e4b719cd3d58e50f10d0c5c7048ed32accf1d9872633f,D_matched,,2.0,h42,30,,295,9,0xa62498f8735d06b9,RFF-int-spectrum-U0-2pi,pennylane,,,,0,val_full,600,val,0.7466666666666667,0.814878564003979,0.7397230561992717,0.7350000143051147,0.0,0.0193656324087474,0.0152410186740007,66,36,1.70095640400541,unknown,56488e26fdba,0.01,0.001 0.003 0.01 0.03,0.0380555555555555,30,300,1.0,,0xa62498f8735d06b9,True,0.6816666666666666,1e-06
a7_20260822T081428Z,2026-08-22T08:39:01+00:00,hyperplanes_n_features20_n_hyperplanes3_dim_hyperplanes5_seed11,4360508611e0e8963c01cd3994e98f0e069bb3b004ae6b18c71eecbf920853d1,2bf856a6c49a9c38010e4b719cd3d58e50f10d0c5c7048ed32accf1d9872633f,D_best,,2.0,linear,3072,,513,9,0xf6b1cc10b76179ab,RFF-int-spectrum-U0-2pi,pennylane,,,,0,test_full,1200,test,0.8166666666666667,0.912321088980082,0.815720185061608,0.8188095092773438,0.0,0.0944067036568667,0.0436025234721648,39,9,0.9902106689987704,unknown,56488e26fdba,0.01,0.001 0.003 0.01 0.03,0.0380555555555555,30,300,1.0,512.0,0xf6b1cc10b76179ab,True,0.8225,1e-06
a7_20260822T081428Z,2026-08-22T08:39:01+00:00,hyperplanes_n_features20_n_hyperplanes3_dim_hyperplanes5_seed11,4360508611e0e8963c01cd3994e98f0e069bb3b004ae6b18c71eecbf920853d1,2bf856a6c49a9c38010e4b719cd3d58e50f10d0c5c7048ed32accf1d9872633f,D_best,,2.0,linear,3072,,513,9,0xf6b1cc10b76179ab,RFF-int-spectrum-U0-2pi,pennylane,,,,0,val_full,600,val,0.8183333333333334,0.8949603782231114,0.8121332073227834,0.8188095092773438,0.0,0.0944067036568667,0.0436025234721648,39,9,0.9902106689987704,unknown,56488e26fdba,0.01,0.001 0.003 0.01 0.03,0.0380555555555555,30,300,1.0,512.0,0xf6b1cc10b76179ab,True,0.8266666666666667,1e-06
a7_20260822T081428Z,2026-08-22T08:39:01+00:00,hyperplanes_n_features20_n_hyperplanes3_dim_hyperplanes5_seed11,4360508611e0e8963c01cd3994e98f0e069bb3b004ae6b18c71eecbf920853d1,2bf856a6c49a9c38010e4b719cd3d58e50f10d0c5c7048ed32accf1d9872633f,A,L2,2.0,linear,35,35.0,6,2,0xedbc28bf50f4bc26,U0-2pi,pennylane,,,,0,test_full,1200,test,0.8233333333333334,0.9184210233654734,0.8222425941401544,0.8254761695861816,1.0529203414916992,0.0055377807510457,0.0745853428668873,87,57,1423.8901920009955,unknown,56488e26fdba,0.03,0.001 0.003 0.01 0.03,0.0380555555555555,30,300,1.0,,,False,,
a7_20260822T081428Z,2026-08-22T08:39:01+00:00,hyperplanes_n_features20_n_hyperplanes3_dim_hyperplanes5_seed11,4360508611e0e8963c01cd3994e98f0e069bb3b004ae6b18c71eecbf920853d1,2bf856a6c49a9c38010e4b719cd3d58e50f10d0c5c7048ed32accf1d9872633f,A,L2,2.0,linear,35,35.0,6,2,0xedbc28bf50f4bc26,U0-2pi,pennylane,,,,0,val_full,600,val,0.82,0.900973499793229,0.8135015656658684,0.8254761695861816,1.0529203414916992,0.0055377807510457,0.0745853428668873,87,57,1423.8901920009955,unknown,56488e26fdba,0.03,0.001 0.003 0.01 0.03,0.0380555555555555,30,300,1.0,,,False,,
a7_20260822T081428Z,2026-08-22T08:40:12+00:00,hyperplanes_n_features20_n_hyperplanes3_dim_hyperplanes5_seed11,4360508611e0e8963c01cd3994e98f0e069bb3b004ae6b18c71eecbf920853d1,2bf856a6c49a9c38010e4b719cd3d58e50f10d0c5c7048ed32accf1d9872633f,A,L2,2.0,h2,35,35.0,15,7,0x93234eaab96b5658,U0-2pi,pennylane,,,,0,test_full,1200,test,0.8325,0.912318308700052,0.8307215179479406,0.8340476155281067,0.6879504919052124,0.0384816529445421,0.0732103019469056,41,11,668.9118421859894,unknown,56488e26fdba,0.03,0.001 0.003 0.01 0.03,0.0380555555555555,30,300,1.0,,,False,,
a7_20260822T081428Z,2026-08-22T08:40:12+00:00,hyperplanes_n_features20_n_hyperplanes3_dim_hyperplanes5_seed11,4360508611e0e8963c01cd3994e98f0e069bb3b004ae6b18c71eecbf920853d1,2bf856a6c49a9c38010e4b719cd3d58e50f10d0c5c7048ed32accf1d9872633f,A,L2,2.0,h2,35,35.0,15,7,0x93234eaab96b5658,U0-2pi,pennylane,,,,0,val_full,600,val,0.8283333333333334,0.8904784790602542,0.8202814427503338,0.8340476155281067,0.6879504919052124,0.0384816529445421,0.0732103019469056,41,11,668.9118421859894,unknown,56488e26fdba,0.03,0.001 0.003 0.01 0.03,0.0380555555555555,30,300,1.0,,,False,,
a7_20260822T081428Z,2026-08-22T08:40:21+00:00,hyperplanes_n_features20_n_hyperplanes3_dim_hyperplanes5_seed11,4360508611e0e8963c01cd3994e98f0e069bb3b004ae6b18c71eecbf920853d1,2bf856a6c49a9c38010e4b719cd3d58e50f10d0c5c7048ed32accf1d9872633f,A,L2,2.0,h4,35,35.0,29,2,0xedbc28bf50f4bc26,U0-2pi,pennylane,,,,0,test_full,1200,test,0.8483333333333334,0.93924254050868,0.8478731496109063,0.8547618985176086,0.935038924217224,0.0029136721252483,0.1848703649485105,92,62,1503.361564399995,unknown,56488e26fdba,0.03,0.001 0.003 0.01 0.03,0.0380555555555555,30,300,1.0,,,False,,
a7_20260822T081428Z,2026-08-22T08:40:21+00:00,hyperplanes_n_features20_n_hyperplanes3_dim_hyperplanes5_seed11,4360508611e0e8963c01cd3994e98f0e069bb3b004ae6b18c71eecbf920853d1,2bf856a6c49a9c38010e4b719cd3d58e50f10d0c5c7048ed32accf1d9872633f,A,L2,2.0,h4,35,35.0,29,2,0xedbc28bf50f4bc26,U0-2pi,pennylane,,,,0,val_full,600,val,0.8583333333333333,0.915995126912631,0.8542019845682807,0.8547618985176086,0.935038924217224,0.0029136721252483,0.1848703649485105,92,62,1503.361564399995,unknown,56488e26fdba,0.03,0.001 0.003 0.01 0.03,0.0380555555555555,30,300,1.0,,,False,,
a7_20260822T081428Z,2026-08-22T08:40:47+00:00,hyperplanes_n_features20_n_hyperplanes3_dim_hyperplanes5_seed11,4360508611e0e8963c01cd3994e98f0e069bb3b004ae6b18c71eecbf920853d1,2bf856a6c49a9c38010e4b719cd3d58e50f10d0c5c7048ed32accf1d9872633f,A,L1,2.0,linear,35,35.0,6,7,0xd86bbfc3a6142e24,U0-2pi,pennylane,,,,0,test_full,1200,test,0.825,0.9093517499082506,0.8237762237762238,0.8204761743545532,0.7968360185623169,0.0469337498393638,0.0451578254792688,47,17,770.0694252080139,unknown,56488e26fdba,0.03,0.001 0.003 0.01 0.03,0.0380555555555555,30,300,1.0,,,False,,
a7_20260822T081428Z,2026-08-22T08:40:47+00:00,hyperplanes_n_features20_n_hyperplanes3_dim_hyperplanes5_seed11,4360508611e0e8963c01cd3994e98f0e069bb3b004ae6b18c71eecbf920853d1,2bf856a6c49a9c38010e4b719cd3d58e50f10d0c5c7048ed32accf1d9872633f,A,L1,2.0,linear,35,35.0,6,7,0xd86bbfc3a6142e24,U0-2pi,pennylane,,,,0,val_full,600,val,0.8216666666666667,0.8929261995506924,0.8148655468243098,0.8204761743545532,0.7968360185623169,0.0469337498393638,0.0451578254792688,47,17,770.0694252080139,unknown,56488e26fdba,0.03,0.001 0.003 0.01 0.03,0.0380555555555555,30,300,1.0,,,False,,
a7_20260822T081428Z,2026-08-22T08:40:40+00:00,hyperplanes_n_features20_n_hyperplanes3_dim_hyperplanes5_seed11,4360508611e0e8963c01cd3994e98f0e069bb3b004ae6b18c71eecbf920853d1,2bf856a6c49a9c38010e4b719cd3d58e50f10d0c5c7048ed32accf1d9872633f,B,L1,2.0,linear,35,35.0,6,10,0x7a100d81f77e2599,U0-2pi,pennylane,,,,0,test_full,1200,test,0.71,0.7836219264004272,0.7099194220616838,0.7076190710067749,0.0,0.0721425714226773,0.0608492550579153,300,276,5.470138131000567,unknown,56488e26fdba,0.03,0.001 0.003 0.01 0.03,0.0380555555555555,30,300,1.0,,,True,0.715,1.0
a7_20260822T081428Z,2026-08-22T08:40:40+00:00,hyperplanes_n_features20_n_hyperplanes3_dim_hyperplanes5_seed11,4360508611e0e8963c01cd3994e98f0e069bb3b004ae6b18c71eecbf920853d1,2bf856a6c49a9c38010e4b719cd3d58e50f10d0c5c7048ed32accf1d9872633f,B,L1,2.0,linear,35,35.0,6,10,0x7a100d81f77e2599,U0-2pi,pennylane,,,,0,val_full,600,val,0.7016666666666667,0.7707413575348436,0.7005278405938138,0.7076190710067749,0.0,0.0721425714226773,0.0608492550579153,300,276,5.470138131000567,unknown,56488e26fdba,0.03,0.001 0.003 0.01 0.03,0.0380555555555555,30,300,1.0,,,True,0.7,1.0
a7_20260822T081428Z,2026-08-22T08:40:43+00:00,hyperplanes_n_features20_n_hyperplanes3_dim_hyperplanes5_seed11,4360508611e0e8963c01cd3994e98f0e069bb3b004ae6b18c71eecbf920853d1,2bf856a6c49a9c38010e4b719cd3d58e50f10d0c5c7048ed32accf1d9872633f,B,L1,2.0,h2,35,35.0,15,10,0x7a100d81f77e2599,U0-2pi,pennylane,,,,0,test_full,1200,test,0.6941666666666667,0.7862492910285923,0.6901277835904227,0.688095211982727,0.0,0.0038635774788168,0.274340044519936,104,74,2.5876548170053866,unknown,56488e26fdba,0.03,0.001 0.003 0.01 0.03,0.0380555555555555,30,300,1.0,,,True,0.715,1.0
a7_20260822T081428Z,2026-08-22T08:40:43+00:00,hyperplanes_n_features20_n_hyperplanes3_dim_hyperplanes5_seed11,4360508611e0e8963c01cd3994e98f0e069bb3b004ae6b18c71eecbf920853d1,2bf856a6c49a9c38010e4b719cd3d58e50f10d0c5c7048ed32accf1d9872633f,B,L1,2.0,h2,35,35.0,15,10,0x7a100d81f77e2599,U0-2pi,pennylane,,,,0,val_full,600,val,0.7066666666666667,0.7656000268243341,0.6952767902488572,0.688095211982727,0.0,0.0038635774788168,0.274340044519936,104,74,2.5876548170053866,unknown,56488e26fdba,0.03,0.001 0.003 0.01 0.03,0.0380555555555555,30,300,1.0,,,True,0.7,1.0
a7_20260822T081428Z,2026-08-22T08:40:45+00:00,hyperplanes_n_features20_n_hyperplanes3_dim_hyperplanes5_seed11,4360508611e0e8963c01cd3994e98f0e069bb3b004ae6b18c71eecbf920853d1,2bf856a6c49a9c38010e4b719cd3d58e50f10d0c5c7048ed32accf1d9872633f,B,L1,2.0,h4,35,35.0,29,10,0x7a100d81f77e2599,U0-2pi,pennylane,,,,0,test_full,1200,test,0.6933333333333334,0.785201125457356,0.6895772176671053,0.6895238161087036,0.0,0.0413609876005239,0.1513863693533046,104,74,2.585375887996633,unknown,56488e26fdba,0.03,0.001 0.003 0.01 0.03,0.0380555555555555,30,300,1.0,,,True,0.715,1.0
a7_20260822T081428Z,2026-08-22T08:40:45+00:00,hyperplanes_n_features20_n_hyperplanes3_dim_hyperplanes5_seed11,4360508611e0e8963c01cd3994e98f0e069bb3b004ae6b18c71eecbf920853d1,2bf856a6c49a9c38010e4b719cd3d58e50f10d0c5c7048ed32accf1d9872633f,B,L1,2.0,h4,35,35.0,29,10,0x7a100d81f77e2599,U0-2pi,pennylane,,,,0,val_full,600,val,0.71,0.7644823462350929,0.6991389148251893,0.6895238161087036,0.0,0.0413609876005239,0.1513863693533046,104,74,2.585375887996633,unknown,56488e26fdba,0.03,0.001 0.003 0.01 0.03,0.0380555555555555,30,300,1.0,,,True,0.7,1.0
a7_20260822T081428Z,2026-08-22T08:40:48+00:00,hyperplanes_n_features20_n_hyperplanes3_dim_hyperplanes5_seed11,4360508611e0e8963c01cd3994e98f0e069bb3b004ae6b18c71eecbf920853d1,2bf856a6c49a9c38010e4b719cd3d58e50f10d0c5c7048ed32accf1d9872633f,B,L1,2.0,h42,35,35.0,295,10,0x7a100d81f77e2599,U0-2pi,pennylane,,,,0,test_full,1200,test,0.705,0.802575095363605,0.7036830357142857,0.7123809456825256,0.0,0.0033642439528043,0.0789341387609134,104,74,2.6535468520014547,unknown,56488e26fdba,0.01,0.001 0.003 0.01 0.03,0.0380555555555555,30,300,1.0,,,True,0.715,1.0
a7_20260822T081428Z,2026-08-22T08:40:48+00:00,hyperplanes_n_features20_n_hyperplanes3_dim_hyperplanes5_seed11,4360508611e0e8963c01cd3994e98f0e069bb3b004ae6b18c71eecbf920853d1,2bf856a6c49a9c38010e4b719cd3d58e50f10d0c5c7048ed32accf1d9872633f,B,L1,2.0,h42,35,35.0,295,10,0x7a100d81f77e2599,U0-2pi,pennylane,,,,0,val_full,600,val,0.72,0.7799622223960836,0.7141268958945446,0.7123809456825256,0.0,0.0033642439528043,0.0789341387609134,104,74,2.6535468520014547,unknown,56488e26fdba,0.01,0.001 0.003 0.01 0.03,0.0380555555555555,30,300,1.0,,,True,0.7,1.0
a7_20260822T081428Z,2026-08-22T08:41:11+00:00,hyperplanes_n_features20_n_hyperplanes3_dim_hyperplanes5_seed11,4360508611e0e8963c01cd3994e98f0e069bb3b004ae6b18c71eecbf920853d1,2bf856a6c49a9c38010e4b719cd3d58e50f10d0c5c7048ed32accf1d9872633f,F,product,2.0,linear,35,20.0,6,7,0x9bb488a3f99e440c,U0-2pi,pennylane,,,,0,test_full,1200,test,0.82,0.9053703889055704,0.8187412587412587,0.8102381229400635,0.7928059101104736,0.0333203924285176,0.0244460335453851,47,17,681.6740634450107,unknown,56488e26fdba,0.03,0.001 0.003 0.01 0.03,0.0380555555555555,30,300,1.0,,,False,,
a7_20260822T081428Z,2026-08-22T08:41:11+00:00,hyperplanes_n_features20_n_hyperplanes3_dim_hyperplanes5_seed11,4360508611e0e8963c01cd3994e98f0e069bb3b004ae6b18c71eecbf920853d1,2bf856a6c49a9c38010e4b719cd3d58e50f10d0c5c7048ed32accf1d9872633f,F,product,2.0,linear,35,20.0,6,7,0x9bb488a3f99e440c,U0-2pi,pennylane,,,,0,val_full,600,val,0.81,0.8883660627465881,0.8028841166096068,0.8102381229400635,0.7928059101104736,0.0333203924285176,0.0244460335453851,47,17,681.6740634450107,unknown,56488e26fdba,0.03,0.001 0.003 0.01 0.03,0.0380555555555555,30,300,1.0,,,False,,
a7_20260822T081428Z,2026-08-22T08:41:17+00:00,hyperplanes_n_features20_n_hyperplanes3_dim_hyperplanes5_seed11,4360508611e0e8963c01cd3994e98f0e069bb3b004ae6b18c71eecbf920853d1,2bf856a6c49a9c38010e4b719cd3d58e50f10d0c5c7048ed32accf1d9872633f,A,L1,2.0,linear,35,35.0,6,8,0xe2c241f58beaa0b8,U0-2pi,pennylane,,,,0,test_full,1200,test,0.82,0.8981750241884363,0.8184746831010574,0.8180952668190002,1.1296944618225098,0.0636724334314434,0.1672171752377384,38,8,616.8066380829987,unknown,56488e26fdba,0.03,0.001 0.003 0.01 0.03,0.0380555555555555,30,300,1.0,,,False,,
a7_20260822T081428Z,2026-08-22T08:41:17+00:00,hyperplanes_n_features20_n_hyperplanes3_dim_hyperplanes5_seed11,4360508611e0e8963c01cd3994e98f0e069bb3b004ae6b18c71eecbf920853d1,2bf856a6c49a9c38010e4b719cd3d58e50f10d0c5c7048ed32accf1d9872633f,A,L1,2.0,linear,35,35.0,6,8,0xe2c241f58beaa0b8,U0-2pi,pennylane,,,,0,val_full,600,val,0.815,0.8818611617172044,0.8081968487836628,0.8180952668190002,1.1296944618225098,0.0636724334314434,0.1672171752377384,38,8,616.8066380829987,unknown,56488e26fdba,0.03,0.001 0.003 0.01 0.03,0.0380555555555555,30,300,1.0,,,False,,
a7_20260822T081428Z,2026-08-22T08:41:29+00:00,hyperplanes_n_features20_n_hyperplanes3_dim_hyperplanes5_seed11,4360508611e0e8963c01cd3994e98f0e069bb3b004ae6b18c71eecbf920853d1,2bf856a6c49a9c38010e4b719cd3d58e50f10d0c5c7048ed32accf1d9872633f,A,L1,2.0,h2,35,35.0,15,7,0xd86bbfc3a6142e24,U0-2pi,pennylane,,,,0,test_full,1200,test,0.8258333333333333,0.9124489818614532,0.8242751173426026,0.8273809552192688,0.9650882482528688,0.0385217253787927,0.1146538841588179,50,20,812.5735082210012,unknown,56488e26fdba,0.03,0.001 0.003 0.01 0.03,0.0380555555555555,30,300,1.0,,,False,,
a7_20260822T081428Z,2026-08-22T08:41:29+00:00,hyperplanes_n_features20_n_hyperplanes3_dim_hyperplanes5_seed11,4360508611e0e8963c01cd3994e98f0e069bb3b004ae6b18c71eecbf920853d1,2bf856a6c49a9c38010e4b719cd3d58e50f10d0c5c7048ed32accf1d9872633f,A,L1,2.0,h2,35,35.0,15,7,0xd86bbfc3a6142e24,U0-2pi,pennylane,,,,0,val_full,600,val,0.8183333333333334,0.8967039599423277,0.8111524034754888,0.8273809552192688,0.9650882482528688,0.0385217253787927,0.1146538841588179,50,20,812.5735082210012,unknown,56488e26fdba,0.03,0.001 0.003 0.01 0.03,0.0380555555555555,30,300,1.0,,,False,,
a7_20260822T081428Z,2026-08-22T08:41:43+00:00,hyperplanes_n_features20_n_hyperplanes3_dim_hyperplanes5_seed11,4360508611e0e8963c01cd3994e98f0e069bb3b004ae6b18c71eecbf920853d1,2bf856a6c49a9c38010e4b719cd3d58e50f10d0c5c7048ed32accf1d9872633f,A,L2,2.0,linear,35,35.0,6,7,0x93234eaab96b5658,U0-2pi,pennylane,,,,0,test_full,1200,test,0.8308333333333333,0.9082424181763586,0.8292097586010344,0.8271428346633911,0.7445524334907532,0.0238345169302966,0.0308192646103095,47,17,761.187116689005,unknown,56488e26fdba,0.03,0.001 0.003 0.01 0.03,0.0380555555555555,30,300,1.0,,,False,,
a7_20260822T081428Z,2026-08-22T08:41:43+00:00,hyperplanes_n_features20_n_hyperplanes3_dim_hyperplanes5_seed11,4360508611e0e8963c01cd3994e98f0e069bb3b004ae6b18c71eecbf920853d1,2bf856a6c49a9c38010e4b719cd3d58e50f10d0c5c7048ed32accf1d9872633f,A,L2,2.0,linear,35,35.0,6,7,0x93234eaab96b5658,U0-2pi,pennylane,,,,0,val_full,600,val,0.825,0.8881201730169552,0.817834310184797,0.8271428346633911,0.7445524334907532,0.0238345169302966,0.0308192646103095,47,17,761.187116689005,unknown,56488e26fdba,0.03,0.001 0.003 0.01 0.03,0.0380555555555555,30,300,1.0,,,False,,
a7_20260822T081428Z,2026-08-22T08:41:45+00:00,hyperplanes_n_features20_n_hyperplanes3_dim_hyperplanes5_seed11,4360508611e0e8963c01cd3994e98f0e069bb3b004ae6b18c71eecbf920853d1,2bf856a6c49a9c38010e4b719cd3d58e50f10d0c5c7048ed32accf1d9872633f,B,L2,2.0,linear,35,35.0,6,10,0xca03f308d3264644,U0-2pi,pennylane,,,,0,test_full,1200,test,0.7491666666666666,0.8186117505755179,0.7489279738862848,0.7507143020629883,0.0,0.0100903739877562,0.0100745037765502,91,61,1.6491450460016497,unknown,56488e26fdba,0.03,0.001 0.003 0.01 0.03,0.0380555555555555,30,300,1.0,,,True,0.7333333333333333,1e-06
a7_20260822T081428Z,2026-08-22T08:41:45+00:00,hyperplanes_n_features20_n_hyperplanes3_dim_hyperplanes5_seed11,4360508611e0e8963c01cd3994e98f0e069bb3b004ae6b18c71eecbf920853d1,2bf856a6c49a9c38010e4b719cd3d58e50f10d0c5c7048ed32accf1d9872633f,B,L2,2.0,linear,35,35.0,6,10,0xca03f308d3264644,U0-2pi,pennylane,,,,0,val_full,600,val,0.7416666666666667,0.8062947770786065,0.7379979096177305,0.7507143020629883,0.0,0.0100903739877562,0.0100745037765502,91,61,1.6491450460016497,unknown,56488e26fdba,0.03,0.001 0.003 0.01 0.03,0.0380555555555555,30,300,1.0,,,True,0.735,1e-06
a7_20260822T081428Z,2026-08-22T08:41:47+00:00,hyperplanes_n_features20_n_hyperplanes3_dim_hyperplanes5_seed11,4360508611e0e8963c01cd3994e98f0e069bb3b004ae6b18c71eecbf920853d1,2bf856a6c49a9c38010e4b719cd3d58e50f10d0c5c7048ed32accf1d9872633f,B,L2,2.0,h2,35,35.0,15,10,0xca03f308d3264644,U0-2pi,pennylane,,,,0,test_full,1200,test,0.745,0.8207859295588251,0.744078683259735,0.7507143020629883,0.0,0.0077037460566874,0.0891745640811453,75,45,1.8505183399975067,unknown,56488e26fdba,0.03,0.001 0.003 0.01 0.03,0.0380555555555555,30,300,1.0,,,True,0.7333333333333333,1e-06
a7_20260822T081428Z,2026-08-22T08:41:47+00:00,hyperplanes_n_features20_n_hyperplanes3_dim_hyperplanes5_seed11,4360508611e0e8963c01cd3994e98f0e069bb3b004ae6b18c71eecbf920853d1,2bf856a6c49a9c38010e4b719cd3d58e50f10d0c5c7048ed32accf1d9872633f,B,L2,2.0,h2,35,35.0,15,10,0xca03f308d3264644,U0-2pi,pennylane,,,,0,val_full,600,val,0.7416666666666667,0.8069989158498285,0.7363758769754093,0.7507143020629883,0.0,0.0077037460566874,0.0891745640811453,75,45,1.8505183399975067,unknown,56488e26fdba,0.03,0.001 0.003 0.01 0.03,0.0380555555555555,30,300,1.0,,,True,0.735,1e-06
a7_20260822T081428Z,2026-08-22T08:41:48+00:00,hyperplanes_n_features20_n_hyperplanes3_dim_hyperplanes5_seed11,4360508611e0e8963c01cd3994e98f0e069bb3b004ae6b18c71eecbf920853d1,2bf856a6c49a9c38010e4b719cd3d58e50f10d0c5c7048ed32accf1d9872633f,B,L2,2.0,h4,35,35.0,29,10,0xca03f308d3264644,U0-2pi,pennylane,,,,0,test_full,1200,test,0.7941666666666667,0.878372479676153,0.7941653802002928,0.8002380728721619,0.0,0.0317349878039206,0.0834196333868705,48,18,1.193905938998796,unknown,56488e26fdba,0.03,0.001 0.003 0.01 0.03,0.0380555555555555,30,300,1.0,,,True,0.7333333333333333,1e-06
a7_20260822T081428Z,2026-08-22T08:41:48+00:00,hyperplanes_n_features20_n_hyperplanes3_dim_hyperplanes5_seed11,4360508611e0e8963c01cd3994e98f0e069bb3b004ae6b18c71eecbf920853d1,2bf856a6c49a9c38010e4b719cd3d58e50f10d0c5c7048ed32accf1d9872633f,B,L2,2.0,h4,35,35.0,29,10,0xca03f308d3264644,U0-2pi,pennylane,,,,0,val_full,600,val,0.8033333333333333,0.8566462876239228,0.8006195437904815,0.8002380728721619,0.0,0.0317349878039206,0.0834196333868705,48,18,1.193905938998796,unknown,56488e26fdba,0.03,0.001 0.003 0.01 0.03,0.0380555555555555,30,300,1.0,,,True,0.735,1e-06
a7_20260822T081428Z,2026-08-22T08:41:51+00:00,hyperplanes_n_features20_n_hyperplanes3_dim_hyperplanes5_seed11,4360508611e0e8963c01cd3994e98f0e069bb3b004ae6b18c71eecbf920853d1,2bf856a6c49a9c38010e4b719cd3d58e50f10d0c5c7048ed32accf1d9872633f,B,L2,2.0,h42,35,35.0,295,10,0xca03f308d3264644,U0-2pi,pennylane,,,,0,test_full,1200,test,0.81,0.8905431555066226,0.809995249881247,0.8171428442001343,0.0,0.0027521166291851,0.0340638270856982,101,71,2.573038087997702,unknown,56488e26fdba,0.01,0.001 0.003 0.01 0.03,0.0380555555555555,30,300,1.0,,,True,0.7333333333333333,1e-06
a7_20260822T081428Z,2026-08-22T08:41:51+00:00,hyperplanes_n_features20_n_hyperplanes3_dim_hyperplanes5_seed11,4360508611e0e8963c01cd3994e98f0e069bb3b004ae6b18c71eecbf920853d1,2bf856a6c49a9c38010e4b719cd3d58e50f10d0c5c7048ed32accf1d9872633f,B,L2,2.0,h42,35,35.0,295,10,0xca03f308d3264644,U0-2pi,pennylane,,,,0,val_full,600,val,0.8133333333333334,0.8682254585284619,0.8110470020582381,0.8171428442001343,0.0,0.0027521166291851,0.0340638270856982,101,71,2.573038087997702,unknown,56488e26fdba,0.01,0.001 0.003 0.01 0.03,0.0380555555555555,30,300,1.0,,,True,0.735,1e-06
a7_20260822T081428Z,2026-08-22T08:42:09+00:00,hyperplanes_n_features20_n_hyperplanes3_dim_hyperplanes5_seed11,4360508611e0e8963c01cd3994e98f0e069bb3b004ae6b18c71eecbf920853d1,2bf856a6c49a9c38010e4b719cd3d58e50f10d0c5c7048ed32accf1d9872633f,F,product,2.0,h2,35,20.0,15,8,0x4d0090b0ff939975,U0-2pi,pennylane,,,,0,test_full,1200,test,0.8133333333333334,0.9084175758182363,0.8123696429718191,0.8092857003211975,0.6393972635269165,0.0024523931167251,0.1766915038908067,38,8,555.21855576901,unknown,56488e26fdba,0.03,0.001 0.003 0.01 0.03,0.0380555555555555,30,300,1.0,,,False,,
a7_20260822T081428Z,2026-08-22T08:42:09+00:00,hyperplanes_n_features20_n_hyperplanes3_dim_hyperplanes5_seed11,4360508611e0e8963c01cd3994e98f0e069bb3b004ae6b18c71eecbf920853d1,2bf856a6c49a9c38010e4b719cd3d58e50f10d0c5c7048ed32accf1d9872633f,F,product,2.0,h2,35,20.0,15,8,0x4d0090b0ff939975,U0-2pi,pennylane,,,,0,val_full,600,val,0.8116666666666666,0.8935073934570977,0.8052390130960965,0.8092857003211975,0.6393972635269165,0.0024523931167251,0.1766915038908067,38,8,555.21855576901,unknown,56488e26fdba,0.03,0.001 0.003 0.01 0.03,0.0380555555555555,30,300,1.0,,,False,,
a7_20260822T081428Z,2026-08-22T08:42:14+00:00,hyperplanes_n_features20_n_hyperplanes3_dim_hyperplanes5_seed11,4360508611e0e8963c01cd3994e98f0e069bb3b004ae6b18c71eecbf920853d1,2bf856a6c49a9c38010e4b719cd3d58e50f10d0c5c7048ed32accf1d9872633f,F,product,2.0,h42,35,20.0,295,5,0x47580f2ad4dd122e,U0-2pi,pennylane,,,,0,test_full,1200,test,0.965,0.995929670036366,0.9649809340641016,0.9773809313774108,0.6399304270744324,0.0047712149540679,0.0535351271457474,110,80,1579.2037249870043,unknown,56488e26fdba,0.01,0.001 0.003 0.01 0.03,0.0380555555555555,30,300,1.0,,,False,,
a7_20260822T081428Z,2026-08-22T08:42:14+00:00,hyperplanes_n_features20_n_hyperplanes3_dim_hyperplanes5_seed11,4360508611e0e8963c01cd3994e98f0e069bb3b004ae6b18c71eecbf920853d1,2bf856a6c49a9c38010e4b719cd3d58e50f10d0c5c7048ed32accf1d9872633f,F,product,2.0,h42,35,20.0,295,5,0x47580f2ad4dd122e,U0-2pi,pennylane,,,,0,val_full,600,val,0.9666666666666668,0.9924444792167294,0.966394461807306,0.9773809313774108,0.6399304270744324,0.0047712149540679,0.0535351271457474,110,80,1579.2037249870043,unknown,56488e26fdba,0.01,0.001 0.003 0.01 0.03,0.0380555555555555,30,300,1.0,,,False,,
a7_20260822T081428Z,2026-08-22T08:42:22+00:00,hyperplanes_n_features20_n_hyperplanes3_dim_hyperplanes5_seed11,4360508611e0e8963c01cd3994e98f0e069bb3b004ae6b18c71eecbf920853d1,2bf856a6c49a9c38010e4b719cd3d58e50f10d0c5c7048ed32accf1d9872633f,F,product,2.0,h4,35,20.0,29,8,0x4d0090b0ff939975,U0-2pi,pennylane,,,,0,test_full,1200,test,0.8166666666666667,0.9092711217873866,0.8158065857518022,0.8102381229400635,0.6073778867721558,0.032373603930902,0.153114264199908,38,8,566.0693466560042,unknown,56488e26fdba,0.03,0.001 0.003 0.01 0.03,0.0380555555555555,30,300,1.0,,,False,,
a7_20260822T081428Z,2026-08-22T08:42:22+00:00,hyperplanes_n_features20_n_hyperplanes3_dim_hyperplanes5_seed11,4360508611e0e8963c01cd3994e98f0e069bb3b004ae6b18c71eecbf920853d1,2bf856a6c49a9c38010e4b719cd3d58e50f10d0c5c7048ed32accf1d9872633f,F,product,2.0,h4,35,20.0,29,8,0x4d0090b0ff939975,U0-2pi,pennylane,,,,0,val_full,600,val,0.81,0.8912161482491534,0.8038788407060362,0.8102381229400635,0.6073778867721558,0.032373603930902,0.153114264199908,38,8,566.0693466560042,unknown,56488e26fdba,0.03,0.001 0.003 0.01 0.03,0.0380555555555555,30,300,1.0,,,False,,
a7_20260822T081428Z,2026-08-22T08:42:23+00:00,hyperplanes_n_features20_n_hyperplanes3_dim_hyperplanes5_seed11,4360508611e0e8963c01cd3994e98f0e069bb3b004ae6b18c71eecbf920853d1,2bf856a6c49a9c38010e4b719cd3d58e50f10d0c5c7048ed32accf1d9872633f,E,,,linear,0,,6,10,,,pennylane,,,,0,test_full,1200,test,0.7783333333333333,0.8829641121453753,0.7782125824059766,0.7683333158493042,0.0,0.0364510360011018,0.0290382358927906,33,3,0.601781781995669,unknown,56488e26fdba,0.1,0.001 0.003 0.01 0.03 0.1,0.0380555555555555,30,300,1.0,,,True,0.7516666666666667,1e-06
a7_20260822T081428Z,2026-08-22T08:42:23+00:00,hyperplanes_n_features20_n_hyperplanes3_dim_hyperplanes5_seed11,4360508611e0e8963c01cd3994e98f0e069bb3b004ae6b18c71eecbf920853d1,2bf856a6c49a9c38010e4b719cd3d58e50f10d0c5c7048ed32accf1d9872633f,E,,,linear,0,,6,10,,,pennylane,,,,0,val_full,600,val,0.7583333333333333,0.8626370555822557,0.7547022451793353,0.7683333158493042,0.0,0.0364510360011018,0.0290382358927906,33,3,0.601781781995669,unknown,56488e26fdba,0.1,0.001 0.003 0.01 0.03 0.1,0.0380555555555555,30,300,1.0,,,True,0.7383333333333333,1e-06
a7_20260822T081428Z,2026-08-22T08:42:24+00:00,hyperplanes_n_features20_n_hyperplanes3_dim_hyperplanes5_seed11,4360508611e0e8963c01cd3994e98f0e069bb3b004ae6b18c71eecbf920853d1,2bf856a6c49a9c38010e4b719cd3d58e50f10d0c5c7048ed32accf1d9872633f,E,,,h2,0,,15,10,,,pennylane,,,,0,test_full,1200,test,0.7958333333333333,0.8822968449382222,0.7942581220805123,0.7969047427177429,0.0,0.0095419477375452,0.0172541021837803,47,17,1.1749160429899348,unknown,56488e26fdba,0.1,0.001 0.003 0.01 0.03 0.1,0.0380555555555555,30,300,1.0,,,True,0.7516666666666667,1e-06
a7_20260822T081428Z,2026-08-22T08:42:24+00:00,hyperplanes_n_features20_n_hyperplanes3_dim_hyperplanes5_seed11,4360508611e0e8963c01cd3994e98f0e069bb3b004ae6b18c71eecbf920853d1,2bf856a6c49a9c38010e4b719cd3d58e50f10d0c5c7048ed32accf1d9872633f,E,,,h2,0,,15,10,,,pennylane,,,,0,val_full,600,val,0.7816666666666666,0.8616423198578311,0.774494980648456,0.7969047427177429,0.0,0.0095419477375452,0.0172541021837803,47,17,1.1749160429899348,unknown,56488e26fdba,0.1,0.001 0.003 0.01 0.03 0.1,0.0380555555555555,30,300,1.0,,,True,0.7383333333333333,1e-06
a7_20260822T081428Z,2026-08-22T08:42:26+00:00,hyperplanes_n_features20_n_hyperplanes3_dim_hyperplanes5_seed11,4360508611e0e8963c01cd3994e98f0e069bb3b004ae6b18c71eecbf920853d1,2bf856a6c49a9c38010e4b719cd3d58e50f10d0c5c7048ed32accf1d9872633f,E,,,h4,0,,29,10,,,pennylane,,,,0,test_full,1200,test,0.8291666666666667,0.9196930014791092,0.8291570567511088,0.8342857360839844,0.0,0.0263423828124565,0.0324838033975317,90,60,2.254980042009265,unknown,56488e26fdba,0.1,0.001 0.003 0.01 0.03 0.1,0.0380555555555555,30,300,1.0,,,True,0.7516666666666667,1e-06
a7_20260822T081428Z,2026-08-22T08:42:26+00:00,hyperplanes_n_features20_n_hyperplanes3_dim_hyperplanes5_seed11,4360508611e0e8963c01cd3994e98f0e069bb3b004ae6b18c71eecbf920853d1,2bf856a6c49a9c38010e4b719cd3d58e50f10d0c5c7048ed32accf1d9872633f,E,,,h4,0,,29,10,,,pennylane,,,,0,val_full,600,val,0.8316666666666667,0.8985928401381453,0.8285418417322367,0.8342857360839844,0.0,0.0263423828124565,0.0324838033975317,90,60,2.254980042009265,unknown,56488e26fdba,0.1,0.001 0.003 0.01 0.03 0.1,0.0380555555555555,30,300,1.0,,,True,0.7383333333333333,1e-06
a7_20260822T081428Z,2026-08-22T08:42:28+00:00,hyperplanes_n_features20_n_hyperplanes3_dim_hyperplanes5_seed11,4360508611e0e8963c01cd3994e98f0e069bb3b004ae6b18c71eecbf920853d1,2bf856a6c49a9c38010e4b719cd3d58e50f10d0c5c7048ed32accf1d9872633f,E,,,h42,0,,295,10,,,pennylane,,,,0,test_full,1200,test,0.9741666666666666,0.9964801654822674,0.9741515704658068,0.9833333492279052,0.0,0.0063986435017585,0.0138615282264358,59,29,1.4954306430008728,unknown,56488e26fdba,0.03,0.001 0.003 0.01 0.03 0.1,0.0380555555555555,30,300,1.0,,,True,0.7516666666666667,1e-06
a7_20260822T081428Z,2026-08-22T08:42:28+00:00,hyperplanes_n_features20_n_hyperplanes3_dim_hyperplanes5_seed11,4360508611e0e8963c01cd3994e98f0e069bb3b004ae6b18c71eecbf920853d1,2bf856a6c49a9c38010e4b719cd3d58e50f10d0c5c7048ed32accf1d9872633f,E,,,h42,0,,295,10,,,pennylane,,,,0,val_full,600,val,0.9766666666666668,0.9952722111075096,0.9765034965034964,0.9833333492279052,0.0,0.0063986435017585,0.0138615282264358,59,29,1.4954306430008728,unknown,56488e26fdba,0.03,0.001 0.003 0.01 0.03 0.1,0.0380555555555555,30,300,1.0,,,True,0.7383333333333333,1e-06
a7_20260822T081428Z,2026-08-22T08:42:28+00:00,hyperplanes_n_features20_n_hyperplanes3_dim_hyperplanes5_seed11,4360508611e0e8963c01cd3994e98f0e069bb3b004ae6b18c71eecbf920853d1,2bf856a6c49a9c38010e4b719cd3d58e50f10d0c5c7048ed32accf1d9872633f,D_matched,,2.0,linear,30,,6,10,0x77c729a7070b916f,RFF-int-spectrum-U0-2pi,pennylane,,,,0,test_full,1200,test,0.7075,0.7672710995451462,0.7062906927202348,0.7023809552192688,0.0,0.0802569070287367,0.0557879469205798,37,7,0.6721828720037593,unknown,56488e26fdba,0.03,0.001 0.003 0.01 0.03,0.0380555555555555,30,300,1.0,,0x77c729a7070b916f,True,0.7075,1e-06
a7_20260822T081428Z,2026-08-22T08:42:28+00:00,hyperplanes_n_features20_n_hyperplanes3_dim_hyperplanes5_seed11,4360508611e0e8963c01cd3994e98f0e069bb3b004ae6b18c71eecbf920853d1,2bf856a6c49a9c38010e4b719cd3d58e50f10d0c5c7048ed32accf1d9872633f,D_matched,,2.0,linear,30,,6,10,0x77c729a7070b916f,RFF-int-spectrum-U0-2pi,pennylane,,,,0,val_full,600,val,0.71,0.7451129416235429,0.705762987012987,0.7023809552192688,0.0,0.0802569070287367,0.0557879469205798,37,7,0.6721828720037593,unknown,56488e26fdba,0.03,0.001 0.003 0.01 0.03,0.0380555555555555,30,300,1.0,,0x77c729a7070b916f,True,0.6783333333333333,1e-06
a7_20260822T081428Z,2026-08-22T08:42:30+00:00,hyperplanes_n_features20_n_hyperplanes3_dim_hyperplanes5_seed11,4360508611e0e8963c01cd3994e98f0e069bb3b004ae6b18c71eecbf920853d1,2bf856a6c49a9c38010e4b719cd3d58e50f10d0c5c7048ed32accf1d9872633f,D_matched,,2.0,h2,30,,15,10,0x77c729a7070b916f,RFF-int-spectrum-U0-2pi,pennylane,,,,0,test_full,1200,test,0.7083333333333334,0.7713108464284523,0.7066088453241832,0.7095237970352173,0.0,0.0092578227587679,0.0851400697571829,43,13,1.0655450510093942,unknown,56488e26fdba,0.03,0.001 0.003 0.01 0.03,0.0380555555555555,30,300,1.0,,0x77c729a7070b916f,True,0.7075,1e-06
a7_20260822T081428Z,2026-08-22T08:42:30+00:00,hyperplanes_n_features20_n_hyperplanes3_dim_hyperplanes5_seed11,4360508611e0e8963c01cd3994e98f0e069bb3b004ae6b18c71eecbf920853d1,2bf856a6c49a9c38010e4b719cd3d58e50f10d0c5c7048ed32accf1d9872633f,D_matched,,2.0,h2,30,,15,10,0x77c729a7070b916f,RFF-int-spectrum-U0-2pi,pennylane,,,,0,val_full,600,val,0.7283333333333334,0.7598272065809033,0.7232902990332137,0.7095237970352173,0.0,0.0092578227587679,0.0851400697571829,43,13,1.0655450510093942,unknown,56488e26fdba,0.03,0.001 0.003 0.01 0.03,0.0380555555555555,30,300,1.0,,0x77c729a7070b916f,True,0.6783333333333333,1e-06
a7_20260822T081428Z,2026-08-22T08:42:32+00:00,hyperplanes_n_features20_n_hyperplanes3_dim_hyperplanes5_seed11,4360508611e0e8963c01cd3994e98f0e069bb3b004ae6b18c71eecbf920853d1,2bf856a6c49a9c38010e4b719cd3d58e50f10d0c5c7048ed32accf1d9872633f,D_matched,,2.0,h4,30,,29,10,0x77c729a7070b916f,RFF-int-spectrum-U0-2pi,pennylane,,,,0,test_full,1200,test,0.7225,0.80563618367642,0.7206748819194305,0.7338095307350159,0.0,0.0409523831841465,0.0277100213116969,91,61,2.261683320000884,unknown,56488e26fdba,0.03,0.001 0.003 0.01 0.03,0.0380555555555555,30,300,1.0,,0x77c729a7070b916f,True,0.7075,1e-06
a7_20260822T081428Z,2026-08-22T08:42:32+00:00,hyperplanes_n_features20_n_hyperplanes3_dim_hyperplanes5_seed11,4360508611e0e8963c01cd3994e98f0e069bb3b004ae6b18c71eecbf920853d1,2bf856a6c49a9c38010e4b719cd3d58e50f10d0c5c7048ed32accf1d9872633f,D_matched,,2.0,h4,30,,29,10,0x77c729a7070b916f,RFF-int-spectrum-U0-2pi,pennylane,,,,0,val_full,600,val,0.7333333333333333,0.7860759352192331,0.7274709302325582,0.7338095307350159,0.0,0.0409523831841465,0.0277100213116969,91,61,2.261683320000884,unknown,56488e26fdba,0.03,0.001 0.003 0.01 0.03,0.0380555555555555,30,300,1.0,,0x77c729a7070b916f,True,0.6783333333333333,1e-06
a7_20260822T081428Z,2026-08-22T08:42:36+00:00,hyperplanes_n_features20_n_hyperplanes3_dim_hyperplanes5_seed11,4360508611e0e8963c01cd3994e98f0e069bb3b004ae6b18c71eecbf920853d1,2bf856a6c49a9c38010e4b719cd3d58e50f10d0c5c7048ed32accf1d9872633f,D_matched,,2.0,h42,30,,295,10,0x77c729a7070b916f,RFF-int-spectrum-U0-2pi,pennylane,,,,0,test_full,1200,test,0.7425,0.836127514763287,0.7414353961554205,0.7597619295120239,0.0,0.0113610911966961,0.0372857285623207,157,127,4.020522981998511,unknown,56488e26fdba,0.01,0.001 0.003 0.01 0.03,0.0380555555555555,30,300,1.0,,0x77c729a7070b916f,True,0.7075,1e-06
a7_20260822T081428Z,2026-08-22T08:42:36+00:00,hyperplanes_n_features20_n_hyperplanes3_dim_hyperplanes5_seed11,4360508611e0e8963c01cd3994e98f0e069bb3b004ae6b18c71eecbf920853d1,2bf856a6c49a9c38010e4b719cd3d58e50f10d0c5c7048ed32accf1d9872633f,D_matched,,2.0,h42,30,,295,10,0x77c729a7070b916f,RFF-int-spectrum-U0-2pi,pennylane,,,,0,val_full,600,val,0.765,0.8158844765342961,0.7584230680270361,0.7597619295120239,0.0,0.0113610911966961,0.0372857285623207,157,127,4.020522981998511,unknown,56488e26fdba,0.01,0.001 0.003 0.01 0.03,0.0380555555555555,30,300,1.0,,0x77c729a7070b916f,True,0.6783333333333333,1e-06
a7_20260822T081428Z,2026-08-22T08:42:37+00:00,hyperplanes_n_features20_n_hyperplanes3_dim_hyperplanes5_seed11,4360508611e0e8963c01cd3994e98f0e069bb3b004ae6b18c71eecbf920853d1,2bf856a6c49a9c38010e4b719cd3d58e50f10d0c5c7048ed32accf1d9872633f,D_best,,2.0,linear,192,,33,10,0x63746545ed6e9f8f,RFF-int-spectrum-U0-2pi,pennylane,,,,0,test_full,1200,test,0.8116666666666666,0.9087984741823196,0.8111625756533413,0.8185714483261108,0.0,0.0929751965978707,0.0352580658934623,57,27,1.0645287009974709,unknown,56488e26fdba,0.03,0.001 0.003 0.01 0.03,0.0380555555555555,30,300,1.0,32.0,0x63746545ed6e9f8f,True,0.7925,1e-06
a7_20260822T081428Z,2026-08-22T08:42:37+00:00,hyperplanes_n_features20_n_hyperplanes3_dim_hyperplanes5_seed11,4360508611e0e8963c01cd3994e98f0e069bb3b004ae6b18c71eecbf920853d1,2bf856a6c49a9c38010e4b719cd3d58e50f10d0c5c7048ed32accf1d9872633f,D_best,,2.0,linear,192,,33,10,0x63746545ed6e9f8f,RFF-int-spectrum-U0-2pi,pennylane,,,,0,val_full,600,val,0.8,0.8934626862335282,0.7935566744274065,0.8185714483261108,0.0,0.0929751965978707,0.0352580658934623,57,27,1.0645287009974709,unknown,56488e26fdba,0.03,0.001 0.003 0.01 0.03,0.0380555555555555,30,300,1.0,32.0,0x63746545ed6e9f8f,True,0.7783333333333333,1e-06
a7_20260822T081428Z,2026-08-22T08:42:38+00:00,hyperplanes_n_features20_n_hyperplanes3_dim_hyperplanes5_seed11,4360508611e0e8963c01cd3994e98f0e069bb3b004ae6b18c71eecbf920853d1,2bf856a6c49a9c38010e4b719cd3d58e50f10d0c5c7048ed32accf1d9872633f,D_best,,2.0,linear,768,,129,10,0xa0ee54381686f9dd,RFF-int-spectrum-U0-2pi,pennylane,,,,0,test_full,1200,test,0.8325,0.9211790611550394,0.8304168356990841,0.829285740852356,0.0,0.1040198878914325,0.0528279789107038,62,32,1.2146467640122864,unknown,56488e26fdba,0.03,0.001 0.003 0.01 0.03,0.0380555555555555,30,300,1.0,128.0,0xa0ee54381686f9dd,True,0.805,0.01
a7_20260822T081428Z,2026-08-22T08:42:38+00:00,hyperplanes_n_features20_n_hyperplanes3_dim_hyperplanes5_seed11,4360508611e0e8963c01cd3994e98f0e069bb3b004ae6b18c71eecbf920853d1,2bf856a6c49a9c38010e4b719cd3d58e50f10d0c5c7048ed32accf1d9872633f,D_best,,2.0,linear,768,,129,10,0xa0ee54381686f9dd,RFF-int-spectrum-U0-2pi,pennylane,,,,0,val_full,600,val,0.83,0.895083323087928,0.8210756510858253,0.829285740852356,0.0,0.1040198878914325,0.0528279789107038,62,32,1.2146467640122864,unknown,56488e26fdba,0.03,0.001 0.003 0.01 0.03,0.0380555555555555,30,300,1.0,128.0,0xa0ee54381686f9dd,True,0.7983333333333333,0.01
a7_20260822T081428Z,2026-08-22T08:42:39+00:00,hyperplanes_n_features20_n_hyperplanes3_dim_hyperplanes5_seed11,4360508611e0e8963c01cd3994e98f0e069bb3b004ae6b18c71eecbf920853d1,2bf856a6c49a9c38010e4b719cd3d58e50f10d0c5c7048ed32accf1d9872633f,D_best,,2.0,linear,3072,,513,10,0x832fc3cb5ed00a34,RFF-int-spectrum-U0-2pi,pennylane,,,,0,test_full,1200,test,0.8208333333333333,0.916277427462494,0.8203991732792952,0.8214285969734192,0.0,0.064315225145448,0.052452924369044,39,9,0.9841589200077578,unknown,56488e26fdba,0.01,0.001 0.003 0.01 0.03,0.0380555555555555,30,300,1.0,512.0,0x832fc3cb5ed00a34,True,0.8191666666666667,1e-06
a7_20260822T081428Z,2026-08-22T08:42:39+00:00,hyperplanes_n_features20_n_hyperplanes3_dim_hyperplanes5_seed11,4360508611e0e8963c01cd3994e98f0e069bb3b004ae6b18c71eecbf920853d1,2bf856a6c49a9c38010e4b719cd3d58e50f10d0c5c7048ed32accf1d9872633f,D_best,,2.0,linear,3072,,513,10,0x832fc3cb5ed00a34,RFF-int-spectrum-U0-2pi,pennylane,,,,0,val_full,600,val,0.8233333333333334,0.8919985246616222,0.8184910786652815,0.8214285969734192,0.0,0.064315225145448,0.052452924369044,39,9,0.9841589200077578,unknown,56488e26fdba,0.01,0.001 0.003 0.01 0.03,0.0380555555555555,30,300,1.0,512.0,0x832fc3cb5ed00a34,True,0.8166666666666667,1e-06
a7_20260822T081428Z,2026-08-22T08:42:45+00:00,hyperplanes_n_features20_n_hyperplanes3_dim_hyperplanes5_seed11,4360508611e0e8963c01cd3994e98f0e069bb3b004ae6b18c71eecbf920853d1,2bf856a6c49a9c38010e4b719cd3d58e50f10d0c5c7048ed32accf1d9872633f,F,product,2.0,h2,35,20.0,15,7,0x9bb488a3f99e440c,U0-2pi,pennylane,,,,0,test_full,1200,test,0.485,0.5,0.3265993265993266,0.4988095164299011,0.0,0.0384816529445421,0.0054258546062149,53,23,767.9676758919959,unknown,56488e26fdba,0.03,0.001 0.003 0.01 0.03,0.0380555555555555,30,300,1.0,,,False,,
a7_20260822T081428Z,2026-08-22T08:42:45+00:00,hyperplanes_n_features20_n_hyperplanes3_dim_hyperplanes5_seed11,4360508611e0e8963c01cd3994e98f0e069bb3b004ae6b18c71eecbf920853d1,2bf856a6c49a9c38010e4b719cd3d58e50f10d0c5c7048ed32accf1d9872633f,F,product,2.0,h2,35,20.0,15,7,0x9bb488a3f99e440c,U0-2pi,pennylane,,,,0,val_full,600,val,0.5383333333333333,0.5,0.3499458288190682,0.4988095164299011,0.0,0.0384816529445421,0.0054258546062149,53,23,767.9676758919959,unknown,56488e26fdba,0.03,0.001 0.003 0.01 0.03,0.0380555555555555,30,300,1.0,,,False,,
a7_20260822T081428Z,2026-08-22T08:43:00+00:00,hyperplanes_n_features20_n_hyperplanes3_dim_hyperplanes5_seed11,4360508611e0e8963c01cd3994e98f0e069bb3b004ae6b18c71eecbf920853d1,2bf856a6c49a9c38010e4b719cd3d58e50f10d0c5c7048ed32accf1d9872633f,A,L1,2.0,h2,35,35.0,15,9,0x6714fd5b78bd8a7d,U0-2pi,pennylane,,,,0,test_full,1200,test,0.485,0.5,0.3265993265993266,0.4988095164299011,0.0,0.0029757192453194,0.0016856640913663,33,3,542.2506129280082,unknown,56488e26fdba,0.03,0.001 0.003 0.01 0.03,0.0380555555555555,30,300,1.0,,,False,,
a7_20260822T081428Z,2026-08-22T08:43:00+00:00,hyperplanes_n_features20_n_hyperplanes3_dim_hyperplanes5_seed11,4360508611e0e8963c01cd3994e98f0e069bb3b004ae6b18c71eecbf920853d1,2bf856a6c49a9c38010e4b719cd3d58e50f10d0c5c7048ed32accf1d9872633f,A,L1,2.0,h2,35,35.0,15,9,0x6714fd5b78bd8a7d,U0-2pi,pennylane,,,,0,val_full,600,val,0.5383333333333333,0.5,0.3499458288190682,0.4988095164299011,0.0,0.0029757192453194,0.0016856640913663,33,3,542.2506129280082,unknown,56488e26fdba,0.03,0.001 0.003 0.01 0.03,0.0380555555555555,30,300,1.0,,,False,,
a7_20260822T081428Z,2026-08-22T08:43:04+00:00,hyperplanes_n_features20_n_hyperplanes3_dim_hyperplanes5_seed11,4360508611e0e8963c01cd3994e98f0e069bb3b004ae6b18c71eecbf920853d1,2bf856a6c49a9c38010e4b719cd3d58e50f10d0c5c7048ed32accf1d9872633f,A,L2,2.0,linear,35,35.0,6,6,0xfed8b00a5c8d996d,U0-2pi,pennylane,,,,0,test_full,1200,test,0.8108333333333333,0.9122043172188304,0.8102766798418972,0.8133333325386047,1.0944234132766724,0.0346434172757721,0.0560850688035498,62,32,1000.2167703209998,unknown,56488e26fdba,0.03,0.001 0.003 0.01 0.03,0.0380555555555555,30,300,1.0,,,False,,
a7_20260822T081428Z,2026-08-22T08:43:04+00:00,hyperplanes_n_features20_n_hyperplanes3_dim_hyperplanes5_seed11,4360508611e0e8963c01cd3994e98f0e069bb3b004ae6b18c71eecbf920853d1,2bf856a6c49a9c38010e4b719cd3d58e50f10d0c5c7048ed32accf1d9872633f,A,L2,2.0,linear,35,35.0,6,6,0xfed8b00a5c8d996d,U0-2pi,pennylane,,,,0,val_full,600,val,0.8116666666666666,0.8963351253478782,0.8057167418869546,0.8133333325386047,1.0944234132766724,0.0346434172757721,0.0560850688035498,62,32,1000.2167703209998,unknown,56488e26fdba,0.03,0.001 0.003 0.01 0.03,0.0380555555555555,30,300,1.0,,,False,,
a7_20260822T081428Z,2026-08-22T08:43:33+00:00,hyperplanes_n_features20_n_hyperplanes3_dim_hyperplanes5_seed11,4360508611e0e8963c01cd3994e98f0e069bb3b004ae6b18c71eecbf920853d1,2bf856a6c49a9c38010e4b719cd3d58e50f10d0c5c7048ed32accf1d9872633f,A,L2,2.0,linear,35,35.0,6,8,0x3c7362638e9ada30,U0-2pi,pennylane,,,,0,test_full,1200,test,0.8208333333333333,0.9081784717356732,0.8190539044029514,0.8247619271278381,0.9132784605026244,0.0283764860770007,0.0616239287720753,44,14,715.8886151990009,unknown,56488e26fdba,0.03,0.001 0.003 0.01 0.03,0.0380555555555555,30,300,1.0,,,False,,
a7_20260822T081428Z,2026-08-22T08:43:33+00:00,hyperplanes_n_features20_n_hyperplanes3_dim_hyperplanes5_seed11,4360508611e0e8963c01cd3994e98f0e069bb3b004ae6b18c71eecbf920853d1,2bf856a6c49a9c38010e4b719cd3d58e50f10d0c5c7048ed32accf1d9872633f,A,L2,2.0,linear,35,35.0,6,8,0x3c7362638e9ada30,U0-2pi,pennylane,,,,0,val_full,600,val,0.8133333333333334,0.8914285075611093,0.8065942162460857,0.8247619271278381,0.9132784605026244,0.0283764860770007,0.0616239287720753,44,14,715.8886151990009,unknown,56488e26fdba,0.03,0.001 0.003 0.01 0.03,0.0380555555555555,30,300,1.0,,,False,,
a7_20260822T081428Z,2026-08-22T08:43:37+00:00,hyperplanes_n_features20_n_hyperplanes3_dim_hyperplanes5_seed11,4360508611e0e8963c01cd3994e98f0e069bb3b004ae6b18c71eecbf920853d1,2bf856a6c49a9c38010e4b719cd3d58e50f10d0c5c7048ed32accf1d9872633f,F,product,2.0,linear,35,20.0,6,8,0x4d0090b0ff939975,U0-2pi,pennylane,,,,0,test_full,1200,test,0.8191666666666667,0.9040414150513238,0.8172466139039956,0.817380964756012,0.5920805335044861,0.0494507413432319,0.0533998985129111,44,14,646.6296196939948,unknown,56488e26fdba,0.03,0.001 0.003 0.01 0.03,0.0380555555555555,30,300,1.0,,,False,,
a7_20260822T081428Z,2026-08-22T08:43:37+00:00,hyperplanes_n_features20_n_hyperplanes3_dim_hyperplanes5_seed11,4360508611e0e8963c01cd3994e98f0e069bb3b004ae6b18c71eecbf920853d1,2bf856a6c49a9c38010e4b719cd3d58e50f10d0c5c7048ed32accf1d9872633f,F,product,2.0,linear,35,20.0,6,8,0x4d0090b0ff939975,U0-2pi,pennylane,,,,0,val_full,600,val,0.8116666666666666,0.8881089962110629,0.8034047513418061,0.817380964756012,0.5920805335044861,0.0494507413432319,0.0533998985129111,44,14,646.6296196939948,unknown,56488e26fdba,0.03,0.001 0.003 0.01 0.03,0.0380555555555555,30,300,1.0,,,False,,
a7_20260822T081428Z,2026-08-22T08:44:16+00:00,hyperplanes_n_features20_n_hyperplanes3_dim_hyperplanes5_seed11,4360508611e0e8963c01cd3994e98f0e069bb3b004ae6b18c71eecbf920853d1,2bf856a6c49a9c38010e4b719cd3d58e50f10d0c5c7048ed32accf1d9872633f,A,L1,2.0,h42,35,35.0,295,4,0xc975238400fc39ed,U0-2pi,pennylane,,,,0,test_full,1200,test,0.9508333333333332,0.9913533291073078,0.9507813461301832,0.959761917591095,0.6631678938865662,0.0077295311884348,0.0559897140417772,106,76,1738.6256035179977,unknown,56488e26fdba,0.01,0.001 0.003 0.01 0.03,0.0380555555555555,30,300,1.0,,,False,,
a7_20260822T081428Z,2026-08-22T08:44:16+00:00,hyperplanes_n_features20_n_hyperplanes3_dim_hyperplanes5_seed11,4360508611e0e8963c01cd3994e98f0e069bb3b004ae6b18c71eecbf920853d1,2bf856a6c49a9c38010e4b719cd3d58e50f10d0c5c7048ed32accf1d9872633f,A,L1,2.0,h42,35,35.0,295,4,0xc975238400fc39ed,U0-2pi,pennylane,,,,0,val_full,600,val,0.95,0.9901420572028924,0.949753793588584,0.959761917591095,0.6631678938865662,0.0077295311884348,0.0559897140417772,106,76,1738.6256035179977,unknown,56488e26fdba,0.01,0.001 0.003 0.01 0.03,0.0380555555555555,30,300,1.0,,,False,,
a7_20260822T081428Z,2026-08-22T08:44:52+00:00,hyperplanes_n_features20_n_hyperplanes3_dim_hyperplanes5_seed11,4360508611e0e8963c01cd3994e98f0e069bb3b004ae6b18c71eecbf920853d1,2bf856a6c49a9c38010e4b719cd3d58e50f10d0c5c7048ed32accf1d9872633f,F,product,2.0,h4,35,20.0,29,6,0x5a38e794abf67abb,U0-2pi,pennylane,,,,0,test_full,1200,test,0.8266666666666667,0.926264193329552,0.825405219376663,0.8238095045089722,0.8517420291900635,0.0294185194583061,0.0590065368369313,72,42,1028.3511735779905,unknown,56488e26fdba,0.03,0.001 0.003 0.01 0.03,0.0380555555555555,30,300,1.0,,,False,,
a7_20260822T081428Z,2026-08-22T08:44:52+00:00,hyperplanes_n_features20_n_hyperplanes3_dim_hyperplanes5_seed11,4360508611e0e8963c01cd3994e98f0e069bb3b004ae6b18c71eecbf920853d1,2bf856a6c49a9c38010e4b719cd3d58e50f10d0c5c7048ed32accf1d9872633f,F,product,2.0,h4,35,20.0,29,6,0x5a38e794abf67abb,U0-2pi,pennylane,,,,0,val_full,600,val,0.8166666666666667,0.90973611561288,0.8095479939055358,0.8238095045089722,0.8517420291900635,0.0294185194583061,0.0590065368369313,72,42,1028.3511735779905,unknown,56488e26fdba,0.03,0.001 0.003 0.01 0.03,0.0380555555555555,30,300,1.0,,,False,,
a7_20260822T081428Z,2026-08-22T08:45:16+00:00,hyperplanes_n_features20_n_hyperplanes3_dim_hyperplanes5_seed11,4360508611e0e8963c01cd3994e98f0e069bb3b004ae6b18c71eecbf920853d1,2bf856a6c49a9c38010e4b719cd3d58e50f10d0c5c7048ed32accf1d9872633f,A,L2,2.0,linear,35,35.0,6,9,0x37a73ff05100a2cc,U0-2pi,pennylane,,,,0,test_full,1200,test,0.8108333333333333,0.8947914233921641,0.809200807744598,0.8095238208770752,0.812550961971283,0.0161758715272131,0.0265154566172922,35,5,565.7912149240001,unknown,56488e26fdba,0.03,0.001 0.003 0.01 0.03,0.0380555555555555,30,300,1.0,,,False,,
a7_20260822T081428Z,2026-08-22T08:45:16+00:00,hyperplanes_n_features20_n_hyperplanes3_dim_hyperplanes5_seed11,4360508611e0e8963c01cd3994e98f0e069bb3b004ae6b18c71eecbf920853d1,2bf856a6c49a9c38010e4b719cd3d58e50f10d0c5c7048ed32accf1d9872633f,A,L2,2.0,linear,35,35.0,6,9,0x37a73ff05100a2cc,U0-2pi,pennylane,,,,0,val_full,600,val,0.805,0.8792569659442724,0.798089617146851,0.8095238208770752,0.812550961971283,0.0161758715272131,0.0265154566172922,35,5,565.7912149240001,unknown,56488e26fdba,0.03,0.001 0.003 0.01 0.03,0.0380555555555555,30,300,1.0,,,False,,
a7_20260822T081428Z,2026-08-22T08:46:26+00:00,hyperplanes_n_features20_n_hyperplanes3_dim_hyperplanes5_seed11,4360508611e0e8963c01cd3994e98f0e069bb3b004ae6b18c71eecbf920853d1,2bf856a6c49a9c38010e4b719cd3d58e50f10d0c5c7048ed32accf1d9872633f,F,product,2.0,h2,35,20.0,15,9,0x7545af47d8de3bdf,U0-2pi,pennylane,,,,0,test_full,1200,test,0.485,0.5,0.3265993265993266,0.4988095164299011,0.0,0.0029757192453194,0.0016856640913663,33,3,476.2224763309932,unknown,56488e26fdba,0.03,0.001 0.003 0.01 0.03,0.0380555555555555,30,300,1.0,,,False,,
a7_20260822T081428Z,2026-08-22T08:46:26+00:00,hyperplanes_n_features20_n_hyperplanes3_dim_hyperplanes5_seed11,4360508611e0e8963c01cd3994e98f0e069bb3b004ae6b18c71eecbf920853d1,2bf856a6c49a9c38010e4b719cd3d58e50f10d0c5c7048ed32accf1d9872633f,F,product,2.0,h2,35,20.0,15,9,0x7545af47d8de3bdf,U0-2pi,pennylane,,,,0,val_full,600,val,0.5383333333333333,0.5,0.3499458288190682,0.4988095164299011,0.0,0.0029757192453194,0.0016856640913663,33,3,476.2224763309932,unknown,56488e26fdba,0.03,0.001 0.003 0.01 0.03,0.0380555555555555,30,300,1.0,,,False,,
a7_20260822T081428Z,2026-08-22T08:46:58+00:00,hyperplanes_n_features20_n_hyperplanes3_dim_hyperplanes5_seed11,4360508611e0e8963c01cd3994e98f0e069bb3b004ae6b18c71eecbf920853d1,2bf856a6c49a9c38010e4b719cd3d58e50f10d0c5c7048ed32accf1d9872633f,A,L1,2.0,h4,35,35.0,29,7,0xd86bbfc3a6142e24,U0-2pi,pennylane,,,,0,test_full,1200,test,0.8233333333333334,0.9200613885830582,0.8210346224843545,0.8288094997406006,0.9304145574569702,0.0107008663270962,0.0212639664968372,71,41,1139.5421912360034,unknown,56488e26fdba,0.03,0.001 0.003 0.01 0.03,0.0380555555555555,30,300,1.0,,,False,,
a7_20260822T081428Z,2026-08-22T08:46:58+00:00,hyperplanes_n_features20_n_hyperplanes3_dim_hyperplanes5_seed11,4360508611e0e8963c01cd3994e98f0e069bb3b004ae6b18c71eecbf920853d1,2bf856a6c49a9c38010e4b719cd3d58e50f10d0c5c7048ed32accf1d9872633f,A,L1,2.0,h4,35,35.0,29,7,0xd86bbfc3a6142e24,U0-2pi,pennylane,,,,0,val_full,600,val,0.8216666666666667,0.9018788210705144,0.8127400908298064,0.8288094997406006,0.9304145574569702,0.0107008663270962,0.0212639664968372,71,41,1139.5421912360034,unknown,56488e26fdba,0.03,0.001 0.003 0.01 0.03,0.0380555555555555,30,300,1.0,,,False,,
a7_20260822T081428Z,2026-08-22T08:47:58+00:00,hyperplanes_n_features20_n_hyperplanes3_dim_hyperplanes5_seed11,4360508611e0e8963c01cd3994e98f0e069bb3b004ae6b18c71eecbf920853d1,2bf856a6c49a9c38010e4b719cd3d58e50f10d0c5c7048ed32accf1d9872633f,A,L1,2.0,h42,35,35.0,295,1,0x1ddc9c443a3565bb,U0-2pi,pennylane,,,,0,test_full,1200,test,0.9508333333333332,0.9946396201025368,0.9508324797305509,0.9669047594070436,0.7467161417007446,0.005198000394342,0.0308447706506917,122,92,1960.8728407119925,unknown,56488e26fdba,0.01,0.001 0.003 0.01 0.03,0.0380555555555555,30,300,1.0,,,False,,
a7_20260822T081428Z,2026-08-22T08:47:58+00:00,hyperplanes_n_features20_n_hyperplanes3_dim_hyperplanes5_seed11,4360508611e0e8963c01cd3994e98f0e069bb3b004ae6b18c71eecbf920853d1,2bf856a6c49a9c38010e4b719cd3d58e50f10d0c5c7048ed32accf1d9872633f,A,L1,2.0,h42,35,35.0,295,1,0x1ddc9c443a3565bb,U0-2pi,pennylane,,,,0,val_full,600,val,0.9683333333333334,0.9927127225581472,0.9680241445757448,0.9669047594070436,0.7467161417007446,0.005198000394342,0.0308447706506917,122,92,1960.8728407119925,unknown,56488e26fdba,0.01,0.001 0.003 0.01 0.03,0.0380555555555555,30,300,1.0,,,False,,
a7_20260822T081428Z,2026-08-22T08:48:55+00:00,hyperplanes_n_features20_n_hyperplanes3_dim_hyperplanes5_seed11,4360508611e0e8963c01cd3994e98f0e069bb3b004ae6b18c71eecbf920853d1,2bf856a6c49a9c38010e4b719cd3d58e50f10d0c5c7048ed32accf1d9872633f,A,L1,2.0,h42,35,35.0,295,3,0xe98c84d46f8b02b7,U0-2pi,pennylane,,,,0,test_full,1200,test,0.9616666666666668,0.9951150479876334,0.9616196507388216,0.9766666889190674,0.834528386592865,0.0119907150742154,0.1527594542379007,125,95,2017.2995454019983,unknown,56488e26fdba,0.01,0.001 0.003 0.01 0.03,0.0380555555555555,30,300,1.0,,,False,,
a7_20260822T081428Z,2026-08-22T08:48:55+00:00,hyperplanes_n_features20_n_hyperplanes3_dim_hyperplanes5_seed11,4360508611e0e8963c01cd3994e98f0e069bb3b004ae6b18c71eecbf920853d1,2bf856a6c49a9c38010e4b719cd3d58e50f10d0c5c7048ed32accf1d9872633f,A,L1,2.0,h42,35,35.0,295,3,0xe98c84d46f8b02b7,U0-2pi,pennylane,,,,0,val_full,600,val,0.9683333333333334,0.9940427624593444,0.9681378234779522,0.9766666889190674,0.834528386592865,0.0119907150742154,0.1527594542379007,125,95,2017.2995454019983,unknown,56488e26fdba,0.01,0.001 0.003 0.01 0.03,0.0380555555555555,30,300,1.0,,,False,,
a7_20260822T081428Z,2026-08-22T08:49:05+00:00,hyperplanes_n_features20_n_hyperplanes3_dim_hyperplanes5_seed11,4360508611e0e8963c01cd3994e98f0e069bb3b004ae6b18c71eecbf920853d1,2bf856a6c49a9c38010e4b719cd3d58e50f10d0c5c7048ed32accf1d9872633f,F,product,2.0,h42,35,20.0,295,4,0x6ff3a4afd33346b9,U0-2pi,pennylane,,,,0,test_full,1200,test,0.9683333333333334,0.9958573827555912,0.9683048076602276,0.981428563594818,0.7075585722923279,0.0085968320655229,0.7084925746286599,138,108,1999.995772886992,unknown,56488e26fdba,0.01,0.001 0.003 0.01 0.03,0.0380555555555555,30,300,1.0,,,False,,
a7_20260822T081428Z,2026-08-22T08:49:05+00:00,hyperplanes_n_features20_n_hyperplanes3_dim_hyperplanes5_seed11,4360508611e0e8963c01cd3994e98f0e069bb3b004ae6b18c71eecbf920853d1,2bf856a6c49a9c38010e4b719cd3d58e50f10d0c5c7048ed32accf1d9872633f,F,product,2.0,h42,35,20.0,295,4,0x6ff3a4afd33346b9,U0-2pi,pennylane,,,,0,val_full,600,val,0.9716666666666668,0.9935062757765084,0.9714604685519546,0.981428563594818,0.7075585722923279,0.0085968320655229,0.7084925746286599,138,108,1999.995772886992,unknown,56488e26fdba,0.01,0.001 0.003 0.01 0.03,0.0380555555555555,30,300,1.0,,,False,,
a7_20260822T081428Z,2026-08-22T08:49:06+00:00,hyperplanes_n_features20_n_hyperplanes3_dim_hyperplanes5_seed11,4360508611e0e8963c01cd3994e98f0e069bb3b004ae6b18c71eecbf920853d1,2bf856a6c49a9c38010e4b719cd3d58e50f10d0c5c7048ed32accf1d9872633f,A,L1,2.0,linear,35,35.0,6,9,0x6714fd5b78bd8a7d,U0-2pi,pennylane,,,,0,test_full,1200,test,0.8283333333333334,0.911809517454598,0.8273622459668971,0.8197619318962097,0.9031617045402528,0.0158736134965635,0.0313807121068705,58,28,910.5020384779928,unknown,56488e26fdba,0.03,0.001 0.003 0.01 0.03,0.0380555555555555,30,300,1.0,,,False,,
a7_20260822T081428Z,2026-08-22T08:49:06+00:00,hyperplanes_n_features20_n_hyperplanes3_dim_hyperplanes5_seed11,4360508611e0e8963c01cd3994e98f0e069bb3b004ae6b18c71eecbf920853d1,2bf856a6c49a9c38010e4b719cd3d58e50f10d0c5c7048ed32accf1d9872633f,A,L1,2.0,linear,35,35.0,6,9,0x6714fd5b78bd8a7d,U0-2pi,pennylane,,,,0,val_full,600,val,0.8166666666666667,0.8928703155212303,0.8107602848917893,0.8197619318962097,0.9031617045402528,0.0158736134965635,0.0313807121068705,58,28,910.5020384779928,unknown,56488e26fdba,0.03,0.001 0.003 0.01 0.03,0.0380555555555555,30,300,1.0,,,False,,
a7_20260822T081428Z,2026-08-22T08:49:55+00:00,hyperplanes_n_features20_n_hyperplanes3_dim_hyperplanes5_seed11,4360508611e0e8963c01cd3994e98f0e069bb3b004ae6b18c71eecbf920853d1,2bf856a6c49a9c38010e4b719cd3d58e50f10d0c5c7048ed32accf1d9872633f,A,L2,2.0,h42,35,35.0,295,1,0x9aed96d53998f1c9,U0-2pi,pennylane,,,,0,test_full,1200,test,0.965,0.9960075178772004,0.964988232155808,0.9783333539962769,0.7076718807220459,0.002100320884126,0.4244114620773832,129,99,2078.0743481819954,unknown,56488e26fdba,0.01,0.001 0.003 0.01 0.03,0.0380555555555555,30,300,1.0,,,False,,
a7_20260822T081428Z,2026-08-22T08:49:55+00:00,hyperplanes_n_features20_n_hyperplanes3_dim_hyperplanes5_seed11,4360508611e0e8963c01cd3994e98f0e069bb3b004ae6b18c71eecbf920853d1,2bf856a6c49a9c38010e4b719cd3d58e50f10d0c5c7048ed32accf1d9872633f,A,L2,2.0,h42,35,35.0,295,1,0x9aed96d53998f1c9,U0-2pi,pennylane,,,,0,val_full,600,val,0.9716666666666668,0.996043410714086,0.9713900240940876,0.9783333539962769,0.7076718807220459,0.002100320884126,0.4244114620773832,129,99,2078.0743481819954,unknown,56488e26fdba,0.01,0.001 0.003 0.01 0.03,0.0380555555555555,30,300,1.0,,,False,,
a7_20260822T081428Z,2026-08-22T08:50:21+00:00,hyperplanes_n_features20_n_hyperplanes3_dim_hyperplanes5_seed11,4360508611e0e8963c01cd3994e98f0e069bb3b004ae6b18c71eecbf920853d1,2bf856a6c49a9c38010e4b719cd3d58e50f10d0c5c7048ed32accf1d9872633f,F,product,2.0,h42,35,20.0,295,3,0xa27b3263a781f0fe,U0-2pi,pennylane,,,,0,test_full,1200,test,0.9633333333333334,0.9945395300214638,0.9633072407045008,0.9819047451019288,0.7865085601806641,0.0151689277119507,0.2210002980931004,145,115,2104.0096176299994,unknown,56488e26fdba,0.01,0.001 0.003 0.01 0.03,0.0380555555555555,30,300,1.0,,,False,,
a7_20260822T081428Z,2026-08-22T08:50:21+00:00,hyperplanes_n_features20_n_hyperplanes3_dim_hyperplanes5_seed11,4360508611e0e8963c01cd3994e98f0e069bb3b004ae6b18c71eecbf920853d1,2bf856a6c49a9c38010e4b719cd3d58e50f10d0c5c7048ed32accf1d9872633f,F,product,2.0,h42,35,20.0,295,3,0xa27b3263a781f0fe,U0-2pi,pennylane,,,,0,val_full,600,val,0.97,0.9927127225581474,0.969806763285024,0.9819047451019288,0.7865085601806641,0.0151689277119507,0.2210002980931004,145,115,2104.0096176299994,unknown,56488e26fdba,0.01,0.001 0.003 0.01 0.03,0.0380555555555555,30,300,1.0,,,False,,
a7_20260822T081428Z,2026-08-22T08:50:57+00:00,hyperplanes_n_features20_n_hyperplanes3_dim_hyperplanes5_seed11,4360508611e0e8963c01cd3994e98f0e069bb3b004ae6b18c71eecbf920853d1,2bf856a6c49a9c38010e4b719cd3d58e50f10d0c5c7048ed32accf1d9872633f,A,L2,2.0,h42,35,35.0,295,5,0xf9ea9d8280d97e94,U0-2pi,pennylane,,,,0,test_full,1200,test,0.955,0.991264360146354,0.9549448073890516,0.9649999737739564,0.8633013367652893,0.004182356889505,0.0781527782134023,133,103,2105.541889351007,unknown,56488e26fdba,0.01,0.001 0.003 0.01 0.03,0.0380555555555555,30,300,1.0,,,False,,
a7_20260822T081428Z,2026-08-22T08:50:57+00:00,hyperplanes_n_features20_n_hyperplanes3_dim_hyperplanes5_seed11,4360508611e0e8963c01cd3994e98f0e069bb3b004ae6b18c71eecbf920853d1,2bf856a6c49a9c38010e4b719cd3d58e50f10d0c5c7048ed32accf1d9872633f,A,L2,2.0,h42,35,35.0,295,5,0xf9ea9d8280d97e94,U0-2pi,pennylane,,,,0,val_full,600,val,0.9583333333333334,0.9899185210850444,0.9580976325162373,0.9649999737739564,0.8633013367652893,0.004182356889505,0.0781527782134023,133,103,2105.541889351007,unknown,56488e26fdba,0.01,0.001 0.003 0.01 0.03,0.0380555555555555,30,300,1.0,,,False,,
a7_20260822T081428Z,2026-08-22T08:51:13+00:00,hyperplanes_n_features20_n_hyperplanes3_dim_hyperplanes5_seed11,4360508611e0e8963c01cd3994e98f0e069bb3b004ae6b18c71eecbf920853d1,2bf856a6c49a9c38010e4b719cd3d58e50f10d0c5c7048ed32accf1d9872633f,A,L1,2.0,linear,35,35.0,6,6,0x7f041defed10b1c8,U0-2pi,pennylane,,,,0,test_full,1200,test,0.825,0.9169391341095876,0.823517053014917,0.8295238018035889,1.2125563621520996,0.0207115861650364,0.0494319528676602,133,103,2104.3660557390103,unknown,56488e26fdba,0.03,0.001 0.003 0.01 0.03,0.0380555555555555,30,300,1.0,,,False,,
a7_20260822T081428Z,2026-08-22T08:51:13+00:00,hyperplanes_n_features20_n_hyperplanes3_dim_hyperplanes5_seed11,4360508611e0e8963c01cd3994e98f0e069bb3b004ae6b18c71eecbf920853d1,2bf856a6c49a9c38010e4b719cd3d58e50f10d0c5c7048ed32accf1d9872633f,A,L1,2.0,linear,35,35.0,6,6,0x7f041defed10b1c8,U0-2pi,pennylane,,,,0,val_full,600,val,0.8183333333333334,0.9020911803824704,0.8108946648585036,0.8295238018035889,1.2125563621520996,0.0207115861650364,0.0494319528676602,133,103,2104.3660557390103,unknown,56488e26fdba,0.03,0.001 0.003 0.01 0.03,0.0380555555555555,30,300,1.0,,,False,,
a7_20260822T081428Z,2026-08-22T08:51:34+00:00,hyperplanes_n_features20_n_hyperplanes3_dim_hyperplanes5_seed11,4360508611e0e8963c01cd3994e98f0e069bb3b004ae6b18c71eecbf920853d1,2bf856a6c49a9c38010e4b719cd3d58e50f10d0c5c7048ed32accf1d9872633f,A,L1,2.0,h2,35,35.0,15,8,0xe2c241f58beaa0b8,U0-2pi,pennylane,,,,0,test_full,1200,test,0.485,0.5,0.3265993265993266,0.4988095164299011,0.1806587129831314,0.0020654182963586,0.0134375408083273,78,48,1233.676320145998,unknown,56488e26fdba,0.03,0.001 0.003 0.01 0.03,0.0380555555555555,30,300,1.0,,,False,,
a7_20260822T081428Z,2026-08-22T08:51:34+00:00,hyperplanes_n_features20_n_hyperplanes3_dim_hyperplanes5_seed11,4360508611e0e8963c01cd3994e98f0e069bb3b004ae6b18c71eecbf920853d1,2bf856a6c49a9c38010e4b719cd3d58e50f10d0c5c7048ed32accf1d9872633f,A,L1,2.0,h2,35,35.0,15,8,0xe2c241f58beaa0b8,U0-2pi,pennylane,,,,0,val_full,600,val,0.5383333333333333,0.5,0.3499458288190682,0.4988095164299011,0.1806587129831314,0.0020654182963586,0.0134375408083273,78,48,1233.676320145998,unknown,56488e26fdba,0.03,0.001 0.003 0.01 0.03,0.0380555555555555,30,300,1.0,,,False,,
a7_20260822T081428Z,2026-08-22T08:51:34+00:00,hyperplanes_n_features20_n_hyperplanes3_dim_hyperplanes5_seed11,4360508611e0e8963c01cd3994e98f0e069bb3b004ae6b18c71eecbf920853d1,2bf856a6c49a9c38010e4b719cd3d58e50f10d0c5c7048ed32accf1d9872633f,F,product,2.0,linear,35,20.0,6,9,0x7545af47d8de3bdf,U0-2pi,pennylane,,,,0,test_full,1200,test,0.8166666666666667,0.9051868904236036,0.8141368628555337,0.8171428442001343,0.7314075231552124,0.0484074624572606,0.0405767655735751,56,26,787.2237357139966,unknown,56488e26fdba,0.03,0.001 0.003 0.01 0.03,0.0380555555555555,30,300,1.0,,,False,,
a7_20260822T081428Z,2026-08-22T08:51:34+00:00,hyperplanes_n_features20_n_hyperplanes3_dim_hyperplanes5_seed11,4360508611e0e8963c01cd3994e98f0e069bb3b004ae6b18c71eecbf920853d1,2bf856a6c49a9c38010e4b719cd3d58e50f10d0c5c7048ed32accf1d9872633f,F,product,2.0,linear,35,20.0,6,9,0x7545af47d8de3bdf,U0-2pi,pennylane,,,,0,val_full,600,val,0.8,0.8898637547361714,0.7898276586801177,0.8171428442001343,0.7314075231552124,0.0484074624572606,0.0405767655735751,56,26,787.2237357139966,unknown,56488e26fdba,0.03,0.001 0.003 0.01 0.03,0.0380555555555555,30,300,1.0,,,False,,
a7_20260822T081428Z,2026-08-22T08:51:58+00:00,hyperplanes_n_features20_n_hyperplanes3_dim_hyperplanes5_seed11,4360508611e0e8963c01cd3994e98f0e069bb3b004ae6b18c71eecbf920853d1,2bf856a6c49a9c38010e4b719cd3d58e50f10d0c5c7048ed32accf1d9872633f,F,product,2.0,h42,35,20.0,295,2,0x499fbb627c0f5f7c,U0-2pi,pennylane,,,,0,test_full,1200,test,0.9683333333333334,0.9946757637429242,0.9682782608695653,0.9811905026435852,0.4975218176841736,0.0085053913283607,0.0414404722096293,155,125,2200.776992910003,unknown,56488e26fdba,0.01,0.001 0.003 0.01 0.03,0.0380555555555555,30,300,1.0,,,False,,
a7_20260822T081428Z,2026-08-22T08:51:58+00:00,hyperplanes_n_features20_n_hyperplanes3_dim_hyperplanes5_seed11,4360508611e0e8963c01cd3994e98f0e069bb3b004ae6b18c71eecbf920853d1,2bf856a6c49a9c38010e4b719cd3d58e50f10d0c5c7048ed32accf1d9872633f,F,product,2.0,h42,35,20.0,295,2,0x499fbb627c0f5f7c,U0-2pi,pennylane,,,,0,val_full,600,val,0.9666666666666668,0.9927462529758244,0.9664864381786497,0.9811905026435852,0.4975218176841736,0.0085053913283607,0.0414404722096293,155,125,2200.776992910003,unknown,56488e26fdba,0.01,0.001 0.003 0.01 0.03,0.0380555555555555,30,300,1.0,,,False,,
a7_20260822T081428Z,2026-08-22T08:52:07+00:00,hyperplanes_n_features20_n_hyperplanes3_dim_hyperplanes5_seed11,4360508611e0e8963c01cd3994e98f0e069bb3b004ae6b18c71eecbf920853d1,2bf856a6c49a9c38010e4b719cd3d58e50f10d0c5c7048ed32accf1d9872633f,A,L2,2.0,h2,35,35.0,15,8,0x3c7362638e9ada30,U0-2pi,pennylane,,,,0,test_full,1200,test,0.485,0.5,0.3265993265993266,0.4988095164299011,0.179404005408287,0.0023145904601158,0.0134375408083273,78,48,1229.643792023999,unknown,56488e26fdba,0.03,0.001 0.003 0.01 0.03,0.0380555555555555,30,300,1.0,,,False,,
a7_20260822T081428Z,2026-08-22T08:52:07+00:00,hyperplanes_n_features20_n_hyperplanes3_dim_hyperplanes5_seed11,4360508611e0e8963c01cd3994e98f0e069bb3b004ae6b18c71eecbf920853d1,2bf856a6c49a9c38010e4b719cd3d58e50f10d0c5c7048ed32accf1d9872633f,A,L2,2.0,h2,35,35.0,15,8,0x3c7362638e9ada30,U0-2pi,pennylane,,,,0,val_full,600,val,0.5383333333333333,0.5,0.3499458288190682,0.4988095164299011,0.179404005408287,0.0023145904601158,0.0134375408083273,78,48,1229.643792023999,unknown,56488e26fdba,0.03,0.001 0.003 0.01 0.03,0.0380555555555555,30,300,1.0,,,False,,
a7_20260822T081428Z,2026-08-22T08:52:11+00:00,hyperplanes_n_features20_n_hyperplanes3_dim_hyperplanes5_seed11,4360508611e0e8963c01cd3994e98f0e069bb3b004ae6b18c71eecbf920853d1,2bf856a6c49a9c38010e4b719cd3d58e50f10d0c5c7048ed32accf1d9872633f,F,product,2.0,h4,35,20.0,29,10,0xaf315250f59e947e,U0-2pi,pennylane,,,,0,test_full,1200,test,0.8233333333333334,0.9057512872696536,0.8217808464849354,0.8207142949104309,0.776386559009552,0.0318268675721379,0.0846287433531552,43,13,601.5119336780044,unknown,56488e26fdba,0.03,0.001 0.003 0.01 0.03,0.0380555555555555,30,300,1.0,,,False,,
a7_20260822T081428Z,2026-08-22T08:52:11+00:00,hyperplanes_n_features20_n_hyperplanes3_dim_hyperplanes5_seed11,4360508611e0e8963c01cd3994e98f0e069bb3b004ae6b18c71eecbf920853d1,2bf856a6c49a9c38010e4b719cd3d58e50f10d0c5c7048ed32accf1d9872633f,F,product,2.0,h4,35,20.0,29,10,0xaf315250f59e947e,U0-2pi,pennylane,,,,0,val_full,600,val,0.81,0.8912720322786155,0.8026224664111916,0.8207142949104309,0.776386559009552,0.0318268675721379,0.0846287433531552,43,13,601.5119336780044,unknown,56488e26fdba,0.03,0.001 0.003 0.01 0.03,0.0380555555555555,30,300,1.0,,,False,,
a7_20260822T081428Z,2026-08-22T08:52:19+00:00,hyperplanes_n_features20_n_hyperplanes3_dim_hyperplanes5_seed11,4360508611e0e8963c01cd3994e98f0e069bb3b004ae6b18c71eecbf920853d1,2bf856a6c49a9c38010e4b719cd3d58e50f10d0c5c7048ed32accf1d9872633f,A,L2,2.0,h2,35,35.0,15,9,0x37a73ff05100a2cc,U0-2pi,pennylane,,,,0,test_full,1200,test,0.8283333333333334,0.9224663308088392,0.8283214112091117,0.8299999833106995,0.9635316133499146,0.0029562207520373,0.0331262755050884,62,32,971.5732952189863,unknown,56488e26fdba,0.03,0.001 0.003 0.01 0.03,0.0380555555555555,30,300,1.0,,,False,,
a7_20260822T081428Z,2026-08-22T08:52:19+00:00,hyperplanes_n_features20_n_hyperplanes3_dim_hyperplanes5_seed11,4360508611e0e8963c01cd3994e98f0e069bb3b004ae6b18c71eecbf920853d1,2bf856a6c49a9c38010e4b719cd3d58e50f10d0c5c7048ed32accf1d9872633f,A,L2,2.0,h2,35,35.0,15,9,0x37a73ff05100a2cc,U0-2pi,pennylane,,,,0,val_full,600,val,0.8316666666666667,0.9050642107498518,0.8294106221445281,0.8299999833106995,0.9635316133499146,0.0029562207520373,0.0331262755050884,62,32,971.5732952189863,unknown,56488e26fdba,0.03,0.001 0.003 0.01 0.03,0.0380555555555555,30,300,1.0,,,False,,
a7_20260822T081428Z,2026-08-22T08:53:01+00:00,hyperplanes_n_features20_n_hyperplanes3_dim_hyperplanes5_seed11,4360508611e0e8963c01cd3994e98f0e069bb3b004ae6b18c71eecbf920853d1,2bf856a6c49a9c38010e4b719cd3d58e50f10d0c5c7048ed32accf1d9872633f,F,product,2.0,linear,35,20.0,6,6,0x5a38e794abf67abb,U0-2pi,pennylane,,,,0,test_full,1200,test,0.8166666666666667,0.9098382989134668,0.815582702775201,0.8154761791229248,0.9321608543395996,0.047169930486092,0.180566612319719,108,78,1518.6313528959872,unknown,56488e26fdba,0.03,0.001 0.003 0.01 0.03,0.0380555555555555,30,300,1.0,,,False,,
a7_20260822T081428Z,2026-08-22T08:53:01+00:00,hyperplanes_n_features20_n_hyperplanes3_dim_hyperplanes5_seed11,4360508611e0e8963c01cd3994e98f0e069bb3b004ae6b18c71eecbf920853d1,2bf856a6c49a9c38010e4b719cd3d58e50f10d0c5c7048ed32accf1d9872633f,F,product,2.0,linear,35,20.0,6,6,0x5a38e794abf67abb,U0-2pi,pennylane,,,,0,val_full,600,val,0.8133333333333334,0.8924791273149959,0.8065942162460857,0.8154761791229248,0.9321608543395996,0.047169930486092,0.180566612319719,108,78,1518.6313528959872,unknown,56488e26fdba,0.03,0.001 0.003 0.01 0.03,0.0380555555555555,30,300,1.0,,,False,,
a7_20260822T081428Z,2026-08-22T08:53:13+00:00,hyperplanes_n_features20_n_hyperplanes3_dim_hyperplanes5_seed11,4360508611e0e8963c01cd3994e98f0e069bb3b004ae6b18c71eecbf920853d1,2bf856a6c49a9c38010e4b719cd3d58e50f10d0c5c7048ed32accf1d9872633f,A,L2,2.0,linear,35,35.0,6,10,0xca03f308d3264644,U0-2pi,pennylane,,,,0,test_full,1200,test,0.8241666666666667,0.9076085143295632,0.8223605421511353,0.8352380990982056,0.9911728501319884,0.0050100967972179,0.0483745655892726,47,17,746.0595622270048,unknown,56488e26fdba,0.03,0.001 0.003 0.01 0.03,0.0380555555555555,30,300,1.0,,,False,,
a7_20260822T081428Z,2026-08-22T08:53:13+00:00,hyperplanes_n_features20_n_hyperplanes3_dim_hyperplanes5_seed11,4360508611e0e8963c01cd3994e98f0e069bb3b004ae6b18c71eecbf920853d1,2bf856a6c49a9c38010e4b719cd3d58e50f10d0c5c7048ed32accf1d9872633f,A,L2,2.0,linear,35,35.0,6,10,0xca03f308d3264644,U0-2pi,pennylane,,,,0,val_full,600,val,0.8166666666666667,0.8861754087916756,0.8092904448733804,0.8352380990982056,0.9911728501319884,0.0050100967972179,0.0483745655892726,47,17,746.0595622270048,unknown,56488e26fdba,0.03,0.001 0.003 0.01 0.03,0.0380555555555555,30,300,1.0,,,False,,
a7_20260822T081428Z,2026-08-22T08:53:14+00:00,hyperplanes_n_features20_n_hyperplanes3_dim_hyperplanes5_seed11,4360508611e0e8963c01cd3994e98f0e069bb3b004ae6b18c71eecbf920853d1,2bf856a6c49a9c38010e4b719cd3d58e50f10d0c5c7048ed32accf1d9872633f,A,L1,2.0,h4,35,35.0,29,6,0x7f041defed10b1c8,U0-2pi,pennylane,,,,0,test_full,1200,test,0.8283333333333334,0.9122293397390986,0.826983322648107,0.8264285922050476,1.259703278541565,0.0259223340036012,0.079348335543394,140,110,2222.876497296995,unknown,56488e26fdba,0.03,0.001 0.003 0.01 0.03,0.0380555555555555,30,300,1.0,,,False,,
a7_20260822T081428Z,2026-08-22T08:53:14+00:00,hyperplanes_n_features20_n_hyperplanes3_dim_hyperplanes5_seed11,4360508611e0e8963c01cd3994e98f0e069bb3b004ae6b18c71eecbf920853d1,2bf856a6c49a9c38010e4b719cd3d58e50f10d0c5c7048ed32accf1d9872633f,A,L1,2.0,h4,35,35.0,29,6,0x7f041defed10b1c8,U0-2pi,pennylane,,,,0,val_full,600,val,0.8283333333333334,0.8937868136044081,0.8215476840181224,0.8264285922050476,1.259703278541565,0.0259223340036012,0.079348335543394,140,110,2222.876497296995,unknown,56488e26fdba,0.03,0.001 0.003 0.01 0.03,0.0380555555555555,30,300,1.0,,,False,,
a7_20260822T081428Z,2026-08-22T08:53:56+00:00,hyperplanes_n_features20_n_hyperplanes3_dim_hyperplanes5_seed11,4360508611e0e8963c01cd3994e98f0e069bb3b004ae6b18c71eecbf920853d1,2bf856a6c49a9c38010e4b719cd3d58e50f10d0c5c7048ed32accf1d9872633f,F,product,2.0,h42,35,20.0,295,8,0x4d0090b0ff939975,U0-2pi,pennylane,,,,0,test_full,1200,test,0.9666666666666668,0.9945145075011956,0.9666429460950008,0.973809540271759,0.5713544487953186,0.0131497060036932,0.0624977681559749,87,57,1214.7059373870145,unknown,56488e26fdba,0.01,0.001 0.003 0.01 0.03,0.0380555555555555,30,300,1.0,,,False,,
a7_20260822T081428Z,2026-08-22T08:53:56+00:00,hyperplanes_n_features20_n_hyperplanes3_dim_hyperplanes5_seed11,4360508611e0e8963c01cd3994e98f0e069bb3b004ae6b18c71eecbf920853d1,2bf856a6c49a9c38010e4b719cd3d58e50f10d0c5c7048ed32accf1d9872633f,F,product,2.0,h42,35,20.0,295,8,0x4d0090b0ff939975,U0-2pi,pennylane,,,,0,val_full,600,val,0.9633333333333334,0.989717338578981,0.963076923076923,0.973809540271759,0.5713544487953186,0.0131497060036932,0.0624977681559749,87,57,1214.7059373870145,unknown,56488e26fdba,0.01,0.001 0.003 0.01 0.03,0.0380555555555555,30,300,1.0,,,False,,
a7_20260822T081428Z,2026-08-22T08:54:51+00:00,hyperplanes_n_features20_n_hyperplanes3_dim_hyperplanes5_seed11,4360508611e0e8963c01cd3994e98f0e069bb3b004ae6b18c71eecbf920853d1,2bf856a6c49a9c38010e4b719cd3d58e50f10d0c5c7048ed32accf1d9872633f,A,L1,2.0,h42,35,35.0,295,2,0x68f1fd9add9ea051,U0-2pi,pennylane,,,,0,test_full,1200,test,0.9641666666666666,0.9945478708615532,0.9641325676980408,0.9842857122421264,0.9608007669448853,0.0060677795242646,0.2460316786535347,150,120,2373.7745093870035,unknown,56488e26fdba,0.01,0.001 0.003 0.01 0.03,0.0380555555555555,30,300,1.0,,,False,,
a7_20260822T081428Z,2026-08-22T08:54:51+00:00,hyperplanes_n_features20_n_hyperplanes3_dim_hyperplanes5_seed11,4360508611e0e8963c01cd3994e98f0e069bb3b004ae6b18c71eecbf920853d1,2bf856a6c49a9c38010e4b719cd3d58e50f10d0c5c7048ed32accf1d9872633f,A,L1,2.0,h42,35,35.0,295,2,0x68f1fd9add9ea051,U0-2pi,pennylane,,,,0,val_full,600,val,0.9683333333333334,0.9945010115009332,0.9681207162212422,0.9842857122421264,0.9608007669448853,0.0060677795242646,0.2460316786535347,150,120,2373.7745093870035,unknown,56488e26fdba,0.01,0.001 0.003 0.01 0.03,0.0380555555555555,30,300,1.0,,,False,,
a7_20260822T081428Z,2026-08-22T08:55:15+00:00,hyperplanes_n_features20_n_hyperplanes3_dim_hyperplanes5_seed11,4360508611e0e8963c01cd3994e98f0e069bb3b004ae6b18c71eecbf920853d1,2bf856a6c49a9c38010e4b719cd3d58e50f10d0c5c7048ed32accf1d9872633f,A,L2,2.0,h4,35,35.0,29,9,0x37a73ff05100a2cc,U0-2pi,pennylane,,,,0,test_full,1200,test,0.8441666666666666,0.9362064747161332,0.8437629457786404,0.8502380847930908,0.7936105728149414,0.0052068392278989,0.1998444492999951,66,36,1045.201760993994,unknown,56488e26fdba,0.03,0.001 0.003 0.01 0.03,0.0380555555555555,30,300,1.0,,,False,,
a7_20260822T081428Z,2026-08-22T08:55:15+00:00,hyperplanes_n_features20_n_hyperplanes3_dim_hyperplanes5_seed11,4360508611e0e8963c01cd3994e98f0e069bb3b004ae6b18c71eecbf920853d1,2bf856a6c49a9c38010e4b719cd3d58e50f10d0c5c7048ed32accf1d9872633f,A,L2,2.0,h4,35,35.0,29,9,0x37a73ff05100a2cc,U0-2pi,pennylane,,,,0,val_full,600,val,0.845,0.9138715337930726,0.8406620235923004,0.8502380847930908,0.7936105728149414,0.0052068392278989,0.1998444492999951,66,36,1045.201760993994,unknown,56488e26fdba,0.03,0.001 0.003 0.01 0.03,0.0380555555555555,30,300,1.0,,,False,,
a7_20260822T081428Z,2026-08-22T08:56:27+00:00,hyperplanes_n_features20_n_hyperplanes3_dim_hyperplanes5_seed11,4360508611e0e8963c01cd3994e98f0e069bb3b004ae6b18c71eecbf920853d1,2bf856a6c49a9c38010e4b719cd3d58e50f10d0c5c7048ed32accf1d9872633f,A,L2,2.0,h4,35,35.0,29,7,0x93234eaab96b5658,U0-2pi,pennylane,,,,0,test_full,1200,test,0.8433333333333334,0.8563067872196087,0.8409793865300519,0.8473809361457825,0.9542200565338136,0.0076677732764746,0.0272852762728217,104,74,1641.773526945006,unknown,56488e26fdba,0.03,0.001 0.003 0.01 0.03,0.0380555555555555,30,300,1.0,,,False,,
a7_20260822T081428Z,2026-08-22T08:56:27+00:00,hyperplanes_n_features20_n_hyperplanes3_dim_hyperplanes5_seed11,4360508611e0e8963c01cd3994e98f0e069bb3b004ae6b18c71eecbf920853d1,2bf856a6c49a9c38010e4b719cd3d58e50f10d0c5c7048ed32accf1d9872633f,A,L2,2.0,h4,35,35.0,29,7,0x93234eaab96b5658,U0-2pi,pennylane,,,,0,val_full,600,val,0.8433333333333334,0.8313643526952867,0.8348482008995503,0.8473809361457825,0.9542200565338136,0.0076677732764746,0.0272852762728217,104,74,1641.773526945006,unknown,56488e26fdba,0.03,0.001 0.003 0.01 0.03,0.0380555555555555,30,300,1.0,,,False,,
a7_20260822T081428Z,2026-08-22T08:56:37+00:00,hyperplanes_n_features20_n_hyperplanes3_dim_hyperplanes5_seed11,4360508611e0e8963c01cd3994e98f0e069bb3b004ae6b18c71eecbf920853d1,2bf856a6c49a9c38010e4b719cd3d58e50f10d0c5c7048ed32accf1d9872633f,A,L1,2.0,h42,35,35.0,295,6,0x7f041defed10b1c8,U0-2pi,pennylane,,,,0,test_full,1200,test,0.9708333333333332,0.996216038879436,0.9708085002867022,0.9745237827301024,0.9142987728118896,0.0116938730792498,0.2834583563344029,156,126,2424.765128681,unknown,56488e26fdba,0.01,0.001 0.003 0.01 0.03,0.0380555555555555,30,300,1.0,,,False,,
a7_20260822T081428Z,2026-08-22T08:56:37+00:00,hyperplanes_n_features20_n_hyperplanes3_dim_hyperplanes5_seed11,4360508611e0e8963c01cd3994e98f0e069bb3b004ae6b18c71eecbf920853d1,2bf856a6c49a9c38010e4b719cd3d58e50f10d0c5c7048ed32accf1d9872633f,A,L1,2.0,h42,35,35.0,295,6,0x7f041defed10b1c8,U0-2pi,pennylane,,,,0,val_full,600,val,0.975,0.994243944965408,0.9748033965021516,0.9745237827301024,0.9142987728118896,0.0116938730792498,0.2834583563344029,156,126,2424.765128681,unknown,56488e26fdba,0.01,0.001 0.003 0.01 0.03,0.0380555555555555,30,300,1.0,,,False,,
a7_20260822T081428Z,2026-08-22T08:58:03+00:00,hyperplanes_n_features20_n_hyperplanes3_dim_hyperplanes5_seed11,4360508611e0e8963c01cd3994e98f0e069bb3b004ae6b18c71eecbf920853d1,2bf856a6c49a9c38010e4b719cd3d58e50f10d0c5c7048ed32accf1d9872633f,A,L2,2.0,h42,35,35.0,295,2,0xedbc28bf50f4bc26,U0-2pi,pennylane,,,,0,test_full,1200,test,0.9675,0.9957906560348758,0.9674810080053696,0.9754762053489684,1.0185444355010986,0.0078467572803577,0.056207811922521,164,134,2565.468167079991,unknown,56488e26fdba,0.01,0.001 0.003 0.01 0.03,0.0380555555555555,30,300,1.0,,,False,,
a7_20260822T081428Z,2026-08-22T08:58:03+00:00,hyperplanes_n_features20_n_hyperplanes3_dim_hyperplanes5_seed11,4360508611e0e8963c01cd3994e98f0e069bb3b004ae6b18c71eecbf920853d1,2bf856a6c49a9c38010e4b719cd3d58e50f10d0c5c7048ed32accf1d9872633f,A,L2,2.0,h42,35,35.0,295,2,0xedbc28bf50f4bc26,U0-2pi,pennylane,,,,0,val_full,600,val,0.9583333333333334,0.992869197840641,0.9580301008116978,0.9754762053489684,1.0185444355010986,0.0078467572803577,0.056207811922521,164,134,2565.468167079991,unknown,56488e26fdba,0.01,0.001 0.003 0.01 0.03,0.0380555555555555,30,300,1.0,,,False,,
a7_20260822T081428Z,2026-08-22T08:58:11+00:00,hyperplanes_n_features20_n_hyperplanes3_dim_hyperplanes5_seed11,4360508611e0e8963c01cd3994e98f0e069bb3b004ae6b18c71eecbf920853d1,2bf856a6c49a9c38010e4b719cd3d58e50f10d0c5c7048ed32accf1d9872633f,A,L2,2.0,h42,35,35.0,295,4,0xc9f964aa2896fb2f,U0-2pi,pennylane,,,,0,test_full,1200,test,0.9583333333333334,0.9937805135733272,0.9582869855394884,0.9549999833106996,0.773091197013855,0.0041833061291178,0.3109904301718584,161,131,2547.2838427919924,unknown,56488e26fdba,0.01,0.001 0.003 0.01 0.03,0.0380555555555555,30,300,1.0,,,False,,
a7_20260822T081428Z,2026-08-22T08:58:11+00:00,hyperplanes_n_features20_n_hyperplanes3_dim_hyperplanes5_seed11,4360508611e0e8963c01cd3994e98f0e069bb3b004ae6b18c71eecbf920853d1,2bf856a6c49a9c38010e4b719cd3d58e50f10d0c5c7048ed32accf1d9872633f,A,L2,2.0,h42,35,35.0,295,4,0xc9f964aa2896fb2f,U0-2pi,pennylane,,,,0,val_full,600,val,0.9516666666666668,0.98855495076617,0.951520014711168,0.9549999833106996,0.773091197013855,0.0041833061291178,0.3109904301718584,161,131,2547.2838427919924,unknown,56488e26fdba,0.01,0.001 0.003 0.01 0.03,0.0380555555555555,30,300,1.0,,,False,,
a7_20260822T081428Z,2026-08-22T08:58:52+00:00,hyperplanes_n_features20_n_hyperplanes3_dim_hyperplanes5_seed11,4360508611e0e8963c01cd3994e98f0e069bb3b004ae6b18c71eecbf920853d1,2bf856a6c49a9c38010e4b719cd3d58e50f10d0c5c7048ed32accf1d9872633f,F,product,2.0,h42,35,20.0,295,6,0x5a38e794abf67abb,U0-2pi,pennylane,,,,0,test_full,1200,test,0.97,0.9955988167128194,0.9699435606861774,0.9804762005805968,0.6772208213806152,0.0085914077067505,0.0556736850722715,134,104,1864.0961725880045,unknown,56488e26fdba,0.01,0.001 0.003 0.01 0.03,0.0380555555555555,30,300,1.0,,,False,,
a7_20260822T081428Z,2026-08-22T08:58:52+00:00,hyperplanes_n_features20_n_hyperplanes3_dim_hyperplanes5_seed11,4360508611e0e8963c01cd3994e98f0e069bb3b004ae6b18c71eecbf920853d1,2bf856a6c49a9c38010e4b719cd3d58e50f10d0c5c7048ed32accf1d9872633f,F,product,2.0,h42,35,20.0,295,6,0x5a38e794abf67abb,U0-2pi,pennylane,,,,0,val_full,600,val,0.97,0.9931374411820588,0.9698226240904876,0.9804762005805968,0.6772208213806152,0.0085914077067505,0.0556736850722715,134,104,1864.0961725880045,unknown,56488e26fdba,0.01,0.001 0.003 0.01 0.03,0.0380555555555555,30,300,1.0,,,False,,
a7_20260822T081428Z,2026-08-22T08:59:52+00:00,hyperplanes_n_features20_n_hyperplanes3_dim_hyperplanes5_seed11,4360508611e0e8963c01cd3994e98f0e069bb3b004ae6b18c71eecbf920853d1,2bf856a6c49a9c38010e4b719cd3d58e50f10d0c5c7048ed32accf1d9872633f,F,product,2.0,linear,35,20.0,6,10,0xaf315250f59e947e,U0-2pi,pennylane,,,,0,test_full,1200,test,0.8183333333333334,0.9087817925021408,0.8171135825323896,0.8159523606300354,1.0029274225234983,0.0183469433092342,0.0327970036074063,80,50,1089.1943909779948,unknown,56488e26fdba,0.03,0.001 0.003 0.01 0.03,0.0380555555555555,30,300,1.0,,,False,,
a7_20260822T081428Z,2026-08-22T08:59:52+00:00,hyperplanes_n_features20_n_hyperplanes3_dim_hyperplanes5_seed11,4360508611e0e8963c01cd3994e98f0e069bb3b004ae6b18c71eecbf920853d1,2bf856a6c49a9c38010e4b719cd3d58e50f10d0c5c7048ed32accf1d9872633f,F,product,2.0,linear,35,20.0,6,10,0xaf315250f59e947e,U0-2pi,pennylane,,,,0,val_full,600,val,0.81,0.891372623531647,0.8031405415361945,0.8159523606300354,1.0029274225234983,0.0183469433092342,0.0327970036074063,80,50,1089.1943909779948,unknown,56488e26fdba,0.03,0.001 0.003 0.01 0.03,0.0380555555555555,30,300,1.0,,,False,,
a7_20260822T081428Z,2026-08-22T09:00:15+00:00,hyperplanes_n_features20_n_hyperplanes3_dim_hyperplanes5_seed11,4360508611e0e8963c01cd3994e98f0e069bb3b004ae6b18c71eecbf920853d1,2bf856a6c49a9c38010e4b719cd3d58e50f10d0c5c7048ed32accf1d9872633f,F,product,2.0,h2,35,20.0,15,10,0xaf315250f59e947e,U0-2pi,pennylane,,,,0,test_full,1200,test,0.8225,0.910074622716,0.8205528740675735,0.8185714483261108,0.9646266102790833,0.0031911697883806,0.0455922307720274,80,50,1104.9621088060085,unknown,56488e26fdba,0.03,0.001 0.003 0.01 0.03,0.0380555555555555,30,300,1.0,,,False,,
a7_20260822T081428Z,2026-08-22T09:00:15+00:00,hyperplanes_n_features20_n_hyperplanes3_dim_hyperplanes5_seed11,4360508611e0e8963c01cd3994e98f0e069bb3b004ae6b18c71eecbf920853d1,2bf856a6c49a9c38010e4b719cd3d58e50f10d0c5c7048ed32accf1d9872633f,F,product,2.0,h2,35,20.0,15,10,0xaf315250f59e947e,U0-2pi,pennylane,,,,0,val_full,600,val,0.82,0.8936526919336993,0.8116957840778325,0.8185714483261108,0.9646266102790833,0.0031911697883806,0.0455922307720274,80,50,1104.9621088060085,unknown,56488e26fdba,0.03,0.001 0.003 0.01 0.03,0.0380555555555555,30,300,1.0,,,False,,
a7_20260822T081428Z,2026-08-22T09:00:36+00:00,hyperplanes_n_features20_n_hyperplanes3_dim_hyperplanes5_seed11,4360508611e0e8963c01cd3994e98f0e069bb3b004ae6b18c71eecbf920853d1,2bf856a6c49a9c38010e4b719cd3d58e50f10d0c5c7048ed32accf1d9872633f,A,L1,2.0,h42,35,35.0,295,5,0x2560fc84838de57f,U0-2pi,pennylane,,,,0,test_full,1200,test,0.9541666666666668,0.9919566498737752,0.954152625908351,0.9635714292526244,0.8727469444274902,0.0024517210166425,0.0983169617121496,172,142,2686.6082639320084,unknown,56488e26fdba,0.01,0.001 0.003 0.01 0.03,0.0380555555555555,30,300,1.0,,,False,,
a7_20260822T081428Z,2026-08-22T09:00:36+00:00,hyperplanes_n_features20_n_hyperplanes3_dim_hyperplanes5_seed11,4360508611e0e8963c01cd3994e98f0e069bb3b004ae6b18c71eecbf920853d1,2bf856a6c49a9c38010e4b719cd3d58e50f10d0c5c7048ed32accf1d9872633f,A,L1,2.0,h42,35,35.0,295,5,0x2560fc84838de57f,U0-2pi,pennylane,,,,0,val_full,600,val,0.9566666666666668,0.9905555990209118,0.9562289562289562,0.9635714292526244,0.8727469444274902,0.0024517210166425,0.0983169617121496,172,142,2686.6082639320084,unknown,56488e26fdba,0.01,0.001 0.003 0.01 0.03,0.0380555555555555,30,300,1.0,,,False,,
a7_20260822T081428Z,2026-08-22T09:01:02+00:00,hyperplanes_n_features20_n_hyperplanes3_dim_hyperplanes5_seed11,4360508611e0e8963c01cd3994e98f0e069bb3b004ae6b18c71eecbf920853d1,2bf856a6c49a9c38010e4b719cd3d58e50f10d0c5c7048ed32accf1d9872633f,A,L2,2.0,h2,35,35.0,15,10,0xca03f308d3264644,U0-2pi,pennylane,,,,0,test_full,1200,test,0.835,0.923789744103026,0.8334436231900313,0.8392857313156128,1.081363081932068,0.0044955071834294,0.0621998799985293,80,50,1214.3067787100008,unknown,56488e26fdba,0.03,0.001 0.003 0.01 0.03,0.0380555555555555,30,300,1.0,,,False,,
a7_20260822T081428Z,2026-08-22T09:01:02+00:00,hyperplanes_n_features20_n_hyperplanes3_dim_hyperplanes5_seed11,4360508611e0e8963c01cd3994e98f0e069bb3b004ae6b18c71eecbf920853d1,2bf856a6c49a9c38010e4b719cd3d58e50f10d0c5c7048ed32accf1d9872633f,A,L2,2.0,h2,35,35.0,15,10,0xca03f308d3264644,U0-2pi,pennylane,,,,0,val_full,600,val,0.8283333333333334,0.9091437449005824,0.8200134553047976,0.8392857313156128,1.081363081932068,0.0044955071834294,0.0621998799985293,80,50,1214.3067787100008,unknown,56488e26fdba,0.03,0.001 0.003 0.01 0.03,0.0380555555555555,30,300,1.0,,,False,,
a7_20260822T081428Z,2026-08-22T09:01:26+00:00,hyperplanes_n_features20_n_hyperplanes3_dim_hyperplanes5_seed11,4360508611e0e8963c01cd3994e98f0e069bb3b004ae6b18c71eecbf920853d1,2bf856a6c49a9c38010e4b719cd3d58e50f10d0c5c7048ed32accf1d9872633f,A,L2,2.0,h4,35,35.0,29,10,0xca03f308d3264644,U0-2pi,pennylane,,,,0,test_full,1200,test,0.8133333333333334,0.9153863477129416,0.8126589053927473,0.8138095140457153,0.7435636520385742,0.0223545082974207,0.050916519237265,80,50,1215.3010485999985,unknown,56488e26fdba,0.03,0.001 0.003 0.01 0.03,0.0380555555555555,30,300,1.0,,,False,,
a7_20260822T081428Z,2026-08-22T09:01:26+00:00,hyperplanes_n_features20_n_hyperplanes3_dim_hyperplanes5_seed11,4360508611e0e8963c01cd3994e98f0e069bb3b004ae6b18c71eecbf920853d1,2bf856a6c49a9c38010e4b719cd3d58e50f10d0c5c7048ed32accf1d9872633f,A,L2,2.0,h4,35,35.0,29,10,0xca03f308d3264644,U0-2pi,pennylane,,,,0,val_full,600,val,0.8133333333333334,0.8897743402890322,0.8075513196480939,0.8138095140457153,0.7435636520385742,0.0223545082974207,0.050916519237265,80,50,1215.3010485999985,unknown,56488e26fdba,0.03,0.001 0.003 0.01 0.03,0.0380555555555555,30,300,1.0,,,False,,
a7_20260822T081428Z,2026-08-22T09:01:59+00:00,hyperplanes_n_features20_n_hyperplanes3_dim_hyperplanes5_seed11,4360508611e0e8963c01cd3994e98f0e069bb3b004ae6b18c71eecbf920853d1,2bf856a6c49a9c38010e4b719cd3d58e50f10d0c5c7048ed32accf1d9872633f,A,L1,2.0,linear,35,35.0,6,10,0x7a100d81f77e2599,U0-2pi,pennylane,,,,0,test_full,1200,test,0.8316666666666667,0.915523971574417,0.8294763855747151,0.8385714292526245,0.951457381248474,0.0283743762486511,0.057031809604314,89,59,1378.2597024650022,unknown,56488e26fdba,0.03,0.001 0.003 0.01 0.03,0.0380555555555555,30,300,1.0,,,False,,
a7_20260822T081428Z,2026-08-22T09:01:59+00:00,hyperplanes_n_features20_n_hyperplanes3_dim_hyperplanes5_seed11,4360508611e0e8963c01cd3994e98f0e069bb3b004ae6b18c71eecbf920853d1,2bf856a6c49a9c38010e4b719cd3d58e50f10d0c5c7048ed32accf1d9872633f,A,L1,2.0,linear,35,35.0,6,10,0x7a100d81f77e2599,U0-2pi,pennylane,,,,0,val_full,600,val,0.83,0.8981345910965565,0.8213535098781,0.8385714292526245,0.951457381248474,0.0283743762486511,0.057031809604314,89,59,1378.2597024650022,unknown,56488e26fdba,0.03,0.001 0.003 0.01 0.03,0.0380555555555555,30,300,1.0,,,False,,
a7_20260822T081428Z,2026-08-22T09:02:10+00:00,hyperplanes_n_features20_n_hyperplanes3_dim_hyperplanes5_seed11,4360508611e0e8963c01cd3994e98f0e069bb3b004ae6b18c71eecbf920853d1,2bf856a6c49a9c38010e4b719cd3d58e50f10d0c5c7048ed32accf1d9872633f,F,product,2.0,h4,35,20.0,29,9,0x7545af47d8de3bdf,U0-2pi,pennylane,,,,0,test_full,1200,test,0.8766666666666667,0.9579649462293842,0.8766666666666667,0.8823809623718262,0.7841928601264954,0.016046334626814,0.0621028228223373,103,73,1416.8197208700003,unknown,56488e26fdba,0.03,0.001 0.003 0.01 0.03,0.0380555555555555,30,300,1.0,,,False,,
a7_20260822T081428Z,2026-08-22T09:02:10+00:00,hyperplanes_n_features20_n_hyperplanes3_dim_hyperplanes5_seed11,4360508611e0e8963c01cd3994e98f0e069bb3b004ae6b18c71eecbf920853d1,2bf856a6c49a9c38010e4b719cd3d58e50f10d0c5c7048ed32accf1d9872633f,F,product,2.0,h4,35,20.0,29,9,0x7545af47d8de3bdf,U0-2pi,pennylane,,,,0,val_full,600,val,0.8966666666666666,0.9549351186417944,0.8956228956228955,0.8823809623718262,0.7841928601264954,0.016046334626814,0.0621028228223373,103,73,1416.8197208700003,unknown,56488e26fdba,0.03,0.001 0.003 0.01 0.03,0.0380555555555555,30,300,1.0,,,False,,
a7_20260822T081428Z,2026-08-22T09:02:24+00:00,hyperplanes_n_features20_n_hyperplanes3_dim_hyperplanes5_seed11,4360508611e0e8963c01cd3994e98f0e069bb3b004ae6b18c71eecbf920853d1,2bf856a6c49a9c38010e4b719cd3d58e50f10d0c5c7048ed32accf1d9872633f,A,L1,2.0,h4,35,35.0,29,10,0x7a100d81f77e2599,U0-2pi,pennylane,,,,0,test_full,1200,test,0.8258333333333333,0.9172922296733728,0.8243843825339485,0.8269047737121582,0.9836470484733582,0.0281217299389244,0.1912390828301278,92,62,1402.5187887899956,unknown,56488e26fdba,0.03,0.001 0.003 0.01 0.03,0.0380555555555555,30,300,1.0,,,False,,
a7_20260822T081428Z,2026-08-22T09:02:24+00:00,hyperplanes_n_features20_n_hyperplanes3_dim_hyperplanes5_seed11,4360508611e0e8963c01cd3994e98f0e069bb3b004ae6b18c71eecbf920853d1,2bf856a6c49a9c38010e4b719cd3d58e50f10d0c5c7048ed32accf1d9872633f,A,L1,2.0,h4,35,35.0,29,10,0x7a100d81f77e2599,U0-2pi,pennylane,,,,0,val_full,600,val,0.825,0.8996658135038168,0.8175811257271419,0.8269047737121582,0.9836470484733582,0.0281217299389244,0.1912390828301278,92,62,1402.5187887899956,unknown,56488e26fdba,0.03,0.001 0.003 0.01 0.03,0.0380555555555555,30,300,1.0,,,False,,
a7_20260822T081428Z,2026-08-22T09:02:52+00:00,hyperplanes_n_features20_n_hyperplanes3_dim_hyperplanes5_seed11,4360508611e0e8963c01cd3994e98f0e069bb3b004ae6b18c71eecbf920853d1,2bf856a6c49a9c38010e4b719cd3d58e50f10d0c5c7048ed32accf1d9872633f,A,L2,2.0,h42,35,35.0,295,6,0xfed8b00a5c8d996d,U0-2pi,pennylane,,,,0,test_full,1200,test,0.9616666666666668,0.993966792335324,0.9616513271975458,0.9685714244842528,0.9988818168640136,0.0105374416342108,0.2041208067291386,138,108,2164.574994334005,unknown,56488e26fdba,0.01,0.001 0.003 0.01 0.03,0.0380555555555555,30,300,1.0,,,False,,
a7_20260822T081428Z,2026-08-22T09:02:52+00:00,hyperplanes_n_features20_n_hyperplanes3_dim_hyperplanes5_seed11,4360508611e0e8963c01cd3994e98f0e069bb3b004ae6b18c71eecbf920853d1,2bf856a6c49a9c38010e4b719cd3d58e50f10d0c5c7048ed32accf1d9872633f,A,L2,2.0,h42,35,35.0,295,6,0xfed8b00a5c8d996d,U0-2pi,pennylane,,,,0,val_full,600,val,0.955,0.9929250818701032,0.9546725088766336,0.9685714244842528,0.9988818168640136,0.0105374416342108,0.2041208067291386,138,108,2164.574994334005,unknown,56488e26fdba,0.01,0.001 0.003 0.01 0.03,0.0380555555555555,30,300,1.0,,,False,,
a7_20260822T081428Z,2026-08-22T09:04:24+00:00,hyperplanes_n_features20_n_hyperplanes3_dim_hyperplanes5_seed11,4360508611e0e8963c01cd3994e98f0e069bb3b004ae6b18c71eecbf920853d1,2bf856a6c49a9c38010e4b719cd3d58e50f10d0c5c7048ed32accf1d9872633f,F,product,2.0,h42,35,20.0,295,9,0x7545af47d8de3bdf,U0-2pi,pennylane,,,,0,test_full,1200,test,0.97,0.9956377406332366,0.9699632049260344,0.9830952286720276,0.6683828830718994,0.0119196403667011,0.0340637624332441,113,83,1546.391350052014,unknown,56488e26fdba,0.01,0.001 0.003 0.01 0.03,0.0380555555555555,30,300,1.0,,,False,,
a7_20260822T081428Z,2026-08-22T09:04:24+00:00,hyperplanes_n_features20_n_hyperplanes3_dim_hyperplanes5_seed11,4360508611e0e8963c01cd3994e98f0e069bb3b004ae6b18c71eecbf920853d1,2bf856a6c49a9c38010e4b719cd3d58e50f10d0c5c7048ed32accf1d9872633f,F,product,2.0,h42,35,20.0,295,9,0x7545af47d8de3bdf,U0-2pi,pennylane,,,,0,val_full,600,val,0.9733333333333334,0.9920085837869256,0.973161567364466,0.9830952286720276,0.6683828830718994,0.0119196403667011,0.0340637624332441,113,83,1546.391350052014,unknown,56488e26fdba,0.01,0.001 0.003 0.01 0.03,0.0380555555555555,30,300,1.0,,,False,,
a7_20260822T081428Z,2026-08-22T09:04:41+00:00,hyperplanes_n_features20_n_hyperplanes3_dim_hyperplanes5_seed11,4360508611e0e8963c01cd3994e98f0e069bb3b004ae6b18c71eecbf920853d1,2bf856a6c49a9c38010e4b719cd3d58e50f10d0c5c7048ed32accf1d9872633f,A,L1,2.0,h4,35,35.0,29,9,0x6714fd5b78bd8a7d,U0-2pi,pennylane,,,,0,test_full,1200,test,0.8441666666666666,0.9358645002724676,0.8440339872460947,0.8495237827301025,1.1089003086090088,0.0208567844768102,0.0738675627754437,116,86,1768.4514144540008,unknown,56488e26fdba,0.03,0.001 0.003 0.01 0.03,0.0380555555555555,30,300,1.0,,,False,,
a7_20260822T081428Z,2026-08-22T09:04:41+00:00,hyperplanes_n_features20_n_hyperplanes3_dim_hyperplanes5_seed11,4360508611e0e8963c01cd3994e98f0e069bb3b004ae6b18c71eecbf920853d1,2bf856a6c49a9c38010e4b719cd3d58e50f10d0c5c7048ed32accf1d9872633f,A,L1,2.0,h4,35,35.0,29,9,0x6714fd5b78bd8a7d,U0-2pi,pennylane,,,,0,val_full,600,val,0.8516666666666667,0.9227570944775404,0.8478524111403947,0.8495237827301025,1.1089003086090088,0.0208567844768102,0.0738675627754437,116,86,1768.4514144540008,unknown,56488e26fdba,0.03,0.001 0.003 0.01 0.03,0.0380555555555555,30,300,1.0,,,False,,
a7_20260822T081428Z,2026-08-22T09:04:47+00:00,hyperplanes_n_features20_n_hyperplanes3_dim_hyperplanes5_seed11,4360508611e0e8963c01cd3994e98f0e069bb3b004ae6b18c71eecbf920853d1,2bf856a6c49a9c38010e4b719cd3d58e50f10d0c5c7048ed32accf1d9872633f,A,L1,2.0,h42,35,35.0,295,10,0x7a100d81f77e2599,U0-2pi,pennylane,,,,0,test_full,1200,test,0.9708333333333332,0.9959268897563364,0.970802493467058,0.9795238375663756,0.7411842346191406,0.0032925148696393,0.0988185143826701,98,68,1474.8231259599995,unknown,56488e26fdba,0.01,0.001 0.003 0.01 0.03,0.0380555555555555,30,300,1.0,,,False,,
a7_20260822T081428Z,2026-08-22T09:04:47+00:00,hyperplanes_n_features20_n_hyperplanes3_dim_hyperplanes5_seed11,4360508611e0e8963c01cd3994e98f0e069bb3b004ae6b18c71eecbf920853d1,2bf856a6c49a9c38010e4b719cd3d58e50f10d0c5c7048ed32accf1d9872633f,A,L1,2.0,h42,35,35.0,295,10,0x7a100d81f77e2599,U0-2pi,pennylane,,,,0,val_full,600,val,0.975,0.9933162700763376,0.9748033965021516,0.9795238375663756,0.7411842346191406,0.0032925148696393,0.0988185143826701,98,68,1474.8231259599995,unknown,56488e26fdba,0.01,0.001 0.003 0.01 0.03,0.0380555555555555,30,300,1.0,,,False,,
a7_20260822T081428Z,2026-08-22T09:05:03+00:00,hyperplanes_n_features20_n_hyperplanes3_dim_hyperplanes5_seed11,4360508611e0e8963c01cd3994e98f0e069bb3b004ae6b18c71eecbf920853d1,2bf856a6c49a9c38010e4b719cd3d58e50f10d0c5c7048ed32accf1d9872633f,A,L2,2.0,h42,35,35.0,295,8,0x3c7362638e9ada30,U0-2pi,pennylane,,,,0,test_full,1200,test,0.9675,0.9956905659538028,0.9674934761212494,0.9785714149475098,0.6862096786499023,0.0099278220620257,0.0501783274071578,127,97,1949.7234296899987,unknown,56488e26fdba,0.01,0.001 0.003 0.01 0.03,0.0380555555555555,30,300,1.0,,,False,,
a7_20260822T081428Z,2026-08-22T09:05:03+00:00,hyperplanes_n_features20_n_hyperplanes3_dim_hyperplanes5_seed11,4360508611e0e8963c01cd3994e98f0e069bb3b004ae6b18c71eecbf920853d1,2bf856a6c49a9c38010e4b719cd3d58e50f10d0c5c7048ed32accf1d9872633f,A,L2,2.0,h42,35,35.0,295,8,0x3c7362638e9ada30,U0-2pi,pennylane,,,,0,val_full,600,val,0.9666666666666668,0.9944339506655788,0.966394461807306,0.9785714149475098,0.6862096786499023,0.0099278220620257,0.0501783274071578,127,97,1949.7234296899987,unknown,56488e26fdba,0.01,0.001 0.003 0.01 0.03,0.0380555555555555,30,300,1.0,,,False,,
a7_20260822T081428Z,2026-08-22T09:07:19+00:00,hyperplanes_n_features20_n_hyperplanes3_dim_hyperplanes5_seed11,4360508611e0e8963c01cd3994e98f0e069bb3b004ae6b18c71eecbf920853d1,2bf856a6c49a9c38010e4b719cd3d58e50f10d0c5c7048ed32accf1d9872633f,F,product,2.0,h42,35,20.0,295,7,0x9bb488a3f99e440c,U0-2pi,pennylane,,,,0,test_full,1200,test,0.9666666666666668,0.99644402184188,0.9666485086324776,0.9864285588264464,0.7005970478057861,0.0145422029063901,0.0367998127180658,162,132,2201.741197869007,unknown,56488e26fdba,0.01,0.001 0.003 0.01 0.03,0.0380555555555555,30,300,1.0,,,False,,
a7_20260822T081428Z,2026-08-22T09:07:19+00:00,hyperplanes_n_features20_n_hyperplanes3_dim_hyperplanes5_seed11,4360508611e0e8963c01cd3994e98f0e069bb3b004ae6b18c71eecbf920853d1,2bf856a6c49a9c38010e4b719cd3d58e50f10d0c5c7048ed32accf1d9872633f,F,product,2.0,h42,35,20.0,295,7,0x9bb488a3f99e440c,U0-2pi,pennylane,,,,0,val_full,600,val,0.9733333333333334,0.9940204088475596,0.9730989956958394,0.9864285588264464,0.7005970478057861,0.0145422029063901,0.0367998127180658,162,132,2201.741197869007,unknown,56488e26fdba,0.01,0.001 0.003 0.01 0.03,0.0380555555555555,30,300,1.0,,,False,,
a7_20260822T081428Z,2026-08-22T09:07:57+00:00,hyperplanes_n_features20_n_hyperplanes3_dim_hyperplanes5_seed11,4360508611e0e8963c01cd3994e98f0e069bb3b004ae6b18c71eecbf920853d1,2bf856a6c49a9c38010e4b719cd3d58e50f10d0c5c7048ed32accf1d9872633f,A,L2,2.0,h42,35,35.0,295,9,0x37a73ff05100a2cc,U0-2pi,pennylane,,,,0,test_full,1200,test,0.9383333333333334,0.9865351038156562,0.9382997409700836,0.935952365398407,0.7360531687736511,0.0100228920471293,0.0304546348262799,119,89,1795.1260086580005,unknown,56488e26fdba,0.01,0.001 0.003 0.01 0.03,0.0380555555555555,30,300,1.0,,,False,,
a7_20260822T081428Z,2026-08-22T09:07:57+00:00,hyperplanes_n_features20_n_hyperplanes3_dim_hyperplanes5_seed11,4360508611e0e8963c01cd3994e98f0e069bb3b004ae6b18c71eecbf920853d1,2bf856a6c49a9c38010e4b719cd3d58e50f10d0c5c7048ed32accf1d9872633f,A,L2,2.0,h42,35,35.0,295,9,0x37a73ff05100a2cc,U0-2pi,pennylane,,,,0,val_full,600,val,0.9383333333333334,0.9792446714577908,0.9378107710623992,0.935952365398407,0.7360531687736511,0.0100228920471293,0.0304546348262799,119,89,1795.1260086580005,unknown,56488e26fdba,0.01,0.001 0.003 0.01 0.03,0.0380555555555555,30,300,1.0,,,False,,
a7_20260822T081428Z,2026-08-22T09:09:17+00:00,hyperplanes_n_features20_n_hyperplanes3_dim_hyperplanes5_seed11,4360508611e0e8963c01cd3994e98f0e069bb3b004ae6b18c71eecbf920853d1,2bf856a6c49a9c38010e4b719cd3d58e50f10d0c5c7048ed32accf1d9872633f,A,L1,2.0,h2,35,35.0,15,10,0x7a100d81f77e2599,U0-2pi,pennylane,,,,0,test_full,1200,test,0.8375,0.9139558936376072,0.8359404085083828,0.8361904621124268,1.1404523849487305,0.0022634148032338,0.0525164751232166,121,91,1815.5689442550065,unknown,56488e26fdba,0.03,0.001 0.003 0.01 0.03,0.0380555555555555,30,300,1.0,,,False,,
a7_20260822T081428Z,2026-08-22T09:09:17+00:00,hyperplanes_n_features20_n_hyperplanes3_dim_hyperplanes5_seed11,4360508611e0e8963c01cd3994e98f0e069bb3b004ae6b18c71eecbf920853d1,2bf856a6c49a9c38010e4b719cd3d58e50f10d0c5c7048ed32accf1d9872633f,A,L1,2.0,h2,35,35.0,15,10,0x7a100d81f77e2599,U0-2pi,pennylane,,,,0,val_full,600,val,0.83,0.894435068346168,0.8229166666666666,0.8361904621124268,1.1404523849487305,0.0022634148032338,0.0525164751232166,121,91,1815.5689442550065,unknown,56488e26fdba,0.03,0.001 0.003 0.01 0.03,0.0380555555555555,30,300,1.0,,,False,,
a7_20260822T081428Z,2026-08-22T09:09:44+00:00,hyperplanes_n_features20_n_hyperplanes3_dim_hyperplanes5_seed11,4360508611e0e8963c01cd3994e98f0e069bb3b004ae6b18c71eecbf920853d1,2bf856a6c49a9c38010e4b719cd3d58e50f10d0c5c7048ed32accf1d9872633f,A,L2,2.0,h42,35,35.0,295,3,0xdec7e07515164a44,U0-2pi,pennylane,,,,0,test_full,1200,test,0.97,0.9963355909207176,0.9699558517933295,0.9842857122421264,1.0167139768600464,0.008456105706972,0.1894268347572325,208,178,3266.360688073008,unknown,56488e26fdba,0.01,0.001 0.003 0.01 0.03,0.0380555555555555,30,300,1.0,,,False,,
a7_20260822T081428Z,2026-08-22T09:09:44+00:00,hyperplanes_n_features20_n_hyperplanes3_dim_hyperplanes5_seed11,4360508611e0e8963c01cd3994e98f0e069bb3b004ae6b18c71eecbf920853d1,2bf856a6c49a9c38010e4b719cd3d58e50f10d0c5c7048ed32accf1d9872633f,A,L2,2.0,h42,35,35.0,295,3,0xdec7e07515164a44,U0-2pi,pennylane,,,,0,val_full,600,val,0.98,0.996311654055504,0.9798711755233496,0.9842857122421264,1.0167139768600464,0.008456105706972,0.1894268347572325,208,178,3266.360688073008,unknown,56488e26fdba,0.01,0.001 0.003 0.01 0.03,0.0380555555555555,30,300,1.0,,,False,,
a7_20260822T081428Z,2026-08-22T09:09:49+00:00,hyperplanes_n_features20_n_hyperplanes3_dim_hyperplanes5_seed11,4360508611e0e8963c01cd3994e98f0e069bb3b004ae6b18c71eecbf920853d1,2bf856a6c49a9c38010e4b719cd3d58e50f10d0c5c7048ed32accf1d9872633f,A,L1,2.0,h42,35,35.0,295,9,0x6714fd5b78bd8a7d,U0-2pi,pennylane,,,,0,test_full,1200,test,0.97,0.9966942470445624,0.9699519230769232,0.9840475916862488,0.6475235819816589,0.0097507350647623,0.0425557482417892,141,111,2070.321889834988,unknown,56488e26fdba,0.01,0.001 0.003 0.01 0.03,0.0380555555555555,30,300,1.0,,,False,,
a7_20260822T081428Z,2026-08-22T09:09:49+00:00,hyperplanes_n_features20_n_hyperplanes3_dim_hyperplanes5_seed11,4360508611e0e8963c01cd3994e98f0e069bb3b004ae6b18c71eecbf920853d1,2bf856a6c49a9c38010e4b719cd3d58e50f10d0c5c7048ed32accf1d9872633f,A,L1,2.0,h42,35,35.0,295,9,0x6714fd5b78bd8a7d,U0-2pi,pennylane,,,,0,val_full,600,val,0.975,0.994657486783427,0.9748585795097424,0.9840475916862488,0.6475235819816589,0.0097507350647623,0.0425557482417892,141,111,2070.321889834988,unknown,56488e26fdba,0.01,0.001 0.003 0.01 0.03,0.0380555555555555,30,300,1.0,,,False,,
a7_20260822T081428Z,2026-08-22T09:12:41+00:00,hyperplanes_n_features20_n_hyperplanes3_dim_hyperplanes5_seed11,4360508611e0e8963c01cd3994e98f0e069bb3b004ae6b18c71eecbf920853d1,2bf856a6c49a9c38010e4b719cd3d58e50f10d0c5c7048ed32accf1d9872633f,A,L1,2.0,h42,35,35.0,295,7,0xd86bbfc3a6142e24,U0-2pi,pennylane,,,,0,test_full,1200,test,0.9316666666666666,0.983604688664242,0.9316659073989711,0.9416666626930236,0.7416992783546448,0.0117701021084032,0.2422420957358344,176,146,2657.0925189889967,unknown,56488e26fdba,0.01,0.001 0.003 0.01 0.03,0.0380555555555555,30,300,1.0,,,False,,
a7_20260822T081428Z,2026-08-22T09:12:41+00:00,hyperplanes_n_features20_n_hyperplanes3_dim_hyperplanes5_seed11,4360508611e0e8963c01cd3994e98f0e069bb3b004ae6b18c71eecbf920853d1,2bf856a6c49a9c38010e4b719cd3d58e50f10d0c5c7048ed32accf1d9872633f,A,L1,2.0,h42,35,35.0,295,7,0xd86bbfc3a6142e24,U0-2pi,pennylane,,,,0,val_full,600,val,0.9416666666666668,0.9832012607437046,0.9407901971122532,0.9416666626930236,0.7416992783546448,0.0117701021084032,0.2422420957358344,176,146,2657.0925189889967,unknown,56488e26fdba,0.01,0.001 0.003 0.01 0.03,0.0380555555555555,30,300,1.0,,,False,,
a7_20260822T081428Z,2026-08-22T09:13:35+00:00,hyperplanes_n_features20_n_hyperplanes3_dim_hyperplanes5_seed11,4360508611e0e8963c01cd3994e98f0e069bb3b004ae6b18c71eecbf920853d1,2bf856a6c49a9c38010e4b719cd3d58e50f10d0c5c7048ed32accf1d9872633f,A,L1,2.0,h4,35,35.0,29,5,0x2560fc84838de57f,U0-2pi,pennylane,,,,0,test_full,1200,test,0.9316666666666666,0.98320988890001,0.9316436913518156,0.932619035243988,1.1715221405029297,0.0092065021069072,0.7299069240470842,228,198,3464.982388154007,unknown,56488e26fdba,0.03,0.001 0.003 0.01 0.03,0.0380555555555555,30,300,1.0,,,False,,
a7_20260822T081428Z,2026-08-22T09:13:35+00:00,hyperplanes_n_features20_n_hyperplanes3_dim_hyperplanes5_seed11,4360508611e0e8963c01cd3994e98f0e069bb3b004ae6b18c71eecbf920853d1,2bf856a6c49a9c38010e4b719cd3d58e50f10d0c5c7048ed32accf1d9872633f,A,L1,2.0,h4,35,35.0,29,5,0x2560fc84838de57f,U0-2pi,pennylane,,,,0,val_full,600,val,0.9116666666666666,0.97266153278716,0.9110735768276756,0.932619035243988,1.1715221405029297,0.0092065021069072,0.7299069240470842,228,198,3464.982388154007,unknown,56488e26fdba,0.03,0.001 0.003 0.01 0.03,0.0380555555555555,30,300,1.0,,,False,,
a7_20260822T081428Z,2026-08-22T09:15:02+00:00,hyperplanes_n_features20_n_hyperplanes3_dim_hyperplanes5_seed11,4360508611e0e8963c01cd3994e98f0e069bb3b004ae6b18c71eecbf920853d1,2bf856a6c49a9c38010e4b719cd3d58e50f10d0c5c7048ed32accf1d9872633f,A,L2,2.0,h42,35,35.0,295,7,0x93234eaab96b5658,U0-2pi,pennylane,,,,0,test_full,1200,test,0.9575,0.9948398002646828,0.9574869803877436,0.9685714244842528,0.6783566474914551,0.0094557831370348,0.4518280261263604,182,152,2748.9385000910115,unknown,56488e26fdba,0.01,0.001 0.003 0.01 0.03,0.0380555555555555,30,300,1.0,,,False,,
a7_20260822T081428Z,2026-08-22T09:15:02+00:00,hyperplanes_n_features20_n_hyperplanes3_dim_hyperplanes5_seed11,4360508611e0e8963c01cd3994e98f0e069bb3b004ae6b18c71eecbf920853d1,2bf856a6c49a9c38010e4b719cd3d58e50f10d0c5c7048ed32accf1d9872633f,A,L2,2.0,h42,35,35.0,295,7,0x93234eaab96b5658,U0-2pi,pennylane,,,,0,val_full,600,val,0.9633333333333334,0.9934056845234768,0.9629874718200068,0.9685714244842528,0.6783566474914551,0.0094557831370348,0.4518280261263604,182,152,2748.9385000910115,unknown,56488e26fdba,0.01,0.001 0.003 0.01 0.03,0.0380555555555555,30,300,1.0,,,False,,
a7_20260822T081428Z,2026-08-22T09:16:20+00:00,hyperplanes_n_features20_n_hyperplanes3_dim_hyperplanes5_seed11,4360508611e0e8963c01cd3994e98f0e069bb3b004ae6b18c71eecbf920853d1,2bf856a6c49a9c38010e4b719cd3d58e50f10d0c5c7048ed32accf1d9872633f,A,L2,2.0,h4,35,35.0,29,8,0x3c7362638e9ada30,U0-2pi,pennylane,,,,0,test_full,1200,test,0.9316666666666666,0.9818586728055247,0.9316659073989711,0.9300000071525574,0.9310064911842346,0.0355860489825929,0.2080311276541328,175,145,2674.719750905002,unknown,56488e26fdba,0.03,0.001 0.003 0.01 0.03,0.0380555555555555,30,300,1.0,,,False,,
a7_20260822T081428Z,2026-08-22T09:16:20+00:00,hyperplanes_n_features20_n_hyperplanes3_dim_hyperplanes5_seed11,4360508611e0e8963c01cd3994e98f0e069bb3b004ae6b18c71eecbf920853d1,2bf856a6c49a9c38010e4b719cd3d58e50f10d0c5c7048ed32accf1d9872633f,A,L2,2.0,h4,35,35.0,29,8,0x3c7362638e9ada30,U0-2pi,pennylane,,,,0,val_full,600,val,0.93,0.977165785561802,0.9291426257718391,0.9300000071525574,0.9310064911842346,0.0355860489825929,0.2080311276541328,175,145,2674.719750905002,unknown,56488e26fdba,0.03,0.001 0.003 0.01 0.03,0.0380555555555555,30,300,1.0,,,False,,
a7_20260822T081428Z,2026-08-22T09:17:13+00:00,hyperplanes_n_features20_n_hyperplanes3_dim_hyperplanes5_seed11,4360508611e0e8963c01cd3994e98f0e069bb3b004ae6b18c71eecbf920853d1,2bf856a6c49a9c38010e4b719cd3d58e50f10d0c5c7048ed32accf1d9872633f,F,product,2.0,h42,35,20.0,295,10,0xaf315250f59e947e,U0-2pi,pennylane,,,,0,test_full,1200,test,0.9708333333333332,0.9960575629177372,0.970802493467058,0.9828571677207948,0.7030476927757263,0.0060999798286686,0.1695494230540827,163,133,2098.2311578920053,unknown,56488e26fdba,0.01,0.001 0.003 0.01 0.03,0.0380555555555555,30,300,1.0,,,False,,
a7_20260822T081428Z,2026-08-22T09:17:13+00:00,hyperplanes_n_features20_n_hyperplanes3_dim_hyperplanes5_seed11,4360508611e0e8963c01cd3994e98f0e069bb3b004ae6b18c71eecbf920853d1,2bf856a6c49a9c38010e4b719cd3d58e50f10d0c5c7048ed32accf1d9872633f,F,product,2.0,h42,35,20.0,295,10,0xaf315250f59e947e,U0-2pi,pennylane,,,,0,val_full,600,val,0.97,0.9950263213778768,0.9697902097902098,0.9828571677207948,0.7030476927757263,0.0060999798286686,0.1695494230540827,163,133,2098.2311578920053,unknown,56488e26fdba,0.01,0.001 0.003 0.01 0.03,0.0380555555555555,30,300,1.0,,,False,,
a7_20260822T081428Z,2026-08-22T09:17:55+00:00,hyperplanes_n_features20_n_hyperplanes3_dim_hyperplanes5_seed11,4360508611e0e8963c01cd3994e98f0e069bb3b004ae6b18c71eecbf920853d1,2bf856a6c49a9c38010e4b719cd3d58e50f10d0c5c7048ed32accf1d9872633f,A,L1,2.0,h4,35,35.0,29,1,0x1ddc9c443a3565bb,U0-2pi,pennylane,,,,0,test_full,1200,test,0.9525,0.9879030015903202,0.952494424692898,0.950952410697937,1.0952237844467163,0.0050670920172768,0.4059945278218241,243,213,3758.114478174,unknown,56488e26fdba,0.03,0.001 0.003 0.01 0.03,0.0380555555555555,30,300,1.0,,,False,,
a7_20260822T081428Z,2026-08-22T09:17:55+00:00,hyperplanes_n_features20_n_hyperplanes3_dim_hyperplanes5_seed11,4360508611e0e8963c01cd3994e98f0e069bb3b004ae6b18c71eecbf920853d1,2bf856a6c49a9c38010e4b719cd3d58e50f10d0c5c7048ed32accf1d9872633f,A,L1,2.0,h4,35,35.0,29,1,0x1ddc9c443a3565bb,U0-2pi,pennylane,,,,0,val_full,600,val,0.9533333333333334,0.9849671960747056,0.95282965891351,0.950952410697937,1.0952237844467163,0.0050670920172768,0.4059945278218241,243,213,3758.114478174,unknown,56488e26fdba,0.03,0.001 0.003 0.01 0.03,0.0380555555555555,30,300,1.0,,,False,,
a7_20260822T081428Z,2026-08-22T09:19:24+00:00,hyperplanes_n_features20_n_hyperplanes3_dim_hyperplanes5_seed11,4360508611e0e8963c01cd3994e98f0e069bb3b004ae6b18c71eecbf920853d1,2bf856a6c49a9c38010e4b719cd3d58e50f10d0c5c7048ed32accf1d9872633f,A,L2,2.0,h42,35,35.0,295,10,0xca03f308d3264644,U0-2pi,pennylane,,,,0,test_full,1200,test,0.965,0.9959936164770516,0.9649484937588846,0.9766666889190674,0.6209827661514282,0.0026827887109667,0.1320273604151339,155,125,2287.672211388999,unknown,56488e26fdba,0.01,0.001 0.003 0.01 0.03,0.0380555555555555,30,300,1.0,,,False,,
a7_20260822T081428Z,2026-08-22T09:19:25+00:00,hyperplanes_n_features20_n_hyperplanes3_dim_hyperplanes5_seed11,4360508611e0e8963c01cd3994e98f0e069bb3b004ae6b18c71eecbf920853d1,2bf856a6c49a9c38010e4b719cd3d58e50f10d0c5c7048ed32accf1d9872633f,A,L2,2.0,h42,35,35.0,295,10,0xca03f308d3264644,U0-2pi,pennylane,,,,0,val_full,600,val,0.9766666666666668,0.9967810799029851,0.9765163714439076,0.9766666889190674,0.6209827661514282,0.0026827887109667,0.1320273604151339,155,125,2287.672211388999,unknown,56488e26fdba,0.01,0.001 0.003 0.01 0.03,0.0380555555555555,30,300,1.0,,,False,,
a7_20260822T081428Z,2026-08-22T09:24:14+00:00,hyperplanes_n_features20_n_hyperplanes3_dim_hyperplanes5_seed11,4360508611e0e8963c01cd3994e98f0e069bb3b004ae6b18c71eecbf920853d1,2bf856a6c49a9c38010e4b719cd3d58e50f10d0c5c7048ed32accf1d9872633f,F,product,2.0,h4,35,20.0,29,7,0x9bb488a3f99e440c,U0-2pi,pennylane,,,,0,test_full,1200,test,0.9558333333333332,0.9845638852745248,0.9558296217946092,0.9528571367263794,0.9491483569145204,0.0094298320217372,0.4010868079607543,240,210,3242.069594125001,unknown,56488e26fdba,0.03,0.001 0.003 0.01 0.03,0.0380555555555555,30,300,1.0,,,False,,
a7_20260822T081428Z,2026-08-22T09:24:14+00:00,hyperplanes_n_features20_n_hyperplanes3_dim_hyperplanes5_seed11,4360508611e0e8963c01cd3994e98f0e069bb3b004ae6b18c71eecbf920853d1,2bf856a6c49a9c38010e4b719cd3d58e50f10d0c5c7048ed32accf1d9872633f,F,product,2.0,h4,35,20.0,29,7,0x9bb488a3f99e440c,U0-2pi,pennylane,,,,0,val_full,600,val,0.9516666666666668,0.980088520302668,0.95122648570011,0.9528571367263794,0.9491483569145204,0.0094298320217372,0.4010868079607543,240,210,3242.069594125001,unknown,56488e26fdba,0.03,0.001 0.003 0.01 0.03,0.0380555555555555,30,300,1.0,,,False,,
a7_20260822T081428Z,2026-08-22T09:27:02+00:00,hyperplanes_n_features20_n_hyperplanes3_dim_hyperplanes5_seed11,4360508611e0e8963c01cd3994e98f0e069bb3b004ae6b18c71eecbf920853d1,2bf856a6c49a9c38010e4b719cd3d58e50f10d0c5c7048ed32accf1d9872633f,A,L1,2.0,h4,35,35.0,29,8,0xe2c241f58beaa0b8,U0-2pi,pennylane,,,,0,test_full,1200,test,0.9341666666666668,0.9806131073521726,0.9341333216607576,0.9302380681037904,1.369370698928833,0.02866009021621,0.3983204372218107,226,196,3361.5472395249963,unknown,56488e26fdba,0.03,0.001 0.003 0.01 0.03,0.0380555555555555,30,300,1.0,,,False,,
a7_20260822T081428Z,2026-08-22T09:27:02+00:00,hyperplanes_n_features20_n_hyperplanes3_dim_hyperplanes5_seed11,4360508611e0e8963c01cd3994e98f0e069bb3b004ae6b18c71eecbf920853d1,2bf856a6c49a9c38010e4b719cd3d58e50f10d0c5c7048ed32accf1d9872633f,A,L1,2.0,h4,35,35.0,29,8,0xe2c241f58beaa0b8,U0-2pi,pennylane,,,,0,val_full,600,val,0.9183333333333332,0.9718679795687988,0.9177850049916249,0.9302380681037904,1.369370698928833,0.02866009021621,0.3983204372218107,226,196,3361.5472395249963,unknown,56488e26fdba,0.03,0.001 0.003 0.01 0.03,0.0380555555555555,30,300,1.0,,,False,,
a7_20260822T081428Z,2026-08-22T09:29:04+00:00,hyperplanes_n_features20_n_hyperplanes3_dim_hyperplanes5_seed11,4360508611e0e8963c01cd3994e98f0e069bb3b004ae6b18c71eecbf920853d1,2bf856a6c49a9c38010e4b719cd3d58e50f10d0c5c7048ed32accf1d9872633f,A,L1,2.0,h42,35,35.0,295,8,0xe2c241f58beaa0b8,U0-2pi,pennylane,,,,0,test_full,1200,test,0.9558333333333332,0.9940863443766056,0.9557595685584088,0.9616666436195374,0.9216189980506896,0.0192488190396779,0.0449320075779368,233,203,3475.235728405998,unknown,56488e26fdba,0.01,0.001 0.003 0.01 0.03,0.0380555555555555,30,300,1.0,,,False,,
a7_20260822T081428Z,2026-08-22T09:29:04+00:00,hyperplanes_n_features20_n_hyperplanes3_dim_hyperplanes5_seed11,4360508611e0e8963c01cd3994e98f0e069bb3b004ae6b18c71eecbf920853d1,2bf856a6c49a9c38010e4b719cd3d58e50f10d0c5c7048ed32accf1d9872633f,A,L1,2.0,h42,35,35.0,295,8,0xe2c241f58beaa0b8,U0-2pi,pennylane,,,,0,val_full,600,val,0.96,0.9925227168579762,0.9598389094032731,0.9616666436195374,0.9216189980506897,0.019248819039677928,0.04493200757793687,233,203,3475.235728405998,unknown,56488e26fdba,0.01,0.001 0.003 0.01 0.03,0.03805555555555555,30,300,1.0,,,False,,
