run_id,timestamp_utc,dataset,dataset_hash,pca_hash,arm,ansatz_level,R,dilution,socket_params_nominal,socket_params_effective,head_params,seed,init_seed,init_spec_id,backend,shots,session_id,calibration_set_id,repeat_index,eval_subset_id,n_eval,split,accuracy,auc,macro_f1,train_accuracy,theta_displacement,grad_rms_start,grad_rms_end,epochs_run,best_epoch,wall_seconds,git_commit,env_hash,lr_selected,lr_grid,g1_margin,patience,max_epochs,feature_scale,rff_width,rff_omega_seed,used_feature_cache,ridge_accuracy,ridge_alpha_selected
a7_20260822T081428Z,2026-08-22T08:15:43+00:00,hyperplanes_n_features20_n_hyperplanes3_dim_hyperplanes5_seed22,daf152204bbd72927ebe009bee77245588374523bc0144bb5e7d3d282686d97e,f087808ca635cff7ff23816ed69bcf872092e3ee826c2b73a96b833594ccb0d5,D_best,,2.0,linear,192,,33,1,0xebbfbc7ed33e45eb,RFF-int-spectrum-U0-2pi,pennylane,,,,0,test_full,1200,test,0.8091666666666667,0.8551226045973945,0.8060963915441657,0.7904762029647827,0.0,0.0678190530165529,0.0342449867516532,33,3,25.7736997739994,unknown,56488e26fdba,0.03,0.001 0.003 0.01 0.03,0.0458333333333333,30,300,1.0,32.0,0xebbfbc7ed33e45eb,True,0.8133333333333334,1.0
a7_20260822T081428Z,2026-08-22T08:15:43+00:00,hyperplanes_n_features20_n_hyperplanes3_dim_hyperplanes5_seed22,daf152204bbd72927ebe009bee77245588374523bc0144bb5e7d3d282686d97e,f087808ca635cff7ff23816ed69bcf872092e3ee826c2b73a96b833594ccb0d5,D_best,,2.0,linear,192,,33,1,0xebbfbc7ed33e45eb,RFF-int-spectrum-U0-2pi,pennylane,,,,0,val_full,600,val,0.82,0.8559975982921189,0.8189357445429245,0.7904762029647827,0.0,0.0678190530165529,0.0342449867516532,33,3,25.7736997739994,unknown,56488e26fdba,0.03,0.001 0.003 0.01 0.03,0.0458333333333333,30,300,1.0,32.0,0xebbfbc7ed33e45eb,True,0.8083333333333333,1.0
a7_20260822T081428Z,2026-08-22T08:15:43+00:00,hyperplanes_n_features20_n_hyperplanes3_dim_hyperplanes5_seed22,daf152204bbd72927ebe009bee77245588374523bc0144bb5e7d3d282686d97e,f087808ca635cff7ff23816ed69bcf872092e3ee826c2b73a96b833594ccb0d5,D_best,,2.0,linear,192,,33,2,0xd5a39cfa401411b8,RFF-int-spectrum-U0-2pi,pennylane,,,,0,test_full,1200,test,0.8133333333333334,0.8456854964207905,0.8109763129692189,0.8014285564422607,0.0,0.0552008051146638,0.0225296926334627,32,2,25.84547224099515,unknown,56488e26fdba,0.03,0.001 0.003 0.01 0.03,0.0458333333333333,30,300,1.0,32.0,0xd5a39cfa401411b8,True,0.8158333333333333,1e-06
a7_20260822T081428Z,2026-08-22T08:15:43+00:00,hyperplanes_n_features20_n_hyperplanes3_dim_hyperplanes5_seed22,daf152204bbd72927ebe009bee77245588374523bc0144bb5e7d3d282686d97e,f087808ca635cff7ff23816ed69bcf872092e3ee826c2b73a96b833594ccb0d5,D_best,,2.0,linear,192,,33,2,0xd5a39cfa401411b8,RFF-int-spectrum-U0-2pi,pennylane,,,,0,val_full,600,val,0.82,0.8488925458103541,0.8194201379986846,0.8014285564422607,0.0,0.0552008051146638,0.0225296926334627,32,2,25.84547224099515,unknown,56488e26fdba,0.03,0.001 0.003 0.01 0.03,0.0458333333333333,30,300,1.0,32.0,0xd5a39cfa401411b8,True,0.8,1e-06
a7_20260822T081428Z,2026-08-22T08:15:44+00:00,hyperplanes_n_features20_n_hyperplanes3_dim_hyperplanes5_seed22,daf152204bbd72927ebe009bee77245588374523bc0144bb5e7d3d282686d97e,f087808ca635cff7ff23816ed69bcf872092e3ee826c2b73a96b833594ccb0d5,D_best,,2.0,linear,768,,129,2,0xd8c4a76812405ef6,RFF-int-spectrum-U0-2pi,pennylane,,,,0,test_full,1200,test,0.8483333333333334,0.8948551642879374,0.8471406054463858,0.8278571367263794,0.0,0.0801184015479902,0.054514190227505,66,36,26.56276142100978,unknown,56488e26fdba,0.01,0.001 0.003 0.01 0.03,0.0458333333333333,30,300,1.0,128.0,0xd8c4a76812405ef6,True,0.8333333333333334,1e-06
a7_20260822T081428Z,2026-08-22T08:15:44+00:00,hyperplanes_n_features20_n_hyperplanes3_dim_hyperplanes5_seed22,daf152204bbd72927ebe009bee77245588374523bc0144bb5e7d3d282686d97e,f087808ca635cff7ff23816ed69bcf872092e3ee826c2b73a96b833594ccb0d5,D_best,,2.0,linear,768,,129,2,0xd8c4a76812405ef6,RFF-int-spectrum-U0-2pi,pennylane,,,,0,val_full,600,val,0.8433333333333334,0.8800591531755915,0.8431590656284761,0.8278571367263794,0.0,0.0801184015479902,0.054514190227505,66,36,26.56276142100978,unknown,56488e26fdba,0.01,0.001 0.003 0.01 0.03,0.0458333333333333,30,300,1.0,128.0,0xd8c4a76812405ef6,True,0.8333333333333334,1e-06
a7_20260822T081428Z,2026-08-22T08:15:44+00:00,hyperplanes_n_features20_n_hyperplanes3_dim_hyperplanes5_seed22,daf152204bbd72927ebe009bee77245588374523bc0144bb5e7d3d282686d97e,f087808ca635cff7ff23816ed69bcf872092e3ee826c2b73a96b833594ccb0d5,D_best,,2.0,linear,768,,129,3,0x78af1d83bb727726,RFF-int-spectrum-U0-2pi,pennylane,,,,0,test_full,1200,test,0.8508333333333333,0.903327997865813,0.8496378498212525,0.8330952525138855,0.0,0.0734171431783987,0.048114198291244,78,48,26.738217139005428,unknown,56488e26fdba,0.01,0.001 0.003 0.01 0.03,0.0458333333333333,30,300,1.0,128.0,0x78af1d83bb727726,True,0.825,0.01
a7_20260822T081428Z,2026-08-22T08:15:44+00:00,hyperplanes_n_features20_n_hyperplanes3_dim_hyperplanes5_seed22,daf152204bbd72927ebe009bee77245588374523bc0144bb5e7d3d282686d97e,f087808ca635cff7ff23816ed69bcf872092e3ee826c2b73a96b833594ccb0d5,D_best,,2.0,linear,768,,129,3,0x78af1d83bb727726,RFF-int-spectrum-U0-2pi,pennylane,,,,0,val_full,600,val,0.8466666666666667,0.8901552214908379,0.8464209401709402,0.8330952525138855,0.0,0.0734171431783987,0.048114198291244,78,48,26.738217139005428,unknown,56488e26fdba,0.01,0.001 0.003 0.01 0.03,0.0458333333333333,30,300,1.0,128.0,0x78af1d83bb727726,True,0.8333333333333334,0.01
a7_20260822T081428Z,2026-08-22T08:15:44+00:00,hyperplanes_n_features20_n_hyperplanes3_dim_hyperplanes5_seed22,daf152204bbd72927ebe009bee77245588374523bc0144bb5e7d3d282686d97e,f087808ca635cff7ff23816ed69bcf872092e3ee826c2b73a96b833594ccb0d5,D_best,,2.0,linear,3072,,513,2,0x1b8ef9557b42386b,RFF-int-spectrum-U0-2pi,pennylane,,,,0,test_full,1200,test,0.8516666666666667,0.9024554266150904,0.8502674996354826,0.8330952525138855,0.0,0.0865855354206878,0.0548678890570187,66,36,26.77478357500513,unknown,56488e26fdba,0.003,0.001 0.003 0.01 0.03,0.0458333333333333,30,300,1.0,512.0,0x1b8ef9557b42386b,True,0.845,0.0001
a7_20260822T081428Z,2026-08-22T08:15:44+00:00,hyperplanes_n_features20_n_hyperplanes3_dim_hyperplanes5_seed22,daf152204bbd72927ebe009bee77245588374523bc0144bb5e7d3d282686d97e,f087808ca635cff7ff23816ed69bcf872092e3ee826c2b73a96b833594ccb0d5,D_best,,2.0,linear,3072,,513,2,0x1b8ef9557b42386b,RFF-int-spectrum-U0-2pi,pennylane,,,,0,val_full,600,val,0.8483333333333334,0.8893880092510229,0.8481473137927295,0.8330952525138855,0.0,0.0865855354206878,0.0548678890570187,66,36,26.77478357500513,unknown,56488e26fdba,0.003,0.001 0.003 0.01 0.03,0.0458333333333333,30,300,1.0,512.0,0x1b8ef9557b42386b,True,0.85,0.0001
a7_20260822T081428Z,2026-08-22T08:15:44+00:00,hyperplanes_n_features20_n_hyperplanes3_dim_hyperplanes5_seed22,daf152204bbd72927ebe009bee77245588374523bc0144bb5e7d3d282686d97e,f087808ca635cff7ff23816ed69bcf872092e3ee826c2b73a96b833594ccb0d5,D_best,,2.0,linear,192,,33,3,0x7735a7384fa3a634,RFF-int-spectrum-U0-2pi,pennylane,,,,0,test_full,1200,test,0.8233333333333334,0.8910453070116937,0.8226589447091858,0.8114285469055176,0.0,0.1112954896997248,0.0263164896629821,97,67,27.021700693003368,unknown,56488e26fdba,0.03,0.001 0.003 0.01 0.03,0.0458333333333333,30,300,1.0,32.0,0x7735a7384fa3a634,True,0.8175,1e-06
a7_20260822T081428Z,2026-08-22T08:15:44+00:00,hyperplanes_n_features20_n_hyperplanes3_dim_hyperplanes5_seed22,daf152204bbd72927ebe009bee77245588374523bc0144bb5e7d3d282686d97e,f087808ca635cff7ff23816ed69bcf872092e3ee826c2b73a96b833594ccb0d5,D_best,,2.0,linear,192,,33,3,0x7735a7384fa3a634,RFF-int-spectrum-U0-2pi,pennylane,,,,0,val_full,600,val,0.8266666666666667,0.8725204589930617,0.8266493315998267,0.8114285469055176,0.0,0.1112954896997248,0.0263164896629821,97,67,27.021700693003368,unknown,56488e26fdba,0.03,0.001 0.003 0.01 0.03,0.0458333333333333,30,300,1.0,32.0,0x7735a7384fa3a634,True,0.82,1e-06
a7_20260822T081428Z,2026-08-22T08:15:45+00:00,hyperplanes_n_features20_n_hyperplanes3_dim_hyperplanes5_seed22,daf152204bbd72927ebe009bee77245588374523bc0144bb5e7d3d282686d97e,f087808ca635cff7ff23816ed69bcf872092e3ee826c2b73a96b833594ccb0d5,D_best,,2.0,linear,768,,129,1,0x8c1cd5484ddd2802,RFF-int-spectrum-U0-2pi,pennylane,,,,0,test_full,1200,test,0.8408333333333333,0.8942354719665644,0.8396053114995015,0.8211904764175415,0.0,0.0631963219719187,0.0219809760069668,101,71,27.160474921998684,unknown,56488e26fdba,0.01,0.001 0.003 0.01 0.03,0.0458333333333333,30,300,1.0,128.0,0x8c1cd5484ddd2802,True,0.8158333333333333,0.01
a7_20260822T081428Z,2026-08-22T08:15:45+00:00,hyperplanes_n_features20_n_hyperplanes3_dim_hyperplanes5_seed22,daf152204bbd72927ebe009bee77245588374523bc0144bb5e7d3d282686d97e,f087808ca635cff7ff23816ed69bcf872092e3ee826c2b73a96b833594ccb0d5,D_best,,2.0,linear,768,,129,1,0x8c1cd5484ddd2802,RFF-int-spectrum-U0-2pi,pennylane,,,,0,val_full,600,val,0.8466666666666667,0.8817937199786515,0.8464209401709402,0.8211904764175415,0.0,0.0631963219719187,0.0219809760069668,101,71,27.160474921998684,unknown,56488e26fdba,0.01,0.001 0.003 0.01 0.03,0.0458333333333333,30,300,1.0,128.0,0x8c1cd5484ddd2802,True,0.8333333333333334,0.01
a7_20260822T081428Z,2026-08-22T08:15:45+00:00,hyperplanes_n_features20_n_hyperplanes3_dim_hyperplanes5_seed22,daf152204bbd72927ebe009bee77245588374523bc0144bb5e7d3d282686d97e,f087808ca635cff7ff23816ed69bcf872092e3ee826c2b73a96b833594ccb0d5,D_best,,2.0,linear,3072,,513,3,0x2ea20278ff0b06a0,RFF-int-spectrum-U0-2pi,pennylane,,,,0,test_full,1200,test,0.8475,0.9061791383219956,0.8464970071809483,0.8326190710067749,0.0,0.0805350622649994,0.019214645802899,85,55,27.174403867000365,unknown,56488e26fdba,0.003,0.001 0.003 0.01 0.03,0.0458333333333333,30,300,1.0,512.0,0x2ea20278ff0b06a0,True,0.8408333333333333,0.0001
a7_20260822T081428Z,2026-08-22T08:15:45+00:00,hyperplanes_n_features20_n_hyperplanes3_dim_hyperplanes5_seed22,daf152204bbd72927ebe009bee77245588374523bc0144bb5e7d3d282686d97e,f087808ca635cff7ff23816ed69bcf872092e3ee826c2b73a96b833594ccb0d5,D_best,,2.0,linear,3072,,513,3,0x2ea20278ff0b06a0,RFF-int-spectrum-U0-2pi,pennylane,,,,0,val_full,600,val,0.85,0.8945583526062979,0.8497980618386942,0.8326190710067749,0.0,0.0805350622649994,0.019214645802899,85,55,27.174403867000365,unknown,56488e26fdba,0.003,0.001 0.003 0.01 0.03,0.0458333333333333,30,300,1.0,512.0,0x2ea20278ff0b06a0,True,0.8483333333333334,0.0001
a7_20260822T081428Z,2026-08-22T08:15:45+00:00,hyperplanes_n_features20_n_hyperplanes3_dim_hyperplanes5_seed22,daf152204bbd72927ebe009bee77245588374523bc0144bb5e7d3d282686d97e,f087808ca635cff7ff23816ed69bcf872092e3ee826c2b73a96b833594ccb0d5,D_best,,2.0,linear,3072,,513,1,0x767dfcd7c4647a26,RFF-int-spectrum-U0-2pi,pennylane,,,,0,test_full,1200,test,0.8491666666666666,0.9103141256502604,0.8482552497605409,0.8354762196540833,0.0,0.0638295385500198,0.0510144775957507,104,74,27.543512418997125,unknown,56488e26fdba,0.003,0.001 0.003 0.01 0.03,0.0458333333333333,30,300,1.0,512.0,0x767dfcd7c4647a26,True,0.8433333333333334,1e-06
a7_20260822T081428Z,2026-08-22T08:15:45+00:00,hyperplanes_n_features20_n_hyperplanes3_dim_hyperplanes5_seed22,daf152204bbd72927ebe009bee77245588374523bc0144bb5e7d3d282686d97e,f087808ca635cff7ff23816ed69bcf872092e3ee826c2b73a96b833594ccb0d5,D_best,,2.0,linear,3072,,513,1,0x767dfcd7c4647a26,RFF-int-spectrum-U0-2pi,pennylane,,,,0,val_full,600,val,0.8516666666666667,0.8966264899484078,0.8514847354676145,0.8354762196540833,0.0,0.0638295385500198,0.0510144775957507,104,74,27.543512418997125,unknown,56488e26fdba,0.003,0.001 0.003 0.01 0.03,0.0458333333333333,30,300,1.0,512.0,0x767dfcd7c4647a26,True,0.845,1e-06
a7_20260822T081428Z,2026-08-22T08:15:43+00:00,hyperplanes_n_features20_n_hyperplanes3_dim_hyperplanes5_seed22,daf152204bbd72927ebe009bee77245588374523bc0144bb5e7d3d282686d97e,f087808ca635cff7ff23816ed69bcf872092e3ee826c2b73a96b833594ccb0d5,E,,,linear,0,,6,2,,,pennylane,,,,0,test_full,1200,test,0.81,0.8398637232670847,0.8082078085218543,0.8028571605682373,0.0,0.0332245120889395,0.0137162053976596,32,2,25.808385676995385,unknown,56488e26fdba,0.1,0.001 0.003 0.01 0.03 0.1,0.0458333333333333,30,300,1.0,,,True,0.775,1e-06
a7_20260822T081428Z,2026-08-22T08:15:43+00:00,hyperplanes_n_features20_n_hyperplanes3_dim_hyperplanes5_seed22,daf152204bbd72927ebe009bee77245588374523bc0144bb5e7d3d282686d97e,f087808ca635cff7ff23816ed69bcf872092e3ee826c2b73a96b833594ccb0d5,E,,,linear,0,,6,2,,,pennylane,,,,0,val_full,600,val,0.815,0.8409980430528377,0.8145048309515122,0.8028571605682373,0.0,0.0332245120889395,0.0137162053976596,32,2,25.808385676995385,unknown,56488e26fdba,0.1,0.001 0.003 0.01 0.03 0.1,0.0458333333333333,30,300,1.0,,,True,0.775,1e-06
a7_20260822T081428Z,2026-08-22T08:15:44+00:00,hyperplanes_n_features20_n_hyperplanes3_dim_hyperplanes5_seed22,daf152204bbd72927ebe009bee77245588374523bc0144bb5e7d3d282686d97e,f087808ca635cff7ff23816ed69bcf872092e3ee826c2b73a96b833594ccb0d5,E,,,h2,0,,15,2,,,pennylane,,,,0,test_full,1200,test,0.8125,0.8459369859054732,0.8090630014306132,0.8095238208770752,0.0,0.0286851879918265,0.0129125278626532,35,5,0.8723892589914612,unknown,56488e26fdba,0.1,0.001 0.003 0.01 0.03 0.1,0.0458333333333333,30,300,1.0,,,True,0.775,1e-06
a7_20260822T081428Z,2026-08-22T08:15:44+00:00,hyperplanes_n_features20_n_hyperplanes3_dim_hyperplanes5_seed22,daf152204bbd72927ebe009bee77245588374523bc0144bb5e7d3d282686d97e,f087808ca635cff7ff23816ed69bcf872092e3ee826c2b73a96b833594ccb0d5,E,,,h2,0,,15,2,,,pennylane,,,,0,val_full,600,val,0.8266666666666667,0.8467576943604341,0.8254545454545454,0.8095238208770752,0.0,0.0286851879918265,0.0129125278626532,35,5,0.8723892589914612,unknown,56488e26fdba,0.1,0.001 0.003 0.01 0.03 0.1,0.0458333333333333,30,300,1.0,,,True,0.775,1e-06
a7_20260822T081428Z,2026-08-22T08:15:45+00:00,hyperplanes_n_features20_n_hyperplanes3_dim_hyperplanes5_seed22,daf152204bbd72927ebe009bee77245588374523bc0144bb5e7d3d282686d97e,f087808ca635cff7ff23816ed69bcf872092e3ee826c2b73a96b833594ccb0d5,E,,,h4,0,,29,2,,,pennylane,,,,0,test_full,1200,test,0.8175,0.8451519496687563,0.8141546547257967,0.8057143092155457,0.0,0.0163289859586754,0.0142003694049564,46,16,1.1405537499958882,unknown,56488e26fdba,0.1,0.001 0.003 0.01 0.03 0.1,0.0458333333333333,30,300,1.0,,,True,0.775,1e-06
a7_20260822T081428Z,2026-08-22T08:15:45+00:00,hyperplanes_n_features20_n_hyperplanes3_dim_hyperplanes5_seed22,daf152204bbd72927ebe009bee77245588374523bc0144bb5e7d3d282686d97e,f087808ca635cff7ff23816ed69bcf872092e3ee826c2b73a96b833594ccb0d5,E,,,h4,0,,29,2,,,pennylane,,,,0,val_full,600,val,0.8233333333333334,0.8460127201565557,0.822097902097902,0.8057143092155457,0.0,0.0163289859586754,0.0142003694049564,46,16,1.1405537499958882,unknown,56488e26fdba,0.1,0.001 0.003 0.01 0.03 0.1,0.0458333333333333,30,300,1.0,,,True,0.775,1e-06
a7_20260822T081428Z,2026-08-22T08:15:48+00:00,hyperplanes_n_features20_n_hyperplanes3_dim_hyperplanes5_seed22,daf152204bbd72927ebe009bee77245588374523bc0144bb5e7d3d282686d97e,f087808ca635cff7ff23816ed69bcf872092e3ee826c2b73a96b833594ccb0d5,E,,,h42,0,,295,2,,,pennylane,,,,0,test_full,1200,test,0.98,0.9977518785291896,0.9799874921826142,0.9778571724891664,0.0,0.0067184972007154,0.0196059768252772,125,95,3.2185748330084607,unknown,56488e26fdba,0.01,0.001 0.003 0.01 0.03 0.1,0.0458333333333333,30,300,1.0,,,True,0.775,1e-06
a7_20260822T081428Z,2026-08-22T08:15:48+00:00,hyperplanes_n_features20_n_hyperplanes3_dim_hyperplanes5_seed22,daf152204bbd72927ebe009bee77245588374523bc0144bb5e7d3d282686d97e,f087808ca635cff7ff23816ed69bcf872092e3ee826c2b73a96b833594ccb0d5,E,,,h42,0,,295,2,,,pennylane,,,,0,val_full,600,val,0.975,0.9940735634228784,0.9749943737340904,0.9778571724891664,0.0,0.0067184972007154,0.0196059768252772,125,95,3.2185748330084607,unknown,56488e26fdba,0.01,0.001 0.003 0.01 0.03 0.1,0.0458333333333333,30,300,1.0,,,True,0.775,1e-06
a7_20260822T081428Z,2026-08-22T08:15:43+00:00,hyperplanes_n_features20_n_hyperplanes3_dim_hyperplanes5_seed22,daf152204bbd72927ebe009bee77245588374523bc0144bb5e7d3d282686d97e,f087808ca635cff7ff23816ed69bcf872092e3ee826c2b73a96b833594ccb0d5,D_matched,,2.0,linear,30,,6,2,0xd7b676f707d89334,RFF-int-spectrum-U0-2pi,pennylane,,,,0,test_full,1200,test,0.7691666666666667,0.8167183540082699,0.7683557509308628,0.7488095164299011,0.0,0.1071966990127826,0.0158593785462435,40,10,25.91506422699604,unknown,56488e26fdba,0.03,0.001 0.003 0.01 0.03,0.0458333333333333,30,300,1.0,,0xd7b676f707d89334,True,0.7758333333333334,1e-06
a7_20260822T081428Z,2026-08-22T08:15:43+00:00,hyperplanes_n_features20_n_hyperplanes3_dim_hyperplanes5_seed22,daf152204bbd72927ebe009bee77245588374523bc0144bb5e7d3d282686d97e,f087808ca635cff7ff23816ed69bcf872092e3ee826c2b73a96b833594ccb0d5,D_matched,,2.0,linear,30,,6,2,0xd7b676f707d89334,RFF-int-spectrum-U0-2pi,pennylane,,,,0,val_full,600,val,0.7783333333333333,0.8126111901796833,0.7779478260869566,0.7488095164299011,0.0,0.1071966990127826,0.0158593785462435,40,10,25.91506422699604,unknown,56488e26fdba,0.03,0.001 0.003 0.01 0.03,0.0458333333333333,30,300,1.0,,0xd7b676f707d89334,True,0.7733333333333333,1e-06
a7_20260822T081428Z,2026-08-22T08:15:44+00:00,hyperplanes_n_features20_n_hyperplanes3_dim_hyperplanes5_seed22,daf152204bbd72927ebe009bee77245588374523bc0144bb5e7d3d282686d97e,f087808ca635cff7ff23816ed69bcf872092e3ee826c2b73a96b833594ccb0d5,D_matched,,2.0,h2,30,,15,2,0xd7b676f707d89334,RFF-int-spectrum-U0-2pi,pennylane,,,,0,test_full,1200,test,0.7691666666666667,0.8408279978658129,0.7675197702614144,0.7483333349227905,0.0,0.0361284142955486,0.0740821004954895,36,6,0.8950580480013741,unknown,56488e26fdba,0.01,0.001 0.003 0.01 0.03,0.0458333333333333,30,300,1.0,,0xd7b676f707d89334,True,0.7758333333333334,1e-06
a7_20260822T081428Z,2026-08-22T08:15:44+00:00,hyperplanes_n_features20_n_hyperplanes3_dim_hyperplanes5_seed22,daf152204bbd72927ebe009bee77245588374523bc0144bb5e7d3d282686d97e,f087808ca635cff7ff23816ed69bcf872092e3ee826c2b73a96b833594ccb0d5,D_matched,,2.0,h2,30,,15,2,0xd7b676f707d89334,RFF-int-spectrum-U0-2pi,pennylane,,,,0,val_full,600,val,0.775,0.8237635652019213,0.7743977673734608,0.7483333349227905,0.0,0.0361284142955486,0.0740821004954895,36,6,0.8950580480013741,unknown,56488e26fdba,0.01,0.001 0.003 0.01 0.03,0.0458333333333333,30,300,1.0,,0xd7b676f707d89334,True,0.7733333333333333,1e-06
a7_20260822T081428Z,2026-08-22T08:15:46+00:00,hyperplanes_n_features20_n_hyperplanes3_dim_hyperplanes5_seed22,daf152204bbd72927ebe009bee77245588374523bc0144bb5e7d3d282686d97e,f087808ca635cff7ff23816ed69bcf872092e3ee826c2b73a96b833594ccb0d5,D_matched,,2.0,h2,30,,15,2,0xd7b676f707d89334,RFF-int-spectrum-U0-2pi,pennylane,,,,0,test_full,1200,test,0.7758333333333334,0.8318021653105685,0.7745934407249879,0.753333330154419,0.0,0.0361284142955486,0.1145102952685089,53,23,1.3155741049995413,unknown,56488e26fdba,0.03,0.001 0.003 0.01 0.03,0.0458333333333333,30,300,1.0,,0xd7b676f707d89334,True,0.7758333333333334,1e-06
a7_20260822T081428Z,2026-08-22T08:15:46+00:00,hyperplanes_n_features20_n_hyperplanes3_dim_hyperplanes5_seed22,daf152204bbd72927ebe009bee77245588374523bc0144bb5e7d3d282686d97e,f087808ca635cff7ff23816ed69bcf872092e3ee826c2b73a96b833594ccb0d5,D_matched,,2.0,h2,30,,15,2,0xd7b676f707d89334,RFF-int-spectrum-U0-2pi,pennylane,,,,0,val_full,600,val,0.785,0.8290061821739905,0.7844245332679737,0.753333330154419,0.0,0.0361284142955486,0.1145102952685089,53,23,1.3155741049995413,unknown,56488e26fdba,0.03,0.001 0.003 0.01 0.03,0.0458333333333333,30,300,1.0,,0xd7b676f707d89334,True,0.7733333333333333,1e-06
a7_20260822T081428Z,2026-08-22T08:15:48+00:00,hyperplanes_n_features20_n_hyperplanes3_dim_hyperplanes5_seed22,daf152204bbd72927ebe009bee77245588374523bc0144bb5e7d3d282686d97e,f087808ca635cff7ff23816ed69bcf872092e3ee826c2b73a96b833594ccb0d5,D_matched,,2.0,h4,30,,29,2,0xd7b676f707d89334,RFF-int-spectrum-U0-2pi,pennylane,,,,0,test_full,1200,test,0.7683333333333333,0.8538498732826465,0.7677527151211362,0.7576190233230591,0.0,0.0203914092932137,0.0351794906417232,104,74,2.5939797239989275,unknown,56488e26fdba,0.01,0.001 0.003 0.01 0.03,0.0458333333333333,30,300,1.0,,0xd7b676f707d89334,True,0.7758333333333334,1e-06
a7_20260822T081428Z,2026-08-22T08:15:48+00:00,hyperplanes_n_features20_n_hyperplanes3_dim_hyperplanes5_seed22,daf152204bbd72927ebe009bee77245588374523bc0144bb5e7d3d282686d97e,f087808ca635cff7ff23816ed69bcf872092e3ee826c2b73a96b833594ccb0d5,D_matched,,2.0,h4,30,,29,2,0xd7b676f707d89334,RFF-int-spectrum-U0-2pi,pennylane,,,,0,val_full,600,val,0.7883333333333333,0.8289783846290696,0.7881632755184023,0.7576190233230591,0.0,0.0203914092932137,0.0351794906417232,104,74,2.5939797239989275,unknown,56488e26fdba,0.01,0.001 0.003 0.01 0.03,0.0458333333333333,30,300,1.0,,0xd7b676f707d89334,True,0.7733333333333333,1e-06
a7_20260822T081428Z,2026-08-22T08:15:50+00:00,hyperplanes_n_features20_n_hyperplanes3_dim_hyperplanes5_seed22,daf152204bbd72927ebe009bee77245588374523bc0144bb5e7d3d282686d97e,f087808ca635cff7ff23816ed69bcf872092e3ee826c2b73a96b833594ccb0d5,D_matched,,2.0,h42,30,,295,2,0xd7b676f707d89334,RFF-int-spectrum-U0-2pi,pennylane,,,,0,test_full,1200,test,0.7791666666666667,0.8659241474367525,0.7787017867395049,0.7695237994194031,0.0,0.0088628188393894,0.0123725352814084,54,24,1.3722484490135685,unknown,56488e26fdba,0.01,0.001 0.003 0.01 0.03,0.0458333333333333,30,300,1.0,,0xd7b676f707d89334,True,0.7758333333333334,1e-06
a7_20260822T081428Z,2026-08-22T08:15:50+00:00,hyperplanes_n_features20_n_hyperplanes3_dim_hyperplanes5_seed22,daf152204bbd72927ebe009bee77245588374523bc0144bb5e7d3d282686d97e,f087808ca635cff7ff23816ed69bcf872092e3ee826c2b73a96b833594ccb0d5,D_matched,,2.0,h42,30,,295,2,0xd7b676f707d89334,RFF-int-spectrum-U0-2pi,pennylane,,,,0,val_full,600,val,0.7966666666666666,0.8481030955346024,0.7965219711795055,0.7695237994194031,0.0,0.0088628188393894,0.0123725352814084,54,24,1.3722484490135685,unknown,56488e26fdba,0.01,0.001 0.003 0.01 0.03,0.0458333333333333,30,300,1.0,,0xd7b676f707d89334,True,0.7733333333333333,1e-06
a7_20260822T081428Z,2026-08-22T08:15:45+00:00,hyperplanes_n_features20_n_hyperplanes3_dim_hyperplanes5_seed22,daf152204bbd72927ebe009bee77245588374523bc0144bb5e7d3d282686d97e,f087808ca635cff7ff23816ed69bcf872092e3ee826c2b73a96b833594ccb0d5,B,L2,2.0,linear,35,35.0,6,1,0x9aed96d53998f1c9,U0-2pi,pennylane,,,,0,test_full,1200,test,0.6133333333333333,0.6532112845138056,0.61029253256661,0.6145238280296326,0.0,0.0152036245081419,0.0418378883863295,54,24,15.092486608002218,unknown,56488e26fdba,0.03,0.001 0.003 0.01 0.03,0.0458333333333333,30,300,1.0,,,True,0.5991666666666666,1e-06
a7_20260822T081428Z,2026-08-22T08:15:45+00:00,hyperplanes_n_features20_n_hyperplanes3_dim_hyperplanes5_seed22,daf152204bbd72927ebe009bee77245588374523bc0144bb5e7d3d282686d97e,f087808ca635cff7ff23816ed69bcf872092e3ee826c2b73a96b833594ccb0d5,B,L2,2.0,linear,35,35.0,6,1,0x9aed96d53998f1c9,U0-2pi,pennylane,,,,0,val_full,600,val,0.6333333333333333,0.663827610745419,0.6322873952576217,0.6145238280296326,0.0,0.0152036245081419,0.0418378883863295,54,24,15.092486608002218,unknown,56488e26fdba,0.03,0.001 0.003 0.01 0.03,0.0458333333333333,30,300,1.0,,,True,0.62,1e-06
a7_20260822T081428Z,2026-08-22T08:15:46+00:00,hyperplanes_n_features20_n_hyperplanes3_dim_hyperplanes5_seed22,daf152204bbd72927ebe009bee77245588374523bc0144bb5e7d3d282686d97e,f087808ca635cff7ff23816ed69bcf872092e3ee826c2b73a96b833594ccb0d5,B,L2,2.0,h2,35,35.0,15,1,0x9aed96d53998f1c9,U0-2pi,pennylane,,,,0,test_full,1200,test,0.6341666666666667,0.6577019696767595,0.6264017911154829,0.6321428418159485,0.0,0.0047556471293328,0.2058748989373339,50,20,1.2744107629987411,unknown,56488e26fdba,0.01,0.001 0.003 0.01 0.03,0.0458333333333333,30,300,1.0,,,True,0.5991666666666666,1e-06
a7_20260822T081428Z,2026-08-22T08:15:46+00:00,hyperplanes_n_features20_n_hyperplanes3_dim_hyperplanes5_seed22,daf152204bbd72927ebe009bee77245588374523bc0144bb5e7d3d282686d97e,f087808ca635cff7ff23816ed69bcf872092e3ee826c2b73a96b833594ccb0d5,B,L2,2.0,h2,35,35.0,15,1,0x9aed96d53998f1c9,U0-2pi,pennylane,,,,0,val_full,600,val,0.635,0.6525751645614658,0.6319069962882555,0.6321428418159485,0.0,0.0047556471293328,0.2058748989373339,50,20,1.2744107629987411,unknown,56488e26fdba,0.01,0.001 0.003 0.01 0.03,0.0458333333333333,30,300,1.0,,,True,0.62,1e-06
a7_20260822T081428Z,2026-08-22T08:15:48+00:00,hyperplanes_n_features20_n_hyperplanes3_dim_hyperplanes5_seed22,daf152204bbd72927ebe009bee77245588374523bc0144bb5e7d3d282686d97e,f087808ca635cff7ff23816ed69bcf872092e3ee826c2b73a96b833594ccb0d5,B,L2,2.0,h4,35,35.0,29,1,0x9aed96d53998f1c9,U0-2pi,pennylane,,,,0,test_full,1200,test,0.6641666666666667,0.729261148904006,0.6628496732026143,0.6702380776405334,0.0,0.0156627206590417,0.0342030653067984,72,42,1.798332045000279,unknown,56488e26fdba,0.01,0.001 0.003 0.01 0.03,0.0458333333333333,30,300,1.0,,,True,0.5991666666666666,1e-06
a7_20260822T081428Z,2026-08-22T08:15:48+00:00,hyperplanes_n_features20_n_hyperplanes3_dim_hyperplanes5_seed22,daf152204bbd72927ebe009bee77245588374523bc0144bb5e7d3d282686d97e,f087808ca635cff7ff23816ed69bcf872092e3ee826c2b73a96b833594ccb0d5,B,L2,2.0,h4,35,35.0,29,1,0x9aed96d53998f1c9,U0-2pi,pennylane,,,,0,val_full,600,val,0.6633333333333333,0.7229140722291407,0.6630300603876822,0.6702380776405334,0.0,0.0156627206590417,0.0342030653067984,72,42,1.798332045000279,unknown,56488e26fdba,0.01,0.001 0.003 0.01 0.03,0.0458333333333333,30,300,1.0,,,True,0.62,1e-06
a7_20260822T081428Z,2026-08-22T08:15:52+00:00,hyperplanes_n_features20_n_hyperplanes3_dim_hyperplanes5_seed22,daf152204bbd72927ebe009bee77245588374523bc0144bb5e7d3d282686d97e,f087808ca635cff7ff23816ed69bcf872092e3ee826c2b73a96b833594ccb0d5,B,L2,2.0,h42,35,35.0,295,1,0x9aed96d53998f1c9,U0-2pi,pennylane,,,,0,test_full,1200,test,0.7158333333333333,0.7952542127962295,0.7134692557132845,0.7264285683631897,0.0,0.0029540106203925,0.0277293811894366,135,105,3.493344453003374,unknown,56488e26fdba,0.01,0.001 0.003 0.01 0.03,0.0458333333333333,30,300,1.0,,,True,0.5991666666666666,1e-06
a7_20260822T081428Z,2026-08-22T08:15:52+00:00,hyperplanes_n_features20_n_hyperplanes3_dim_hyperplanes5_seed22,daf152204bbd72927ebe009bee77245588374523bc0144bb5e7d3d282686d97e,f087808ca635cff7ff23816ed69bcf872092e3ee826c2b73a96b833594ccb0d5,B,L2,2.0,h42,35,35.0,295,1,0x9aed96d53998f1c9,U0-2pi,pennylane,,,,0,val_full,600,val,0.71,0.7801658957480875,0.7090657778867697,0.7264285683631897,0.0,0.0029540106203925,0.0277293811894366,135,105,3.493344453003374,unknown,56488e26fdba,0.01,0.001 0.003 0.01 0.03,0.0458333333333333,30,300,1.0,,,True,0.62,1e-06
a7_20260822T081428Z,2026-08-22T08:15:44+00:00,hyperplanes_n_features20_n_hyperplanes3_dim_hyperplanes5_seed22,daf152204bbd72927ebe009bee77245588374523bc0144bb5e7d3d282686d97e,f087808ca635cff7ff23816ed69bcf872092e3ee826c2b73a96b833594ccb0d5,E,,,linear,0,,6,3,,,pennylane,,,,0,test_full,1200,test,0.8033333333333333,0.8391134231470367,0.8016050932568148,0.7947618961334229,0.0,0.0533512894894648,0.0391772443839468,55,25,26.232242782003595,unknown,56488e26fdba,0.1,0.001 0.003 0.01 0.03 0.1,0.0458333333333333,30,300,1.0,,,True,0.775,1e-06
a7_20260822T081428Z,2026-08-22T08:15:44+00:00,hyperplanes_n_features20_n_hyperplanes3_dim_hyperplanes5_seed22,daf152204bbd72927ebe009bee77245588374523bc0144bb5e7d3d282686d97e,f087808ca635cff7ff23816ed69bcf872092e3ee826c2b73a96b833594ccb0d5,E,,,linear,0,,6,3,,,pennylane,,,,0,val_full,600,val,0.815,0.8408534958192493,0.814566807458535,0.7947618961334229,0.0,0.0533512894894648,0.0391772443839468,55,25,26.232242782003595,unknown,56488e26fdba,0.1,0.001 0.003 0.01 0.03 0.1,0.0458333333333333,30,300,1.0,,,True,0.775,1e-06
a7_20260822T081428Z,2026-08-22T08:15:46+00:00,hyperplanes_n_features20_n_hyperplanes3_dim_hyperplanes5_seed22,daf152204bbd72927ebe009bee77245588374523bc0144bb5e7d3d282686d97e,f087808ca635cff7ff23816ed69bcf872092e3ee826c2b73a96b833594ccb0d5,E,,,h2,0,,15,3,,,pennylane,,,,0,test_full,1200,test,0.8525,0.870457905384376,0.8491433344294828,0.8321428298950195,0.0,0.0098490312956081,0.0225456658922623,91,61,2.280247953996877,unknown,56488e26fdba,0.1,0.001 0.003 0.01 0.03 0.1,0.0458333333333333,30,300,1.0,,,True,0.775,1e-06
a7_20260822T081428Z,2026-08-22T08:15:46+00:00,hyperplanes_n_features20_n_hyperplanes3_dim_hyperplanes5_seed22,daf152204bbd72927ebe009bee77245588374523bc0144bb5e7d3d282686d97e,f087808ca635cff7ff23816ed69bcf872092e3ee826c2b73a96b833594ccb0d5,E,,,h2,0,,15,3,,,pennylane,,,,0,val_full,600,val,0.85,0.8770570183241416,0.8486818507890961,0.8321428298950195,0.0,0.0098490312956081,0.0225456658922623,91,61,2.280247953996877,unknown,56488e26fdba,0.1,0.001 0.003 0.01 0.03 0.1,0.0458333333333333,30,300,1.0,,,True,0.775,1e-06
a7_20260822T081428Z,2026-08-22T08:15:48+00:00,hyperplanes_n_features20_n_hyperplanes3_dim_hyperplanes5_seed22,daf152204bbd72927ebe009bee77245588374523bc0144bb5e7d3d282686d97e,f087808ca635cff7ff23816ed69bcf872092e3ee826c2b73a96b833594ccb0d5,E,,,h4,0,,29,3,,,pennylane,,,,0,test_full,1200,test,0.8533333333333334,0.8721071762038147,0.8500336572189764,0.8326190710067749,0.0,0.0070400574017197,0.0162060246400827,91,61,2.2861055559915258,unknown,56488e26fdba,0.1,0.001 0.003 0.01 0.03 0.1,0.0458333333333333,30,300,1.0,,,True,0.775,1e-06
a7_20260822T081428Z,2026-08-22T08:15:48+00:00,hyperplanes_n_features20_n_hyperplanes3_dim_hyperplanes5_seed22,daf152204bbd72927ebe009bee77245588374523bc0144bb5e7d3d282686d97e,f087808ca635cff7ff23816ed69bcf872092e3ee826c2b73a96b833594ccb0d5,E,,,h4,0,,29,3,,,pennylane,,,,0,val_full,600,val,0.85,0.8771904465397615,0.8486818507890961,0.8326190710067749,0.0,0.0070400574017197,0.0162060246400827,91,61,2.2861055559915258,unknown,56488e26fdba,0.1,0.001 0.003 0.01 0.03 0.1,0.0458333333333333,30,300,1.0,,,True,0.775,1e-06
a7_20260822T081428Z,2026-08-22T08:15:53+00:00,hyperplanes_n_features20_n_hyperplanes3_dim_hyperplanes5_seed22,daf152204bbd72927ebe009bee77245588374523bc0144bb5e7d3d282686d97e,f087808ca635cff7ff23816ed69bcf872092e3ee826c2b73a96b833594ccb0d5,E,,,h42,0,,295,3,,,pennylane,,,,0,test_full,1200,test,0.9683333333333334,0.997793561869192,0.9683325416468744,0.9892857074737548,0.0,0.0049179673762371,0.0338945067983461,193,163,4.977235997997923,unknown,56488e26fdba,0.01,0.001 0.003 0.01 0.03 0.1,0.0458333333333333,30,300,1.0,,,True,0.775,1e-06
a7_20260822T081428Z,2026-08-22T08:15:53+00:00,hyperplanes_n_features20_n_hyperplanes3_dim_hyperplanes5_seed22,daf152204bbd72927ebe009bee77245588374523bc0144bb5e7d3d282686d97e,f087808ca635cff7ff23816ed69bcf872092e3ee826c2b73a96b833594ccb0d5,E,,,h42,0,,295,3,,,pennylane,,,,0,val_full,600,val,0.9766666666666668,0.9963529621063868,0.9766500622665006,0.9892857074737548,0.0,0.0049179673762371,0.0338945067983461,193,163,4.977235997997923,unknown,56488e26fdba,0.01,0.001 0.003 0.01 0.03 0.1,0.0458333333333333,30,300,1.0,,,True,0.775,1e-06
a7_20260822T081428Z,2026-08-22T08:15:44+00:00,hyperplanes_n_features20_n_hyperplanes3_dim_hyperplanes5_seed22,daf152204bbd72927ebe009bee77245588374523bc0144bb5e7d3d282686d97e,f087808ca635cff7ff23816ed69bcf872092e3ee826c2b73a96b833594ccb0d5,E,,,linear,0,,6,1,,,pennylane,,,,0,test_full,1200,test,0.7991666666666667,0.8393023876217153,0.7982012558692244,0.7859523892402649,0.0,0.0232998861059384,0.050115182162961,73,43,26.50985308201052,unknown,56488e26fdba,0.1,0.001 0.003 0.01 0.03 0.1,0.0458333333333333,30,300,1.0,,,True,0.775,1e-06
a7_20260822T081428Z,2026-08-22T08:15:44+00:00,hyperplanes_n_features20_n_hyperplanes3_dim_hyperplanes5_seed22,daf152204bbd72927ebe009bee77245588374523bc0144bb5e7d3d282686d97e,f087808ca635cff7ff23816ed69bcf872092e3ee826c2b73a96b833594ccb0d5,E,,,linear,0,,6,1,,,pennylane,,,,0,val_full,600,val,0.8066666666666666,0.8409424479629959,0.8065290873510051,0.7859523892402649,0.0,0.0232998861059384,0.050115182162961,73,43,26.50985308201052,unknown,56488e26fdba,0.1,0.001 0.003 0.01 0.03 0.1,0.0458333333333333,30,300,1.0,,,True,0.775,1e-06
a7_20260822T081428Z,2026-08-22T08:15:46+00:00,hyperplanes_n_features20_n_hyperplanes3_dim_hyperplanes5_seed22,daf152204bbd72927ebe009bee77245588374523bc0144bb5e7d3d282686d97e,f087808ca635cff7ff23816ed69bcf872092e3ee826c2b73a96b833594ccb0d5,E,,,h2,0,,15,1,,,pennylane,,,,0,test_full,1200,test,0.8466666666666667,0.8726032079498466,0.8433735965337896,0.824999988079071,0.0,0.0213745044204987,0.0376866282867828,89,59,2.217226466003922,unknown,56488e26fdba,0.1,0.001 0.003 0.01 0.03 0.1,0.0458333333333333,30,300,1.0,,,True,0.775,1e-06
a7_20260822T081428Z,2026-08-22T08:15:46+00:00,hyperplanes_n_features20_n_hyperplanes3_dim_hyperplanes5_seed22,daf152204bbd72927ebe009bee77245588374523bc0144bb5e7d3d282686d97e,f087808ca635cff7ff23816ed69bcf872092e3ee826c2b73a96b833594ccb0d5,E,,,h2,0,,15,1,,,pennylane,,,,0,val_full,600,val,0.8466666666666667,0.8808263654154066,0.8455062469213201,0.824999988079071,0.0,0.0213745044204987,0.0376866282867828,89,59,2.217226466003922,unknown,56488e26fdba,0.1,0.001 0.003 0.01 0.03 0.1,0.0458333333333333,30,300,1.0,,,True,0.775,1e-06
a7_20260822T081428Z,2026-08-22T08:15:48+00:00,hyperplanes_n_features20_n_hyperplanes3_dim_hyperplanes5_seed22,daf152204bbd72927ebe009bee77245588374523bc0144bb5e7d3d282686d97e,f087808ca635cff7ff23816ed69bcf872092e3ee826c2b73a96b833594ccb0d5,E,,,h4,0,,29,1,,,pennylane,,,,0,test_full,1200,test,0.8641666666666666,0.895459572717976,0.86272441505231,0.8450000286102295,0.0,0.0158755150496382,0.0654797535482333,89,59,2.212274008008535,unknown,56488e26fdba,0.1,0.001 0.003 0.01 0.03 0.1,0.0458333333333333,30,300,1.0,,,True,0.775,1e-06
a7_20260822T081428Z,2026-08-22T08:15:48+00:00,hyperplanes_n_features20_n_hyperplanes3_dim_hyperplanes5_seed22,daf152204bbd72927ebe009bee77245588374523bc0144bb5e7d3d282686d97e,f087808ca635cff7ff23816ed69bcf872092e3ee826c2b73a96b833594ccb0d5,E,,,h4,0,,29,1,,,pennylane,,,,0,val_full,600,val,0.8633333333333333,0.9096079434264366,0.8629908103592314,0.8450000286102295,0.0,0.0158755150496382,0.0654797535482333,89,59,2.212274008008535,unknown,56488e26fdba,0.1,0.001 0.003 0.01 0.03 0.1,0.0458333333333333,30,300,1.0,,,True,0.775,1e-06
a7_20260822T081428Z,2026-08-22T08:15:53+00:00,hyperplanes_n_features20_n_hyperplanes3_dim_hyperplanes5_seed22,daf152204bbd72927ebe009bee77245588374523bc0144bb5e7d3d282686d97e,f087808ca635cff7ff23816ed69bcf872092e3ee826c2b73a96b833594ccb0d5,E,,,h42,0,,295,1,,,pennylane,,,,0,test_full,1200,test,0.9825,0.9985383042105732,0.9824935688179894,0.9897618889808656,0.0,0.0042320857561352,0.0078181278918135,201,171,5.117046486993786,unknown,56488e26fdba,0.01,0.001 0.003 0.01 0.03 0.1,0.0458333333333333,30,300,1.0,,,True,0.775,1e-06
a7_20260822T081428Z,2026-08-22T08:15:53+00:00,hyperplanes_n_features20_n_hyperplanes3_dim_hyperplanes5_seed22,daf152204bbd72927ebe009bee77245588374523bc0144bb5e7d3d282686d97e,f087808ca635cff7ff23816ed69bcf872092e3ee826c2b73a96b833594ccb0d5,E,,,h42,0,,295,1,,,pennylane,,,,0,val_full,600,val,0.975,0.9962973670165453,0.9749882583768492,0.9897618889808656,0.0,0.0042320857561352,0.0078181278918135,201,171,5.117046486993786,unknown,56488e26fdba,0.01,0.001 0.003 0.01 0.03 0.1,0.0458333333333333,30,300,1.0,,,True,0.775,1e-06
a7_20260822T081428Z,2026-08-22T08:15:46+00:00,hyperplanes_n_features20_n_hyperplanes3_dim_hyperplanes5_seed22,daf152204bbd72927ebe009bee77245588374523bc0144bb5e7d3d282686d97e,f087808ca635cff7ff23816ed69bcf872092e3ee826c2b73a96b833594ccb0d5,B,L1,2.0,linear,35,35.0,6,1,0x1ddc9c443a3565bb,U0-2pi,pennylane,,,,0,test_full,1200,test,0.7958333333333333,0.8472861366768929,0.7955458196422052,0.7878571152687073,0.0,0.0297714192600927,0.0458691339423082,93,63,15.988740754997709,unknown,56488e26fdba,0.03,0.001 0.003 0.01 0.03,0.0458333333333333,30,300,1.0,,,True,0.7541666666666667,1.0
a7_20260822T081428Z,2026-08-22T08:15:46+00:00,hyperplanes_n_features20_n_hyperplanes3_dim_hyperplanes5_seed22,daf152204bbd72927ebe009bee77245588374523bc0144bb5e7d3d282686d97e,f087808ca635cff7ff23816ed69bcf872092e3ee826c2b73a96b833594ccb0d5,B,L1,2.0,linear,35,35.0,6,1,0x1ddc9c443a3565bb,U0-2pi,pennylane,,,,0,val_full,600,val,0.7933333333333333,0.8408201387653443,0.7933310370115223,0.7878571152687073,0.0,0.0297714192600927,0.0458691339423082,93,63,15.988740754997709,unknown,56488e26fdba,0.03,0.001 0.003 0.01 0.03,0.0458333333333333,30,300,1.0,,,True,0.75,1.0
a7_20260822T081428Z,2026-08-22T08:15:47+00:00,hyperplanes_n_features20_n_hyperplanes3_dim_hyperplanes5_seed22,daf152204bbd72927ebe009bee77245588374523bc0144bb5e7d3d282686d97e,f087808ca635cff7ff23816ed69bcf872092e3ee826c2b73a96b833594ccb0d5,B,L1,2.0,h2,35,35.0,15,1,0x1ddc9c443a3565bb,U0-2pi,pennylane,,,,0,test_full,1200,test,0.8083333333333333,0.8563786625761416,0.806649031563845,0.7992857098579407,0.0,0.0083265782001976,0.058712661668778,36,6,0.894680231998791,unknown,56488e26fdba,0.03,0.001 0.003 0.01 0.03,0.0458333333333333,30,300,1.0,,,True,0.7541666666666667,1.0
a7_20260822T081428Z,2026-08-22T08:15:47+00:00,hyperplanes_n_features20_n_hyperplanes3_dim_hyperplanes5_seed22,daf152204bbd72927ebe009bee77245588374523bc0144bb5e7d3d282686d97e,f087808ca635cff7ff23816ed69bcf872092e3ee826c2b73a96b833594ccb0d5,B,L1,2.0,h2,35,35.0,15,1,0x1ddc9c443a3565bb,U0-2pi,pennylane,,,,0,val_full,600,val,0.8116666666666666,0.8468800035580858,0.8109477429446981,0.7992857098579407,0.0,0.0083265782001976,0.058712661668778,36,6,0.894680231998791,unknown,56488e26fdba,0.03,0.001 0.003 0.01 0.03,0.0458333333333333,30,300,1.0,,,True,0.75,1.0
a7_20260822T081428Z,2026-08-22T08:15:48+00:00,hyperplanes_n_features20_n_hyperplanes3_dim_hyperplanes5_seed22,daf152204bbd72927ebe009bee77245588374523bc0144bb5e7d3d282686d97e,f087808ca635cff7ff23816ed69bcf872092e3ee826c2b73a96b833594ccb0d5,B,L1,2.0,h4,35,35.0,29,1,0x1ddc9c443a3565bb,U0-2pi,pennylane,,,,0,test_full,1200,test,0.8075,0.8596938775510204,0.805652483925315,0.7992857098579407,0.0,0.0132933471080609,0.046585281288751,55,25,1.3739898439962417,unknown,56488e26fdba,0.01,0.001 0.003 0.01 0.03,0.0458333333333333,30,300,1.0,,,True,0.7541666666666667,1.0
a7_20260822T081428Z,2026-08-22T08:15:48+00:00,hyperplanes_n_features20_n_hyperplanes3_dim_hyperplanes5_seed22,daf152204bbd72927ebe009bee77245588374523bc0144bb5e7d3d282686d97e,f087808ca635cff7ff23816ed69bcf872092e3ee826c2b73a96b833594ccb0d5,B,L1,2.0,h4,35,35.0,29,1,0x1ddc9c443a3565bb,U0-2pi,pennylane,,,,0,val_full,600,val,0.8116666666666666,0.8475582636541541,0.8109477429446981,0.7992857098579407,0.0,0.0132933471080609,0.046585281288751,55,25,1.3739898439962417,unknown,56488e26fdba,0.01,0.001 0.003 0.01 0.03,0.0458333333333333,30,300,1.0,,,True,0.75,1.0
a7_20260822T081428Z,2026-08-22T08:15:54+00:00,hyperplanes_n_features20_n_hyperplanes3_dim_hyperplanes5_seed22,daf152204bbd72927ebe009bee77245588374523bc0144bb5e7d3d282686d97e,f087808ca635cff7ff23816ed69bcf872092e3ee826c2b73a96b833594ccb0d5,B,L1,2.0,h42,35,35.0,295,1,0x1ddc9c443a3565bb,U0-2pi,pennylane,,,,0,test_full,1200,test,0.8925,0.9699629851940776,0.8924963418894115,0.9080952405929564,0.0,0.0032668564249845,0.033782302809922,213,183,5.46559582700138,unknown,56488e26fdba,0.01,0.001 0.003 0.01 0.03,0.0458333333333333,30,300,1.0,,,True,0.7541666666666667,1.0
a7_20260822T081428Z,2026-08-22T08:15:54+00:00,hyperplanes_n_features20_n_hyperplanes3_dim_hyperplanes5_seed22,daf152204bbd72927ebe009bee77245588374523bc0144bb5e7d3d282686d97e,f087808ca635cff7ff23816ed69bcf872092e3ee826c2b73a96b833594ccb0d5,B,L1,2.0,h42,35,35.0,295,1,0x1ddc9c443a3565bb,U0-2pi,pennylane,,,,0,val_full,600,val,0.9033333333333332,0.9653753780466108,0.9031514733221272,0.9080952405929564,0.0,0.0032668564249845,0.033782302809922,213,183,5.46559582700138,unknown,56488e26fdba,0.01,0.001 0.003 0.01 0.03,0.0458333333333333,30,300,1.0,,,True,0.75,1.0
a7_20260822T081428Z,2026-08-22T08:15:45+00:00,hyperplanes_n_features20_n_hyperplanes3_dim_hyperplanes5_seed22,daf152204bbd72927ebe009bee77245588374523bc0144bb5e7d3d282686d97e,f087808ca635cff7ff23816ed69bcf872092e3ee826c2b73a96b833594ccb0d5,B,L1,2.0,linear,35,35.0,6,2,0x68f1fd9add9ea051,U0-2pi,pennylane,,,,0,test_full,1200,test,0.7691666666666667,0.820100262327153,0.7688968858785846,0.7573809623718262,0.0,0.0372754212490012,0.0277887748568514,36,6,14.616260248993058,unknown,56488e26fdba,0.03,0.001 0.003 0.01 0.03,0.0458333333333333,30,300,1.0,,,True,0.7858333333333334,1e-06
a7_20260822T081428Z,2026-08-22T08:15:45+00:00,hyperplanes_n_features20_n_hyperplanes3_dim_hyperplanes5_seed22,daf152204bbd72927ebe009bee77245588374523bc0144bb5e7d3d282686d97e,f087808ca635cff7ff23816ed69bcf872092e3ee826c2b73a96b833594ccb0d5,B,L1,2.0,linear,35,35.0,6,2,0x68f1fd9add9ea051,U0-2pi,pennylane,,,,0,val_full,600,val,0.79,0.8109544565024016,0.7899976666407404,0.7573809623718262,0.0,0.0372754212490012,0.0277887748568514,36,6,14.616260248993058,unknown,56488e26fdba,0.03,0.001 0.003 0.01 0.03,0.0458333333333333,30,300,1.0,,,True,0.7816666666666666,1e-06
a7_20260822T081428Z,2026-08-22T08:15:47+00:00,hyperplanes_n_features20_n_hyperplanes3_dim_hyperplanes5_seed22,daf152204bbd72927ebe009bee77245588374523bc0144bb5e7d3d282686d97e,f087808ca635cff7ff23816ed69bcf872092e3ee826c2b73a96b833594ccb0d5,B,L1,2.0,h2,35,35.0,15,2,0x68f1fd9add9ea051,U0-2pi,pennylane,,,,0,test_full,1200,test,0.8175,0.8469637855142056,0.8147958914004827,0.7904762029647827,0.0,0.0348018122155046,0.0490709306506075,73,43,1.839967342006276,unknown,56488e26fdba,0.03,0.001 0.003 0.01 0.03,0.0458333333333333,30,300,1.0,,,True,0.7858333333333334,1e-06
a7_20260822T081428Z,2026-08-22T08:15:47+00:00,hyperplanes_n_features20_n_hyperplanes3_dim_hyperplanes5_seed22,daf152204bbd72927ebe009bee77245588374523bc0144bb5e7d3d282686d97e,f087808ca635cff7ff23816ed69bcf872092e3ee826c2b73a96b833594ccb0d5,B,L1,2.0,h2,35,35.0,15,2,0x68f1fd9add9ea051,U0-2pi,pennylane,,,,0,val_full,600,val,0.815,0.837473314356876,0.8140449140167136,0.7904762029647827,0.0,0.0348018122155046,0.0490709306506075,73,43,1.839967342006276,unknown,56488e26fdba,0.03,0.001 0.003 0.01 0.03,0.0458333333333333,30,300,1.0,,,True,0.7816666666666666,1e-06
a7_20260822T081428Z,2026-08-22T08:15:49+00:00,hyperplanes_n_features20_n_hyperplanes3_dim_hyperplanes5_seed22,daf152204bbd72927ebe009bee77245588374523bc0144bb5e7d3d282686d97e,f087808ca635cff7ff23816ed69bcf872092e3ee826c2b73a96b833594ccb0d5,B,L1,2.0,h4,35,35.0,29,2,0x68f1fd9add9ea051,U0-2pi,pennylane,,,,0,test_full,1200,test,0.8183333333333334,0.8490159952870038,0.8158985922153817,0.7900000214576721,0.0,0.0182225834649986,0.0166139776943711,98,68,2.4483414080023067,unknown,56488e26fdba,0.01,0.001 0.003 0.01 0.03,0.0458333333333333,30,300,1.0,,,True,0.7858333333333334,1e-06
a7_20260822T081428Z,2026-08-22T08:15:49+00:00,hyperplanes_n_features20_n_hyperplanes3_dim_hyperplanes5_seed22,daf152204bbd72927ebe009bee77245588374523bc0144bb5e7d3d282686d97e,f087808ca635cff7ff23816ed69bcf872092e3ee826c2b73a96b833594ccb0d5,B,L1,2.0,h4,35,35.0,29,2,0x68f1fd9add9ea051,U0-2pi,pennylane,,,,0,val_full,600,val,0.8166666666666667,0.8432385251734567,0.8156754099825729,0.7900000214576721,0.0,0.0182225834649986,0.0166139776943711,98,68,2.4483414080023067,unknown,56488e26fdba,0.01,0.001 0.003 0.01 0.03,0.0458333333333333,30,300,1.0,,,True,0.7816666666666666,1e-06
a7_20260822T081428Z,2026-08-22T08:15:54+00:00,hyperplanes_n_features20_n_hyperplanes3_dim_hyperplanes5_seed22,daf152204bbd72927ebe009bee77245588374523bc0144bb5e7d3d282686d97e,f087808ca635cff7ff23816ed69bcf872092e3ee826c2b73a96b833594ccb0d5,B,L1,2.0,h42,35,35.0,295,2,0x68f1fd9add9ea051,U0-2pi,pennylane,,,,0,test_full,1200,test,0.8308333333333333,0.9017551465030456,0.8300201449852803,0.8128571510314941,0.0,0.0145099020911057,0.0217165449408007,174,144,4.453770317995804,unknown,56488e26fdba,0.01,0.001 0.003 0.01 0.03,0.0458333333333333,30,300,1.0,,,True,0.7858333333333334,1e-06
a7_20260822T081428Z,2026-08-22T08:15:54+00:00,hyperplanes_n_features20_n_hyperplanes3_dim_hyperplanes5_seed22,daf152204bbd72927ebe009bee77245588374523bc0144bb5e7d3d282686d97e,f087808ca635cff7ff23816ed69bcf872092e3ee826c2b73a96b833594ccb0d5,B,L1,2.0,h42,35,35.0,295,2,0x68f1fd9add9ea051,U0-2pi,pennylane,,,,0,val_full,600,val,0.845,0.9015633339263476,0.8448098921178444,0.8128571510314941,0.0,0.0145099020911057,0.0217165449408007,174,144,4.453770317995804,unknown,56488e26fdba,0.01,0.001 0.003 0.01 0.03,0.0458333333333333,30,300,1.0,,,True,0.7816666666666666,1e-06
a7_20260822T081428Z,2026-08-22T08:15:44+00:00,hyperplanes_n_features20_n_hyperplanes3_dim_hyperplanes5_seed22,daf152204bbd72927ebe009bee77245588374523bc0144bb5e7d3d282686d97e,f087808ca635cff7ff23816ed69bcf872092e3ee826c2b73a96b833594ccb0d5,D_matched,,2.0,linear,30,,6,1,0x7d4f7004e22ea7b3,RFF-int-spectrum-U0-2pi,pennylane,,,,0,test_full,1200,test,0.6675,0.7578864879285048,0.6673056972857064,0.6559523940086365,0.0,0.0436978747368983,0.0338023912940069,93,63,26.974290707992623,unknown,56488e26fdba,0.03,0.001 0.003 0.01 0.03,0.0458333333333333,30,300,1.0,,0x7d4f7004e22ea7b3,True,0.66,1e-06
a7_20260822T081428Z,2026-08-22T08:15:44+00:00,hyperplanes_n_features20_n_hyperplanes3_dim_hyperplanes5_seed22,daf152204bbd72927ebe009bee77245588374523bc0144bb5e7d3d282686d97e,f087808ca635cff7ff23816ed69bcf872092e3ee826c2b73a96b833594ccb0d5,D_matched,,2.0,linear,30,,6,1,0x7d4f7004e22ea7b3,RFF-int-spectrum-U0-2pi,pennylane,,,,0,val_full,600,val,0.6733333333333333,0.7414828322362568,0.6733297036633741,0.6559523940086365,0.0,0.0436978747368983,0.0338023912940069,93,63,26.974290707992623,unknown,56488e26fdba,0.03,0.001 0.003 0.01 0.03,0.0458333333333333,30,300,1.0,,0x7d4f7004e22ea7b3,True,0.6433333333333333,1e-06
a7_20260822T081428Z,2026-08-22T08:15:48+00:00,hyperplanes_n_features20_n_hyperplanes3_dim_hyperplanes5_seed22,daf152204bbd72927ebe009bee77245588374523bc0144bb5e7d3d282686d97e,f087808ca635cff7ff23816ed69bcf872092e3ee826c2b73a96b833594ccb0d5,D_matched,,2.0,h2,30,,15,1,0x7d4f7004e22ea7b3,RFF-int-spectrum-U0-2pi,pennylane,,,,0,test_full,1200,test,0.71,0.7807734204793029,0.6974930168407144,0.6957142949104309,0.0,0.0147583511160295,0.1620559915195646,154,124,3.852867737994529,unknown,56488e26fdba,0.01,0.001 0.003 0.01 0.03,0.0458333333333333,30,300,1.0,,0x7d4f7004e22ea7b3,True,0.66,1e-06
a7_20260822T081428Z,2026-08-22T08:15:48+00:00,hyperplanes_n_features20_n_hyperplanes3_dim_hyperplanes5_seed22,daf152204bbd72927ebe009bee77245588374523bc0144bb5e7d3d282686d97e,f087808ca635cff7ff23816ed69bcf872092e3ee826c2b73a96b833594ccb0d5,D_matched,,2.0,h2,30,,15,1,0x7d4f7004e22ea7b3,RFF-int-spectrum-U0-2pi,pennylane,,,,0,val_full,600,val,0.6983333333333334,0.761119017968333,0.6891734475129583,0.6957142949104309,0.0,0.0147583511160295,0.1620559915195646,154,124,3.852867737994529,unknown,56488e26fdba,0.01,0.001 0.003 0.01 0.03,0.0458333333333333,30,300,1.0,,0x7d4f7004e22ea7b3,True,0.6433333333333333,1e-06
a7_20260822T081428Z,2026-08-22T08:15:50+00:00,hyperplanes_n_features20_n_hyperplanes3_dim_hyperplanes5_seed22,daf152204bbd72927ebe009bee77245588374523bc0144bb5e7d3d282686d97e,f087808ca635cff7ff23816ed69bcf872092e3ee826c2b73a96b833594ccb0d5,D_matched,,2.0,h2,30,,15,1,0x7d4f7004e22ea7b3,RFF-int-spectrum-U0-2pi,pennylane,,,,0,test_full,1200,test,0.7108333333333333,0.7331460361922546,0.6988890568155277,0.6940476298332214,0.0,0.0147583511160295,0.1538316726210406,61,31,1.5018292960012332,unknown,56488e26fdba,0.03,0.001 0.003 0.01 0.03,0.0458333333333333,30,300,1.0,,0x7d4f7004e22ea7b3,True,0.66,1e-06
a7_20260822T081428Z,2026-08-22T08:15:50+00:00,hyperplanes_n_features20_n_hyperplanes3_dim_hyperplanes5_seed22,daf152204bbd72927ebe009bee77245588374523bc0144bb5e7d3d282686d97e,f087808ca635cff7ff23816ed69bcf872092e3ee826c2b73a96b833594ccb0d5,D_matched,,2.0,h2,30,,15,1,0x7d4f7004e22ea7b3,RFF-int-spectrum-U0-2pi,pennylane,,,,0,val_full,600,val,0.6966666666666667,0.7229641078099982,0.688,0.6940476298332214,0.0,0.0147583511160295,0.1538316726210406,61,31,1.5018292960012332,unknown,56488e26fdba,0.03,0.001 0.003 0.01 0.03,0.0458333333333333,30,300,1.0,,0x7d4f7004e22ea7b3,True,0.6433333333333333,1e-06
a7_20260822T081428Z,2026-08-22T08:15:52+00:00,hyperplanes_n_features20_n_hyperplanes3_dim_hyperplanes5_seed22,daf152204bbd72927ebe009bee77245588374523bc0144bb5e7d3d282686d97e,f087808ca635cff7ff23816ed69bcf872092e3ee826c2b73a96b833594ccb0d5,D_matched,,2.0,h4,30,,29,1,0x7d4f7004e22ea7b3,RFF-int-spectrum-U0-2pi,pennylane,,,,0,test_full,1200,test,0.7675,0.836938942243564,0.7657743752409243,0.7350000143051147,0.0,0.0111594930636939,0.0560630369361509,72,42,1.821589343002416,unknown,56488e26fdba,0.01,0.001 0.003 0.01 0.03,0.0458333333333333,30,300,1.0,,0x7d4f7004e22ea7b3,True,0.66,1e-06
a7_20260822T081428Z,2026-08-22T08:15:52+00:00,hyperplanes_n_features20_n_hyperplanes3_dim_hyperplanes5_seed22,daf152204bbd72927ebe009bee77245588374523bc0144bb5e7d3d282686d97e,f087808ca635cff7ff23816ed69bcf872092e3ee826c2b73a96b833594ccb0d5,D_matched,,2.0,h4,30,,29,1,0x7d4f7004e22ea7b3,RFF-int-spectrum-U0-2pi,pennylane,,,,0,val_full,600,val,0.7483333333333333,0.8044442714819426,0.7479629789329321,0.7350000143051147,0.0,0.0111594930636939,0.0560630369361509,72,42,1.821589343002416,unknown,56488e26fdba,0.01,0.001 0.003 0.01 0.03,0.0458333333333333,30,300,1.0,,0x7d4f7004e22ea7b3,True,0.6433333333333333,1e-06
a7_20260822T081428Z,2026-08-22T08:15:54+00:00,hyperplanes_n_features20_n_hyperplanes3_dim_hyperplanes5_seed22,daf152204bbd72927ebe009bee77245588374523bc0144bb5e7d3d282686d97e,f087808ca635cff7ff23816ed69bcf872092e3ee826c2b73a96b833594ccb0d5,D_matched,,2.0,h42,30,,295,1,0x7d4f7004e22ea7b3,RFF-int-spectrum-U0-2pi,pennylane,,,,0,test_full,1200,test,0.8125,0.8857654172780223,0.8103760804173974,0.807619035243988,0.0,0.0048539923706077,0.0190305526165679,104,74,2.63924827700248,unknown,56488e26fdba,0.01,0.001 0.003 0.01 0.03,0.0458333333333333,30,300,1.0,,0x7d4f7004e22ea7b3,True,0.66,1e-06
a7_20260822T081428Z,2026-08-22T08:15:54+00:00,hyperplanes_n_features20_n_hyperplanes3_dim_hyperplanes5_seed22,daf152204bbd72927ebe009bee77245588374523bc0144bb5e7d3d282686d97e,f087808ca635cff7ff23816ed69bcf872092e3ee826c2b73a96b833594ccb0d5,D_matched,,2.0,h42,30,,295,1,0x7d4f7004e22ea7b3,RFF-int-spectrum-U0-2pi,pennylane,,,,0,val_full,600,val,0.8133333333333334,0.8690735634228787,0.8128008557675166,0.807619035243988,0.0,0.0048539923706077,0.0190305526165679,104,74,2.63924827700248,unknown,56488e26fdba,0.01,0.001 0.003 0.01 0.03,0.0458333333333333,30,300,1.0,,0x7d4f7004e22ea7b3,True,0.6433333333333333,1e-06
a7_20260822T081428Z,2026-08-22T08:15:55+00:00,hyperplanes_n_features20_n_hyperplanes3_dim_hyperplanes5_seed22,daf152204bbd72927ebe009bee77245588374523bc0144bb5e7d3d282686d97e,f087808ca635cff7ff23816ed69bcf872092e3ee826c2b73a96b833594ccb0d5,D_best,,2.0,linear,192,,33,4,0x81f13209d45c857b,RFF-int-spectrum-U0-2pi,pennylane,,,,0,test_full,1200,test,0.8116666666666666,0.8752834467120181,0.8098278072136408,0.8064285516738892,0.0,0.053984468902486,0.077860555523364,76,46,1.4111300369986566,unknown,56488e26fdba,0.03,0.001 0.003 0.01 0.03,0.0458333333333333,30,300,1.0,32.0,0x81f13209d45c857b,True,0.805,1.0
a7_20260822T081428Z,2026-08-22T08:15:55+00:00,hyperplanes_n_features20_n_hyperplanes3_dim_hyperplanes5_seed22,daf152204bbd72927ebe009bee77245588374523bc0144bb5e7d3d282686d97e,f087808ca635cff7ff23816ed69bcf872092e3ee826c2b73a96b833594ccb0d5,D_best,,2.0,linear,192,,33,4,0x81f13209d45c857b,RFF-int-spectrum-U0-2pi,pennylane,,,,0,val_full,600,val,0.82,0.8646815513253869,0.8192750923147291,0.8064285516738892,0.0,0.053984468902486,0.077860555523364,76,46,1.4111300369986566,unknown,56488e26fdba,0.03,0.001 0.003 0.01 0.03,0.0458333333333333,30,300,1.0,32.0,0x81f13209d45c857b,True,0.8133333333333334,1.0
a7_20260822T081428Z,2026-08-22T08:15:43+00:00,hyperplanes_n_features20_n_hyperplanes3_dim_hyperplanes5_seed22,daf152204bbd72927ebe009bee77245588374523bc0144bb5e7d3d282686d97e,f087808ca635cff7ff23816ed69bcf872092e3ee826c2b73a96b833594ccb0d5,D_matched,,2.0,linear,30,,6,3,0x0e4dbf97e6e6ab66,RFF-int-spectrum-U0-2pi,pennylane,,,,0,test_full,1200,test,0.7333333333333333,0.7931172468987596,0.7330656575065552,0.7047619223594666,0.0,0.101073005533846,0.0176454662591543,34,4,25.836790385001223,unknown,56488e26fdba,0.03,0.001 0.003 0.01 0.03,0.0458333333333333,30,300,1.0,,0x0e4dbf97e6e6ab66,True,0.7308333333333333,1e-06
a7_20260822T081428Z,2026-08-22T08:15:43+00:00,hyperplanes_n_features20_n_hyperplanes3_dim_hyperplanes5_seed22,daf152204bbd72927ebe009bee77245588374523bc0144bb5e7d3d282686d97e,f087808ca635cff7ff23816ed69bcf872092e3ee826c2b73a96b833594ccb0d5,D_matched,,2.0,linear,30,,6,3,0x0e4dbf97e6e6ab66,RFF-int-spectrum-U0-2pi,pennylane,,,,0,val_full,600,val,0.72,0.7725938445116527,0.7199968888543206,0.7047619223594666,0.0,0.101073005533846,0.0176454662591543,34,4,25.836790385001223,unknown,56488e26fdba,0.03,0.001 0.003 0.01 0.03,0.0458333333333333,30,300,1.0,,0x0e4dbf97e6e6ab66,True,0.7133333333333334,1e-06
a7_20260822T081428Z,2026-08-22T08:15:47+00:00,hyperplanes_n_features20_n_hyperplanes3_dim_hyperplanes5_seed22,daf152204bbd72927ebe009bee77245588374523bc0144bb5e7d3d282686d97e,f087808ca635cff7ff23816ed69bcf872092e3ee826c2b73a96b833594ccb0d5,D_matched,,2.0,h2,30,,15,3,0x0e4dbf97e6e6ab66,RFF-int-spectrum-U0-2pi,pennylane,,,,0,test_full,1200,test,0.77,0.8128973811746922,0.7649436773255813,0.7547619342803955,0.0,0.0071821691989038,0.0456352086566613,165,135,4.048547626996879,unknown,56488e26fdba,0.01,0.001 0.003 0.01 0.03,0.0458333333333333,30,300,1.0,,0x0e4dbf97e6e6ab66,True,0.7308333333333333,1e-06
a7_20260822T081428Z,2026-08-22T08:15:47+00:00,hyperplanes_n_features20_n_hyperplanes3_dim_hyperplanes5_seed22,daf152204bbd72927ebe009bee77245588374523bc0144bb5e7d3d282686d97e,f087808ca635cff7ff23816ed69bcf872092e3ee826c2b73a96b833594ccb0d5,D_matched,,2.0,h2,30,,15,3,0x0e4dbf97e6e6ab66,RFF-int-spectrum-U0-2pi,pennylane,,,,0,val_full,600,val,0.77,0.801847980786337,0.7666396103896104,0.7547619342803955,0.0,0.0071821691989038,0.0456352086566613,165,135,4.048547626996879,unknown,56488e26fdba,0.01,0.001 0.003 0.01 0.03,0.0458333333333333,30,300,1.0,,0x0e4dbf97e6e6ab66,True,0.7133333333333334,1e-06
a7_20260822T081428Z,2026-08-22T08:15:49+00:00,hyperplanes_n_features20_n_hyperplanes3_dim_hyperplanes5_seed22,daf152204bbd72927ebe009bee77245588374523bc0144bb5e7d3d282686d97e,f087808ca635cff7ff23816ed69bcf872092e3ee826c2b73a96b833594ccb0d5,D_matched,,2.0,h2,30,,15,3,0x0e4dbf97e6e6ab66,RFF-int-spectrum-U0-2pi,pennylane,,,,0,test_full,1200,test,0.7391666666666666,0.766362100395714,0.7311672109886476,0.7314285635948181,0.0,0.0071821691989038,0.1052675880023124,53,23,1.3337160020018928,unknown,56488e26fdba,0.03,0.001 0.003 0.01 0.03,0.0458333333333333,30,300,1.0,,0x0e4dbf97e6e6ab66,True,0.7308333333333333,1e-06
a7_20260822T081428Z,2026-08-22T08:15:49+00:00,hyperplanes_n_features20_n_hyperplanes3_dim_hyperplanes5_seed22,daf152204bbd72927ebe009bee77245588374523bc0144bb5e7d3d282686d97e,f087808ca635cff7ff23816ed69bcf872092e3ee826c2b73a96b833594ccb0d5,D_matched,,2.0,h2,30,,15,3,0x0e4dbf97e6e6ab66,RFF-int-spectrum-U0-2pi,pennylane,,,,0,val_full,600,val,0.7383333333333333,0.7558652819782956,0.7337170220404287,0.7314285635948181,0.0,0.0071821691989038,0.1052675880023124,53,23,1.3337160020018928,unknown,56488e26fdba,0.03,0.001 0.003 0.01 0.03,0.0458333333333333,30,300,1.0,,0x0e4dbf97e6e6ab66,True,0.7133333333333334,1e-06
a7_20260822T081428Z,2026-08-22T08:15:52+00:00,hyperplanes_n_features20_n_hyperplanes3_dim_hyperplanes5_seed22,daf152204bbd72927ebe009bee77245588374523bc0144bb5e7d3d282686d97e,f087808ca635cff7ff23816ed69bcf872092e3ee826c2b73a96b833594ccb0d5,D_matched,,2.0,h4,30,,29,3,0x0e4dbf97e6e6ab66,RFF-int-spectrum-U0-2pi,pennylane,,,,0,test_full,1200,test,0.7708333333333334,0.8393940909697213,0.769835795276612,0.7502381205558777,0.0,0.0334239683428039,0.2568542754760274,139,109,3.4188549620012054,unknown,56488e26fdba,0.01,0.001 0.003 0.01 0.03,0.0458333333333333,30,300,1.0,,0x0e4dbf97e6e6ab66,True,0.7308333333333333,1e-06
a7_20260822T081428Z,2026-08-22T08:15:52+00:00,hyperplanes_n_features20_n_hyperplanes3_dim_hyperplanes5_seed22,daf152204bbd72927ebe009bee77245588374523bc0144bb5e7d3d282686d97e,f087808ca635cff7ff23816ed69bcf872092e3ee826c2b73a96b833594ccb0d5,D_matched,,2.0,h4,30,,29,3,0x0e4dbf97e6e6ab66,RFF-int-spectrum-U0-2pi,pennylane,,,,0,val_full,600,val,0.78,0.8135118306351183,0.7795861116986341,0.7502381205558777,0.0,0.0334239683428039,0.2568542754760274,139,109,3.4188549620012054,unknown,56488e26fdba,0.01,0.001 0.003 0.01 0.03,0.0458333333333333,30,300,1.0,,0x0e4dbf97e6e6ab66,True,0.7133333333333334,1e-06
a7_20260822T081428Z,2026-08-22T08:15:55+00:00,hyperplanes_n_features20_n_hyperplanes3_dim_hyperplanes5_seed22,daf152204bbd72927ebe009bee77245588374523bc0144bb5e7d3d282686d97e,f087808ca635cff7ff23816ed69bcf872092e3ee826c2b73a96b833594ccb0d5,D_matched,,2.0,h42,30,,295,3,0x0e4dbf97e6e6ab66,RFF-int-spectrum-U0-2pi,pennylane,,,,0,test_full,1200,test,0.8283333333333334,0.900110044017607,0.828225974567438,0.8319047689437866,0.0,0.0149074943265802,0.0456691040038503,111,81,2.8109524619940203,unknown,56488e26fdba,0.01,0.001 0.003 0.01 0.03,0.0458333333333333,30,300,1.0,,0x0e4dbf97e6e6ab66,True,0.7308333333333333,1e-06
a7_20260822T081428Z,2026-08-22T08:15:55+00:00,hyperplanes_n_features20_n_hyperplanes3_dim_hyperplanes5_seed22,daf152204bbd72927ebe009bee77245588374523bc0144bb5e7d3d282686d97e,f087808ca635cff7ff23816ed69bcf872092e3ee826c2b73a96b833594ccb0d5,D_matched,,2.0,h42,30,,295,3,0x0e4dbf97e6e6ab66,RFF-int-spectrum-U0-2pi,pennylane,,,,0,val_full,600,val,0.83,0.8946473047500445,0.8298468621759583,0.8319047689437866,0.0,0.0149074943265802,0.0456691040038503,111,81,2.8109524619940203,unknown,56488e26fdba,0.01,0.001 0.003 0.01 0.03,0.0458333333333333,30,300,1.0,,0x0e4dbf97e6e6ab66,True,0.7133333333333334,1e-06
a7_20260822T081428Z,2026-08-22T08:15:55+00:00,hyperplanes_n_features20_n_hyperplanes3_dim_hyperplanes5_seed22,daf152204bbd72927ebe009bee77245588374523bc0144bb5e7d3d282686d97e,f087808ca635cff7ff23816ed69bcf872092e3ee826c2b73a96b833594ccb0d5,D_best,,2.0,linear,3072,,513,4,0x919c9577afb001d0,RFF-int-spectrum-U0-2pi,pennylane,,,,0,test_full,1200,test,0.85,0.905381597083278,0.8489928663111475,0.8323809504508972,0.0,0.0668118889164326,0.0239716714501824,70,40,1.6355105659895344,unknown,56488e26fdba,0.003,0.001 0.003 0.01 0.03,0.0458333333333333,30,300,1.0,512.0,0x919c9577afb001d0,True,0.845,0.0001
a7_20260822T081428Z,2026-08-22T08:15:55+00:00,hyperplanes_n_features20_n_hyperplanes3_dim_hyperplanes5_seed22,daf152204bbd72927ebe009bee77245588374523bc0144bb5e7d3d282686d97e,f087808ca635cff7ff23816ed69bcf872092e3ee826c2b73a96b833594ccb0d5,D_best,,2.0,linear,3072,,513,4,0x919c9577afb001d0,RFF-int-spectrum-U0-2pi,pennylane,,,,0,val_full,600,val,0.85,0.8906222202455079,0.849893257427504,0.8323809504508972,0.0,0.0668118889164326,0.0239716714501824,70,40,1.6355105659895344,unknown,56488e26fdba,0.003,0.001 0.003 0.01 0.03,0.0458333333333333,30,300,1.0,512.0,0x919c9577afb001d0,True,0.8433333333333334,0.0001
a7_20260822T081428Z,2026-08-22T08:15:55+00:00,hyperplanes_n_features20_n_hyperplanes3_dim_hyperplanes5_seed22,daf152204bbd72927ebe009bee77245588374523bc0144bb5e7d3d282686d97e,f087808ca635cff7ff23816ed69bcf872092e3ee826c2b73a96b833594ccb0d5,D_best,,2.0,linear,768,,129,4,0x08491676e12f22b5,RFF-int-spectrum-U0-2pi,pennylane,,,,0,test_full,1200,test,0.8491666666666666,0.9045451513938908,0.8481330220479808,0.8278571367263794,0.0,0.052926091610993,0.0329073779060111,96,66,1.861883855002816,unknown,56488e26fdba,0.01,0.001 0.003 0.01 0.03,0.0458333333333333,30,300,1.0,128.0,0x08491676e12f22b5,True,0.8175,0.01
a7_20260822T081428Z,2026-08-22T08:15:55+00:00,hyperplanes_n_features20_n_hyperplanes3_dim_hyperplanes5_seed22,daf152204bbd72927ebe009bee77245588374523bc0144bb5e7d3d282686d97e,f087808ca635cff7ff23816ed69bcf872092e3ee826c2b73a96b833594ccb0d5,D_best,,2.0,linear,768,,129,4,0x08491676e12f22b5,RFF-int-spectrum-U0-2pi,pennylane,,,,0,val_full,600,val,0.8483333333333334,0.8937911403664829,0.8482114808832646,0.8278571367263794,0.0,0.052926091610993,0.0329073779060111,96,66,1.861883855002816,unknown,56488e26fdba,0.01,0.001 0.003 0.01 0.03,0.0458333333333333,30,300,1.0,128.0,0x08491676e12f22b5,True,0.8283333333333334,0.01
a7_20260822T081428Z,2026-08-22T08:15:47+00:00,hyperplanes_n_features20_n_hyperplanes3_dim_hyperplanes5_seed22,daf152204bbd72927ebe009bee77245588374523bc0144bb5e7d3d282686d97e,f087808ca635cff7ff23816ed69bcf872092e3ee826c2b73a96b833594ccb0d5,B,L2,2.0,linear,35,35.0,6,2,0xedbc28bf50f4bc26,U0-2pi,pennylane,,,,0,test_full,1200,test,0.6125,0.6653717042372504,0.6114290011845148,0.6009523868560791,0.0,0.0392564226690524,0.0747771505429627,149,119,16.809756970003946,unknown,56488e26fdba,0.03,0.001 0.003 0.01 0.03,0.0458333333333333,30,300,1.0,,,True,0.62,1.0
a7_20260822T081428Z,2026-08-22T08:15:47+00:00,hyperplanes_n_features20_n_hyperplanes3_dim_hyperplanes5_seed22,daf152204bbd72927ebe009bee77245588374523bc0144bb5e7d3d282686d97e,f087808ca635cff7ff23816ed69bcf872092e3ee826c2b73a96b833594ccb0d5,B,L2,2.0,linear,35,35.0,6,2,0xedbc28bf50f4bc26,U0-2pi,pennylane,,,,0,val_full,600,val,0.63,0.6627490660024906,0.6285099119802764,0.6009523868560791,0.0,0.0392564226690524,0.0747771505429627,149,119,16.809756970003946,unknown,56488e26fdba,0.03,0.001 0.003 0.01 0.03,0.0458333333333333,30,300,1.0,,,True,0.6233333333333333,1.0
a7_20260822T081428Z,2026-08-22T08:15:49+00:00,hyperplanes_n_features20_n_hyperplanes3_dim_hyperplanes5_seed22,daf152204bbd72927ebe009bee77245588374523bc0144bb5e7d3d282686d97e,f087808ca635cff7ff23816ed69bcf872092e3ee826c2b73a96b833594ccb0d5,B,L2,2.0,h2,35,35.0,15,2,0xedbc28bf50f4bc26,U0-2pi,pennylane,,,,0,test_full,1200,test,0.6466666666666666,0.667899104086079,0.6365714285714286,0.6257143020629883,0.0,0.031802653786148,0.0912966377499804,85,55,2.1512417959893355,unknown,56488e26fdba,0.01,0.001 0.003 0.01 0.03,0.0458333333333333,30,300,1.0,,,True,0.62,1.0
a7_20260822T081428Z,2026-08-22T08:15:49+00:00,hyperplanes_n_features20_n_hyperplanes3_dim_hyperplanes5_seed22,daf152204bbd72927ebe009bee77245588374523bc0144bb5e7d3d282686d97e,f087808ca635cff7ff23816ed69bcf872092e3ee826c2b73a96b833594ccb0d5,B,L2,2.0,h2,35,35.0,15,2,0xedbc28bf50f4bc26,U0-2pi,pennylane,,,,0,val_full,600,val,0.645,0.6613369507205125,0.6366417509432245,0.6257143020629883,0.0,0.031802653786148,0.0912966377499804,85,55,2.1512417959893355,unknown,56488e26fdba,0.01,0.001 0.003 0.01 0.03,0.0458333333333333,30,300,1.0,,,True,0.6233333333333333,1.0
a7_20260822T081428Z,2026-08-22T08:15:52+00:00,hyperplanes_n_features20_n_hyperplanes3_dim_hyperplanes5_seed22,daf152204bbd72927ebe009bee77245588374523bc0144bb5e7d3d282686d97e,f087808ca635cff7ff23816ed69bcf872092e3ee826c2b73a96b833594ccb0d5,B,L2,2.0,h4,35,35.0,29,2,0xedbc28bf50f4bc26,U0-2pi,pennylane,,,,0,test_full,1200,test,0.6925,0.7351829620737184,0.6853412959703362,0.6797618865966797,0.0,0.0177921160991936,0.1633627629695678,104,74,2.5981274280056823,unknown,56488e26fdba,0.01,0.001 0.003 0.01 0.03,0.0458333333333333,30,300,1.0,,,True,0.62,1.0
a7_20260822T081428Z,2026-08-22T08:15:52+00:00,hyperplanes_n_features20_n_hyperplanes3_dim_hyperplanes5_seed22,daf152204bbd72927ebe009bee77245588374523bc0144bb5e7d3d282686d97e,f087808ca635cff7ff23816ed69bcf872092e3ee826c2b73a96b833594ccb0d5,B,L2,2.0,h4,35,35.0,29,2,0xedbc28bf50f4bc26,U0-2pi,pennylane,,,,0,val_full,600,val,0.6866666666666666,0.7148639032200675,0.6812803038009019,0.6797618865966797,0.0,0.0177921160991936,0.1633627629695678,104,74,2.5981274280056823,unknown,56488e26fdba,0.01,0.001 0.003 0.01 0.03,0.0458333333333333,30,300,1.0,,,True,0.6233333333333333,1.0
a7_20260822T081428Z,2026-08-22T08:15:56+00:00,hyperplanes_n_features20_n_hyperplanes3_dim_hyperplanes5_seed22,daf152204bbd72927ebe009bee77245588374523bc0144bb5e7d3d282686d97e,f087808ca635cff7ff23816ed69bcf872092e3ee826c2b73a96b833594ccb0d5,B,L2,2.0,h42,35,35.0,295,2,0xedbc28bf50f4bc26,U0-2pi,pennylane,,,,0,test_full,1200,test,0.7633333333333333,0.8267029033835755,0.7626152444477878,0.7599999904632568,0.0,0.0033940479711152,0.0710354740998103,175,145,4.4760999190039,unknown,56488e26fdba,0.01,0.001 0.003 0.01 0.03,0.0458333333333333,30,300,1.0,,,True,0.62,1.0
a7_20260822T081428Z,2026-08-22T08:15:56+00:00,hyperplanes_n_features20_n_hyperplanes3_dim_hyperplanes5_seed22,daf152204bbd72927ebe009bee77245588374523bc0144bb5e7d3d282686d97e,f087808ca635cff7ff23816ed69bcf872092e3ee826c2b73a96b833594ccb0d5,B,L2,2.0,h42,35,35.0,295,2,0xedbc28bf50f4bc26,U0-2pi,pennylane,,,,0,val_full,600,val,0.7616666666666667,0.7979007294075787,0.7615176151761518,0.7599999904632568,0.0,0.0033940479711152,0.0710354740998103,175,145,4.4760999190039,unknown,56488e26fdba,0.01,0.001 0.003 0.01 0.03,0.0458333333333333,30,300,1.0,,,True,0.6233333333333333,1.0
a7_20260822T081428Z,2026-08-22T08:15:45+00:00,hyperplanes_n_features20_n_hyperplanes3_dim_hyperplanes5_seed22,daf152204bbd72927ebe009bee77245588374523bc0144bb5e7d3d282686d97e,f087808ca635cff7ff23816ed69bcf872092e3ee826c2b73a96b833594ccb0d5,B,L2,2.0,linear,35,35.0,6,3,0xdec7e07515164a44,U0-2pi,pennylane,,,,0,test_full,1200,test,0.7666666666666667,0.8192693744164332,0.7665207421304983,0.7623809576034546,0.0,0.0275068308926333,0.0075017552368664,52,22,14.881847354001366,unknown,56488e26fdba,0.03,0.001 0.003 0.01 0.03,0.0458333333333333,30,300,1.0,,,True,0.7683333333333333,1e-06
a7_20260822T081428Z,2026-08-22T08:15:45+00:00,hyperplanes_n_features20_n_hyperplanes3_dim_hyperplanes5_seed22,daf152204bbd72927ebe009bee77245588374523bc0144bb5e7d3d282686d97e,f087808ca635cff7ff23816ed69bcf872092e3ee826c2b73a96b833594ccb0d5,B,L2,2.0,linear,35,35.0,6,3,0xdec7e07515164a44,U0-2pi,pennylane,,,,0,val_full,600,val,0.7866666666666666,0.8040717843800035,0.786628733997155,0.7623809576034546,0.0,0.0275068308926333,0.0075017552368664,52,22,14.881847354001366,unknown,56488e26fdba,0.03,0.001 0.003 0.01 0.03,0.0458333333333333,30,300,1.0,,,True,0.7716666666666666,1e-06
a7_20260822T081428Z,2026-08-22T08:15:49+00:00,hyperplanes_n_features20_n_hyperplanes3_dim_hyperplanes5_seed22,daf152204bbd72927ebe009bee77245588374523bc0144bb5e7d3d282686d97e,f087808ca635cff7ff23816ed69bcf872092e3ee826c2b73a96b833594ccb0d5,B,L2,2.0,h2,35,35.0,15,3,0xdec7e07515164a44,U0-2pi,pennylane,,,,0,test_full,1200,test,0.81,0.8764978213507624,0.8086172597013421,0.8116666674613953,0.0,0.0043400691109737,0.1286574471102191,136,106,3.4370500479999464,unknown,56488e26fdba,0.01,0.001 0.003 0.01 0.03,0.0458333333333333,30,300,1.0,,,True,0.7683333333333333,1e-06
a7_20260822T081428Z,2026-08-22T08:15:49+00:00,hyperplanes_n_features20_n_hyperplanes3_dim_hyperplanes5_seed22,daf152204bbd72927ebe009bee77245588374523bc0144bb5e7d3d282686d97e,f087808ca635cff7ff23816ed69bcf872092e3ee826c2b73a96b833594ccb0d5,B,L2,2.0,h2,35,35.0,15,3,0xdec7e07515164a44,U0-2pi,pennylane,,,,0,val_full,600,val,0.83,0.8707469756271127,0.8294523525543134,0.8116666674613953,0.0,0.0043400691109737,0.1286574471102191,136,106,3.4370500479999464,unknown,56488e26fdba,0.01,0.001 0.003 0.01 0.03,0.0458333333333333,30,300,1.0,,,True,0.7716666666666666,1e-06
a7_20260822T081428Z,2026-08-22T08:15:54+00:00,hyperplanes_n_features20_n_hyperplanes3_dim_hyperplanes5_seed22,daf152204bbd72927ebe009bee77245588374523bc0144bb5e7d3d282686d97e,f087808ca635cff7ff23816ed69bcf872092e3ee826c2b73a96b833594ccb0d5,B,L2,2.0,h4,35,35.0,29,3,0xdec7e07515164a44,U0-2pi,pennylane,,,,0,test_full,1200,test,0.8166666666666667,0.8898753946022855,0.815720185061608,0.8154761791229248,0.0,0.0069778191567965,0.1554709730416351,200,170,5.0155623169994215,unknown,56488e26fdba,0.01,0.001 0.003 0.01 0.03,0.0458333333333333,30,300,1.0,,,True,0.7683333333333333,1e-06
a7_20260822T081428Z,2026-08-22T08:15:54+00:00,hyperplanes_n_features20_n_hyperplanes3_dim_hyperplanes5_seed22,daf152204bbd72927ebe009bee77245588374523bc0144bb5e7d3d282686d97e,f087808ca635cff7ff23816ed69bcf872092e3ee826c2b73a96b833594ccb0d5,B,L2,2.0,h4,35,35.0,29,3,0xdec7e07515164a44,U0-2pi,pennylane,,,,0,val_full,600,val,0.8383333333333334,0.8915117416829745,0.8380052940537923,0.8154761791229248,0.0,0.0069778191567965,0.1554709730416351,200,170,5.0155623169994215,unknown,56488e26fdba,0.01,0.001 0.003 0.01 0.03,0.0458333333333333,30,300,1.0,,,True,0.7716666666666666,1e-06
a7_20260822T081428Z,2026-08-22T08:15:56+00:00,hyperplanes_n_features20_n_hyperplanes3_dim_hyperplanes5_seed22,daf152204bbd72927ebe009bee77245588374523bc0144bb5e7d3d282686d97e,f087808ca635cff7ff23816ed69bcf872092e3ee826c2b73a96b833594ccb0d5,B,L2,2.0,h42,35,35.0,295,3,0xdec7e07515164a44,U0-2pi,pennylane,,,,0,test_full,1200,test,0.8391666666666666,0.9163220843893112,0.8382364137096734,0.8380952477455139,0.0,0.0030795244434053,0.0340243108722437,112,82,2.8457196459930856,unknown,56488e26fdba,0.01,0.001 0.003 0.01 0.03,0.0458333333333333,30,300,1.0,,,True,0.7683333333333333,1e-06
a7_20260822T081428Z,2026-08-22T08:15:56+00:00,hyperplanes_n_features20_n_hyperplanes3_dim_hyperplanes5_seed22,daf152204bbd72927ebe009bee77245588374523bc0144bb5e7d3d282686d97e,f087808ca635cff7ff23816ed69bcf872092e3ee826c2b73a96b833594ccb0d5,B,L2,2.0,h42,35,35.0,295,3,0xdec7e07515164a44,U0-2pi,pennylane,,,,0,val_full,600,val,0.8583333333333333,0.9155288204945736,0.8579541498277345,0.8380952477455139,0.0,0.0030795244434053,0.0340243108722437,112,82,2.8457196459930856,unknown,56488e26fdba,0.01,0.001 0.003 0.01 0.03,0.0458333333333333,30,300,1.0,,,True,0.7716666666666666,1e-06
a7_20260822T081428Z,2026-08-22T08:15:49+00:00,hyperplanes_n_features20_n_hyperplanes3_dim_hyperplanes5_seed22,daf152204bbd72927ebe009bee77245588374523bc0144bb5e7d3d282686d97e,f087808ca635cff7ff23816ed69bcf872092e3ee826c2b73a96b833594ccb0d5,B,L1,2.0,linear,35,35.0,6,3,0xe98c84d46f8b02b7,U0-2pi,pennylane,,,,0,test_full,1200,test,0.7625,0.8130599462007025,0.76213510864931,0.7507143020629883,0.0,0.0330742492338488,0.0269054558124153,254,224,18.743714093012382,unknown,56488e26fdba,0.03,0.001 0.003 0.01 0.03,0.0458333333333333,30,300,1.0,,,True,0.7375,1e-06
a7_20260822T081428Z,2026-08-22T08:15:49+00:00,hyperplanes_n_features20_n_hyperplanes3_dim_hyperplanes5_seed22,daf152204bbd72927ebe009bee77245588374523bc0144bb5e7d3d282686d97e,f087808ca635cff7ff23816ed69bcf872092e3ee826c2b73a96b833594ccb0d5,B,L1,2.0,linear,35,35.0,6,3,0xe98c84d46f8b02b7,U0-2pi,pennylane,,,,0,val_full,600,val,0.755,0.7981008717310087,0.7549938748468712,0.7507143020629883,0.0,0.0330742492338488,0.0269054558124153,254,224,18.743714093012382,unknown,56488e26fdba,0.03,0.001 0.003 0.01 0.03,0.0458333333333333,30,300,1.0,,,True,0.7216666666666667,1e-06
a7_20260822T081428Z,2026-08-22T08:15:51+00:00,hyperplanes_n_features20_n_hyperplanes3_dim_hyperplanes5_seed22,daf152204bbd72927ebe009bee77245588374523bc0144bb5e7d3d282686d97e,f087808ca635cff7ff23816ed69bcf872092e3ee826c2b73a96b833594ccb0d5,B,L1,2.0,h2,35,35.0,15,3,0xe98c84d46f8b02b7,U0-2pi,pennylane,,,,0,test_full,1200,test,0.755,0.8102240896358543,0.7549176250906555,0.7457143068313599,0.0,0.0050150338290371,0.0438785091804229,85,55,2.1462014480057405,unknown,56488e26fdba,0.03,0.001 0.003 0.01 0.03,0.0458333333333333,30,300,1.0,,,True,0.7375,1e-06
a7_20260822T081428Z,2026-08-22T08:15:51+00:00,hyperplanes_n_features20_n_hyperplanes3_dim_hyperplanes5_seed22,daf152204bbd72927ebe009bee77245588374523bc0144bb5e7d3d282686d97e,f087808ca635cff7ff23816ed69bcf872092e3ee826c2b73a96b833594ccb0d5,B,L1,2.0,h2,35,35.0,15,3,0xe98c84d46f8b02b7,U0-2pi,pennylane,,,,0,val_full,600,val,0.7516666666666667,0.7944649528553638,0.7515500332100347,0.7457143068313599,0.0,0.0050150338290371,0.0438785091804229,85,55,2.1462014480057405,unknown,56488e26fdba,0.03,0.001 0.003 0.01 0.03,0.0458333333333333,30,300,1.0,,,True,0.7216666666666667,1e-06
a7_20260822T081428Z,2026-08-22T08:15:55+00:00,hyperplanes_n_features20_n_hyperplanes3_dim_hyperplanes5_seed22,daf152204bbd72927ebe009bee77245588374523bc0144bb5e7d3d282686d97e,f087808ca635cff7ff23816ed69bcf872092e3ee826c2b73a96b833594ccb0d5,B,L1,2.0,h4,35,35.0,29,3,0xe98c84d46f8b02b7,U0-2pi,pennylane,,,,0,test_full,1200,test,0.7591666666666667,0.8137907940954159,0.7589120174851354,0.7504761815071106,0.0,0.001927283309408,0.1465574966364255,168,138,4.230748942994978,unknown,56488e26fdba,0.01,0.001 0.003 0.01 0.03,0.0458333333333333,30,300,1.0,,,True,0.7375,1e-06
a7_20260822T081428Z,2026-08-22T08:15:55+00:00,hyperplanes_n_features20_n_hyperplanes3_dim_hyperplanes5_seed22,daf152204bbd72927ebe009bee77245588374523bc0144bb5e7d3d282686d97e,f087808ca635cff7ff23816ed69bcf872092e3ee826c2b73a96b833594ccb0d5,B,L1,2.0,h4,35,35.0,29,3,0xe98c84d46f8b02b7,U0-2pi,pennylane,,,,0,val_full,600,val,0.7566666666666667,0.7986901796833303,0.7566639629329215,0.7504761815071106,0.0,0.001927283309408,0.1465574966364255,168,138,4.230748942994978,unknown,56488e26fdba,0.01,0.001 0.003 0.01 0.03,0.0458333333333333,30,300,1.0,,,True,0.7216666666666667,1e-06
a7_20260822T081428Z,2026-08-22T08:15:59+00:00,hyperplanes_n_features20_n_hyperplanes3_dim_hyperplanes5_seed22,daf152204bbd72927ebe009bee77245588374523bc0144bb5e7d3d282686d97e,f087808ca635cff7ff23816ed69bcf872092e3ee826c2b73a96b833594ccb0d5,B,L1,2.0,h42,35,35.0,295,3,0xe98c84d46f8b02b7,U0-2pi,pennylane,,,,0,test_full,1200,test,0.83,0.9002851140456183,0.8293153649639109,0.8102381229400635,0.0,0.0023290643872715,0.0401068093700828,156,126,4.031377933992189,unknown,56488e26fdba,0.01,0.001 0.003 0.01 0.03,0.0458333333333333,30,300,1.0,,,True,0.7375,1e-06
a7_20260822T081428Z,2026-08-22T08:15:59+00:00,hyperplanes_n_features20_n_hyperplanes3_dim_hyperplanes5_seed22,daf152204bbd72927ebe009bee77245588374523bc0144bb5e7d3d282686d97e,f087808ca635cff7ff23816ed69bcf872092e3ee826c2b73a96b833594ccb0d5,B,L1,2.0,h42,35,35.0,295,3,0xe98c84d46f8b02b7,U0-2pi,pennylane,,,,0,val_full,600,val,0.8233333333333334,0.8831057640989147,0.8232626383886887,0.8102381229400635,0.0,0.0023290643872715,0.0401068093700828,156,126,4.031377933992189,unknown,56488e26fdba,0.01,0.001 0.003 0.01 0.03,0.0458333333333333,30,300,1.0,,,True,0.7216666666666667,1e-06
a7_20260822T081428Z,2026-08-22T08:15:53+00:00,hyperplanes_n_features20_n_hyperplanes3_dim_hyperplanes5_seed22,daf152204bbd72927ebe009bee77245588374523bc0144bb5e7d3d282686d97e,f087808ca635cff7ff23816ed69bcf872092e3ee826c2b73a96b833594ccb0d5,E,,,linear,0,,6,4,,,pennylane,,,,0,test_full,1200,test,0.8066666666666666,0.8401832955404384,0.8045800154988263,0.8002380728721619,0.0,0.0381518073515062,0.0411733987424925,41,11,0.7828764860023512,unknown,56488e26fdba,0.1,0.001 0.003 0.01 0.03 0.1,0.0458333333333333,30,300,1.0,,,True,0.775,1e-06
a7_20260822T081428Z,2026-08-22T08:15:53+00:00,hyperplanes_n_features20_n_hyperplanes3_dim_hyperplanes5_seed22,daf152204bbd72927ebe009bee77245588374523bc0144bb5e7d3d282686d97e,f087808ca635cff7ff23816ed69bcf872092e3ee826c2b73a96b833594ccb0d5,E,,,linear,0,,6,4,,,pennylane,,,,0,val_full,600,val,0.8083333333333333,0.8410758761786158,0.8079444207854238,0.8002380728721619,0.0,0.0381518073515062,0.0411733987424925,41,11,0.7828764860023512,unknown,56488e26fdba,0.1,0.001 0.003 0.01 0.03 0.1,0.0458333333333333,30,300,1.0,,,True,0.775,1e-06
a7_20260822T081428Z,2026-08-22T08:15:55+00:00,hyperplanes_n_features20_n_hyperplanes3_dim_hyperplanes5_seed22,daf152204bbd72927ebe009bee77245588374523bc0144bb5e7d3d282686d97e,f087808ca635cff7ff23816ed69bcf872092e3ee826c2b73a96b833594ccb0d5,E,,,h2,0,,15,4,,,pennylane,,,,0,test_full,1200,test,0.8433333333333334,0.8704203903783736,0.8401247253915385,0.8211904764175415,0.0,0.00624905472642,0.0451774830050296,99,69,2.522617951006396,unknown,56488e26fdba,0.1,0.001 0.003 0.01 0.03 0.1,0.0458333333333333,30,300,1.0,,,True,0.775,1e-06
a7_20260822T081428Z,2026-08-22T08:15:55+00:00,hyperplanes_n_features20_n_hyperplanes3_dim_hyperplanes5_seed22,daf152204bbd72927ebe009bee77245588374523bc0144bb5e7d3d282686d97e,f087808ca635cff7ff23816ed69bcf872092e3ee826c2b73a96b833594ccb0d5,E,,,h2,0,,15,4,,,pennylane,,,,0,val_full,600,val,0.8483333333333334,0.8814267923856964,0.8471406054463858,0.8211904764175415,0.0,0.00624905472642,0.0451774830050296,99,69,2.522617951006396,unknown,56488e26fdba,0.1,0.001 0.003 0.01 0.03 0.1,0.0458333333333333,30,300,1.0,,,True,0.775,1e-06
a7_20260822T081428Z,2026-08-22T08:15:58+00:00,hyperplanes_n_features20_n_hyperplanes3_dim_hyperplanes5_seed22,daf152204bbd72927ebe009bee77245588374523bc0144bb5e7d3d282686d97e,f087808ca635cff7ff23816ed69bcf872092e3ee826c2b73a96b833594ccb0d5,E,,,h4,0,,29,4,,,pennylane,,,,0,test_full,1200,test,0.84,0.9150799208572318,0.8369546756643531,0.8192856907844543,0.0,0.0104887244314264,0.018346456634303,104,74,2.6644351910072146,unknown,56488e26fdba,0.1,0.001 0.003 0.01 0.03 0.1,0.0458333333333333,30,300,1.0,,,True,0.775,1e-06
a7_20260822T081428Z,2026-08-22T08:15:58+00:00,hyperplanes_n_features20_n_hyperplanes3_dim_hyperplanes5_seed22,daf152204bbd72927ebe009bee77245588374523bc0144bb5e7d3d282686d97e,f087808ca635cff7ff23816ed69bcf872092e3ee826c2b73a96b833594ccb0d5,E,,,h4,0,,29,4,,,pennylane,,,,0,val_full,600,val,0.8483333333333334,0.9201209749154956,0.8472295669545802,0.8192856907844543,0.0,0.0104887244314264,0.018346456634303,104,74,2.6644351910072146,unknown,56488e26fdba,0.1,0.001 0.003 0.01 0.03 0.1,0.0458333333333333,30,300,1.0,,,True,0.775,1e-06
a7_20260822T081428Z,2026-08-22T08:16:01+00:00,hyperplanes_n_features20_n_hyperplanes3_dim_hyperplanes5_seed22,daf152204bbd72927ebe009bee77245588374523bc0144bb5e7d3d282686d97e,f087808ca635cff7ff23816ed69bcf872092e3ee826c2b73a96b833594ccb0d5,E,,,h42,0,,295,4,,,pennylane,,,,0,test_full,1200,test,0.9758333333333332,0.9978908229958652,0.9758304967735796,0.9823809266090392,0.0,0.0068043871759411,0.0252490623504661,139,109,3.5814050949993543,unknown,56488e26fdba,0.01,0.001 0.003 0.01 0.03 0.1,0.0458333333333333,30,300,1.0,,,True,0.775,1e-06
a7_20260822T081428Z,2026-08-22T08:16:01+00:00,hyperplanes_n_features20_n_hyperplanes3_dim_hyperplanes5_seed22,daf152204bbd72927ebe009bee77245588374523bc0144bb5e7d3d282686d97e,f087808ca635cff7ff23816ed69bcf872092e3ee826c2b73a96b833594ccb0d5,E,,,h42,0,,295,4,,,pennylane,,,,0,val_full,600,val,0.9783333333333334,0.9951076320939336,0.978323157259936,0.9823809266090392,0.0,0.0068043871759411,0.0252490623504661,139,109,3.5814050949993543,unknown,56488e26fdba,0.01,0.001 0.003 0.01 0.03 0.1,0.0458333333333333,30,300,1.0,,,True,0.775,1e-06
a7_20260822T081428Z,2026-08-22T08:15:54+00:00,hyperplanes_n_features20_n_hyperplanes3_dim_hyperplanes5_seed22,daf152204bbd72927ebe009bee77245588374523bc0144bb5e7d3d282686d97e,f087808ca635cff7ff23816ed69bcf872092e3ee826c2b73a96b833594ccb0d5,D_matched,,2.0,linear,30,,6,4,0x80ec42dc400d77f3,RFF-int-spectrum-U0-2pi,pennylane,,,,0,test_full,1200,test,0.7008333333333333,0.7479074963318662,0.6998978064257257,0.686904788017273,0.0,0.0641906637204036,0.0261419662626162,38,8,0.6994615949952276,unknown,56488e26fdba,0.03,0.001 0.003 0.01 0.03,0.0458333333333333,30,300,1.0,,0x80ec42dc400d77f3,True,0.7008333333333333,1e-06
a7_20260822T081428Z,2026-08-22T08:15:54+00:00,hyperplanes_n_features20_n_hyperplanes3_dim_hyperplanes5_seed22,daf152204bbd72927ebe009bee77245588374523bc0144bb5e7d3d282686d97e,f087808ca635cff7ff23816ed69bcf872092e3ee826c2b73a96b833594ccb0d5,D_matched,,2.0,linear,30,,6,4,0x80ec42dc400d77f3,RFF-int-spectrum-U0-2pi,pennylane,,,,0,val_full,600,val,0.715,0.7572384806973848,0.7149041761258645,0.686904788017273,0.0,0.0641906637204036,0.0261419662626162,38,8,0.6994615949952276,unknown,56488e26fdba,0.03,0.001 0.003 0.01 0.03,0.0458333333333333,30,300,1.0,,0x80ec42dc400d77f3,True,0.6816666666666666,1e-06
a7_20260822T081428Z,2026-08-22T08:15:55+00:00,hyperplanes_n_features20_n_hyperplanes3_dim_hyperplanes5_seed22,daf152204bbd72927ebe009bee77245588374523bc0144bb5e7d3d282686d97e,f087808ca635cff7ff23816ed69bcf872092e3ee826c2b73a96b833594ccb0d5,D_matched,,2.0,h2,30,,15,4,0x80ec42dc400d77f3,RFF-int-spectrum-U0-2pi,pennylane,,,,0,test_full,1200,test,0.7041666666666667,0.7574001822951403,0.7027445885210566,0.7007142901420593,0.0,0.0079873488364244,0.2410749390518284,54,24,1.336736169003416,unknown,56488e26fdba,0.01,0.001 0.003 0.01 0.03,0.0458333333333333,30,300,1.0,,0x80ec42dc400d77f3,True,0.7008333333333333,1e-06
a7_20260822T081428Z,2026-08-22T08:15:55+00:00,hyperplanes_n_features20_n_hyperplanes3_dim_hyperplanes5_seed22,daf152204bbd72927ebe009bee77245588374523bc0144bb5e7d3d282686d97e,f087808ca635cff7ff23816ed69bcf872092e3ee826c2b73a96b833594ccb0d5,D_matched,,2.0,h2,30,,15,4,0x80ec42dc400d77f3,RFF-int-spectrum-U0-2pi,pennylane,,,,0,val_full,600,val,0.7,0.7680906422344778,0.6999966666296292,0.7007142901420593,0.0,0.0079873488364244,0.2410749390518284,54,24,1.336736169003416,unknown,56488e26fdba,0.01,0.001 0.003 0.01 0.03,0.0458333333333333,30,300,1.0,,0x80ec42dc400d77f3,True,0.6816666666666666,1e-06
a7_20260822T081428Z,2026-08-22T08:15:56+00:00,hyperplanes_n_features20_n_hyperplanes3_dim_hyperplanes5_seed22,daf152204bbd72927ebe009bee77245588374523bc0144bb5e7d3d282686d97e,f087808ca635cff7ff23816ed69bcf872092e3ee826c2b73a96b833594ccb0d5,D_matched,,2.0,h2,30,,15,4,0x80ec42dc400d77f3,RFF-int-spectrum-U0-2pi,pennylane,,,,0,test_full,1200,test,0.705,0.7522092170201414,0.7026800787253877,0.6907142996788025,0.0,0.0079873488364244,0.081569667926115,37,7,0.912664372997824,unknown,56488e26fdba,0.03,0.001 0.003 0.01 0.03,0.0458333333333333,30,300,1.0,,0x80ec42dc400d77f3,True,0.7008333333333333,1e-06
a7_20260822T081428Z,2026-08-22T08:15:56+00:00,hyperplanes_n_features20_n_hyperplanes3_dim_hyperplanes5_seed22,daf152204bbd72927ebe009bee77245588374523bc0144bb5e7d3d282686d97e,f087808ca635cff7ff23816ed69bcf872092e3ee826c2b73a96b833594ccb0d5,D_matched,,2.0,h2,30,,15,4,0x80ec42dc400d77f3,RFF-int-spectrum-U0-2pi,pennylane,,,,0,val_full,600,val,0.7016666666666667,0.7584059775840597,0.7014269788802678,0.6907142996788025,0.0,0.0079873488364244,0.081569667926115,37,7,0.912664372997824,unknown,56488e26fdba,0.03,0.001 0.003 0.01 0.03,0.0458333333333333,30,300,1.0,,0x80ec42dc400d77f3,True,0.6816666666666666,1e-06
a7_20260822T081428Z,2026-08-22T08:15:59+00:00,hyperplanes_n_features20_n_hyperplanes3_dim_hyperplanes5_seed22,daf152204bbd72927ebe009bee77245588374523bc0144bb5e7d3d282686d97e,f087808ca635cff7ff23816ed69bcf872092e3ee826c2b73a96b833594ccb0d5,D_matched,,2.0,h4,30,,29,4,0x80ec42dc400d77f3,RFF-int-spectrum-U0-2pi,pennylane,,,,0,test_full,1200,test,0.7591666666666667,0.8136115557334045,0.756609545706243,0.7214285731315613,0.0,0.0124594159460681,0.1214252788608018,100,70,2.493356811988633,unknown,56488e26fdba,0.01,0.001 0.003 0.01 0.03,0.0458333333333333,30,300,1.0,,0x80ec42dc400d77f3,True,0.7008333333333333,1e-06
a7_20260822T081428Z,2026-08-22T08:15:59+00:00,hyperplanes_n_features20_n_hyperplanes3_dim_hyperplanes5_seed22,daf152204bbd72927ebe009bee77245588374523bc0144bb5e7d3d282686d97e,f087808ca635cff7ff23816ed69bcf872092e3ee826c2b73a96b833594ccb0d5,D_matched,,2.0,h4,30,,29,4,0x80ec42dc400d77f3,RFF-int-spectrum-U0-2pi,pennylane,,,,0,val_full,600,val,0.7366666666666667,0.8053838285002668,0.7363737486095662,0.7214285731315613,0.0,0.0124594159460681,0.1214252788608018,100,70,2.493356811988633,unknown,56488e26fdba,0.01,0.001 0.003 0.01 0.03,0.0458333333333333,30,300,1.0,,0x80ec42dc400d77f3,True,0.6816666666666666,1e-06
a7_20260822T081428Z,2026-08-22T08:16:02+00:00,hyperplanes_n_features20_n_hyperplanes3_dim_hyperplanes5_seed22,daf152204bbd72927ebe009bee77245588374523bc0144bb5e7d3d282686d97e,f087808ca635cff7ff23816ed69bcf872092e3ee826c2b73a96b833594ccb0d5,D_matched,,2.0,h42,30,,295,4,0x80ec42dc400d77f3,RFF-int-spectrum-U0-2pi,pennylane,,,,0,test_full,1200,test,0.8033333333333333,0.8829809701658442,0.8029041022671597,0.7883333563804626,0.0,0.0091306197993259,0.0530307539123675,127,97,3.260460225996212,unknown,56488e26fdba,0.01,0.001 0.003 0.01 0.03,0.0458333333333333,30,300,1.0,,0x80ec42dc400d77f3,True,0.7008333333333333,1e-06
a7_20260822T081428Z,2026-08-22T08:16:02+00:00,hyperplanes_n_features20_n_hyperplanes3_dim_hyperplanes5_seed22,daf152204bbd72927ebe009bee77245588374523bc0144bb5e7d3d282686d97e,f087808ca635cff7ff23816ed69bcf872092e3ee826c2b73a96b833594ccb0d5,D_matched,,2.0,h42,30,,295,4,0x80ec42dc400d77f3,RFF-int-spectrum-U0-2pi,pennylane,,,,0,val_full,600,val,0.7883333333333333,0.861445917096602,0.7883280415343716,0.7883333563804626,0.0,0.0091306197993259,0.0530307539123675,127,97,3.260460225996212,unknown,56488e26fdba,0.01,0.001 0.003 0.01 0.03,0.0458333333333333,30,300,1.0,,0x80ec42dc400d77f3,True,0.6816666666666666,1e-06
a7_20260822T081428Z,2026-08-22T08:15:57+00:00,hyperplanes_n_features20_n_hyperplanes3_dim_hyperplanes5_seed22,daf152204bbd72927ebe009bee77245588374523bc0144bb5e7d3d282686d97e,f087808ca635cff7ff23816ed69bcf872092e3ee826c2b73a96b833594ccb0d5,B,L1,2.0,linear,35,35.0,6,4,0xc975238400fc39ed,U0-2pi,pennylane,,,,0,test_full,1200,test,0.7933333333333333,0.8377878929349518,0.7906442753590563,0.7816666960716248,0.0,0.05297274785207,0.0502165588915404,41,11,0.7344366800098214,unknown,56488e26fdba,0.03,0.001 0.003 0.01 0.03,0.0458333333333333,30,300,1.0,,,True,0.7916666666666666,1.0
a7_20260822T081428Z,2026-08-22T08:15:57+00:00,hyperplanes_n_features20_n_hyperplanes3_dim_hyperplanes5_seed22,daf152204bbd72927ebe009bee77245588374523bc0144bb5e7d3d282686d97e,f087808ca635cff7ff23816ed69bcf872092e3ee826c2b73a96b833594ccb0d5,B,L1,2.0,linear,35,35.0,6,4,0xc975238400fc39ed,U0-2pi,pennylane,,,,0,val_full,600,val,0.8,0.8354051770147661,0.7994294883223391,0.7816666960716248,0.0,0.05297274785207,0.0502165588915404,41,11,0.7344366800098214,unknown,56488e26fdba,0.03,0.001 0.003 0.01 0.03,0.0458333333333333,30,300,1.0,,,True,0.7816666666666666,1.0
a7_20260822T081428Z,2026-08-22T08:15:59+00:00,hyperplanes_n_features20_n_hyperplanes3_dim_hyperplanes5_seed22,daf152204bbd72927ebe009bee77245588374523bc0144bb5e7d3d282686d97e,f087808ca635cff7ff23816ed69bcf872092e3ee826c2b73a96b833594ccb0d5,B,L1,2.0,h2,35,35.0,15,4,0xc975238400fc39ed,U0-2pi,pennylane,,,,0,test_full,1200,test,0.7966666666666666,0.8341878418033881,0.7932618034236072,0.782619059085846,0.0,0.0099730643307918,0.0753211037506501,54,24,1.3339956400013762,unknown,56488e26fdba,0.03,0.001 0.003 0.01 0.03,0.0458333333333333,30,300,1.0,,,True,0.7916666666666666,1.0
a7_20260822T081428Z,2026-08-22T08:15:59+00:00,hyperplanes_n_features20_n_hyperplanes3_dim_hyperplanes5_seed22,daf152204bbd72927ebe009bee77245588374523bc0144bb5e7d3d282686d97e,f087808ca635cff7ff23816ed69bcf872092e3ee826c2b73a96b833594ccb0d5,B,L1,2.0,h2,35,35.0,15,4,0xc975238400fc39ed,U0-2pi,pennylane,,,,0,val_full,600,val,0.8066666666666666,0.8305128091086995,0.8058880621158202,0.782619059085846,0.0,0.0099730643307918,0.0753211037506501,54,24,1.3339956400013762,unknown,56488e26fdba,0.03,0.001 0.003 0.01 0.03,0.0458333333333333,30,300,1.0,,,True,0.7816666666666666,1.0
a7_20260822T081428Z,2026-08-22T08:16:00+00:00,hyperplanes_n_features20_n_hyperplanes3_dim_hyperplanes5_seed22,daf152204bbd72927ebe009bee77245588374523bc0144bb5e7d3d282686d97e,f087808ca635cff7ff23816ed69bcf872092e3ee826c2b73a96b833594ccb0d5,B,L1,2.0,h4,35,35.0,29,4,0xc975238400fc39ed,U0-2pi,pennylane,,,,0,test_full,1200,test,0.7933333333333333,0.8382936507936508,0.7908790668259433,0.7809523940086365,0.0,0.0118939748437424,0.0521282042495036,41,11,0.998411323002074,unknown,56488e26fdba,0.01,0.001 0.003 0.01 0.03,0.0458333333333333,30,300,1.0,,,True,0.7916666666666666,1.0
a7_20260822T081428Z,2026-08-22T08:16:00+00:00,hyperplanes_n_features20_n_hyperplanes3_dim_hyperplanes5_seed22,daf152204bbd72927ebe009bee77245588374523bc0144bb5e7d3d282686d97e,f087808ca635cff7ff23816ed69bcf872092e3ee826c2b73a96b833594ccb0d5,B,L1,2.0,h4,35,35.0,29,4,0xc975238400fc39ed,U0-2pi,pennylane,,,,0,val_full,600,val,0.7983333333333333,0.8355942003202278,0.7977935544606575,0.7809523940086365,0.0,0.0118939748437424,0.0521282042495036,41,11,0.998411323002074,unknown,56488e26fdba,0.01,0.001 0.003 0.01 0.03,0.0458333333333333,30,300,1.0,,,True,0.7816666666666666,1.0
a7_20260822T081428Z,2026-08-22T08:16:02+00:00,hyperplanes_n_features20_n_hyperplanes3_dim_hyperplanes5_seed22,daf152204bbd72927ebe009bee77245588374523bc0144bb5e7d3d282686d97e,f087808ca635cff7ff23816ed69bcf872092e3ee826c2b73a96b833594ccb0d5,B,L1,2.0,h42,35,35.0,295,4,0xc975238400fc39ed,U0-2pi,pennylane,,,,0,test_full,1200,test,0.87,0.9395341469921302,0.8696741854636592,0.8390476107597351,0.0,0.0088486075247627,0.0441644880972737,101,71,2.5689421530114487,unknown,56488e26fdba,0.01,0.001 0.003 0.01 0.03,0.0458333333333333,30,300,1.0,,,True,0.7916666666666666,1.0
a7_20260822T081428Z,2026-08-22T08:16:02+00:00,hyperplanes_n_features20_n_hyperplanes3_dim_hyperplanes5_seed22,daf152204bbd72927ebe009bee77245588374523bc0144bb5e7d3d282686d97e,f087808ca635cff7ff23816ed69bcf872092e3ee826c2b73a96b833594ccb0d5,B,L1,2.0,h42,35,35.0,295,4,0xc975238400fc39ed,U0-2pi,pennylane,,,,0,val_full,600,val,0.8566666666666667,0.9279042874933284,0.8566411806543386,0.8390476107597351,0.0,0.0088486075247627,0.0441644880972737,101,71,2.5689421530114487,unknown,56488e26fdba,0.01,0.001 0.003 0.01 0.03,0.0458333333333333,30,300,1.0,,,True,0.7816666666666666,1.0
a7_20260822T081428Z,2026-08-22T08:16:00+00:00,hyperplanes_n_features20_n_hyperplanes3_dim_hyperplanes5_seed22,daf152204bbd72927ebe009bee77245588374523bc0144bb5e7d3d282686d97e,f087808ca635cff7ff23816ed69bcf872092e3ee826c2b73a96b833594ccb0d5,B,L2,2.0,linear,35,35.0,6,4,0xc9f964aa2896fb2f,U0-2pi,pennylane,,,,0,test_full,1200,test,0.725,0.7957099506469255,0.7237098786277032,0.7197619080543518,0.0,0.0277323209003025,0.0214619581675015,117,87,2.13531938099186,unknown,56488e26fdba,0.03,0.001 0.003 0.01 0.03,0.0458333333333333,30,300,1.0,,,True,0.7275,1e-06
a7_20260822T081428Z,2026-08-22T08:16:00+00:00,hyperplanes_n_features20_n_hyperplanes3_dim_hyperplanes5_seed22,daf152204bbd72927ebe009bee77245588374523bc0144bb5e7d3d282686d97e,f087808ca635cff7ff23816ed69bcf872092e3ee826c2b73a96b833594ccb0d5,B,L2,2.0,linear,35,35.0,6,4,0xc9f964aa2896fb2f,U0-2pi,pennylane,,,,0,val_full,600,val,0.7316666666666667,0.8080635118306352,0.7314510815626989,0.7197619080543518,0.0,0.0277323209003025,0.0214619581675015,117,87,2.13531938099186,unknown,56488e26fdba,0.03,0.001 0.003 0.01 0.03,0.0458333333333333,30,300,1.0,,,True,0.735,1e-06
a7_20260822T081428Z,2026-08-22T08:16:05+00:00,hyperplanes_n_features20_n_hyperplanes3_dim_hyperplanes5_seed22,daf152204bbd72927ebe009bee77245588374523bc0144bb5e7d3d282686d97e,f087808ca635cff7ff23816ed69bcf872092e3ee826c2b73a96b833594ccb0d5,B,L2,2.0,h2,35,35.0,15,4,0xc9f964aa2896fb2f,U0-2pi,pennylane,,,,0,test_full,1200,test,0.7891666666666667,0.8354258370014672,0.7847966945452767,0.7654761672019958,0.0,0.006077415774803,0.4692173051975281,190,160,4.7217791360017145,unknown,56488e26fdba,0.01,0.001 0.003 0.01 0.03,0.0458333333333333,30,300,1.0,,,True,0.7275,1e-06
a7_20260822T081428Z,2026-08-22T08:16:05+00:00,hyperplanes_n_features20_n_hyperplanes3_dim_hyperplanes5_seed22,daf152204bbd72927ebe009bee77245588374523bc0144bb5e7d3d282686d97e,f087808ca635cff7ff23816ed69bcf872092e3ee826c2b73a96b833594ccb0d5,B,L2,2.0,h2,35,35.0,15,4,0xc9f964aa2896fb2f,U0-2pi,pennylane,,,,0,val_full,600,val,0.81,0.8432996797722827,0.8080808080808081,0.7654761672019958,0.0,0.006077415774803,0.4692173051975281,190,160,4.7217791360017145,unknown,56488e26fdba,0.01,0.001 0.003 0.01 0.03,0.0458333333333333,30,300,1.0,,,True,0.735,1e-06
a7_20260822T081428Z,2026-08-22T08:16:07+00:00,hyperplanes_n_features20_n_hyperplanes3_dim_hyperplanes5_seed22,daf152204bbd72927ebe009bee77245588374523bc0144bb5e7d3d282686d97e,f087808ca635cff7ff23816ed69bcf872092e3ee826c2b73a96b833594ccb0d5,B,L2,2.0,h4,35,35.0,29,4,0xc9f964aa2896fb2f,U0-2pi,pennylane,,,,0,test_full,1200,test,0.7466666666666667,0.8115551776266061,0.7432714313462204,0.7395238280296326,0.0,0.0083128388665849,0.1133575534005612,96,66,2.436840886002756,unknown,56488e26fdba,0.01,0.001 0.003 0.01 0.03,0.0458333333333333,30,300,1.0,,,True,0.7275,1e-06
a7_20260822T081428Z,2026-08-22T08:16:07+00:00,hyperplanes_n_features20_n_hyperplanes3_dim_hyperplanes5_seed22,daf152204bbd72927ebe009bee77245588374523bc0144bb5e7d3d282686d97e,f087808ca635cff7ff23816ed69bcf872092e3ee826c2b73a96b833594ccb0d5,B,L2,2.0,h4,35,35.0,29,4,0xc9f964aa2896fb2f,U0-2pi,pennylane,,,,0,val_full,600,val,0.7666666666666667,0.824052659669098,0.7652870762593467,0.7395238280296326,0.0,0.0083128388665849,0.1133575534005612,96,66,2.436840886002756,unknown,56488e26fdba,0.01,0.001 0.003 0.01 0.03,0.0458333333333333,30,300,1.0,,,True,0.735,1e-06
a7_20260822T081428Z,2026-08-22T08:16:14+00:00,hyperplanes_n_features20_n_hyperplanes3_dim_hyperplanes5_seed22,daf152204bbd72927ebe009bee77245588374523bc0144bb5e7d3d282686d97e,f087808ca635cff7ff23816ed69bcf872092e3ee826c2b73a96b833594ccb0d5,B,L2,2.0,h42,35,35.0,295,4,0xc9f964aa2896fb2f,U0-2pi,pennylane,,,,0,test_full,1200,test,0.8225,0.902127517673736,0.8221530749914243,0.8038095235824585,0.0,0.0034950637612062,0.0585076368560977,249,219,6.4586802429985255,unknown,56488e26fdba,0.01,0.001 0.003 0.01 0.03,0.0458333333333333,30,300,1.0,,,True,0.7275,1e-06
a7_20260822T081428Z,2026-08-22T08:16:14+00:00,hyperplanes_n_features20_n_hyperplanes3_dim_hyperplanes5_seed22,daf152204bbd72927ebe009bee77245588374523bc0144bb5e7d3d282686d97e,f087808ca635cff7ff23816ed69bcf872092e3ee826c2b73a96b833594ccb0d5,B,L2,2.0,h42,35,35.0,295,4,0xc9f964aa2896fb2f,U0-2pi,pennylane,,,,0,val_full,600,val,0.8383333333333334,0.8954701120797011,0.8383292915656224,0.8038095235824585,0.0,0.0034950637612062,0.0585076368560977,249,219,6.4586802429985255,unknown,56488e26fdba,0.01,0.001 0.003 0.01 0.03,0.0458333333333333,30,300,1.0,,,True,0.735,1e-06
a7_20260822T081428Z,2026-08-22T08:16:10+00:00,hyperplanes_n_features20_n_hyperplanes3_dim_hyperplanes5_seed22,daf152204bbd72927ebe009bee77245588374523bc0144bb5e7d3d282686d97e,f087808ca635cff7ff23816ed69bcf872092e3ee826c2b73a96b833594ccb0d5,B,L1,2.0,linear,35,35.0,6,5,0x2560fc84838de57f,U0-2pi,pennylane,,,,0,test_full,1200,test,0.7966666666666666,0.8399943310657597,0.7954112875952721,0.7900000214576721,0.0,0.0899873748244934,0.0268277238086316,69,39,1.2581529549934205,unknown,56488e26fdba,0.03,0.001 0.003 0.01 0.03,0.0458333333333333,30,300,1.0,,,True,0.7941666666666667,1e-06
a7_20260822T081428Z,2026-08-22T08:16:10+00:00,hyperplanes_n_features20_n_hyperplanes3_dim_hyperplanes5_seed22,daf152204bbd72927ebe009bee77245588374523bc0144bb5e7d3d282686d97e,f087808ca635cff7ff23816ed69bcf872092e3ee826c2b73a96b833594ccb0d5,B,L1,2.0,linear,35,35.0,6,5,0x2560fc84838de57f,U0-2pi,pennylane,,,,0,val_full,600,val,0.8,0.8341042519124712,0.7999444290080577,0.7900000214576721,0.0,0.0899873748244934,0.0268277238086316,69,39,1.2581529549934205,unknown,56488e26fdba,0.03,0.001 0.003 0.01 0.03,0.0458333333333333,30,300,1.0,,,True,0.7966666666666666,1e-06
a7_20260822T081428Z,2026-08-22T08:16:12+00:00,hyperplanes_n_features20_n_hyperplanes3_dim_hyperplanes5_seed22,daf152204bbd72927ebe009bee77245588374523bc0144bb5e7d3d282686d97e,f087808ca635cff7ff23816ed69bcf872092e3ee826c2b73a96b833594ccb0d5,B,L1,2.0,h2,35,35.0,15,5,0x2560fc84838de57f,U0-2pi,pennylane,,,,0,test_full,1200,test,0.7991666666666667,0.8414907629718553,0.7973698721510394,0.7973809242248535,0.0,0.053286662042606,0.0431345871460203,57,27,1.4377842269896064,unknown,56488e26fdba,0.03,0.001 0.003 0.01 0.03,0.0458333333333333,30,300,1.0,,,True,0.7941666666666667,1e-06
a7_20260822T081428Z,2026-08-22T08:16:12+00:00,hyperplanes_n_features20_n_hyperplanes3_dim_hyperplanes5_seed22,daf152204bbd72927ebe009bee77245588374523bc0144bb5e7d3d282686d97e,f087808ca635cff7ff23816ed69bcf872092e3ee826c2b73a96b833594ccb0d5,B,L1,2.0,h2,35,35.0,15,5,0x2560fc84838de57f,U0-2pi,pennylane,,,,0,val_full,600,val,0.8033333333333333,0.8412982565379826,0.8031561738898343,0.7973809242248535,0.0,0.053286662042606,0.0431345871460203,57,27,1.4377842269896064,unknown,56488e26fdba,0.03,0.001 0.003 0.01 0.03,0.0458333333333333,30,300,1.0,,,True,0.7966666666666666,1e-06
a7_20260822T081428Z,2026-08-22T08:16:14+00:00,hyperplanes_n_features20_n_hyperplanes3_dim_hyperplanes5_seed22,daf152204bbd72927ebe009bee77245588374523bc0144bb5e7d3d282686d97e,f087808ca635cff7ff23816ed69bcf872092e3ee826c2b73a96b833594ccb0d5,B,L1,2.0,h4,35,35.0,29,5,0x2560fc84838de57f,U0-2pi,pennylane,,,,0,test_full,1200,test,0.8183333333333334,0.8778566982348496,0.8163726007704488,0.8078571557998657,0.0,0.0359790860173022,0.1479745152080594,89,59,2.244436417007819,unknown,56488e26fdba,0.01,0.001 0.003 0.01 0.03,0.0458333333333333,30,300,1.0,,,True,0.7941666666666667,1e-06
a7_20260822T081428Z,2026-08-22T08:16:14+00:00,hyperplanes_n_features20_n_hyperplanes3_dim_hyperplanes5_seed22,daf152204bbd72927ebe009bee77245588374523bc0144bb5e7d3d282686d97e,f087808ca635cff7ff23816ed69bcf872092e3ee826c2b73a96b833594ccb0d5,B,L1,2.0,h4,35,35.0,29,5,0x2560fc84838de57f,U0-2pi,pennylane,,,,0,val_full,600,val,0.8116666666666666,0.864714908379292,0.8111625756533413,0.8078571557998657,0.0,0.0359790860173022,0.1479745152080594,89,59,2.244436417007819,unknown,56488e26fdba,0.01,0.001 0.003 0.01 0.03,0.0458333333333333,30,300,1.0,,,True,0.7966666666666666,1e-06
a7_20260822T081428Z,2026-08-22T08:16:17+00:00,hyperplanes_n_features20_n_hyperplanes3_dim_hyperplanes5_seed22,daf152204bbd72927ebe009bee77245588374523bc0144bb5e7d3d282686d97e,f087808ca635cff7ff23816ed69bcf872092e3ee826c2b73a96b833594ccb0d5,B,L1,2.0,h42,35,35.0,295,5,0x2560fc84838de57f,U0-2pi,pennylane,,,,0,test_full,1200,test,0.815,0.8876189364634743,0.8129376374529185,0.810952365398407,0.0,0.0071225291646388,0.0478821103744871,99,69,2.549493030994199,unknown,56488e26fdba,0.01,0.001 0.003 0.01 0.03,0.0458333333333333,30,300,1.0,,,True,0.7941666666666667,1e-06
a7_20260822T081428Z,2026-08-22T08:16:17+00:00,hyperplanes_n_features20_n_hyperplanes3_dim_hyperplanes5_seed22,daf152204bbd72927ebe009bee77245588374523bc0144bb5e7d3d282686d97e,f087808ca635cff7ff23816ed69bcf872092e3ee826c2b73a96b833594ccb0d5,B,L1,2.0,h42,35,35.0,295,5,0x2560fc84838de57f,U0-2pi,pennylane,,,,0,val_full,600,val,0.8233333333333334,0.8729541006938267,0.8229477528840586,0.810952365398407,0.0,0.0071225291646388,0.0478821103744871,99,69,2.549493030994199,unknown,56488e26fdba,0.01,0.001 0.003 0.01 0.03,0.0458333333333333,30,300,1.0,,,True,0.7966666666666666,1e-06
a7_20260822T081428Z,2026-08-22T08:16:18+00:00,hyperplanes_n_features20_n_hyperplanes3_dim_hyperplanes5_seed22,daf152204bbd72927ebe009bee77245588374523bc0144bb5e7d3d282686d97e,f087808ca635cff7ff23816ed69bcf872092e3ee826c2b73a96b833594ccb0d5,B,L2,2.0,linear,35,35.0,6,5,0xf9ea9d8280d97e94,U0-2pi,pennylane,,,,0,test_full,1200,test,0.72,0.7809318171713129,0.7198248905565978,0.7114285826683044,0.0,0.0871617016415162,0.0354852044051151,123,93,2.2797502399917,unknown,56488e26fdba,0.03,0.001 0.003 0.01 0.03,0.0458333333333333,30,300,1.0,,,True,0.7141666666666666,1e-06
a7_20260822T081428Z,2026-08-22T08:16:18+00:00,hyperplanes_n_features20_n_hyperplanes3_dim_hyperplanes5_seed22,daf152204bbd72927ebe009bee77245588374523bc0144bb5e7d3d282686d97e,f087808ca635cff7ff23816ed69bcf872092e3ee826c2b73a96b833594ccb0d5,B,L2,2.0,linear,35,35.0,6,5,0xf9ea9d8280d97e94,U0-2pi,pennylane,,,,0,val_full,600,val,0.7183333333333334,0.7498220957125067,0.7182699440707492,0.7114285826683044,0.0,0.0871617016415162,0.0354852044051151,123,93,2.2797502399917,unknown,56488e26fdba,0.03,0.001 0.003 0.01 0.03,0.0458333333333333,30,300,1.0,,,True,0.6983333333333334,1e-06
a7_20260822T081428Z,2026-08-22T08:16:19+00:00,hyperplanes_n_features20_n_hyperplanes3_dim_hyperplanes5_seed22,daf152204bbd72927ebe009bee77245588374523bc0144bb5e7d3d282686d97e,f087808ca635cff7ff23816ed69bcf872092e3ee826c2b73a96b833594ccb0d5,B,L2,2.0,h2,35,35.0,15,5,0xf9ea9d8280d97e94,U0-2pi,pennylane,,,,0,test_full,1200,test,0.49,0.5,0.3288590604026846,0.5009523630142212,0.0,0.0414355036632372,0.005218708859784,49,19,1.253941315007978,unknown,56488e26fdba,0.01,0.001 0.003 0.01 0.03,0.0458333333333333,30,300,1.0,,,True,0.7141666666666666,1e-06
a7_20260822T081428Z,2026-08-22T08:16:19+00:00,hyperplanes_n_features20_n_hyperplanes3_dim_hyperplanes5_seed22,daf152204bbd72927ebe009bee77245588374523bc0144bb5e7d3d282686d97e,f087808ca635cff7ff23816ed69bcf872092e3ee826c2b73a96b833594ccb0d5,B,L2,2.0,h2,35,35.0,15,5,0xf9ea9d8280d97e94,U0-2pi,pennylane,,,,0,val_full,600,val,0.5133333333333333,0.5017123287671232,0.3392070484581498,0.5009523630142212,0.0,0.0414355036632372,0.005218708859784,49,19,1.253941315007978,unknown,56488e26fdba,0.01,0.001 0.003 0.01 0.03,0.0458333333333333,30,300,1.0,,,True,0.6983333333333334,1e-06
a7_20260822T081428Z,2026-08-22T08:16:20+00:00,hyperplanes_n_features20_n_hyperplanes3_dim_hyperplanes5_seed22,daf152204bbd72927ebe009bee77245588374523bc0144bb5e7d3d282686d97e,f087808ca635cff7ff23816ed69bcf872092e3ee826c2b73a96b833594ccb0d5,B,L2,2.0,h4,35,35.0,29,5,0xf9ea9d8280d97e94,U0-2pi,pennylane,,,,0,test_full,1200,test,0.7225,0.790493975367925,0.7224998072915327,0.7123809456825256,0.0,0.0258387327940957,0.0686295015469092,62,32,1.5506279889959842,unknown,56488e26fdba,0.01,0.001 0.003 0.01 0.03,0.0458333333333333,30,300,1.0,,,True,0.7141666666666666,1e-06
a7_20260822T081428Z,2026-08-22T08:16:20+00:00,hyperplanes_n_features20_n_hyperplanes3_dim_hyperplanes5_seed22,daf152204bbd72927ebe009bee77245588374523bc0144bb5e7d3d282686d97e,f087808ca635cff7ff23816ed69bcf872092e3ee826c2b73a96b833594ccb0d5,B,L2,2.0,h4,35,35.0,29,5,0xf9ea9d8280d97e94,U0-2pi,pennylane,,,,0,val_full,600,val,0.7133333333333334,0.7590508806262231,0.7129474070695045,0.7123809456825256,0.0,0.0258387327940957,0.0686295015469092,62,32,1.5506279889959842,unknown,56488e26fdba,0.01,0.001 0.003 0.01 0.03,0.0458333333333333,30,300,1.0,,,True,0.6983333333333334,1e-06
a7_20260822T081428Z,2026-08-22T08:16:22+00:00,hyperplanes_n_features20_n_hyperplanes3_dim_hyperplanes5_seed22,daf152204bbd72927ebe009bee77245588374523bc0144bb5e7d3d282686d97e,f087808ca635cff7ff23816ed69bcf872092e3ee826c2b73a96b833594ccb0d5,B,L2,2.0,h42,35,35.0,295,5,0xf9ea9d8280d97e94,U0-2pi,pennylane,,,,0,test_full,1200,test,0.7308333333333333,0.7940787426081544,0.7302667061013588,0.7128571271896362,0.0,0.0043721877272847,0.0162861450249066,49,19,1.2799054120114306,unknown,56488e26fdba,0.01,0.001 0.003 0.01 0.03,0.0458333333333333,30,300,1.0,,,True,0.7141666666666666,1e-06
a7_20260822T081428Z,2026-08-22T08:16:22+00:00,hyperplanes_n_features20_n_hyperplanes3_dim_hyperplanes5_seed22,daf152204bbd72927ebe009bee77245588374523bc0144bb5e7d3d282686d97e,f087808ca635cff7ff23816ed69bcf872092e3ee826c2b73a96b833594ccb0d5,B,L2,2.0,h42,35,35.0,295,5,0xf9ea9d8280d97e94,U0-2pi,pennylane,,,,0,val_full,600,val,0.715,0.762720156555773,0.7149041761258645,0.7128571271896362,0.0,0.0043721877272847,0.0162861450249066,49,19,1.2799054120114306,unknown,56488e26fdba,0.01,0.001 0.003 0.01 0.03,0.0458333333333333,30,300,1.0,,,True,0.6983333333333334,1e-06
a7_20260822T081428Z,2026-08-22T08:24:17+00:00,hyperplanes_n_features20_n_hyperplanes3_dim_hyperplanes5_seed22,daf152204bbd72927ebe009bee77245588374523bc0144bb5e7d3d282686d97e,f087808ca635cff7ff23816ed69bcf872092e3ee826c2b73a96b833594ccb0d5,F,product,2.0,linear,35,20.0,6,4,0x6ff3a4afd33346b9,U0-2pi,pennylane,,,,0,test_full,1200,test,0.8141666666666667,0.8465886354541817,0.8123210264272474,0.8007143139839172,0.8241004347801208,0.050520936237293,0.0266414427072003,35,5,512.2453701890045,unknown,56488e26fdba,0.03,0.001 0.003 0.01 0.03,0.0458333333333333,30,300,1.0,,,False,,
a7_20260822T081428Z,2026-08-22T08:24:17+00:00,hyperplanes_n_features20_n_hyperplanes3_dim_hyperplanes5_seed22,daf152204bbd72927ebe009bee77245588374523bc0144bb5e7d3d282686d97e,f087808ca635cff7ff23816ed69bcf872092e3ee826c2b73a96b833594ccb0d5,F,product,2.0,linear,35,20.0,6,4,0x6ff3a4afd33346b9,U0-2pi,pennylane,,,,0,val_full,600,val,0.8166666666666667,0.8464241238213842,0.8161436976288108,0.8007143139839172,0.8241004347801208,0.050520936237293,0.0266414427072003,35,5,512.2453701890045,unknown,56488e26fdba,0.03,0.001 0.003 0.01 0.03,0.0458333333333333,30,300,1.0,,,False,,
a7_20260822T081428Z,2026-08-22T08:24:33+00:00,hyperplanes_n_features20_n_hyperplanes3_dim_hyperplanes5_seed22,daf152204bbd72927ebe009bee77245588374523bc0144bb5e7d3d282686d97e,f087808ca635cff7ff23816ed69bcf872092e3ee826c2b73a96b833594ccb0d5,F,product,2.0,linear,35,20.0,6,3,0xa27b3263a781f0fe,U0-2pi,pennylane,,,,0,test_full,1200,test,0.815,0.8478335778755945,0.8126640244605652,0.8009523749351501,0.8066712021827698,0.0132105346593976,0.1709543364016834,36,6,555.9967811649985,unknown,56488e26fdba,0.03,0.001 0.003 0.01 0.03,0.0458333333333333,30,300,1.0,,,False,,
a7_20260822T081428Z,2026-08-22T08:24:33+00:00,hyperplanes_n_features20_n_hyperplanes3_dim_hyperplanes5_seed22,daf152204bbd72927ebe009bee77245588374523bc0144bb5e7d3d282686d97e,f087808ca635cff7ff23816ed69bcf872092e3ee826c2b73a96b833594ccb0d5,F,product,2.0,linear,35,20.0,6,3,0xa27b3263a781f0fe,U0-2pi,pennylane,,,,0,val_full,600,val,0.8183333333333334,0.8477917630314891,0.8175625350438938,0.8009523749351501,0.8066712021827698,0.0132105346593976,0.1709543364016834,36,6,555.9967811649985,unknown,56488e26fdba,0.03,0.001 0.003 0.01 0.03,0.0458333333333333,30,300,1.0,,,False,,
a7_20260822T081428Z,2026-08-22T08:24:36+00:00,hyperplanes_n_features20_n_hyperplanes3_dim_hyperplanes5_seed22,daf152204bbd72927ebe009bee77245588374523bc0144bb5e7d3d282686d97e,f087808ca635cff7ff23816ed69bcf872092e3ee826c2b73a96b833594ccb0d5,F,product,2.0,linear,35,20.0,6,5,0x47580f2ad4dd122e,U0-2pi,pennylane,,,,0,test_full,1200,test,0.8183333333333334,0.8456993908674582,0.8157533686989202,0.8019047379493713,0.6180253028869629,0.0255466041744778,0.072821835034082,35,5,514.2307411129877,unknown,56488e26fdba,0.03,0.001 0.003 0.01 0.03,0.0458333333333333,30,300,1.0,,,False,,
a7_20260822T081428Z,2026-08-22T08:24:36+00:00,hyperplanes_n_features20_n_hyperplanes3_dim_hyperplanes5_seed22,daf152204bbd72927ebe009bee77245588374523bc0144bb5e7d3d282686d97e,f087808ca635cff7ff23816ed69bcf872092e3ee826c2b73a96b833594ccb0d5,F,product,2.0,linear,35,20.0,6,5,0x47580f2ad4dd122e,U0-2pi,pennylane,,,,0,val_full,600,val,0.8166666666666667,0.8458348158690625,0.8156754099825729,0.8019047379493713,0.6180253028869629,0.0255466041744778,0.072821835034082,35,5,514.2307411129877,unknown,56488e26fdba,0.03,0.001 0.003 0.01 0.03,0.0458333333333333,30,300,1.0,,,False,,
a7_20260822T081428Z,2026-08-22T08:24:34+00:00,hyperplanes_n_features20_n_hyperplanes3_dim_hyperplanes5_seed22,daf152204bbd72927ebe009bee77245588374523bc0144bb5e7d3d282686d97e,f087808ca635cff7ff23816ed69bcf872092e3ee826c2b73a96b833594ccb0d5,E,,,linear,0,,6,5,,,pennylane,,,,0,test_full,1200,test,0.8016666666666666,0.8397108843537415,0.8006900479013834,0.7873809337615967,0.0,0.0754404296832368,0.065320829736504,43,13,0.771550120000029,unknown,56488e26fdba,0.1,0.001 0.003 0.01 0.03 0.1,0.0458333333333333,30,300,1.0,,,True,0.775,1e-06
a7_20260822T081428Z,2026-08-22T08:24:34+00:00,hyperplanes_n_features20_n_hyperplanes3_dim_hyperplanes5_seed22,daf152204bbd72927ebe009bee77245588374523bc0144bb5e7d3d282686d97e,f087808ca635cff7ff23816ed69bcf872092e3ee826c2b73a96b833594ccb0d5,E,,,linear,0,,6,5,,,pennylane,,,,0,val_full,600,val,0.8016666666666666,0.8407645436755027,0.8016396676214262,0.7873809337615967,0.0,0.0754404296832368,0.065320829736504,43,13,0.771550120000029,unknown,56488e26fdba,0.1,0.001 0.003 0.01 0.03 0.1,0.0458333333333333,30,300,1.0,,,True,0.775,1e-06
a7_20260822T081428Z,2026-08-22T08:24:37+00:00,hyperplanes_n_features20_n_hyperplanes3_dim_hyperplanes5_seed22,daf152204bbd72927ebe009bee77245588374523bc0144bb5e7d3d282686d97e,f087808ca635cff7ff23816ed69bcf872092e3ee826c2b73a96b833594ccb0d5,E,,,h2,0,,15,5,,,pennylane,,,,0,test_full,1200,test,0.8508333333333333,0.8726768485171846,0.8473606828690791,0.8269047737121582,0.0,0.0484396124248648,0.0422919736458668,106,76,2.5703647909977008,unknown,56488e26fdba,0.1,0.001 0.003 0.01 0.03 0.1,0.0458333333333333,30,300,1.0,,,True,0.775,1e-06
a7_20260822T081428Z,2026-08-22T08:24:37+00:00,hyperplanes_n_features20_n_hyperplanes3_dim_hyperplanes5_seed22,daf152204bbd72927ebe009bee77245588374523bc0144bb5e7d3d282686d97e,f087808ca635cff7ff23816ed69bcf872092e3ee826c2b73a96b833594ccb0d5,E,,,h2,0,,15,5,,,pennylane,,,,0,val_full,600,val,0.85,0.8839619284824762,0.8485851119909376,0.8269047737121582,0.0,0.0484396124248648,0.0422919736458668,106,76,2.5703647909977008,unknown,56488e26fdba,0.1,0.001 0.003 0.01 0.03 0.1,0.0458333333333333,30,300,1.0,,,True,0.775,1e-06
a7_20260822T081428Z,2026-08-22T08:24:39+00:00,hyperplanes_n_features20_n_hyperplanes3_dim_hyperplanes5_seed22,daf152204bbd72927ebe009bee77245588374523bc0144bb5e7d3d282686d97e,f087808ca635cff7ff23816ed69bcf872092e3ee826c2b73a96b833594ccb0d5,E,,,h4,0,,29,5,,,pennylane,,,,0,test_full,1200,test,0.9041666666666668,0.9715941932328488,0.9036602810187716,0.8873809576034546,0.0,0.0275312478607719,0.024762578542875,85,55,2.084147061992553,unknown,56488e26fdba,0.1,0.001 0.003 0.01 0.03 0.1,0.0458333333333333,30,300,1.0,,,True,0.775,1e-06
a7_20260822T081428Z,2026-08-22T08:24:39+00:00,hyperplanes_n_features20_n_hyperplanes3_dim_hyperplanes5_seed22,daf152204bbd72927ebe009bee77245588374523bc0144bb5e7d3d282686d97e,f087808ca635cff7ff23816ed69bcf872092e3ee826c2b73a96b833594ccb0d5,E,,,h4,0,,29,5,,,pennylane,,,,0,val_full,600,val,0.9033333333333332,0.9649194983099092,0.9032946511938108,0.8873809576034546,0.0,0.0275312478607719,0.024762578542875,85,55,2.084147061992553,unknown,56488e26fdba,0.1,0.001 0.003 0.01 0.03 0.1,0.0458333333333333,30,300,1.0,,,True,0.775,1e-06
a7_20260822T081428Z,2026-08-22T08:24:42+00:00,hyperplanes_n_features20_n_hyperplanes3_dim_hyperplanes5_seed22,daf152204bbd72927ebe009bee77245588374523bc0144bb5e7d3d282686d97e,f087808ca635cff7ff23816ed69bcf872092e3ee826c2b73a96b833594ccb0d5,E,,,h42,0,,295,5,,,pennylane,,,,0,test_full,1200,test,0.9775,0.998004757458539,0.9774954834685572,0.9840475916862488,0.0,0.0054280160158452,0.0278954398907471,133,103,3.455227818005369,unknown,56488e26fdba,0.01,0.001 0.003 0.01 0.03 0.1,0.0458333333333333,30,300,1.0,,,True,0.775,1e-06
a7_20260822T081428Z,2026-08-22T08:24:42+00:00,hyperplanes_n_features20_n_hyperplanes3_dim_hyperplanes5_seed22,daf152204bbd72927ebe009bee77245588374523bc0144bb5e7d3d282686d97e,f087808ca635cff7ff23816ed69bcf872092e3ee826c2b73a96b833594ccb0d5,E,,,h42,0,,295,5,,,pennylane,,,,0,val_full,600,val,0.97,0.9943737769080236,0.9699729756781104,0.9840475916862488,0.0,0.0054280160158452,0.0278954398907471,133,103,3.455227818005369,unknown,56488e26fdba,0.01,0.001 0.003 0.01 0.03 0.1,0.0458333333333333,30,300,1.0,,,True,0.775,1e-06
a7_20260822T081428Z,2026-08-22T08:24:44+00:00,hyperplanes_n_features20_n_hyperplanes3_dim_hyperplanes5_seed22,daf152204bbd72927ebe009bee77245588374523bc0144bb5e7d3d282686d97e,f087808ca635cff7ff23816ed69bcf872092e3ee826c2b73a96b833594ccb0d5,D_best,,2.0,linear,192,,33,5,0x7bba18422325b3f3,RFF-int-spectrum-U0-2pi,pennylane,,,,0,test_full,1200,test,0.825,0.8757058378907119,0.8236756078993328,0.8095238208770752,0.0,0.0684953462302635,0.0440499378386647,78,48,1.4874498849967497,unknown,56488e26fdba,0.03,0.001 0.003 0.01 0.03,0.0458333333333333,30,300,1.0,32.0,0x7bba18422325b3f3,True,0.8191666666666667,1e-06
a7_20260822T081428Z,2026-08-22T08:24:44+00:00,hyperplanes_n_features20_n_hyperplanes3_dim_hyperplanes5_seed22,daf152204bbd72927ebe009bee77245588374523bc0144bb5e7d3d282686d97e,f087808ca635cff7ff23816ed69bcf872092e3ee826c2b73a96b833594ccb0d5,D_best,,2.0,linear,192,,33,5,0x7bba18422325b3f3,RFF-int-spectrum-U0-2pi,pennylane,,,,0,val_full,600,val,0.8283333333333334,0.8594222558263653,0.8280347826086957,0.8095238208770752,0.0,0.0684953462302635,0.0440499378386647,78,48,1.4874498849967497,unknown,56488e26fdba,0.03,0.001 0.003 0.01 0.03,0.0458333333333333,30,300,1.0,32.0,0x7bba18422325b3f3,True,0.8116666666666666,1e-06
a7_20260822T081428Z,2026-08-22T08:24:37+00:00,hyperplanes_n_features20_n_hyperplanes3_dim_hyperplanes5_seed22,daf152204bbd72927ebe009bee77245588374523bc0144bb5e7d3d282686d97e,f087808ca635cff7ff23816ed69bcf872092e3ee826c2b73a96b833594ccb0d5,D_matched,,2.0,linear,30,,6,5,0x5fea624fe73dbb57,RFF-int-spectrum-U0-2pi,pennylane,,,,0,test_full,1200,test,0.755,0.8095821661998132,0.7549176250906555,0.7430952191352844,0.0,0.1313536286916563,0.0262095928036707,36,6,0.6474062089982908,unknown,56488e26fdba,0.03,0.001 0.003 0.01 0.03,0.0458333333333333,30,300,1.0,,0x5fea624fe73dbb57,True,0.7475,1e-06
a7_20260822T081428Z,2026-08-22T08:24:37+00:00,hyperplanes_n_features20_n_hyperplanes3_dim_hyperplanes5_seed22,daf152204bbd72927ebe009bee77245588374523bc0144bb5e7d3d282686d97e,f087808ca635cff7ff23816ed69bcf872092e3ee826c2b73a96b833594ccb0d5,D_matched,,2.0,linear,30,,6,5,0x5fea624fe73dbb57,RFF-int-spectrum-U0-2pi,pennylane,,,,0,val_full,600,val,0.7616666666666667,0.7992572495997153,0.7611085897889236,0.7430952191352844,0.0,0.1313536286916563,0.0262095928036707,36,6,0.6474062089982908,unknown,56488e26fdba,0.03,0.001 0.003 0.01 0.03,0.0458333333333333,30,300,1.0,,0x5fea624fe73dbb57,True,0.755,1e-06
a7_20260822T081428Z,2026-08-22T08:24:38+00:00,hyperplanes_n_features20_n_hyperplanes3_dim_hyperplanes5_seed22,daf152204bbd72927ebe009bee77245588374523bc0144bb5e7d3d282686d97e,f087808ca635cff7ff23816ed69bcf872092e3ee826c2b73a96b833594ccb0d5,D_matched,,2.0,h2,30,,15,5,0x5fea624fe73dbb57,RFF-int-spectrum-U0-2pi,pennylane,,,,0,test_full,1200,test,0.7741666666666667,0.829901405006447,0.7736559779669545,0.7666666507720947,0.0,0.0425317245875188,0.0548489406207121,42,12,1.0261927590036066,unknown,56488e26fdba,0.01,0.001 0.003 0.01 0.03,0.0458333333333333,30,300,1.0,,0x5fea624fe73dbb57,True,0.7475,1e-06
a7_20260822T081428Z,2026-08-22T08:24:38+00:00,hyperplanes_n_features20_n_hyperplanes3_dim_hyperplanes5_seed22,daf152204bbd72927ebe009bee77245588374523bc0144bb5e7d3d282686d97e,f087808ca635cff7ff23816ed69bcf872092e3ee826c2b73a96b833594ccb0d5,D_matched,,2.0,h2,30,,15,5,0x5fea624fe73dbb57,RFF-int-spectrum-U0-2pi,pennylane,,,,0,val_full,600,val,0.7883333333333333,0.8186488169364882,0.788304519226228,0.7666666507720947,0.0,0.0425317245875188,0.0548489406207121,42,12,1.0261927590036066,unknown,56488e26fdba,0.01,0.001 0.003 0.01 0.03,0.0458333333333333,30,300,1.0,,0x5fea624fe73dbb57,True,0.755,1e-06
a7_20260822T081428Z,2026-08-22T08:24:40+00:00,hyperplanes_n_features20_n_hyperplanes3_dim_hyperplanes5_seed22,daf152204bbd72927ebe009bee77245588374523bc0144bb5e7d3d282686d97e,f087808ca635cff7ff23816ed69bcf872092e3ee826c2b73a96b833594ccb0d5,D_matched,,2.0,h2,30,,15,5,0x5fea624fe73dbb57,RFF-int-spectrum-U0-2pi,pennylane,,,,0,test_full,1200,test,0.7733333333333333,0.8330665599573162,0.7733276665249964,0.770714282989502,0.0,0.0425317245875188,0.0273741819741148,67,37,1.6576617050013738,unknown,56488e26fdba,0.03,0.001 0.003 0.01 0.03,0.0458333333333333,30,300,1.0,,0x5fea624fe73dbb57,True,0.7475,1e-06
a7_20260822T081428Z,2026-08-22T08:24:40+00:00,hyperplanes_n_features20_n_hyperplanes3_dim_hyperplanes5_seed22,daf152204bbd72927ebe009bee77245588374523bc0144bb5e7d3d282686d97e,f087808ca635cff7ff23816ed69bcf872092e3ee826c2b73a96b833594ccb0d5,D_matched,,2.0,h2,30,,15,5,0x5fea624fe73dbb57,RFF-int-spectrum-U0-2pi,pennylane,,,,0,val_full,600,val,0.785,0.8239303504714464,0.7845637415766928,0.770714282989502,0.0,0.0425317245875188,0.0273741819741148,67,37,1.6576617050013738,unknown,56488e26fdba,0.03,0.001 0.003 0.01 0.03,0.0458333333333333,30,300,1.0,,0x5fea624fe73dbb57,True,0.755,1e-06
a7_20260822T081428Z,2026-08-22T08:24:42+00:00,hyperplanes_n_features20_n_hyperplanes3_dim_hyperplanes5_seed22,daf152204bbd72927ebe009bee77245588374523bc0144bb5e7d3d282686d97e,f087808ca635cff7ff23816ed69bcf872092e3ee826c2b73a96b833594ccb0d5,D_matched,,2.0,h4,30,,29,5,0x5fea624fe73dbb57,RFF-int-spectrum-U0-2pi,pennylane,,,,0,test_full,1200,test,0.7991666666666667,0.8579487350495754,0.7986115898612216,0.7716666460037231,0.0,0.0253991255393122,0.0476983241783112,89,59,2.2466941050079186,unknown,56488e26fdba,0.01,0.001 0.003 0.01 0.03,0.0458333333333333,30,300,1.0,,0x5fea624fe73dbb57,True,0.7475,1e-06
a7_20260822T081428Z,2026-08-22T08:24:42+00:00,hyperplanes_n_features20_n_hyperplanes3_dim_hyperplanes5_seed22,daf152204bbd72927ebe009bee77245588374523bc0144bb5e7d3d282686d97e,f087808ca635cff7ff23816ed69bcf872092e3ee826c2b73a96b833594ccb0d5,D_matched,,2.0,h4,30,,29,5,0x5fea624fe73dbb57,RFF-int-spectrum-U0-2pi,pennylane,,,,0,val_full,600,val,0.7966666666666666,0.8475471446361859,0.7965219711795055,0.7716666460037231,0.0,0.0253991255393122,0.0476983241783112,89,59,2.2466941050079186,unknown,56488e26fdba,0.01,0.001 0.003 0.01 0.03,0.0458333333333333,30,300,1.0,,0x5fea624fe73dbb57,True,0.755,1e-06
a7_20260822T081428Z,2026-08-22T08:24:45+00:00,hyperplanes_n_features20_n_hyperplanes3_dim_hyperplanes5_seed22,daf152204bbd72927ebe009bee77245588374523bc0144bb5e7d3d282686d97e,f087808ca635cff7ff23816ed69bcf872092e3ee826c2b73a96b833594ccb0d5,D_matched,,2.0,h42,30,,295,5,0x5fea624fe73dbb57,RFF-int-spectrum-U0-2pi,pennylane,,,,0,test_full,1200,test,0.8458333333333333,0.9249977768885332,0.8455320134902042,0.8328571319580078,0.0,0.0043294568268123,0.0311906270630576,108,78,2.7716170469939243,unknown,56488e26fdba,0.01,0.001 0.003 0.01 0.03,0.0458333333333333,30,300,1.0,,0x5fea624fe73dbb57,True,0.7475,1e-06
a7_20260822T081428Z,2026-08-22T08:24:45+00:00,hyperplanes_n_features20_n_hyperplanes3_dim_hyperplanes5_seed22,daf152204bbd72927ebe009bee77245588374523bc0144bb5e7d3d282686d97e,f087808ca635cff7ff23816ed69bcf872092e3ee826c2b73a96b833594ccb0d5,D_matched,,2.0,h42,30,,295,5,0x5fea624fe73dbb57,RFF-int-spectrum-U0-2pi,pennylane,,,,0,val_full,600,val,0.8233333333333334,0.9024306173278775,0.8232370957521318,0.8328571319580078,0.0,0.0043294568268123,0.0311906270630576,108,78,2.7716170469939243,unknown,56488e26fdba,0.01,0.001 0.003 0.01 0.03,0.0458333333333333,30,300,1.0,,0x5fea624fe73dbb57,True,0.755,1e-06
a7_20260822T081428Z,2026-08-22T08:24:45+00:00,hyperplanes_n_features20_n_hyperplanes3_dim_hyperplanes5_seed22,daf152204bbd72927ebe009bee77245588374523bc0144bb5e7d3d282686d97e,f087808ca635cff7ff23816ed69bcf872092e3ee826c2b73a96b833594ccb0d5,A,L2,2.0,linear,35,35.0,6,2,0xedbc28bf50f4bc26,U0-2pi,pennylane,,,,0,test_full,1200,test,0.8166666666666667,0.8520630474411988,0.8151695399401822,0.7988095283508301,0.6238473653793335,0.0168189908640289,0.0413722591130813,33,3,567.6674889239948,unknown,56488e26fdba,0.03,0.001 0.003 0.01 0.03,0.0458333333333333,30,300,1.0,,,False,,
a7_20260822T081428Z,2026-08-22T08:24:45+00:00,hyperplanes_n_features20_n_hyperplanes3_dim_hyperplanes5_seed22,daf152204bbd72927ebe009bee77245588374523bc0144bb5e7d3d282686d97e,f087808ca635cff7ff23816ed69bcf872092e3ee826c2b73a96b833594ccb0d5,A,L2,2.0,linear,35,35.0,6,2,0xedbc28bf50f4bc26,U0-2pi,pennylane,,,,0,val_full,600,val,0.8233333333333334,0.8545410069382672,0.8229477528840586,0.7988095283508301,0.6238473653793335,0.0168189908640289,0.0413722591130813,33,3,567.6674889239948,unknown,56488e26fdba,0.03,0.001 0.003 0.01 0.03,0.0458333333333333,30,300,1.0,,,False,,
a7_20260822T081428Z,2026-08-22T08:24:46+00:00,hyperplanes_n_features20_n_hyperplanes3_dim_hyperplanes5_seed22,daf152204bbd72927ebe009bee77245588374523bc0144bb5e7d3d282686d97e,f087808ca635cff7ff23816ed69bcf872092e3ee826c2b73a96b833594ccb0d5,D_best,,2.0,linear,768,,129,5,0xb50902aa88037212,RFF-int-spectrum-U0-2pi,pennylane,,,,0,test_full,1200,test,0.8333333333333334,0.8960278555866792,0.8319723090365292,0.8309524059295654,0.0,0.098483255295334,0.0373220156285633,99,69,1.9259098769980485,unknown,56488e26fdba,0.01,0.001 0.003 0.01 0.03,0.0458333333333333,30,300,1.0,128.0,0xb50902aa88037212,True,0.8283333333333334,1e-06
a7_20260822T081428Z,2026-08-22T08:24:46+00:00,hyperplanes_n_features20_n_hyperplanes3_dim_hyperplanes5_seed22,daf152204bbd72927ebe009bee77245588374523bc0144bb5e7d3d282686d97e,f087808ca635cff7ff23816ed69bcf872092e3ee826c2b73a96b833594ccb0d5,D_best,,2.0,linear,768,,129,5,0xb50902aa88037212,RFF-int-spectrum-U0-2pi,pennylane,,,,0,val_full,600,val,0.8433333333333334,0.884284380003558,0.8430822649572649,0.8309524059295654,0.0,0.098483255295334,0.0373220156285633,99,69,1.9259098769980485,unknown,56488e26fdba,0.01,0.001 0.003 0.01 0.03,0.0458333333333333,30,300,1.0,128.0,0xb50902aa88037212,True,0.8283333333333334,1e-06
a7_20260822T081428Z,2026-08-22T08:24:47+00:00,hyperplanes_n_features20_n_hyperplanes3_dim_hyperplanes5_seed22,daf152204bbd72927ebe009bee77245588374523bc0144bb5e7d3d282686d97e,f087808ca635cff7ff23816ed69bcf872092e3ee826c2b73a96b833594ccb0d5,D_best,,2.0,linear,3072,,513,5,0x10a2f35f53be67b9,RFF-int-spectrum-U0-2pi,pennylane,,,,0,test_full,1200,test,0.8533333333333334,0.9068043884220354,0.8526111278598465,0.8342857360839844,0.0,0.0674628265141131,0.0194753643847655,95,65,2.129899028004729,unknown,56488e26fdba,0.003,0.001 0.003 0.01 0.03,0.0458333333333333,30,300,1.0,512.0,0x10a2f35f53be67b9,True,0.8475,0.0001
a7_20260822T081428Z,2026-08-22T08:24:47+00:00,hyperplanes_n_features20_n_hyperplanes3_dim_hyperplanes5_seed22,daf152204bbd72927ebe009bee77245588374523bc0144bb5e7d3d282686d97e,f087808ca635cff7ff23816ed69bcf872092e3ee826c2b73a96b833594ccb0d5,D_best,,2.0,linear,3072,,513,5,0x10a2f35f53be67b9,RFF-int-spectrum-U0-2pi,pennylane,,,,0,val_full,600,val,0.8533333333333334,0.8963707525351361,0.8531701890989989,0.8342857360839844,0.0,0.0674628265141131,0.0194753643847655,95,65,2.129899028004729,unknown,56488e26fdba,0.003,0.001 0.003 0.01 0.03,0.0458333333333333,30,300,1.0,512.0,0x10a2f35f53be67b9,True,0.8483333333333334,0.0001
a7_20260822T081428Z,2026-08-22T08:24:55+00:00,hyperplanes_n_features20_n_hyperplanes3_dim_hyperplanes5_seed22,daf152204bbd72927ebe009bee77245588374523bc0144bb5e7d3d282686d97e,f087808ca635cff7ff23816ed69bcf872092e3ee826c2b73a96b833594ccb0d5,A,L1,2.0,linear,35,35.0,6,2,0x68f1fd9add9ea051,U0-2pi,pennylane,,,,0,test_full,1200,test,0.8183333333333334,0.852880040905251,0.814522807455389,0.8149999976158142,0.6726438403129578,0.0154576671060215,0.0965304190387169,34,4,577.2895242369996,unknown,56488e26fdba,0.03,0.001 0.003 0.01 0.03,0.0458333333333333,30,300,1.0,,,False,,
a7_20260822T081428Z,2026-08-22T08:24:55+00:00,hyperplanes_n_features20_n_hyperplanes3_dim_hyperplanes5_seed22,daf152204bbd72927ebe009bee77245588374523bc0144bb5e7d3d282686d97e,f087808ca635cff7ff23816ed69bcf872092e3ee826c2b73a96b833594ccb0d5,A,L1,2.0,linear,35,35.0,6,2,0x68f1fd9add9ea051,U0-2pi,pennylane,,,,0,val_full,600,val,0.8233333333333334,0.8544742928304572,0.8219963279745646,0.8149999976158142,0.6726438403129578,0.0154576671060215,0.0965304190387169,34,4,577.2895242369996,unknown,56488e26fdba,0.03,0.001 0.003 0.01 0.03,0.0458333333333333,30,300,1.0,,,False,,
a7_20260822T081428Z,2026-08-22T08:25:34+00:00,hyperplanes_n_features20_n_hyperplanes3_dim_hyperplanes5_seed22,daf152204bbd72927ebe009bee77245588374523bc0144bb5e7d3d282686d97e,f087808ca635cff7ff23816ed69bcf872092e3ee826c2b73a96b833594ccb0d5,A,L1,2.0,h2,35,35.0,15,5,0x2560fc84838de57f,U0-2pi,pennylane,,,,0,test_full,1200,test,0.49,0.5,0.3288590604026846,0.5009523630142212,0.2443014085292816,0.0293204328970218,0.0070733505381873,35,5,578.7651943320088,unknown,56488e26fdba,0.03,0.001 0.003 0.01 0.03,0.0458333333333333,30,300,1.0,,,False,,
a7_20260822T081428Z,2026-08-22T08:25:34+00:00,hyperplanes_n_features20_n_hyperplanes3_dim_hyperplanes5_seed22,daf152204bbd72927ebe009bee77245588374523bc0144bb5e7d3d282686d97e,f087808ca635cff7ff23816ed69bcf872092e3ee826c2b73a96b833594ccb0d5,A,L1,2.0,h2,35,35.0,15,5,0x2560fc84838de57f,U0-2pi,pennylane,,,,0,val_full,600,val,0.5133333333333333,0.5,0.3392070484581498,0.5009523630142212,0.2443014085292816,0.0293204328970218,0.0070733505381873,35,5,578.7651943320088,unknown,56488e26fdba,0.03,0.001 0.003 0.01 0.03,0.0458333333333333,30,300,1.0,,,False,,
a7_20260822T081428Z,2026-08-22T08:25:36+00:00,hyperplanes_n_features20_n_hyperplanes3_dim_hyperplanes5_seed22,daf152204bbd72927ebe009bee77245588374523bc0144bb5e7d3d282686d97e,f087808ca635cff7ff23816ed69bcf872092e3ee826c2b73a96b833594ccb0d5,F,product,2.0,h4,35,20.0,29,5,0x47580f2ad4dd122e,U0-2pi,pennylane,,,,0,test_full,1200,test,0.8216666666666667,0.8491229825263438,0.8181874821231852,0.807619035243988,0.4781514108181,0.0220194249006375,0.0370943003204261,38,8,554.3562642860052,unknown,56488e26fdba,0.01,0.001 0.003 0.01 0.03,0.0458333333333333,30,300,1.0,,,False,,
a7_20260822T081428Z,2026-08-22T08:25:36+00:00,hyperplanes_n_features20_n_hyperplanes3_dim_hyperplanes5_seed22,daf152204bbd72927ebe009bee77245588374523bc0144bb5e7d3d282686d97e,f087808ca635cff7ff23816ed69bcf872092e3ee826c2b73a96b833594ccb0d5,F,product,2.0,h4,35,20.0,29,5,0x47580f2ad4dd122e,U0-2pi,pennylane,,,,0,val_full,600,val,0.8283333333333334,0.849126045187689,0.8273622459668971,0.807619035243988,0.4781514108181,0.0220194249006375,0.0370943003204261,38,8,554.3562642860052,unknown,56488e26fdba,0.01,0.001 0.003 0.01 0.03,0.0458333333333333,30,300,1.0,,,False,,
a7_20260822T081428Z,2026-08-22T08:25:49+00:00,hyperplanes_n_features20_n_hyperplanes3_dim_hyperplanes5_seed22,daf152204bbd72927ebe009bee77245588374523bc0144bb5e7d3d282686d97e,f087808ca635cff7ff23816ed69bcf872092e3ee826c2b73a96b833594ccb0d5,B,L1,2.0,linear,35,35.0,6,6,0x7f041defed10b1c8,U0-2pi,pennylane,,,,0,test_full,1200,test,0.7233333333333334,0.8264194566715575,0.7231603085261622,0.7030952572822571,0.0,0.0589669406437365,0.0123665973406384,87,57,1.5631745910068275,unknown,56488e26fdba,0.03,0.001 0.003 0.01 0.03,0.0458333333333333,30,300,1.0,,,True,0.6775,1e-06
a7_20260822T081428Z,2026-08-22T08:25:49+00:00,hyperplanes_n_features20_n_hyperplanes3_dim_hyperplanes5_seed22,daf152204bbd72927ebe009bee77245588374523bc0144bb5e7d3d282686d97e,f087808ca635cff7ff23816ed69bcf872092e3ee826c2b73a96b833594ccb0d5,B,L1,2.0,linear,35,35.0,6,6,0x7f041defed10b1c8,U0-2pi,pennylane,,,,0,val_full,600,val,0.7333333333333333,0.8264321295143213,0.7324742785165699,0.7030952572822571,0.0,0.0589669406437365,0.0123665973406384,87,57,1.5631745910068275,unknown,56488e26fdba,0.03,0.001 0.003 0.01 0.03,0.0458333333333333,30,300,1.0,,,True,0.675,1e-06
a7_20260822T081428Z,2026-08-22T08:25:51+00:00,hyperplanes_n_features20_n_hyperplanes3_dim_hyperplanes5_seed22,daf152204bbd72927ebe009bee77245588374523bc0144bb5e7d3d282686d97e,f087808ca635cff7ff23816ed69bcf872092e3ee826c2b73a96b833594ccb0d5,B,L1,2.0,h2,35,35.0,15,6,0x7f041defed10b1c8,U0-2pi,pennylane,,,,0,test_full,1200,test,0.8016666666666666,0.8271864301276066,0.7972046046483885,0.7923809289932251,0.0,0.0573604545403075,0.1014000969681991,74,44,1.807851739999024,unknown,56488e26fdba,0.03,0.001 0.003 0.01 0.03,0.0458333333333333,30,300,1.0,,,True,0.6775,1e-06
a7_20260822T081428Z,2026-08-22T08:25:51+00:00,hyperplanes_n_features20_n_hyperplanes3_dim_hyperplanes5_seed22,daf152204bbd72927ebe009bee77245588374523bc0144bb5e7d3d282686d97e,f087808ca635cff7ff23816ed69bcf872092e3ee826c2b73a96b833594ccb0d5,B,L1,2.0,h2,35,35.0,15,6,0x7f041defed10b1c8,U0-2pi,pennylane,,,,0,val_full,600,val,0.8016666666666666,0.8271326276463262,0.7991623325297952,0.7923809289932251,0.0,0.0573604545403075,0.1014000969681991,74,44,1.807851739999024,unknown,56488e26fdba,0.03,0.001 0.003 0.01 0.03,0.0458333333333333,30,300,1.0,,,True,0.675,1e-06
a7_20260822T081428Z,2026-08-22T08:25:53+00:00,hyperplanes_n_features20_n_hyperplanes3_dim_hyperplanes5_seed22,daf152204bbd72927ebe009bee77245588374523bc0144bb5e7d3d282686d97e,f087808ca635cff7ff23816ed69bcf872092e3ee826c2b73a96b833594ccb0d5,B,L1,2.0,h4,35,35.0,29,6,0x7f041defed10b1c8,U0-2pi,pennylane,,,,0,test_full,1200,test,0.7691666666666667,0.8269307723089235,0.7688968858785846,0.739047646522522,0.0,0.0445940975894421,0.0137217693795058,92,62,2.282449484991957,unknown,56488e26fdba,0.01,0.001 0.003 0.01 0.03,0.0458333333333333,30,300,1.0,,,True,0.6775,1e-06
a7_20260822T081428Z,2026-08-22T08:25:53+00:00,hyperplanes_n_features20_n_hyperplanes3_dim_hyperplanes5_seed22,daf152204bbd72927ebe009bee77245588374523bc0144bb5e7d3d282686d97e,f087808ca635cff7ff23816ed69bcf872092e3ee826c2b73a96b833594ccb0d5,B,L1,2.0,h4,35,35.0,29,6,0x7f041defed10b1c8,U0-2pi,pennylane,,,,0,val_full,600,val,0.7583333333333333,0.8270214374666429,0.7582198309762083,0.739047646522522,0.0,0.0445940975894421,0.0137217693795058,92,62,2.282449484991957,unknown,56488e26fdba,0.01,0.001 0.003 0.01 0.03,0.0458333333333333,30,300,1.0,,,True,0.675,1e-06
a7_20260822T081428Z,2026-08-22T08:26:01+00:00,hyperplanes_n_features20_n_hyperplanes3_dim_hyperplanes5_seed22,daf152204bbd72927ebe009bee77245588374523bc0144bb5e7d3d282686d97e,f087808ca635cff7ff23816ed69bcf872092e3ee826c2b73a96b833594ccb0d5,B,L1,2.0,h42,35,35.0,295,6,0x7f041defed10b1c8,U0-2pi,pennylane,,,,0,test_full,1200,test,0.8866666666666667,0.9538926681783824,0.8866351764378995,0.8911904692649841,0.0,0.0146198488211886,0.0831809196705156,287,257,7.396838731991011,unknown,56488e26fdba,0.01,0.001 0.003 0.01 0.03,0.0458333333333333,30,300,1.0,,,True,0.6775,1e-06
a7_20260822T081428Z,2026-08-22T08:26:01+00:00,hyperplanes_n_features20_n_hyperplanes3_dim_hyperplanes5_seed22,daf152204bbd72927ebe009bee77245588374523bc0144bb5e7d3d282686d97e,f087808ca635cff7ff23816ed69bcf872092e3ee826c2b73a96b833594ccb0d5,B,L1,2.0,h42,35,35.0,295,6,0x7f041defed10b1c8,U0-2pi,pennylane,,,,0,val_full,600,val,0.8866666666666667,0.951320939334638,0.8866616294057514,0.8911904692649841,0.0,0.0146198488211886,0.0831809196705156,287,257,7.396838731991011,unknown,56488e26fdba,0.01,0.001 0.003 0.01 0.03,0.0458333333333333,30,300,1.0,,,True,0.675,1e-06
a7_20260822T081428Z,2026-08-22T08:26:29+00:00,hyperplanes_n_features20_n_hyperplanes3_dim_hyperplanes5_seed22,daf152204bbd72927ebe009bee77245588374523bc0144bb5e7d3d282686d97e,f087808ca635cff7ff23816ed69bcf872092e3ee826c2b73a96b833594ccb0d5,A,L1,2.0,linear,35,35.0,6,3,0xe98c84d46f8b02b7,U0-2pi,pennylane,,,,0,test_full,1200,test,0.8116666666666666,0.8478613667689298,0.8075263444767442,0.8061904907226562,0.7986647486686707,0.0137190765134845,0.0559687737318467,40,10,671.9444807020045,unknown,56488e26fdba,0.03,0.001 0.003 0.01 0.03,0.0458333333333333,30,300,1.0,,,False,,
a7_20260822T081428Z,2026-08-22T08:26:29+00:00,hyperplanes_n_features20_n_hyperplanes3_dim_hyperplanes5_seed22,daf152204bbd72927ebe009bee77245588374523bc0144bb5e7d3d282686d97e,f087808ca635cff7ff23816ed69bcf872092e3ee826c2b73a96b833594ccb0d5,A,L1,2.0,linear,35,35.0,6,3,0xe98c84d46f8b02b7,U0-2pi,pennylane,,,,0,val_full,600,val,0.8283333333333334,0.8511385874399573,0.826657204805354,0.8061904907226562,0.7986647486686707,0.0137190765134845,0.0559687737318467,40,10,671.9444807020045,unknown,56488e26fdba,0.03,0.001 0.003 0.01 0.03,0.0458333333333333,30,300,1.0,,,False,,
a7_20260822T081428Z,2026-08-22T08:26:49+00:00,hyperplanes_n_features20_n_hyperplanes3_dim_hyperplanes5_seed22,daf152204bbd72927ebe009bee77245588374523bc0144bb5e7d3d282686d97e,f087808ca635cff7ff23816ed69bcf872092e3ee826c2b73a96b833594ccb0d5,A,L2,2.0,linear,35,35.0,6,4,0xc9f964aa2896fb2f,U0-2pi,pennylane,,,,0,test_full,1200,test,0.8175,0.8561202258681251,0.8160919540229885,0.808571457862854,1.0830276012420654,0.0114107771610957,0.0706400778949782,41,11,665.6928232210048,unknown,56488e26fdba,0.03,0.001 0.003 0.01 0.03,0.0458333333333333,30,300,1.0,,,False,,
a7_20260822T081428Z,2026-08-22T08:26:49+00:00,hyperplanes_n_features20_n_hyperplanes3_dim_hyperplanes5_seed22,daf152204bbd72927ebe009bee77245588374523bc0144bb5e7d3d282686d97e,f087808ca635cff7ff23816ed69bcf872092e3ee826c2b73a96b833594ccb0d5,A,L2,2.0,linear,35,35.0,6,4,0xc9f964aa2896fb2f,U0-2pi,pennylane,,,,0,val_full,600,val,0.8216666666666667,0.8524172745063157,0.8215551386283093,0.808571457862854,1.0830276012420654,0.0114107771610957,0.0706400778949782,41,11,665.6928232210048,unknown,56488e26fdba,0.03,0.001 0.003 0.01 0.03,0.0458333333333333,30,300,1.0,,,False,,
a7_20260822T081428Z,2026-08-22T08:27:29+00:00,hyperplanes_n_features20_n_hyperplanes3_dim_hyperplanes5_seed22,daf152204bbd72927ebe009bee77245588374523bc0144bb5e7d3d282686d97e,f087808ca635cff7ff23816ed69bcf872092e3ee826c2b73a96b833594ccb0d5,F,product,2.0,h2,35,20.0,15,2,0x499fbb627c0f5f7c,U0-2pi,pennylane,,,,0,test_full,1200,test,0.8191666666666667,0.8468192832688632,0.8160173695429613,0.807619035243988,0.6125134229660034,0.0202168650526482,0.1027369839194003,48,18,731.4282248990057,unknown,56488e26fdba,0.03,0.001 0.003 0.01 0.03,0.0458333333333333,30,300,1.0,,,False,,
a7_20260822T081428Z,2026-08-22T08:27:29+00:00,hyperplanes_n_features20_n_hyperplanes3_dim_hyperplanes5_seed22,daf152204bbd72927ebe009bee77245588374523bc0144bb5e7d3d282686d97e,f087808ca635cff7ff23816ed69bcf872092e3ee826c2b73a96b833594ccb0d5,F,product,2.0,h2,35,20.0,15,2,0x499fbb627c0f5f7c,U0-2pi,pennylane,,,,0,val_full,600,val,0.8266666666666667,0.8457069471624267,0.8255501878690285,0.807619035243988,0.6125134229660034,0.0202168650526482,0.1027369839194003,48,18,731.4282248990057,unknown,56488e26fdba,0.03,0.001 0.003 0.01 0.03,0.0458333333333333,30,300,1.0,,,False,,
a7_20260822T081428Z,2026-08-22T08:27:48+00:00,hyperplanes_n_features20_n_hyperplanes3_dim_hyperplanes5_seed22,daf152204bbd72927ebe009bee77245588374523bc0144bb5e7d3d282686d97e,f087808ca635cff7ff23816ed69bcf872092e3ee826c2b73a96b833594ccb0d5,F,product,2.0,linear,35,20.0,6,2,0x499fbb627c0f5f7c,U0-2pi,pennylane,,,,0,test_full,1200,test,0.8083333333333333,0.8553143479614068,0.8058394489217054,0.7985714077949524,0.5904524326324463,0.0109648314273673,0.09051129000578,49,19,750.4424002740125,unknown,56488e26fdba,0.03,0.001 0.003 0.01 0.03,0.0458333333333333,30,300,1.0,,,False,,
a7_20260822T081428Z,2026-08-22T08:27:48+00:00,hyperplanes_n_features20_n_hyperplanes3_dim_hyperplanes5_seed22,daf152204bbd72927ebe009bee77245588374523bc0144bb5e7d3d282686d97e,f087808ca635cff7ff23816ed69bcf872092e3ee826c2b73a96b833594ccb0d5,F,product,2.0,linear,35,20.0,6,2,0x499fbb627c0f5f7c,U0-2pi,pennylane,,,,0,val_full,600,val,0.8183333333333334,0.849559686888454,0.8173954561065027,0.7985714077949524,0.5904524326324463,0.0109648314273673,0.09051129000578,49,19,750.4424002740125,unknown,56488e26fdba,0.03,0.001 0.003 0.01 0.03,0.0458333333333333,30,300,1.0,,,False,,
a7_20260822T081428Z,2026-08-22T08:27:44+00:00,hyperplanes_n_features20_n_hyperplanes3_dim_hyperplanes5_seed22,daf152204bbd72927ebe009bee77245588374523bc0144bb5e7d3d282686d97e,f087808ca635cff7ff23816ed69bcf872092e3ee826c2b73a96b833594ccb0d5,B,L2,2.0,linear,35,35.0,6,6,0xfed8b00a5c8d996d,U0-2pi,pennylane,,,,0,test_full,1200,test,0.5775,0.5933540082699746,0.575469032056833,0.5680952668190002,0.0,0.1018597550433581,0.0160094662320086,66,36,1.1754974899959052,unknown,56488e26fdba,0.03,0.001 0.003 0.01 0.03,0.0458333333333333,30,300,1.0,,,True,0.5658333333333333,1.0
a7_20260822T081428Z,2026-08-22T08:27:44+00:00,hyperplanes_n_features20_n_hyperplanes3_dim_hyperplanes5_seed22,daf152204bbd72927ebe009bee77245588374523bc0144bb5e7d3d282686d97e,f087808ca635cff7ff23816ed69bcf872092e3ee826c2b73a96b833594ccb0d5,B,L2,2.0,linear,35,35.0,6,6,0xfed8b00a5c8d996d,U0-2pi,pennylane,,,,0,val_full,600,val,0.5433333333333333,0.5497909624621953,0.5432876620995433,0.5680952668190002,0.0,0.1018597550433581,0.0160094662320086,66,36,1.1754974899959052,unknown,56488e26fdba,0.03,0.001 0.003 0.01 0.03,0.0458333333333333,30,300,1.0,,,True,0.5433333333333333,1.0
a7_20260822T081428Z,2026-08-22T08:27:45+00:00,hyperplanes_n_features20_n_hyperplanes3_dim_hyperplanes5_seed22,daf152204bbd72927ebe009bee77245588374523bc0144bb5e7d3d282686d97e,f087808ca635cff7ff23816ed69bcf872092e3ee826c2b73a96b833594ccb0d5,B,L2,2.0,h2,35,35.0,15,6,0xfed8b00a5c8d996d,U0-2pi,pennylane,,,,0,test_full,1200,test,0.49,0.5008169934640523,0.3288590604026846,0.5009523630142212,0.0,0.0567129598400052,0.0005872190780799,42,12,1.035199492005631,unknown,56488e26fdba,0.01,0.001 0.003 0.01 0.03,0.0458333333333333,30,300,1.0,,,True,0.5658333333333333,1.0
a7_20260822T081428Z,2026-08-22T08:27:45+00:00,hyperplanes_n_features20_n_hyperplanes3_dim_hyperplanes5_seed22,daf152204bbd72927ebe009bee77245588374523bc0144bb5e7d3d282686d97e,f087808ca635cff7ff23816ed69bcf872092e3ee826c2b73a96b833594ccb0d5,B,L2,2.0,h2,35,35.0,15,6,0xfed8b00a5c8d996d,U0-2pi,pennylane,,,,0,val_full,600,val,0.5133333333333333,0.5016233766233766,0.3392070484581498,0.5009523630142212,0.0,0.0567129598400052,0.0005872190780799,42,12,1.035199492005631,unknown,56488e26fdba,0.01,0.001 0.003 0.01 0.03,0.0458333333333333,30,300,1.0,,,True,0.5433333333333333,1.0
a7_20260822T081428Z,2026-08-22T08:27:47+00:00,hyperplanes_n_features20_n_hyperplanes3_dim_hyperplanes5_seed22,daf152204bbd72927ebe009bee77245588374523bc0144bb5e7d3d282686d97e,f087808ca635cff7ff23816ed69bcf872092e3ee826c2b73a96b833594ccb0d5,B,L2,2.0,h4,35,35.0,29,6,0xfed8b00a5c8d996d,U0-2pi,pennylane,,,,0,test_full,1200,test,0.5625,0.5929733004312836,0.5620374020058687,0.5595238208770752,0.0,0.0528933519537403,0.0118512957559957,75,45,1.8340253670030504,unknown,56488e26fdba,0.01,0.001 0.003 0.01 0.03,0.0458333333333333,30,300,1.0,,,True,0.5658333333333333,1.0
a7_20260822T081428Z,2026-08-22T08:27:47+00:00,hyperplanes_n_features20_n_hyperplanes3_dim_hyperplanes5_seed22,daf152204bbd72927ebe009bee77245588374523bc0144bb5e7d3d282686d97e,f087808ca635cff7ff23816ed69bcf872092e3ee826c2b73a96b833594ccb0d5,B,L2,2.0,h4,35,35.0,29,6,0xfed8b00a5c8d996d,U0-2pi,pennylane,,,,0,val_full,600,val,0.545,0.5498910336239103,0.5439345805061269,0.5595238208770752,0.0,0.0528933519537403,0.0118512957559957,75,45,1.8340253670030504,unknown,56488e26fdba,0.01,0.001 0.003 0.01 0.03,0.0458333333333333,30,300,1.0,,,True,0.5433333333333333,1.0
a7_20260822T081428Z,2026-08-22T08:27:49+00:00,hyperplanes_n_features20_n_hyperplanes3_dim_hyperplanes5_seed22,daf152204bbd72927ebe009bee77245588374523bc0144bb5e7d3d282686d97e,f087808ca635cff7ff23816ed69bcf872092e3ee826c2b73a96b833594ccb0d5,B,L2,2.0,h42,35,35.0,295,6,0xfed8b00a5c8d996d,U0-2pi,pennylane,,,,0,test_full,1200,test,0.6083333333333333,0.622896380774532,0.584394453876627,0.6004762053489685,0.0,0.0138369403559507,0.0370323032943807,92,62,2.315554169996176,unknown,56488e26fdba,0.01,0.001 0.003 0.01 0.03,0.0458333333333333,30,300,1.0,,,True,0.5658333333333333,1.0
a7_20260822T081428Z,2026-08-22T08:27:49+00:00,hyperplanes_n_features20_n_hyperplanes3_dim_hyperplanes5_seed22,daf152204bbd72927ebe009bee77245588374523bc0144bb5e7d3d282686d97e,f087808ca635cff7ff23816ed69bcf872092e3ee826c2b73a96b833594ccb0d5,B,L2,2.0,h42,35,35.0,295,6,0xfed8b00a5c8d996d,U0-2pi,pennylane,,,,0,val_full,600,val,0.5833333333333334,0.5971690980252624,0.5665691928940464,0.6004762053489685,0.0,0.0138369403559507,0.0370323032943807,92,62,2.315554169996176,unknown,56488e26fdba,0.01,0.001 0.003 0.01 0.03,0.0458333333333333,30,300,1.0,,,True,0.5433333333333333,1.0
a7_20260822T081428Z,2026-08-22T08:29:15+00:00,hyperplanes_n_features20_n_hyperplanes3_dim_hyperplanes5_seed22,daf152204bbd72927ebe009bee77245588374523bc0144bb5e7d3d282686d97e,f087808ca635cff7ff23816ed69bcf872092e3ee826c2b73a96b833594ccb0d5,A,L2,2.0,h2,35,35.0,15,5,0xf9ea9d8280d97e94,U0-2pi,pennylane,,,,0,test_full,1200,test,0.49,0.5,0.3288590604026846,0.5009523630142212,0.0669083297252655,0.0227015758452682,0.0028584045635557,49,19,798.1638323720108,unknown,56488e26fdba,0.01,0.001 0.003 0.01 0.03,0.0458333333333333,30,300,1.0,,,False,,
a7_20260822T081428Z,2026-08-22T08:29:15+00:00,hyperplanes_n_features20_n_hyperplanes3_dim_hyperplanes5_seed22,daf152204bbd72927ebe009bee77245588374523bc0144bb5e7d3d282686d97e,f087808ca635cff7ff23816ed69bcf872092e3ee826c2b73a96b833594ccb0d5,A,L2,2.0,h2,35,35.0,15,5,0xf9ea9d8280d97e94,U0-2pi,pennylane,,,,0,val_full,600,val,0.5133333333333333,0.5,0.3392070484581498,0.5009523630142212,0.0669083297252655,0.0227015758452682,0.0028584045635557,49,19,798.1638323720108,unknown,56488e26fdba,0.01,0.001 0.003 0.01 0.03,0.0458333333333333,30,300,1.0,,,False,,
a7_20260822T081428Z,2026-08-22T08:31:32+00:00,hyperplanes_n_features20_n_hyperplanes3_dim_hyperplanes5_seed22,daf152204bbd72927ebe009bee77245588374523bc0144bb5e7d3d282686d97e,f087808ca635cff7ff23816ed69bcf872092e3ee826c2b73a96b833594ccb0d5,F,product,2.0,h2,35,20.0,15,2,0x499fbb627c0f5f7c,U0-2pi,pennylane,,,,0,test_full,1200,test,0.8258333333333333,0.8500525210084033,0.8224770398683442,0.8133333325386047,0.4993223845958709,0.0202168650526482,0.0277390219293678,66,36,974.2878307760112,unknown,56488e26fdba,0.01,0.001 0.003 0.01 0.03,0.0458333333333333,30,300,1.0,,,False,,
a7_20260822T081428Z,2026-08-22T08:31:32+00:00,hyperplanes_n_features20_n_hyperplanes3_dim_hyperplanes5_seed22,daf152204bbd72927ebe009bee77245588374523bc0144bb5e7d3d282686d97e,f087808ca635cff7ff23816ed69bcf872092e3ee826c2b73a96b833594ccb0d5,F,product,2.0,h2,35,20.0,15,2,0x499fbb627c0f5f7c,U0-2pi,pennylane,,,,0,val_full,600,val,0.8333333333333334,0.8485033801814623,0.832072007523174,0.8133333325386047,0.4993223845958709,0.0202168650526482,0.0277390219293678,66,36,974.2878307760112,unknown,56488e26fdba,0.01,0.001 0.003 0.01 0.03,0.0458333333333333,30,300,1.0,,,False,,
a7_20260822T081428Z,2026-08-22T08:31:41+00:00,hyperplanes_n_features20_n_hyperplanes3_dim_hyperplanes5_seed22,daf152204bbd72927ebe009bee77245588374523bc0144bb5e7d3d282686d97e,f087808ca635cff7ff23816ed69bcf872092e3ee826c2b73a96b833594ccb0d5,F,product,2.0,linear,35,20.0,6,1,0x27078a7f911995bb,U0-2pi,pennylane,,,,0,test_full,1200,test,0.8083333333333333,0.8560674269707882,0.8061274950548463,0.8002380728721619,1.206121802330017,0.0483682440470243,0.0292874554378059,66,36,984.076856243002,unknown,56488e26fdba,0.03,0.001 0.003 0.01 0.03,0.0458333333333333,30,300,1.0,,,False,,
a7_20260822T081428Z,2026-08-22T08:31:41+00:00,hyperplanes_n_features20_n_hyperplanes3_dim_hyperplanes5_seed22,daf152204bbd72927ebe009bee77245588374523bc0144bb5e7d3d282686d97e,f087808ca635cff7ff23816ed69bcf872092e3ee826c2b73a96b833594ccb0d5,F,product,2.0,linear,35,20.0,6,1,0x27078a7f911995bb,U0-2pi,pennylane,,,,0,val_full,600,val,0.8116666666666666,0.8486701654509874,0.8108675822014679,0.8002380728721619,1.206121802330017,0.0483682440470243,0.0292874554378059,66,36,984.076856243002,unknown,56488e26fdba,0.03,0.001 0.003 0.01 0.03,0.0458333333333333,30,300,1.0,,,False,,
a7_20260822T081428Z,2026-08-22T08:32:57+00:00,hyperplanes_n_features20_n_hyperplanes3_dim_hyperplanes5_seed22,daf152204bbd72927ebe009bee77245588374523bc0144bb5e7d3d282686d97e,f087808ca635cff7ff23816ed69bcf872092e3ee826c2b73a96b833594ccb0d5,A,L1,2.0,linear,35,35.0,6,4,0xc975238400fc39ed,U0-2pi,pennylane,,,,0,test_full,1200,test,0.8058333333333333,0.856484260370815,0.8023635789156716,0.7971428632736206,1.0270975828170776,0.0215848178704318,0.0726953737939314,63,33,1059.9482853929949,unknown,56488e26fdba,0.03,0.001 0.003 0.01 0.03,0.0458333333333333,30,300,1.0,,,False,,
a7_20260822T081428Z,2026-08-22T08:32:57+00:00,hyperplanes_n_features20_n_hyperplanes3_dim_hyperplanes5_seed22,daf152204bbd72927ebe009bee77245588374523bc0144bb5e7d3d282686d97e,f087808ca635cff7ff23816ed69bcf872092e3ee826c2b73a96b833594ccb0d5,A,L1,2.0,linear,35,35.0,6,4,0xc975238400fc39ed,U0-2pi,pennylane,,,,0,val_full,600,val,0.8166666666666667,0.8506382316313823,0.8152792082754914,0.7971428632736206,1.0270975828170776,0.0215848178704318,0.0726953737939314,63,33,1059.9482853929949,unknown,56488e26fdba,0.03,0.001 0.003 0.01 0.03,0.0458333333333333,30,300,1.0,,,False,,
a7_20260822T081428Z,2026-08-22T08:32:58+00:00,hyperplanes_n_features20_n_hyperplanes3_dim_hyperplanes5_seed22,daf152204bbd72927ebe009bee77245588374523bc0144bb5e7d3d282686d97e,f087808ca635cff7ff23816ed69bcf872092e3ee826c2b73a96b833594ccb0d5,E,,,linear,0,,6,6,,,pennylane,,,,0,test_full,1200,test,0.8041666666666667,0.8400304566270953,0.8031318786035767,0.784761905670166,0.0,0.0773744637141608,0.0069353284715192,57,27,1.079054019995965,unknown,56488e26fdba,0.1,0.001 0.003 0.01 0.03 0.1,0.0458333333333333,30,300,1.0,,,True,0.775,1e-06
a7_20260822T081428Z,2026-08-22T08:32:58+00:00,hyperplanes_n_features20_n_hyperplanes3_dim_hyperplanes5_seed22,daf152204bbd72927ebe009bee77245588374523bc0144bb5e7d3d282686d97e,f087808ca635cff7ff23816ed69bcf872092e3ee826c2b73a96b833594ccb0d5,E,,,linear,0,,6,6,,,pennylane,,,,0,val_full,600,val,0.8016666666666666,0.8409202099270592,0.8016396676214262,0.784761905670166,0.0,0.0773744637141608,0.0069353284715192,57,27,1.079054019995965,unknown,56488e26fdba,0.1,0.001 0.003 0.01 0.03 0.1,0.0458333333333333,30,300,1.0,,,True,0.775,1e-06
a7_20260822T081428Z,2026-08-22T08:33:00+00:00,hyperplanes_n_features20_n_hyperplanes3_dim_hyperplanes5_seed22,daf152204bbd72927ebe009bee77245588374523bc0144bb5e7d3d282686d97e,f087808ca635cff7ff23816ed69bcf872092e3ee826c2b73a96b833594ccb0d5,E,,,h2,0,,15,6,,,pennylane,,,,0,test_full,1200,test,0.8383333333333334,0.8748888444266596,0.8343536805075267,0.822857141494751,0.0,0.0601687815195606,0.0268181492228799,57,27,1.427920557995094,unknown,56488e26fdba,0.1,0.001 0.003 0.01 0.03 0.1,0.0458333333333333,30,300,1.0,,,True,0.775,1e-06
a7_20260822T081428Z,2026-08-22T08:33:00+00:00,hyperplanes_n_features20_n_hyperplanes3_dim_hyperplanes5_seed22,daf152204bbd72927ebe009bee77245588374523bc0144bb5e7d3d282686d97e,f087808ca635cff7ff23816ed69bcf872092e3ee826c2b73a96b833594ccb0d5,E,,,h2,0,,15,6,,,pennylane,,,,0,val_full,600,val,0.845,0.8821606475716065,0.8435883851762154,0.822857141494751,0.0,0.0601687815195606,0.0268181492228799,57,27,1.427920557995094,unknown,56488e26fdba,0.1,0.001 0.003 0.01 0.03 0.1,0.0458333333333333,30,300,1.0,,,True,0.775,1e-06
a7_20260822T081428Z,2026-08-22T08:33:01+00:00,hyperplanes_n_features20_n_hyperplanes3_dim_hyperplanes5_seed22,daf152204bbd72927ebe009bee77245588374523bc0144bb5e7d3d282686d97e,f087808ca635cff7ff23816ed69bcf872092e3ee826c2b73a96b833594ccb0d5,E,,,h4,0,,29,6,,,pennylane,,,,0,test_full,1200,test,0.8358333333333333,0.8969087635054023,0.8346620748790564,0.8264285922050476,0.0,0.0462671127752821,0.04778224968971,56,26,1.4282265059882775,unknown,56488e26fdba,0.1,0.001 0.003 0.01 0.03 0.1,0.0458333333333333,30,300,1.0,,,True,0.775,1e-06
a7_20260822T081428Z,2026-08-22T08:33:01+00:00,hyperplanes_n_features20_n_hyperplanes3_dim_hyperplanes5_seed22,daf152204bbd72927ebe009bee77245588374523bc0144bb5e7d3d282686d97e,f087808ca635cff7ff23816ed69bcf872092e3ee826c2b73a96b833594ccb0d5,E,,,h4,0,,29,6,,,pennylane,,,,0,val_full,600,val,0.8416666666666667,0.8910892190001779,0.8413453910836111,0.8264285922050476,0.0,0.0462671127752821,0.04778224968971,56,26,1.4282265059882775,unknown,56488e26fdba,0.1,0.001 0.003 0.01 0.03 0.1,0.0458333333333333,30,300,1.0,,,True,0.775,1e-06
a7_20260822T081428Z,2026-08-22T08:33:04+00:00,hyperplanes_n_features20_n_hyperplanes3_dim_hyperplanes5_seed22,daf152204bbd72927ebe009bee77245588374523bc0144bb5e7d3d282686d97e,f087808ca635cff7ff23816ed69bcf872092e3ee826c2b73a96b833594ccb0d5,E,,,h42,0,,295,6,,,pennylane,,,,0,test_full,1200,test,0.9741666666666666,0.99703214619181,0.974158752784707,0.9830952286720276,0.0,0.0144717409015946,0.0446225746898032,108,78,2.735891491000075,unknown,56488e26fdba,0.01,0.001 0.003 0.01 0.03 0.1,0.0458333333333333,30,300,1.0,,,True,0.775,1e-06
a7_20260822T081428Z,2026-08-22T08:33:04+00:00,hyperplanes_n_features20_n_hyperplanes3_dim_hyperplanes5_seed22,daf152204bbd72927ebe009bee77245588374523bc0144bb5e7d3d282686d97e,f087808ca635cff7ff23816ed69bcf872092e3ee826c2b73a96b833594ccb0d5,E,,,h42,0,,295,6,,,pennylane,,,,0,val_full,600,val,0.9683333333333334,0.9932729941291584,0.9683015468289036,0.9830952286720276,0.0,0.0144717409015946,0.0446225746898032,108,78,2.735891491000075,unknown,56488e26fdba,0.01,0.001 0.003 0.01 0.03 0.1,0.0458333333333333,30,300,1.0,,,True,0.775,1e-06
a7_20260822T081428Z,2026-08-22T08:33:05+00:00,hyperplanes_n_features20_n_hyperplanes3_dim_hyperplanes5_seed22,daf152204bbd72927ebe009bee77245588374523bc0144bb5e7d3d282686d97e,f087808ca635cff7ff23816ed69bcf872092e3ee826c2b73a96b833594ccb0d5,D_matched,,2.0,linear,30,,6,6,0x88bb3901c7635059,RFF-int-spectrum-U0-2pi,pennylane,,,,0,test_full,1200,test,0.6658333333333334,0.7200546885420834,0.6642269859068837,0.6742857098579407,0.0,0.1140589491409047,0.0285293842364586,75,45,1.3741864689945942,unknown,56488e26fdba,0.03,0.001 0.003 0.01 0.03,0.0458333333333333,30,300,1.0,,0x88bb3901c7635059,True,0.6658333333333334,1.0
a7_20260822T081428Z,2026-08-22T08:33:05+00:00,hyperplanes_n_features20_n_hyperplanes3_dim_hyperplanes5_seed22,daf152204bbd72927ebe009bee77245588374523bc0144bb5e7d3d282686d97e,f087808ca635cff7ff23816ed69bcf872092e3ee826c2b73a96b833594ccb0d5,D_matched,,2.0,linear,30,,6,6,0x88bb3901c7635059,RFF-int-spectrum-U0-2pi,pennylane,,,,0,val_full,600,val,0.6716666666666666,0.6954723358832948,0.6714613299979153,0.6742857098579407,0.0,0.1140589491409047,0.0285293842364586,75,45,1.3741864689945942,unknown,56488e26fdba,0.03,0.001 0.003 0.01 0.03,0.0458333333333333,30,300,1.0,,0x88bb3901c7635059,True,0.6516666666666666,1.0
a7_20260822T081428Z,2026-08-22T08:33:08+00:00,hyperplanes_n_features20_n_hyperplanes3_dim_hyperplanes5_seed22,daf152204bbd72927ebe009bee77245588374523bc0144bb5e7d3d282686d97e,f087808ca635cff7ff23816ed69bcf872092e3ee826c2b73a96b833594ccb0d5,D_matched,,2.0,h2,30,,15,6,0x88bb3901c7635059,RFF-int-spectrum-U0-2pi,pennylane,,,,0,test_full,1200,test,0.6616666666666666,0.7208883553421368,0.6610301566274448,0.6678571701049805,0.0,0.0553974030239001,0.0629716456917269,88,58,2.1858269670046866,unknown,56488e26fdba,0.01,0.001 0.003 0.01 0.03,0.0458333333333333,30,300,1.0,,0x88bb3901c7635059,True,0.6658333333333334,1.0
a7_20260822T081428Z,2026-08-22T08:33:08+00:00,hyperplanes_n_features20_n_hyperplanes3_dim_hyperplanes5_seed22,daf152204bbd72927ebe009bee77245588374523bc0144bb5e7d3d282686d97e,f087808ca635cff7ff23816ed69bcf872092e3ee826c2b73a96b833594ccb0d5,D_matched,,2.0,h2,30,,15,6,0x88bb3901c7635059,RFF-int-spectrum-U0-2pi,pennylane,,,,0,val_full,600,val,0.6616666666666666,0.6940101850204591,0.6616657268492412,0.6678571701049805,0.0,0.0553974030239001,0.0629716456917269,88,58,2.1858269670046866,unknown,56488e26fdba,0.01,0.001 0.003 0.01 0.03,0.0458333333333333,30,300,1.0,,0x88bb3901c7635059,True,0.6516666666666666,1.0
a7_20260822T081428Z,2026-08-22T08:33:09+00:00,hyperplanes_n_features20_n_hyperplanes3_dim_hyperplanes5_seed22,daf152204bbd72927ebe009bee77245588374523bc0144bb5e7d3d282686d97e,f087808ca635cff7ff23816ed69bcf872092e3ee826c2b73a96b833594ccb0d5,D_matched,,2.0,h2,30,,15,6,0x88bb3901c7635059,RFF-int-spectrum-U0-2pi,pennylane,,,,0,test_full,1200,test,0.67,0.7042150193410697,0.6454112393892,0.6538095474243164,0.0,0.0553974030239001,0.024027968713663,44,14,1.121514290003688,unknown,56488e26fdba,0.03,0.001 0.003 0.01 0.03,0.0458333333333333,30,300,1.0,,0x88bb3901c7635059,True,0.6658333333333334,1.0
a7_20260822T081428Z,2026-08-22T08:33:09+00:00,hyperplanes_n_features20_n_hyperplanes3_dim_hyperplanes5_seed22,daf152204bbd72927ebe009bee77245588374523bc0144bb5e7d3d282686d97e,f087808ca635cff7ff23816ed69bcf872092e3ee826c2b73a96b833594ccb0d5,D_matched,,2.0,h2,30,,15,6,0x88bb3901c7635059,RFF-int-spectrum-U0-2pi,pennylane,,,,0,val_full,600,val,0.6683333333333333,0.6864158957480875,0.6527767680321981,0.6538095474243164,0.0,0.0553974030239001,0.024027968713663,44,14,1.121514290003688,unknown,56488e26fdba,0.03,0.001 0.003 0.01 0.03,0.0458333333333333,30,300,1.0,,0x88bb3901c7635059,True,0.6516666666666666,1.0
a7_20260822T081428Z,2026-08-22T08:33:11+00:00,hyperplanes_n_features20_n_hyperplanes3_dim_hyperplanes5_seed22,daf152204bbd72927ebe009bee77245588374523bc0144bb5e7d3d282686d97e,f087808ca635cff7ff23816ed69bcf872092e3ee826c2b73a96b833594ccb0d5,D_matched,,2.0,h4,30,,29,6,0x88bb3901c7635059,RFF-int-spectrum-U0-2pi,pennylane,,,,0,test_full,1200,test,0.7016666666666667,0.7731731581521498,0.6949548254795088,0.6838095188140869,0.0,0.0486151681601656,0.0512825277608535,101,71,2.5229287859983742,unknown,56488e26fdba,0.01,0.001 0.003 0.01 0.03,0.0458333333333333,30,300,1.0,,0x88bb3901c7635059,True,0.6658333333333334,1.0
a7_20260822T081428Z,2026-08-22T08:33:11+00:00,hyperplanes_n_features20_n_hyperplanes3_dim_hyperplanes5_seed22,daf152204bbd72927ebe009bee77245588374523bc0144bb5e7d3d282686d97e,f087808ca635cff7ff23816ed69bcf872092e3ee826c2b73a96b833594ccb0d5,D_matched,,2.0,h4,30,,29,6,0x88bb3901c7635059,RFF-int-spectrum-U0-2pi,pennylane,,,,0,val_full,600,val,0.6983333333333334,0.7393035047144636,0.6938007336376528,0.6838095188140869,0.0,0.0486151681601656,0.0512825277608535,101,71,2.5229287859983742,unknown,56488e26fdba,0.01,0.001 0.003 0.01 0.03,0.0458333333333333,30,300,1.0,,0x88bb3901c7635059,True,0.6516666666666666,1.0
a7_20260822T081428Z,2026-08-22T08:33:14+00:00,hyperplanes_n_features20_n_hyperplanes3_dim_hyperplanes5_seed22,daf152204bbd72927ebe009bee77245588374523bc0144bb5e7d3d282686d97e,f087808ca635cff7ff23816ed69bcf872092e3ee826c2b73a96b833594ccb0d5,D_matched,,2.0,h42,30,,295,6,0x88bb3901c7635059,RFF-int-spectrum-U0-2pi,pennylane,,,,0,test_full,1200,test,0.7308333333333333,0.8191248721710906,0.7300893922206415,0.7297618985176086,0.0,0.0100752896422948,0.0239787393719879,93,63,2.381681919010589,unknown,56488e26fdba,0.01,0.001 0.003 0.01 0.03,0.0458333333333333,30,300,1.0,,0x88bb3901c7635059,True,0.6658333333333334,1.0
a7_20260822T081428Z,2026-08-22T08:33:14+00:00,hyperplanes_n_features20_n_hyperplanes3_dim_hyperplanes5_seed22,daf152204bbd72927ebe009bee77245588374523bc0144bb5e7d3d282686d97e,f087808ca635cff7ff23816ed69bcf872092e3ee826c2b73a96b833594ccb0d5,D_matched,,2.0,h42,30,,295,6,0x88bb3901c7635059,RFF-int-spectrum-U0-2pi,pennylane,,,,0,val_full,600,val,0.7316666666666667,0.8073185376267566,0.7314510815626989,0.7297618985176086,0.0,0.0100752896422948,0.0239787393719879,93,63,2.381681919010589,unknown,56488e26fdba,0.01,0.001 0.003 0.01 0.03,0.0458333333333333,30,300,1.0,,0x88bb3901c7635059,True,0.6516666666666666,1.0
a7_20260822T081428Z,2026-08-22T08:33:15+00:00,hyperplanes_n_features20_n_hyperplanes3_dim_hyperplanes5_seed22,daf152204bbd72927ebe009bee77245588374523bc0144bb5e7d3d282686d97e,f087808ca635cff7ff23816ed69bcf872092e3ee826c2b73a96b833594ccb0d5,D_best,,2.0,linear,192,,33,6,0x9a1aca9cdc0b384a,RFF-int-spectrum-U0-2pi,pennylane,,,,0,test_full,1200,test,0.825,0.8791711128896004,0.8229859737457292,0.8188095092773438,0.0,0.1060112839728735,0.0977062987188263,82,52,1.5501717290026136,unknown,56488e26fdba,0.03,0.001 0.003 0.01 0.03,0.0458333333333333,30,300,1.0,32.0,0x9a1aca9cdc0b384a,True,0.8108333333333333,1.0
a7_20260822T081428Z,2026-08-22T08:33:15+00:00,hyperplanes_n_features20_n_hyperplanes3_dim_hyperplanes5_seed22,daf152204bbd72927ebe009bee77245588374523bc0144bb5e7d3d282686d97e,f087808ca635cff7ff23816ed69bcf872092e3ee826c2b73a96b833594ccb0d5,D_best,,2.0,linear,192,,33,6,0x9a1aca9cdc0b384a,RFF-int-spectrum-U0-2pi,pennylane,,,,0,val_full,600,val,0.845,0.8796588685287315,0.8445297023496076,0.8188095092773438,0.0,0.1060112839728735,0.0977062987188263,82,52,1.5501717290026136,unknown,56488e26fdba,0.03,0.001 0.003 0.01 0.03,0.0458333333333333,30,300,1.0,32.0,0x9a1aca9cdc0b384a,True,0.8116666666666666,1.0
a7_20260822T081428Z,2026-08-22T08:33:16+00:00,hyperplanes_n_features20_n_hyperplanes3_dim_hyperplanes5_seed22,daf152204bbd72927ebe009bee77245588374523bc0144bb5e7d3d282686d97e,f087808ca635cff7ff23816ed69bcf872092e3ee826c2b73a96b833594ccb0d5,A,L2,2.0,linear,35,35.0,6,5,0xf9ea9d8280d97e94,U0-2pi,pennylane,,,,0,test_full,1200,test,0.8191666666666667,0.8656629318394025,0.8181664559008267,0.805476188659668,0.9914410710334778,0.0362266097591397,0.1038917883755684,65,35,1039.7811884620023,unknown,56488e26fdba,0.03,0.001 0.003 0.01 0.03,0.0458333333333333,30,300,1.0,,,False,,
a7_20260822T081428Z,2026-08-22T08:33:16+00:00,hyperplanes_n_features20_n_hyperplanes3_dim_hyperplanes5_seed22,daf152204bbd72927ebe009bee77245588374523bc0144bb5e7d3d282686d97e,f087808ca635cff7ff23816ed69bcf872092e3ee826c2b73a96b833594ccb0d5,A,L2,2.0,linear,35,35.0,6,5,0xf9ea9d8280d97e94,U0-2pi,pennylane,,,,0,val_full,600,val,0.8283333333333334,0.8572095712506671,0.8282527075210306,0.805476188659668,0.9914410710334778,0.0362266097591397,0.1038917883755684,65,35,1039.7811884620023,unknown,56488e26fdba,0.03,0.001 0.003 0.01 0.03,0.0458333333333333,30,300,1.0,,,False,,
a7_20260822T081428Z,2026-08-22T08:33:17+00:00,hyperplanes_n_features20_n_hyperplanes3_dim_hyperplanes5_seed22,daf152204bbd72927ebe009bee77245588374523bc0144bb5e7d3d282686d97e,f087808ca635cff7ff23816ed69bcf872092e3ee826c2b73a96b833594ccb0d5,D_best,,2.0,linear,768,,129,6,0x0765a6307b9ee5f9,RFF-int-spectrum-U0-2pi,pennylane,,,,0,test_full,1200,test,0.8508333333333333,0.9047174425325686,0.8494017083230796,0.8326190710067749,0.0,0.0527378796255339,0.0734567935309859,82,52,1.5810479799984023,unknown,56488e26fdba,0.01,0.001 0.003 0.01 0.03,0.0458333333333333,30,300,1.0,128.0,0x0765a6307b9ee5f9,True,0.8266666666666667,1e-06
a7_20260822T081428Z,2026-08-22T08:33:17+00:00,hyperplanes_n_features20_n_hyperplanes3_dim_hyperplanes5_seed22,daf152204bbd72927ebe009bee77245588374523bc0144bb5e7d3d282686d97e,f087808ca635cff7ff23816ed69bcf872092e3ee826c2b73a96b833594ccb0d5,D_best,,2.0,linear,768,,129,6,0x0765a6307b9ee5f9,RFF-int-spectrum-U0-2pi,pennylane,,,,0,val_full,600,val,0.8433333333333334,0.8894324853228963,0.8429914035009576,0.8326190710067749,0.0,0.0527378796255339,0.0734567935309859,82,52,1.5810479799984023,unknown,56488e26fdba,0.01,0.001 0.003 0.01 0.03,0.0458333333333333,30,300,1.0,128.0,0x0765a6307b9ee5f9,True,0.8316666666666667,1e-06
a7_20260822T081428Z,2026-08-22T08:33:19+00:00,hyperplanes_n_features20_n_hyperplanes3_dim_hyperplanes5_seed22,daf152204bbd72927ebe009bee77245588374523bc0144bb5e7d3d282686d97e,f087808ca635cff7ff23816ed69bcf872092e3ee826c2b73a96b833594ccb0d5,D_best,,2.0,linear,3072,,513,6,0xac5b090c25741663,RFF-int-spectrum-U0-2pi,pennylane,,,,0,test_full,1200,test,0.8441666666666666,0.9099139655862344,0.8430548629562618,0.8345237970352173,0.0,0.0653423881629535,0.016497514125973,139,109,3.113382632000139,unknown,56488e26fdba,0.003,0.001 0.003 0.01 0.03,0.0458333333333333,30,300,1.0,512.0,0xac5b090c25741663,True,0.8358333333333333,0.0001
a7_20260822T081428Z,2026-08-22T08:33:19+00:00,hyperplanes_n_features20_n_hyperplanes3_dim_hyperplanes5_seed22,daf152204bbd72927ebe009bee77245588374523bc0144bb5e7d3d282686d97e,f087808ca635cff7ff23816ed69bcf872092e3ee826c2b73a96b833594ccb0d5,D_best,,2.0,linear,3072,,513,6,0xac5b090c25741663,RFF-int-spectrum-U0-2pi,pennylane,,,,0,val_full,600,val,0.8466666666666667,0.8978718199608611,0.8463781990626844,0.8345237970352173,0.0,0.0653423881629535,0.016497514125973,139,109,3.113382632000139,unknown,56488e26fdba,0.003,0.001 0.003 0.01 0.03,0.0458333333333333,30,300,1.0,512.0,0xac5b090c25741663,True,0.8466666666666667,0.0001
a7_20260822T081428Z,2026-08-22T08:33:40+00:00,hyperplanes_n_features20_n_hyperplanes3_dim_hyperplanes5_seed22,daf152204bbd72927ebe009bee77245588374523bc0144bb5e7d3d282686d97e,f087808ca635cff7ff23816ed69bcf872092e3ee826c2b73a96b833594ccb0d5,F,product,2.0,h2,35,20.0,15,5,0x47580f2ad4dd122e,U0-2pi,pennylane,,,,0,test_full,1200,test,0.8266666666666667,0.864073407140634,0.8235294117647058,0.8135714530944824,0.8157802224159241,0.0291181808504511,0.1135968271444173,73,43,1043.183734531005,unknown,56488e26fdba,0.03,0.001 0.003 0.01 0.03,0.0458333333333333,30,300,1.0,,,False,,
a7_20260822T081428Z,2026-08-22T08:33:40+00:00,hyperplanes_n_features20_n_hyperplanes3_dim_hyperplanes5_seed22,daf152204bbd72927ebe009bee77245588374523bc0144bb5e7d3d282686d97e,f087808ca635cff7ff23816ed69bcf872092e3ee826c2b73a96b833594ccb0d5,F,product,2.0,h2,35,20.0,15,5,0x47580f2ad4dd122e,U0-2pi,pennylane,,,,0,val_full,600,val,0.8333333333333334,0.8603451343177371,0.832347911613819,0.8135714530944824,0.8157802224159241,0.0291181808504511,0.1135968271444173,73,43,1043.183734531005,unknown,56488e26fdba,0.03,0.001 0.003 0.01 0.03,0.0458333333333333,30,300,1.0,,,False,,
a7_20260822T081428Z,2026-08-22T08:33:45+00:00,hyperplanes_n_features20_n_hyperplanes3_dim_hyperplanes5_seed22,daf152204bbd72927ebe009bee77245588374523bc0144bb5e7d3d282686d97e,f087808ca635cff7ff23816ed69bcf872092e3ee826c2b73a96b833594ccb0d5,F,product,2.0,h2,35,20.0,15,3,0xa27b3263a781f0fe,U0-2pi,pennylane,,,,0,test_full,1200,test,0.8225,0.8466025299008493,0.8189082206173983,0.8128571510314941,1.0218554735183716,0.0017785159803748,0.0241888953185648,75,45,1107.3959078780026,unknown,56488e26fdba,0.03,0.001 0.003 0.01 0.03,0.0458333333333333,30,300,1.0,,,False,,
a7_20260822T081428Z,2026-08-22T08:33:45+00:00,hyperplanes_n_features20_n_hyperplanes3_dim_hyperplanes5_seed22,daf152204bbd72927ebe009bee77245588374523bc0144bb5e7d3d282686d97e,f087808ca635cff7ff23816ed69bcf872092e3ee826c2b73a96b833594ccb0d5,F,product,2.0,h2,35,20.0,15,3,0xa27b3263a781f0fe,U0-2pi,pennylane,,,,0,val_full,600,val,0.83,0.8478695961572674,0.8286117552172598,0.8128571510314941,1.0218554735183716,0.0017785159803748,0.0241888953185648,75,45,1107.3959078780026,unknown,56488e26fdba,0.03,0.001 0.003 0.01 0.03,0.0458333333333333,30,300,1.0,,,False,,
a7_20260822T081428Z,2026-08-22T08:34:20+00:00,hyperplanes_n_features20_n_hyperplanes3_dim_hyperplanes5_seed22,daf152204bbd72927ebe009bee77245588374523bc0144bb5e7d3d282686d97e,f087808ca635cff7ff23816ed69bcf872092e3ee826c2b73a96b833594ccb0d5,F,product,2.0,h2,35,20.0,15,1,0x27078a7f911995bb,U0-2pi,pennylane,,,,0,test_full,1200,test,0.8191666666666667,0.8656990574007382,0.8164872531228528,0.8152381181716919,1.0618780851364136,0.0108487510652816,0.2170963329534925,77,47,1142.6853703890083,unknown,56488e26fdba,0.03,0.001 0.003 0.01 0.03,0.0458333333333333,30,300,1.0,,,False,,
a7_20260822T081428Z,2026-08-22T08:34:20+00:00,hyperplanes_n_features20_n_hyperplanes3_dim_hyperplanes5_seed22,daf152204bbd72927ebe009bee77245588374523bc0144bb5e7d3d282686d97e,f087808ca635cff7ff23816ed69bcf872092e3ee826c2b73a96b833594ccb0d5,F,product,2.0,h2,35,20.0,15,1,0x27078a7f911995bb,U0-2pi,pennylane,,,,0,val_full,600,val,0.8366666666666667,0.8661159046433019,0.8357009533815427,0.8152381181716919,1.0618780851364136,0.0108487510652816,0.2170963329534925,77,47,1142.6853703890083,unknown,56488e26fdba,0.03,0.001 0.003 0.01 0.03,0.0458333333333333,30,300,1.0,,,False,,
a7_20260822T081428Z,2026-08-22T08:34:27+00:00,hyperplanes_n_features20_n_hyperplanes3_dim_hyperplanes5_seed22,daf152204bbd72927ebe009bee77245588374523bc0144bb5e7d3d282686d97e,f087808ca635cff7ff23816ed69bcf872092e3ee826c2b73a96b833594ccb0d5,F,product,2.0,h4,35,20.0,29,2,0x499fbb627c0f5f7c,U0-2pi,pennylane,,,,0,test_full,1200,test,0.825,0.8475251211595749,0.8219916590377377,0.8123809695243835,0.441019207239151,0.014480161365305,0.0661494925610463,78,48,1149.9682268999895,unknown,56488e26fdba,0.01,0.001 0.003 0.01 0.03,0.0458333333333333,30,300,1.0,,,False,,
a7_20260822T081428Z,2026-08-22T08:34:27+00:00,hyperplanes_n_features20_n_hyperplanes3_dim_hyperplanes5_seed22,daf152204bbd72927ebe009bee77245588374523bc0144bb5e7d3d282686d97e,f087808ca635cff7ff23816ed69bcf872092e3ee826c2b73a96b833594ccb0d5,F,product,2.0,h4,35,20.0,29,2,0x499fbb627c0f5f7c,U0-2pi,pennylane,,,,0,val_full,600,val,0.8333333333333334,0.8495096513075966,0.832347911613819,0.8123809695243835,0.441019207239151,0.014480161365305,0.0661494925610463,78,48,1149.9682268999895,unknown,56488e26fdba,0.01,0.001 0.003 0.01 0.03,0.0458333333333333,30,300,1.0,,,False,,
a7_20260822T081428Z,2026-08-22T08:34:35+00:00,hyperplanes_n_features20_n_hyperplanes3_dim_hyperplanes5_seed22,daf152204bbd72927ebe009bee77245588374523bc0144bb5e7d3d282686d97e,f087808ca635cff7ff23816ed69bcf872092e3ee826c2b73a96b833594ccb0d5,B,L1,2.0,linear,35,35.0,6,7,0xd86bbfc3a6142e24,U0-2pi,pennylane,,,,0,test_full,1200,test,0.6316666666666667,0.7074663198612778,0.6316410861865407,0.6295238137245178,0.0,0.0128246998904912,0.0552976641957053,45,15,0.8565660540043609,unknown,56488e26fdba,0.03,0.001 0.003 0.01 0.03,0.0458333333333333,30,300,1.0,,,True,0.6408333333333334,1.0
a7_20260822T081428Z,2026-08-22T08:34:35+00:00,hyperplanes_n_features20_n_hyperplanes3_dim_hyperplanes5_seed22,daf152204bbd72927ebe009bee77245588374523bc0144bb5e7d3d282686d97e,f087808ca635cff7ff23816ed69bcf872092e3ee826c2b73a96b833594ccb0d5,B,L1,2.0,linear,35,35.0,6,7,0xd86bbfc3a6142e24,U0-2pi,pennylane,,,,0,val_full,600,val,0.6516666666666666,0.7102383917452411,0.651588274028323,0.6295238137245178,0.0,0.0128246998904912,0.0552976641957053,45,15,0.8565660540043609,unknown,56488e26fdba,0.03,0.001 0.003 0.01 0.03,0.0458333333333333,30,300,1.0,,,True,0.645,1.0
a7_20260822T081428Z,2026-08-22T08:34:36+00:00,hyperplanes_n_features20_n_hyperplanes3_dim_hyperplanes5_seed22,daf152204bbd72927ebe009bee77245588374523bc0144bb5e7d3d282686d97e,f087808ca635cff7ff23816ed69bcf872092e3ee826c2b73a96b833594ccb0d5,B,L1,2.0,h2,35,35.0,15,7,0xd86bbfc3a6142e24,U0-2pi,pennylane,,,,0,test_full,1200,test,0.645,0.7081443688586546,0.6444310897435898,0.642380952835083,0.0,0.017802985586051,0.014010574136757,56,26,1.3670821029954825,unknown,56488e26fdba,0.03,0.001 0.003 0.01 0.03,0.0458333333333333,30,300,1.0,,,True,0.6408333333333334,1.0
a7_20260822T081428Z,2026-08-22T08:34:36+00:00,hyperplanes_n_features20_n_hyperplanes3_dim_hyperplanes5_seed22,daf152204bbd72927ebe009bee77245588374523bc0144bb5e7d3d282686d97e,f087808ca635cff7ff23816ed69bcf872092e3ee826c2b73a96b833594ccb0d5,B,L1,2.0,h2,35,35.0,15,7,0xd86bbfc3a6142e24,U0-2pi,pennylane,,,,0,val_full,600,val,0.6516666666666666,0.7124177192670343,0.6513868077428825,0.642380952835083,0.0,0.017802985586051,0.014010574136757,56,26,1.3670821029954825,unknown,56488e26fdba,0.03,0.001 0.003 0.01 0.03,0.0458333333333333,30,300,1.0,,,True,0.645,1.0
a7_20260822T081428Z,2026-08-22T08:34:39+00:00,hyperplanes_n_features20_n_hyperplanes3_dim_hyperplanes5_seed22,daf152204bbd72927ebe009bee77245588374523bc0144bb5e7d3d282686d97e,f087808ca635cff7ff23816ed69bcf872092e3ee826c2b73a96b833594ccb0d5,B,L1,2.0,h4,35,35.0,29,7,0xd86bbfc3a6142e24,U0-2pi,pennylane,,,,0,test_full,1200,test,0.6841666666666667,0.7317260237428305,0.669956219126429,0.6830952167510986,0.0,0.0376710149361812,0.1847766826243237,122,92,3.0338577729999088,unknown,56488e26fdba,0.01,0.001 0.003 0.01 0.03,0.0458333333333333,30,300,1.0,,,True,0.6408333333333334,1.0
a7_20260822T081428Z,2026-08-22T08:34:39+00:00,hyperplanes_n_features20_n_hyperplanes3_dim_hyperplanes5_seed22,daf152204bbd72927ebe009bee77245588374523bc0144bb5e7d3d282686d97e,f087808ca635cff7ff23816ed69bcf872092e3ee826c2b73a96b833594ccb0d5,B,L1,2.0,h4,35,35.0,29,7,0xd86bbfc3a6142e24,U0-2pi,pennylane,,,,0,val_full,600,val,0.6816666666666666,0.7231142145525706,0.669083569392829,0.6830952167510986,0.0,0.0376710149361812,0.1847766826243237,122,92,3.0338577729999088,unknown,56488e26fdba,0.01,0.001 0.003 0.01 0.03,0.0458333333333333,30,300,1.0,,,True,0.645,1.0
a7_20260822T081428Z,2026-08-22T08:34:43+00:00,hyperplanes_n_features20_n_hyperplanes3_dim_hyperplanes5_seed22,daf152204bbd72927ebe009bee77245588374523bc0144bb5e7d3d282686d97e,f087808ca635cff7ff23816ed69bcf872092e3ee826c2b73a96b833594ccb0d5,B,L1,2.0,h42,35,35.0,295,7,0xd86bbfc3a6142e24,U0-2pi,pennylane,,,,0,test_full,1200,test,0.7125,0.7972744653416921,0.7083584880007834,0.7269047498703003,0.0,0.01002351230688,0.0264534432684903,152,122,3.856430151994573,unknown,56488e26fdba,0.01,0.001 0.003 0.01 0.03,0.0458333333333333,30,300,1.0,,,True,0.6408333333333334,1.0
a7_20260822T081428Z,2026-08-22T08:34:43+00:00,hyperplanes_n_features20_n_hyperplanes3_dim_hyperplanes5_seed22,daf152204bbd72927ebe009bee77245588374523bc0144bb5e7d3d282686d97e,f087808ca635cff7ff23816ed69bcf872092e3ee826c2b73a96b833594ccb0d5,B,L1,2.0,h42,35,35.0,295,7,0xd86bbfc3a6142e24,U0-2pi,pennylane,,,,0,val_full,600,val,0.7233333333333334,0.7804994662871376,0.721239532488469,0.7269047498703003,0.0,0.01002351230688,0.0264534432684903,152,122,3.856430151994573,unknown,56488e26fdba,0.01,0.001 0.003 0.01 0.03,0.0458333333333333,30,300,1.0,,,True,0.645,1.0
a7_20260822T081428Z,2026-08-22T08:35:49+00:00,hyperplanes_n_features20_n_hyperplanes3_dim_hyperplanes5_seed22,daf152204bbd72927ebe009bee77245588374523bc0144bb5e7d3d282686d97e,f087808ca635cff7ff23816ed69bcf872092e3ee826c2b73a96b833594ccb0d5,A,L1,2.0,h42,35,35.0,295,2,0x68f1fd9add9ea051,U0-2pi,pennylane,,,,0,test_full,1200,test,0.9575,0.9925497976968564,0.95749760924052,0.961904764175415,0.5964375138282776,0.0137926247082991,0.047525296951332,75,45,1231.735602385001,unknown,56488e26fdba,0.01,0.001 0.003 0.01 0.03,0.0458333333333333,30,300,1.0,,,False,,
a7_20260822T081428Z,2026-08-22T08:35:49+00:00,hyperplanes_n_features20_n_hyperplanes3_dim_hyperplanes5_seed22,daf152204bbd72927ebe009bee77245588374523bc0144bb5e7d3d282686d97e,f087808ca635cff7ff23816ed69bcf872092e3ee826c2b73a96b833594ccb0d5,A,L1,2.0,h42,35,35.0,295,2,0x68f1fd9add9ea051,U0-2pi,pennylane,,,,0,val_full,600,val,0.9616666666666668,0.9903153353495818,0.9616281882665674,0.961904764175415,0.5964375138282776,0.0137926247082991,0.047525296951332,75,45,1231.735602385001,unknown,56488e26fdba,0.01,0.001 0.003 0.01 0.03,0.0458333333333333,30,300,1.0,,,False,,
a7_20260822T081428Z,2026-08-22T08:35:51+00:00,hyperplanes_n_features20_n_hyperplanes3_dim_hyperplanes5_seed22,daf152204bbd72927ebe009bee77245588374523bc0144bb5e7d3d282686d97e,f087808ca635cff7ff23816ed69bcf872092e3ee826c2b73a96b833594ccb0d5,F,product,2.0,h42,35,20.0,295,2,0x499fbb627c0f5f7c,U0-2pi,pennylane,,,,0,test_full,1200,test,0.9675,0.9958483393357342,0.9674835385413866,0.970714271068573,0.4821780025959015,0.0035170370103681,0.0540216326591783,84,54,1234.1265458119888,unknown,56488e26fdba,0.01,0.001 0.003 0.01 0.03,0.0458333333333333,30,300,1.0,,,False,,
a7_20260822T081428Z,2026-08-22T08:35:52+00:00,hyperplanes_n_features20_n_hyperplanes3_dim_hyperplanes5_seed22,daf152204bbd72927ebe009bee77245588374523bc0144bb5e7d3d282686d97e,f087808ca635cff7ff23816ed69bcf872092e3ee826c2b73a96b833594ccb0d5,F,product,2.0,h42,35,20.0,295,2,0x499fbb627c0f5f7c,U0-2pi,pennylane,,,,0,val_full,600,val,0.965,0.9914828322362568,0.9649781113195748,0.970714271068573,0.4821780025959015,0.0035170370103681,0.0540216326591783,84,54,1234.1265458119888,unknown,56488e26fdba,0.01,0.001 0.003 0.01 0.03,0.0458333333333333,30,300,1.0,,,False,,
a7_20260822T081428Z,2026-08-22T08:35:52+00:00,hyperplanes_n_features20_n_hyperplanes3_dim_hyperplanes5_seed22,daf152204bbd72927ebe009bee77245588374523bc0144bb5e7d3d282686d97e,f087808ca635cff7ff23816ed69bcf872092e3ee826c2b73a96b833594ccb0d5,A,L1,2.0,h2,35,35.0,15,2,0x68f1fd9add9ea051,U0-2pi,pennylane,,,,0,test_full,1200,test,0.8558333333333333,0.8749777688853319,0.8535138678477758,0.8397619128227234,1.0666108131408691,0.0200007911521923,0.2363341518739004,76,46,1234.3660997640109,unknown,56488e26fdba,0.03,0.001 0.003 0.01 0.03,0.0458333333333333,30,300,1.0,,,False,,
a7_20260822T081428Z,2026-08-22T08:35:52+00:00,hyperplanes_n_features20_n_hyperplanes3_dim_hyperplanes5_seed22,daf152204bbd72927ebe009bee77245588374523bc0144bb5e7d3d282686d97e,f087808ca635cff7ff23816ed69bcf872092e3ee826c2b73a96b833594ccb0d5,A,L1,2.0,h2,35,35.0,15,2,0x68f1fd9add9ea051,U0-2pi,pennylane,,,,0,val_full,600,val,0.8533333333333334,0.8758116883116883,0.8524661622201607,0.8397619128227234,1.0666108131408691,0.0200007911521923,0.2363341518739004,76,46,1234.3660997640109,unknown,56488e26fdba,0.03,0.001 0.003 0.01 0.03,0.0458333333333333,30,300,1.0,,,False,,
a7_20260822T081428Z,2026-08-22T08:36:07+00:00,hyperplanes_n_features20_n_hyperplanes3_dim_hyperplanes5_seed22,daf152204bbd72927ebe009bee77245588374523bc0144bb5e7d3d282686d97e,f087808ca635cff7ff23816ed69bcf872092e3ee826c2b73a96b833594ccb0d5,B,L2,2.0,linear,35,35.0,6,7,0x93234eaab96b5658,U0-2pi,pennylane,,,,0,test_full,1200,test,0.7683333333333333,0.8061557956515941,0.7676724906400428,0.7552381157875061,0.0,0.0269499773605,0.0286498796159252,82,52,1.4873684229969513,unknown,56488e26fdba,0.03,0.001 0.003 0.01 0.03,0.0458333333333333,30,300,1.0,,,True,0.7675,1e-06
a7_20260822T081428Z,2026-08-22T08:36:07+00:00,hyperplanes_n_features20_n_hyperplanes3_dim_hyperplanes5_seed22,daf152204bbd72927ebe009bee77245588374523bc0144bb5e7d3d282686d97e,f087808ca635cff7ff23816ed69bcf872092e3ee826c2b73a96b833594ccb0d5,B,L2,2.0,linear,35,35.0,6,7,0x93234eaab96b5658,U0-2pi,pennylane,,,,0,val_full,600,val,0.7766666666666666,0.8085193915673368,0.7766641851576128,0.7552381157875061,0.0,0.0269499773605,0.0286498796159252,82,52,1.4873684229969513,unknown,56488e26fdba,0.03,0.001 0.003 0.01 0.03,0.0458333333333333,30,300,1.0,,,True,0.7716666666666666,1e-06
a7_20260822T081428Z,2026-08-22T08:36:09+00:00,hyperplanes_n_features20_n_hyperplanes3_dim_hyperplanes5_seed22,daf152204bbd72927ebe009bee77245588374523bc0144bb5e7d3d282686d97e,f087808ca635cff7ff23816ed69bcf872092e3ee826c2b73a96b833594ccb0d5,B,L2,2.0,h2,35,35.0,15,7,0x93234eaab96b5658,U0-2pi,pennylane,,,,0,test_full,1200,test,0.7733333333333333,0.8063642123516073,0.7724204866185478,0.7583333253860474,0.0,0.017810907620366,0.0670467458305679,93,63,2.3040156589995604,unknown,56488e26fdba,0.01,0.001 0.003 0.01 0.03,0.0458333333333333,30,300,1.0,,,True,0.7675,1e-06
a7_20260822T081428Z,2026-08-22T08:36:09+00:00,hyperplanes_n_features20_n_hyperplanes3_dim_hyperplanes5_seed22,daf152204bbd72927ebe009bee77245588374523bc0144bb5e7d3d282686d97e,f087808ca635cff7ff23816ed69bcf872092e3ee826c2b73a96b833594ccb0d5,B,L2,2.0,h2,35,35.0,15,7,0x93234eaab96b5658,U0-2pi,pennylane,,,,0,val_full,600,val,0.78,0.8086750578188935,0.7799608819345661,0.7583333253860474,0.0,0.017810907620366,0.0670467458305679,93,63,2.3040156589995604,unknown,56488e26fdba,0.01,0.001 0.003 0.01 0.03,0.0458333333333333,30,300,1.0,,,True,0.7716666666666666,1e-06
a7_20260822T081428Z,2026-08-22T08:36:10+00:00,hyperplanes_n_features20_n_hyperplanes3_dim_hyperplanes5_seed22,daf152204bbd72927ebe009bee77245588374523bc0144bb5e7d3d282686d97e,f087808ca635cff7ff23816ed69bcf872092e3ee826c2b73a96b833594ccb0d5,B,L2,2.0,h4,35,35.0,29,7,0x93234eaab96b5658,U0-2pi,pennylane,,,,0,test_full,1200,test,0.7708333333333334,0.8092959405984617,0.7701167040865587,0.7561904788017273,0.0,0.0319868418368585,0.0432198704816644,47,17,1.1657618250028463,unknown,56488e26fdba,0.01,0.001 0.003 0.01 0.03,0.0458333333333333,30,300,1.0,,,True,0.7675,1e-06
a7_20260822T081428Z,2026-08-22T08:36:10+00:00,hyperplanes_n_features20_n_hyperplanes3_dim_hyperplanes5_seed22,daf152204bbd72927ebe009bee77245588374523bc0144bb5e7d3d282686d97e,f087808ca635cff7ff23816ed69bcf872092e3ee826c2b73a96b833594ccb0d5,B,L2,2.0,h4,35,35.0,29,7,0x93234eaab96b5658,U0-2pi,pennylane,,,,0,val_full,600,val,0.7833333333333333,0.8130225938445117,0.7832466319861278,0.7561904788017273,0.0,0.0319868418368585,0.0432198704816644,47,17,1.1657618250028463,unknown,56488e26fdba,0.01,0.001 0.003 0.01 0.03,0.0458333333333333,30,300,1.0,,,True,0.7716666666666666,1e-06
a7_20260822T081428Z,2026-08-22T08:36:14+00:00,hyperplanes_n_features20_n_hyperplanes3_dim_hyperplanes5_seed22,daf152204bbd72927ebe009bee77245588374523bc0144bb5e7d3d282686d97e,f087808ca635cff7ff23816ed69bcf872092e3ee826c2b73a96b833594ccb0d5,B,L2,2.0,h42,35,35.0,295,7,0x93234eaab96b5658,U0-2pi,pennylane,,,,0,test_full,1200,test,0.8216666666666667,0.8917567026810724,0.8206578671694951,0.807619035243988,0.0,0.0091809316836007,0.0656156852063662,138,108,3.459889881996787,unknown,56488e26fdba,0.01,0.001 0.003 0.01 0.03,0.0458333333333333,30,300,1.0,,,True,0.7675,1e-06
a7_20260822T081428Z,2026-08-22T08:36:14+00:00,hyperplanes_n_features20_n_hyperplanes3_dim_hyperplanes5_seed22,daf152204bbd72927ebe009bee77245588374523bc0144bb5e7d3d282686d97e,f087808ca635cff7ff23816ed69bcf872092e3ee826c2b73a96b833594ccb0d5,B,L2,2.0,h42,35,35.0,295,7,0x93234eaab96b5658,U0-2pi,pennylane,,,,0,val_full,600,val,0.8433333333333334,0.8772905177014766,0.8432479905726451,0.807619035243988,0.0,0.0091809316836007,0.0656156852063662,138,108,3.459889881996787,unknown,56488e26fdba,0.01,0.001 0.003 0.01 0.03,0.0458333333333333,30,300,1.0,,,True,0.7716666666666666,1e-06
a7_20260822T081428Z,2026-08-22T08:36:14+00:00,hyperplanes_n_features20_n_hyperplanes3_dim_hyperplanes5_seed22,daf152204bbd72927ebe009bee77245588374523bc0144bb5e7d3d282686d97e,f087808ca635cff7ff23816ed69bcf872092e3ee826c2b73a96b833594ccb0d5,A,L1,2.0,h2,35,35.0,15,3,0xe98c84d46f8b02b7,U0-2pi,pennylane,,,,0,test_full,1200,test,0.8516666666666667,0.8907285136276734,0.8491167395653205,0.8438095450401306,1.1534751653671265,0.0027888667787693,0.2019194296547684,76,46,1256.567989223011,unknown,56488e26fdba,0.03,0.001 0.003 0.01 0.03,0.0458333333333333,30,300,1.0,,,False,,
a7_20260822T081428Z,2026-08-22T08:36:14+00:00,hyperplanes_n_features20_n_hyperplanes3_dim_hyperplanes5_seed22,daf152204bbd72927ebe009bee77245588374523bc0144bb5e7d3d282686d97e,f087808ca635cff7ff23816ed69bcf872092e3ee826c2b73a96b833594ccb0d5,A,L1,2.0,h2,35,35.0,15,3,0xe98c84d46f8b02b7,U0-2pi,pennylane,,,,0,val_full,600,val,0.8533333333333334,0.8856131026507738,0.8523076923076922,0.8438095450401306,1.1534751653671265,0.0027888667787693,0.2019194296547684,76,46,1256.567989223011,unknown,56488e26fdba,0.03,0.001 0.003 0.01 0.03,0.0458333333333333,30,300,1.0,,,False,,
a7_20260822T081428Z,2026-08-22T08:36:31+00:00,hyperplanes_n_features20_n_hyperplanes3_dim_hyperplanes5_seed22,daf152204bbd72927ebe009bee77245588374523bc0144bb5e7d3d282686d97e,f087808ca635cff7ff23816ed69bcf872092e3ee826c2b73a96b833594ccb0d5,F,product,2.0,h42,35,20.0,295,1,0x27078a7f911995bb,U0-2pi,pennylane,,,,0,test_full,1200,test,0.9633333333333334,0.9950285669823484,0.9633307868601986,0.9669047594070436,0.7747781872749329,0.00314353272634,0.1002732080008799,87,57,1273.352513006001,unknown,56488e26fdba,0.01,0.001 0.003 0.01 0.03,0.0458333333333333,30,300,1.0,,,False,,
a7_20260822T081428Z,2026-08-22T08:36:31+00:00,hyperplanes_n_features20_n_hyperplanes3_dim_hyperplanes5_seed22,daf152204bbd72927ebe009bee77245588374523bc0144bb5e7d3d282686d97e,f087808ca635cff7ff23816ed69bcf872092e3ee826c2b73a96b833594ccb0d5,F,product,2.0,h42,35,20.0,295,1,0x27078a7f911995bb,U0-2pi,pennylane,,,,0,val_full,600,val,0.965,0.989281266678527,0.9649391304347826,0.9669047594070436,0.7747781872749329,0.00314353272634,0.1002732080008799,87,57,1273.352513006001,unknown,56488e26fdba,0.01,0.001 0.003 0.01 0.03,0.0458333333333333,30,300,1.0,,,False,,
a7_20260822T081428Z,2026-08-22T08:36:52+00:00,hyperplanes_n_features20_n_hyperplanes3_dim_hyperplanes5_seed22,daf152204bbd72927ebe009bee77245588374523bc0144bb5e7d3d282686d97e,f087808ca635cff7ff23816ed69bcf872092e3ee826c2b73a96b833594ccb0d5,A,L2,2.0,h2,35,35.0,15,4,0xc9f964aa2896fb2f,U0-2pi,pennylane,,,,0,test_full,1200,test,0.8566666666666667,0.8805661153350228,0.8538703127345226,0.8411904573440552,0.9504714012145996,0.0033287381042618,0.1270305274548434,79,49,1268.1315002689953,unknown,56488e26fdba,0.01,0.001 0.003 0.01 0.03,0.0458333333333333,30,300,1.0,,,False,,
a7_20260822T081428Z,2026-08-22T08:36:52+00:00,hyperplanes_n_features20_n_hyperplanes3_dim_hyperplanes5_seed22,daf152204bbd72927ebe009bee77245588374523bc0144bb5e7d3d282686d97e,f087808ca635cff7ff23816ed69bcf872092e3ee826c2b73a96b833594ccb0d5,A,L2,2.0,h2,35,35.0,15,4,0xc9f964aa2896fb2f,U0-2pi,pennylane,,,,0,val_full,600,val,0.8583333333333333,0.8878758228073297,0.8571328524406472,0.8411904573440552,0.9504714012145996,0.0033287381042618,0.1270305274548434,79,49,1268.1315002689953,unknown,56488e26fdba,0.01,0.001 0.003 0.01 0.03,0.0458333333333333,30,300,1.0,,,False,,
a7_20260822T081428Z,2026-08-22T08:36:59+00:00,hyperplanes_n_features20_n_hyperplanes3_dim_hyperplanes5_seed22,daf152204bbd72927ebe009bee77245588374523bc0144bb5e7d3d282686d97e,f087808ca635cff7ff23816ed69bcf872092e3ee826c2b73a96b833594ccb0d5,F,product,2.0,linear,35,20.0,6,6,0x5a38e794abf67abb,U0-2pi,pennylane,,,,0,test_full,1200,test,0.8125,0.8493313992263571,0.8104431768319438,0.8002380728721619,0.6745039820671082,0.0518496743127022,0.0690404598832921,37,7,551.4516152260039,unknown,56488e26fdba,0.03,0.001 0.003 0.01 0.03,0.0458333333333333,30,300,1.0,,,False,,
a7_20260822T081428Z,2026-08-22T08:36:59+00:00,hyperplanes_n_features20_n_hyperplanes3_dim_hyperplanes5_seed22,daf152204bbd72927ebe009bee77245588374523bc0144bb5e7d3d282686d97e,f087808ca635cff7ff23816ed69bcf872092e3ee826c2b73a96b833594ccb0d5,F,product,2.0,linear,35,20.0,6,6,0x5a38e794abf67abb,U0-2pi,pennylane,,,,0,val_full,600,val,0.8133333333333334,0.8480141433908558,0.8126589053927473,0.8002380728721619,0.6745039820671082,0.0518496743127022,0.0690404598832921,37,7,551.4516152260039,unknown,56488e26fdba,0.03,0.001 0.003 0.01 0.03,0.0458333333333333,30,300,1.0,,,False,,
a7_20260822T081428Z,2026-08-22T08:37:07+00:00,hyperplanes_n_features20_n_hyperplanes3_dim_hyperplanes5_seed22,daf152204bbd72927ebe009bee77245588374523bc0144bb5e7d3d282686d97e,f087808ca635cff7ff23816ed69bcf872092e3ee826c2b73a96b833594ccb0d5,A,L1,2.0,h2,35,35.0,15,6,0x7f041defed10b1c8,U0-2pi,pennylane,,,,0,test_full,1200,test,0.49,0.5,0.3288590604026846,0.5009523630142212,0.2101019471883773,0.0317529190768998,0.0080287708512882,46,16,741.1461634449952,unknown,56488e26fdba,0.03,0.001 0.003 0.01 0.03,0.0458333333333333,30,300,1.0,,,False,,
a7_20260822T081428Z,2026-08-22T08:37:07+00:00,hyperplanes_n_features20_n_hyperplanes3_dim_hyperplanes5_seed22,daf152204bbd72927ebe009bee77245588374523bc0144bb5e7d3d282686d97e,f087808ca635cff7ff23816ed69bcf872092e3ee826c2b73a96b833594ccb0d5,A,L1,2.0,h2,35,35.0,15,6,0x7f041defed10b1c8,U0-2pi,pennylane,,,,0,val_full,600,val,0.5133333333333333,0.5,0.3392070484581498,0.5009523630142212,0.2101019471883773,0.0317529190768998,0.0080287708512882,46,16,741.1461634449952,unknown,56488e26fdba,0.03,0.001 0.003 0.01 0.03,0.0458333333333333,30,300,1.0,,,False,,
a7_20260822T081428Z,2026-08-22T08:37:08+00:00,hyperplanes_n_features20_n_hyperplanes3_dim_hyperplanes5_seed22,daf152204bbd72927ebe009bee77245588374523bc0144bb5e7d3d282686d97e,f087808ca635cff7ff23816ed69bcf872092e3ee826c2b73a96b833594ccb0d5,E,,,linear,0,,6,7,,,pennylane,,,,0,test_full,1200,test,0.8116666666666666,0.8394496687563915,0.8094991907930229,0.8028571605682373,0.0,0.029462308832615,0.0120056510880152,52,22,0.9763424009870504,unknown,56488e26fdba,0.1,0.001 0.003 0.01 0.03 0.1,0.0458333333333333,30,300,1.0,,,True,0.775,1e-06
a7_20260822T081428Z,2026-08-22T08:37:08+00:00,hyperplanes_n_features20_n_hyperplanes3_dim_hyperplanes5_seed22,daf152204bbd72927ebe009bee77245588374523bc0144bb5e7d3d282686d97e,f087808ca635cff7ff23816ed69bcf872092e3ee826c2b73a96b833594ccb0d5,E,,,linear,0,,6,7,,,pennylane,,,,0,val_full,600,val,0.805,0.8416874221668742,0.8044780650569994,0.8028571605682373,0.0,0.029462308832615,0.0120056510880152,52,22,0.9763424009870504,unknown,56488e26fdba,0.1,0.001 0.003 0.01 0.03 0.1,0.0458333333333333,30,300,1.0,,,True,0.775,1e-06
a7_20260822T081428Z,2026-08-22T08:37:10+00:00,hyperplanes_n_features20_n_hyperplanes3_dim_hyperplanes5_seed22,daf152204bbd72927ebe009bee77245588374523bc0144bb5e7d3d282686d97e,f087808ca635cff7ff23816ed69bcf872092e3ee826c2b73a96b833594ccb0d5,E,,,h2,0,,15,7,,,pennylane,,,,0,test_full,1200,test,0.835,0.8613362011471255,0.8327231765699803,0.8152381181716919,0.0,0.017430918978722,0.1551405534995107,69,39,1.7414056159905158,unknown,56488e26fdba,0.1,0.001 0.003 0.01 0.03 0.1,0.0458333333333333,30,300,1.0,,,True,0.775,1e-06
a7_20260822T081428Z,2026-08-22T08:37:10+00:00,hyperplanes_n_features20_n_hyperplanes3_dim_hyperplanes5_seed22,daf152204bbd72927ebe009bee77245588374523bc0144bb5e7d3d282686d97e,f087808ca635cff7ff23816ed69bcf872092e3ee826c2b73a96b833594ccb0d5,E,,,h2,0,,15,7,,,pennylane,,,,0,val_full,600,val,0.8366666666666667,0.8618128446895571,0.836140495591399,0.8152381181716919,0.0,0.017430918978722,0.1551405534995107,69,39,1.7414056159905158,unknown,56488e26fdba,0.1,0.001 0.003 0.01 0.03 0.1,0.0458333333333333,30,300,1.0,,,True,0.775,1e-06
a7_20260822T081428Z,2026-08-22T08:37:11+00:00,hyperplanes_n_features20_n_hyperplanes3_dim_hyperplanes5_seed22,daf152204bbd72927ebe009bee77245588374523bc0144bb5e7d3d282686d97e,f087808ca635cff7ff23816ed69bcf872092e3ee826c2b73a96b833594ccb0d5,E,,,h4,0,,29,7,,,pennylane,,,,0,test_full,1200,test,0.8391666666666666,0.9171418567426972,0.8355065736999444,0.8247619271278381,0.0,0.0327684301163334,0.0254066728665111,59,29,1.4993803840043256,unknown,56488e26fdba,0.1,0.001 0.003 0.01 0.03 0.1,0.0458333333333333,30,300,1.0,,,True,0.775,1e-06
a7_20260822T081428Z,2026-08-22T08:37:11+00:00,hyperplanes_n_features20_n_hyperplanes3_dim_hyperplanes5_seed22,daf152204bbd72927ebe009bee77245588374523bc0144bb5e7d3d282686d97e,f087808ca635cff7ff23816ed69bcf872092e3ee826c2b73a96b833594ccb0d5,E,,,h4,0,,29,7,,,pennylane,,,,0,val_full,600,val,0.8466666666666667,0.9243739992883828,0.8454145243136069,0.8247619271278381,0.0,0.0327684301163334,0.0254066728665111,59,29,1.4993803840043256,unknown,56488e26fdba,0.1,0.001 0.003 0.01 0.03 0.1,0.0458333333333333,30,300,1.0,,,True,0.775,1e-06
a7_20260822T081428Z,2026-08-22T08:37:14+00:00,hyperplanes_n_features20_n_hyperplanes3_dim_hyperplanes5_seed22,daf152204bbd72927ebe009bee77245588374523bc0144bb5e7d3d282686d97e,f087808ca635cff7ff23816ed69bcf872092e3ee826c2b73a96b833594ccb0d5,E,,,h42,0,,295,7,,,pennylane,,,,0,test_full,1200,test,0.9741666666666666,0.9973600551331644,0.974147115422705,0.9764285683631896,0.0,0.0087686994600107,0.0183945484989832,99,69,2.586866097000893,unknown,56488e26fdba,0.01,0.001 0.003 0.01 0.03 0.1,0.0458333333333333,30,300,1.0,,,True,0.775,1e-06
a7_20260822T081428Z,2026-08-22T08:37:14+00:00,hyperplanes_n_features20_n_hyperplanes3_dim_hyperplanes5_seed22,daf152204bbd72927ebe009bee77245588374523bc0144bb5e7d3d282686d97e,f087808ca635cff7ff23816ed69bcf872092e3ee826c2b73a96b833594ccb0d5,E,,,h42,0,,295,7,,,pennylane,,,,0,val_full,600,val,0.97,0.9941069204767836,0.9699786514855008,0.9764285683631896,0.0,0.0087686994600107,0.0183945484989832,99,69,2.586866097000893,unknown,56488e26fdba,0.01,0.001 0.003 0.01 0.03 0.1,0.0458333333333333,30,300,1.0,,,True,0.775,1e-06
a7_20260822T081428Z,2026-08-22T08:37:19+00:00,hyperplanes_n_features20_n_hyperplanes3_dim_hyperplanes5_seed22,daf152204bbd72927ebe009bee77245588374523bc0144bb5e7d3d282686d97e,f087808ca635cff7ff23816ed69bcf872092e3ee826c2b73a96b833594ccb0d5,A,L2,2.0,linear,35,35.0,6,1,0x9aed96d53998f1c9,U0-2pi,pennylane,,,,0,test_full,1200,test,0.8258333333333333,0.8657990974167444,0.824734883558413,0.8033333420753479,0.9175286889076232,0.0071626583324492,0.1426960313905766,81,51,1321.8588569989952,unknown,56488e26fdba,0.03,0.001 0.003 0.01 0.03,0.0458333333333333,30,300,1.0,,,False,,
a7_20260822T081428Z,2026-08-22T08:37:19+00:00,hyperplanes_n_features20_n_hyperplanes3_dim_hyperplanes5_seed22,daf152204bbd72927ebe009bee77245588374523bc0144bb5e7d3d282686d97e,f087808ca635cff7ff23816ed69bcf872092e3ee826c2b73a96b833594ccb0d5,A,L2,2.0,linear,35,35.0,6,1,0x9aed96d53998f1c9,U0-2pi,pennylane,,,,0,val_full,600,val,0.8283333333333334,0.860511919587262,0.8280807074840529,0.8033333420753479,0.9175286889076232,0.0071626583324492,0.1426960313905766,81,51,1321.8588569989952,unknown,56488e26fdba,0.03,0.001 0.003 0.01 0.03,0.0458333333333333,30,300,1.0,,,False,,
a7_20260822T081428Z,2026-08-22T08:37:21+00:00,hyperplanes_n_features20_n_hyperplanes3_dim_hyperplanes5_seed22,daf152204bbd72927ebe009bee77245588374523bc0144bb5e7d3d282686d97e,f087808ca635cff7ff23816ed69bcf872092e3ee826c2b73a96b833594ccb0d5,D_best,,2.0,linear,192,,33,7,0x0b43632cc101e959,RFF-int-spectrum-U0-2pi,pennylane,,,,0,test_full,1200,test,0.835,0.8938158596772041,0.8333889638420393,0.8178571462631226,0.0,0.0924854359137069,0.0337900196812854,78,48,1.4901311470021028,unknown,56488e26fdba,0.03,0.001 0.003 0.01 0.03,0.0458333333333333,30,300,1.0,32.0,0x0b43632cc101e959,True,0.8233333333333334,1.0
a7_20260822T081428Z,2026-08-22T08:37:21+00:00,hyperplanes_n_features20_n_hyperplanes3_dim_hyperplanes5_seed22,daf152204bbd72927ebe009bee77245588374523bc0144bb5e7d3d282686d97e,f087808ca635cff7ff23816ed69bcf872092e3ee826c2b73a96b833594ccb0d5,D_best,,2.0,linear,192,,33,7,0x0b43632cc101e959,RFF-int-spectrum-U0-2pi,pennylane,,,,0,val_full,600,val,0.835,0.8757116171499734,0.834558362740538,0.8178571462631226,0.0,0.0924854359137069,0.0337900196812854,78,48,1.4901311470021028,unknown,56488e26fdba,0.03,0.001 0.003 0.01 0.03,0.0458333333333333,30,300,1.0,32.0,0x0b43632cc101e959,True,0.8233333333333334,1.0
a7_20260822T081428Z,2026-08-22T08:37:15+00:00,hyperplanes_n_features20_n_hyperplanes3_dim_hyperplanes5_seed22,daf152204bbd72927ebe009bee77245588374523bc0144bb5e7d3d282686d97e,f087808ca635cff7ff23816ed69bcf872092e3ee826c2b73a96b833594ccb0d5,D_matched,,2.0,linear,30,,6,7,0x1faf6886a6db9d45,RFF-int-spectrum-U0-2pi,pennylane,,,,0,test_full,1200,test,0.745,0.7945900582455205,0.7442725976109823,0.7450000047683716,0.0,0.1213303262359823,0.0696545442227846,86,56,1.582833259992185,unknown,56488e26fdba,0.03,0.001 0.003 0.01 0.03,0.0458333333333333,30,300,1.0,,0x1faf6886a6db9d45,True,0.7391666666666666,1e-06
a7_20260822T081428Z,2026-08-22T08:37:15+00:00,hyperplanes_n_features20_n_hyperplanes3_dim_hyperplanes5_seed22,daf152204bbd72927ebe009bee77245588374523bc0144bb5e7d3d282686d97e,f087808ca635cff7ff23816ed69bcf872092e3ee826c2b73a96b833594ccb0d5,D_matched,,2.0,linear,30,,6,7,0x1faf6886a6db9d45,RFF-int-spectrum-U0-2pi,pennylane,,,,0,val_full,600,val,0.7616666666666667,0.8036492616972069,0.7615176151761518,0.7450000047683716,0.0,0.1213303262359823,0.0696545442227846,86,56,1.582833259992185,unknown,56488e26fdba,0.03,0.001 0.003 0.01 0.03,0.0458333333333333,30,300,1.0,,0x1faf6886a6db9d45,True,0.7483333333333333,1e-06
a7_20260822T081428Z,2026-08-22T08:37:18+00:00,hyperplanes_n_features20_n_hyperplanes3_dim_hyperplanes5_seed22,daf152204bbd72927ebe009bee77245588374523bc0144bb5e7d3d282686d97e,f087808ca635cff7ff23816ed69bcf872092e3ee826c2b73a96b833594ccb0d5,D_matched,,2.0,h2,30,,15,7,0x1faf6886a6db9d45,RFF-int-spectrum-U0-2pi,pennylane,,,,0,test_full,1200,test,0.7466666666666667,0.7966519941309858,0.746384872080089,0.7376190423965454,0.0,0.0191352167768768,0.0613966904186929,91,61,2.294524871002068,unknown,56488e26fdba,0.01,0.001 0.003 0.01 0.03,0.0458333333333333,30,300,1.0,,0x1faf6886a6db9d45,True,0.7391666666666666,1e-06
a7_20260822T081428Z,2026-08-22T08:37:18+00:00,hyperplanes_n_features20_n_hyperplanes3_dim_hyperplanes5_seed22,daf152204bbd72927ebe009bee77245588374523bc0144bb5e7d3d282686d97e,f087808ca635cff7ff23816ed69bcf872092e3ee826c2b73a96b833594ccb0d5,D_matched,,2.0,h2,30,,15,7,0x1faf6886a6db9d45,RFF-int-spectrum-U0-2pi,pennylane,,,,0,val_full,600,val,0.7666666666666667,0.8107876712328766,0.7666666666666667,0.7376190423965454,0.0,0.0191352167768768,0.0613966904186929,91,61,2.294524871002068,unknown,56488e26fdba,0.01,0.001 0.003 0.01 0.03,0.0458333333333333,30,300,1.0,,0x1faf6886a6db9d45,True,0.7483333333333333,1e-06
a7_20260822T081428Z,2026-08-22T08:37:19+00:00,hyperplanes_n_features20_n_hyperplanes3_dim_hyperplanes5_seed22,daf152204bbd72927ebe009bee77245588374523bc0144bb5e7d3d282686d97e,f087808ca635cff7ff23816ed69bcf872092e3ee826c2b73a96b833594ccb0d5,D_matched,,2.0,h2,30,,15,7,0x1faf6886a6db9d45,RFF-int-spectrum-U0-2pi,pennylane,,,,0,test_full,1200,test,0.7483333333333333,0.7968687474989996,0.7477840630706873,0.7383333444595337,0.0,0.0191352167768768,0.0753179289449205,59,29,1.5049075620045187,unknown,56488e26fdba,0.03,0.001 0.003 0.01 0.03,0.0458333333333333,30,300,1.0,,0x1faf6886a6db9d45,True,0.7391666666666666,1e-06
a7_20260822T081428Z,2026-08-22T08:37:19+00:00,hyperplanes_n_features20_n_hyperplanes3_dim_hyperplanes5_seed22,daf152204bbd72927ebe009bee77245588374523bc0144bb5e7d3d282686d97e,f087808ca635cff7ff23816ed69bcf872092e3ee826c2b73a96b833594ccb0d5,D_matched,,2.0,h2,30,,15,7,0x1faf6886a6db9d45,RFF-int-spectrum-U0-2pi,pennylane,,,,0,val_full,600,val,0.7683333333333333,0.8125444760718734,0.7682245276254687,0.7383333444595337,0.0,0.0191352167768768,0.0753179289449205,59,29,1.5049075620045187,unknown,56488e26fdba,0.03,0.001 0.003 0.01 0.03,0.0458333333333333,30,300,1.0,,0x1faf6886a6db9d45,True,0.7483333333333333,1e-06
a7_20260822T081428Z,2026-08-22T08:37:20+00:00,hyperplanes_n_features20_n_hyperplanes3_dim_hyperplanes5_seed22,daf152204bbd72927ebe009bee77245588374523bc0144bb5e7d3d282686d97e,f087808ca635cff7ff23816ed69bcf872092e3ee826c2b73a96b833594ccb0d5,D_matched,,2.0,h4,30,,29,7,0x1faf6886a6db9d45,RFF-int-spectrum-U0-2pi,pennylane,,,,0,test_full,1200,test,0.7391666666666666,0.7968993152816684,0.738031286987562,0.7459523677825928,0.0,0.0367915331365383,0.031573439659287,40,10,1.006239839000045,unknown,56488e26fdba,0.01,0.001 0.003 0.01 0.03,0.0458333333333333,30,300,1.0,,0x1faf6886a6db9d45,True,0.7391666666666666,1e-06
a7_20260822T081428Z,2026-08-22T08:37:20+00:00,hyperplanes_n_features20_n_hyperplanes3_dim_hyperplanes5_seed22,daf152204bbd72927ebe009bee77245588374523bc0144bb5e7d3d282686d97e,f087808ca635cff7ff23816ed69bcf872092e3ee826c2b73a96b833594ccb0d5,D_matched,,2.0,h4,30,,29,7,0x1faf6886a6db9d45,RFF-int-spectrum-U0-2pi,pennylane,,,,0,val_full,600,val,0.7633333333333333,0.8144680661803949,0.7630147197899397,0.7459523677825928,0.0,0.0367915331365383,0.031573439659287,40,10,1.006239839000045,unknown,56488e26fdba,0.01,0.001 0.003 0.01 0.03,0.0458333333333333,30,300,1.0,,0x1faf6886a6db9d45,True,0.7483333333333333,1e-06
a7_20260822T081428Z,2026-08-22T08:37:21+00:00,hyperplanes_n_features20_n_hyperplanes3_dim_hyperplanes5_seed22,daf152204bbd72927ebe009bee77245588374523bc0144bb5e7d3d282686d97e,f087808ca635cff7ff23816ed69bcf872092e3ee826c2b73a96b833594ccb0d5,D_matched,,2.0,h42,30,,295,7,0x1faf6886a6db9d45,RFF-int-spectrum-U0-2pi,pennylane,,,,0,test_full,1200,test,0.7541666666666667,0.8073006980570006,0.7518072846665278,0.7504761815071106,0.0,0.0168767538310041,0.0124198100481791,48,18,1.239811835999717,unknown,56488e26fdba,0.01,0.001 0.003 0.01 0.03,0.0458333333333333,30,300,1.0,,0x1faf6886a6db9d45,True,0.7391666666666666,1e-06
a7_20260822T081428Z,2026-08-22T08:37:21+00:00,hyperplanes_n_features20_n_hyperplanes3_dim_hyperplanes5_seed22,daf152204bbd72927ebe009bee77245588374523bc0144bb5e7d3d282686d97e,f087808ca635cff7ff23816ed69bcf872092e3ee826c2b73a96b833594ccb0d5,D_matched,,2.0,h42,30,,295,7,0x1faf6886a6db9d45,RFF-int-spectrum-U0-2pi,pennylane,,,,0,val_full,600,val,0.78,0.8397638320583526,0.7785829307568438,0.7504761815071106,0.0,0.0168767538310041,0.0124198100481791,48,18,1.239811835999717,unknown,56488e26fdba,0.01,0.001 0.003 0.01 0.03,0.0458333333333333,30,300,1.0,,0x1faf6886a6db9d45,True,0.7483333333333333,1e-06
a7_20260822T081428Z,2026-08-22T08:37:22+00:00,hyperplanes_n_features20_n_hyperplanes3_dim_hyperplanes5_seed22,daf152204bbd72927ebe009bee77245588374523bc0144bb5e7d3d282686d97e,f087808ca635cff7ff23816ed69bcf872092e3ee826c2b73a96b833594ccb0d5,D_best,,2.0,linear,768,,129,7,0x7c054db42ab0a66c,RFF-int-spectrum-U0-2pi,pennylane,,,,0,test_full,1200,test,0.8466666666666667,0.9031251389444668,0.8452203367018473,0.8261904716491699,0.0,0.0511697311116524,0.0498030704746618,74,44,1.4549724879907444,unknown,56488e26fdba,0.01,0.001 0.003 0.01 0.03,0.0458333333333333,30,300,1.0,128.0,0x7c054db42ab0a66c,True,0.8191666666666667,1e-06
a7_20260822T081428Z,2026-08-22T08:37:22+00:00,hyperplanes_n_features20_n_hyperplanes3_dim_hyperplanes5_seed22,daf152204bbd72927ebe009bee77245588374523bc0144bb5e7d3d282686d97e,f087808ca635cff7ff23816ed69bcf872092e3ee826c2b73a96b833594ccb0d5,D_best,,2.0,linear,768,,129,7,0x7c054db42ab0a66c,RFF-int-spectrum-U0-2pi,pennylane,,,,0,val_full,600,val,0.8483333333333334,0.8952366127023661,0.8479273839332218,0.8261904716491699,0.0,0.0511697311116524,0.0498030704746618,74,44,1.4549724879907444,unknown,56488e26fdba,0.01,0.001 0.003 0.01 0.03,0.0458333333333333,30,300,1.0,128.0,0x7c054db42ab0a66c,True,0.8383333333333334,1e-06
a7_20260822T081428Z,2026-08-22T08:37:23+00:00,hyperplanes_n_features20_n_hyperplanes3_dim_hyperplanes5_seed22,daf152204bbd72927ebe009bee77245588374523bc0144bb5e7d3d282686d97e,f087808ca635cff7ff23816ed69bcf872092e3ee826c2b73a96b833594ccb0d5,D_best,,2.0,linear,3072,,513,7,0xbd1cf10942c2e933,RFF-int-spectrum-U0-2pi,pennylane,,,,0,test_full,1200,test,0.8516666666666667,0.9080548886221156,0.8503157664589587,0.8304761648178101,0.0,0.0569330291325224,0.0999455093812956,77,47,1.803279780986486,unknown,56488e26fdba,0.003,0.001 0.003 0.01 0.03,0.0458333333333333,30,300,1.0,512.0,0xbd1cf10942c2e933,True,0.8425,0.0001
a7_20260822T081428Z,2026-08-22T08:37:23+00:00,hyperplanes_n_features20_n_hyperplanes3_dim_hyperplanes5_seed22,daf152204bbd72927ebe009bee77245588374523bc0144bb5e7d3d282686d97e,f087808ca635cff7ff23816ed69bcf872092e3ee826c2b73a96b833594ccb0d5,D_best,,2.0,linear,3072,,513,7,0xbd1cf10942c2e933,RFF-int-spectrum-U0-2pi,pennylane,,,,0,val_full,600,val,0.85,0.8921788827610745,0.8497596153846154,0.8304761648178101,0.0,0.0569330291325224,0.0999455093812956,77,47,1.803279780986486,unknown,56488e26fdba,0.003,0.001 0.003 0.01 0.03,0.0458333333333333,30,300,1.0,512.0,0xbd1cf10942c2e933,True,0.8533333333333334,0.0001
a7_20260822T081428Z,2026-08-22T08:37:56+00:00,hyperplanes_n_features20_n_hyperplanes3_dim_hyperplanes5_seed22,daf152204bbd72927ebe009bee77245588374523bc0144bb5e7d3d282686d97e,f087808ca635cff7ff23816ed69bcf872092e3ee826c2b73a96b833594ccb0d5,F,product,2.0,h4,35,20.0,29,3,0xa27b3263a781f0fe,U0-2pi,pennylane,,,,0,test_full,1200,test,0.8266666666666667,0.8659658307767553,0.8236869765707117,0.8102381229400635,0.862667441368103,0.0171218974600257,0.2122455172626311,93,63,1358.5356689619948,unknown,56488e26fdba,0.01,0.001 0.003 0.01 0.03,0.0458333333333333,30,300,1.0,,,False,,
a7_20260822T081428Z,2026-08-22T08:37:56+00:00,hyperplanes_n_features20_n_hyperplanes3_dim_hyperplanes5_seed22,daf152204bbd72927ebe009bee77245588374523bc0144bb5e7d3d282686d97e,f087808ca635cff7ff23816ed69bcf872092e3ee826c2b73a96b833594ccb0d5,F,product,2.0,h4,35,20.0,29,3,0xa27b3263a781f0fe,U0-2pi,pennylane,,,,0,val_full,600,val,0.8333333333333334,0.8698741327165984,0.832072007523174,0.8102381229400635,0.862667441368103,0.0171218974600257,0.2122455172626311,93,63,1358.5356689619948,unknown,56488e26fdba,0.01,0.001 0.003 0.01 0.03,0.0458333333333333,30,300,1.0,,,False,,
a7_20260822T081428Z,2026-08-22T08:38:36+00:00,hyperplanes_n_features20_n_hyperplanes3_dim_hyperplanes5_seed22,daf152204bbd72927ebe009bee77245588374523bc0144bb5e7d3d282686d97e,f087808ca635cff7ff23816ed69bcf872092e3ee826c2b73a96b833594ccb0d5,A,L2,2.0,linear,35,35.0,6,3,0xdec7e07515164a44,U0-2pi,pennylane,,,,0,test_full,1200,test,0.8116666666666666,0.8674219687875151,0.8098901961663993,0.8040476441383362,1.114110231399536,0.0118474191373795,0.0455353881008664,85,55,1398.706301675993,unknown,56488e26fdba,0.03,0.001 0.003 0.01 0.03,0.0458333333333333,30,300,1.0,,,False,,
a7_20260822T081428Z,2026-08-22T08:38:36+00:00,hyperplanes_n_features20_n_hyperplanes3_dim_hyperplanes5_seed22,daf152204bbd72927ebe009bee77245588374523bc0144bb5e7d3d282686d97e,f087808ca635cff7ff23816ed69bcf872092e3ee826c2b73a96b833594ccb0d5,A,L2,2.0,linear,35,35.0,6,3,0xdec7e07515164a44,U0-2pi,pennylane,,,,0,val_full,600,val,0.8233333333333334,0.8635585305105853,0.8228293813513996,0.8040476441383362,1.114110231399536,0.0118474191373795,0.0455353881008664,85,55,1398.706301675993,unknown,56488e26fdba,0.03,0.001 0.003 0.01 0.03,0.0458333333333333,30,300,1.0,,,False,,
a7_20260822T081428Z,2026-08-22T08:38:56+00:00,hyperplanes_n_features20_n_hyperplanes3_dim_hyperplanes5_seed22,daf152204bbd72927ebe009bee77245588374523bc0144bb5e7d3d282686d97e,f087808ca635cff7ff23816ed69bcf872092e3ee826c2b73a96b833594ccb0d5,F,product,2.0,h2,35,20.0,15,3,0xa27b3263a781f0fe,U0-2pi,pennylane,,,,0,test_full,1200,test,0.8241666666666667,0.8641664999333065,0.8212610414720974,0.810952365398407,0.8898873925209045,0.0017785159803748,0.1153625942589585,97,67,1418.579504548994,unknown,56488e26fdba,0.01,0.001 0.003 0.01 0.03,0.0458333333333333,30,300,1.0,,,False,,
a7_20260822T081428Z,2026-08-22T08:38:56+00:00,hyperplanes_n_features20_n_hyperplanes3_dim_hyperplanes5_seed22,daf152204bbd72927ebe009bee77245588374523bc0144bb5e7d3d282686d97e,f087808ca635cff7ff23816ed69bcf872092e3ee826c2b73a96b833594ccb0d5,F,product,2.0,h2,35,20.0,15,3,0xa27b3263a781f0fe,U0-2pi,pennylane,,,,0,val_full,600,val,0.835,0.8674446272905179,0.8337991992143234,0.810952365398407,0.8898873925209045,0.0017785159803748,0.1153625942589585,97,67,1418.579504548994,unknown,56488e26fdba,0.01,0.001 0.003 0.01 0.03,0.0458333333333333,30,300,1.0,,,False,,
a7_20260822T081428Z,2026-08-22T08:39:07+00:00,hyperplanes_n_features20_n_hyperplanes3_dim_hyperplanes5_seed22,daf152204bbd72927ebe009bee77245588374523bc0144bb5e7d3d282686d97e,f087808ca635cff7ff23816ed69bcf872092e3ee826c2b73a96b833594ccb0d5,A,L2,2.0,h4,35,35.0,29,2,0xedbc28bf50f4bc26,U0-2pi,pennylane,,,,0,test_full,1200,test,0.855,0.8676859632741987,0.8526984126984127,0.8357142806053162,0.8068469166755676,0.0121314201897518,0.2604863051582791,87,57,1429.587674631999,unknown,56488e26fdba,0.01,0.001 0.003 0.01 0.03,0.0458333333333333,30,300,1.0,,,False,,
a7_20260822T081428Z,2026-08-22T08:39:07+00:00,hyperplanes_n_features20_n_hyperplanes3_dim_hyperplanes5_seed22,daf152204bbd72927ebe009bee77245588374523bc0144bb5e7d3d282686d97e,f087808ca635cff7ff23816ed69bcf872092e3ee826c2b73a96b833594ccb0d5,A,L2,2.0,h4,35,35.0,29,2,0xedbc28bf50f4bc26,U0-2pi,pennylane,,,,0,val_full,600,val,0.8516666666666667,0.8657712150862836,0.850750857344092,0.8357142806053162,0.8068469166755676,0.0121314201897518,0.2604863051582791,87,57,1429.587674631999,unknown,56488e26fdba,0.01,0.001 0.003 0.01 0.03,0.0458333333333333,30,300,1.0,,,False,,
a7_20260822T081428Z,2026-08-22T08:39:12+00:00,hyperplanes_n_features20_n_hyperplanes3_dim_hyperplanes5_seed22,daf152204bbd72927ebe009bee77245588374523bc0144bb5e7d3d282686d97e,f087808ca635cff7ff23816ed69bcf872092e3ee826c2b73a96b833594ccb0d5,B,L1,2.0,linear,35,35.0,6,8,0xe2c241f58beaa0b8,U0-2pi,pennylane,,,,0,test_full,1200,test,0.7275,0.7923836201147128,0.7273998573086918,0.7407143115997314,0.0,0.1049668325394996,0.0079659509027614,153,123,2.7416692040133057,unknown,56488e26fdba,0.03,0.001 0.003 0.01 0.03,0.0458333333333333,30,300,1.0,,,True,0.7358333333333333,1e-06
a7_20260822T081428Z,2026-08-22T08:39:12+00:00,hyperplanes_n_features20_n_hyperplanes3_dim_hyperplanes5_seed22,daf152204bbd72927ebe009bee77245588374523bc0144bb5e7d3d282686d97e,f087808ca635cff7ff23816ed69bcf872092e3ee826c2b73a96b833594ccb0d5,B,L1,2.0,linear,35,35.0,6,8,0xe2c241f58beaa0b8,U0-2pi,pennylane,,,,0,val_full,600,val,0.75,0.7810109411136807,0.7493734335839599,0.7407143115997314,0.0,0.1049668325394996,0.0079659509027614,153,123,2.7416692040133057,unknown,56488e26fdba,0.03,0.001 0.003 0.01 0.03,0.0458333333333333,30,300,1.0,,,True,0.735,1e-06
a7_20260822T081428Z,2026-08-22T08:39:15+00:00,hyperplanes_n_features20_n_hyperplanes3_dim_hyperplanes5_seed22,daf152204bbd72927ebe009bee77245588374523bc0144bb5e7d3d282686d97e,f087808ca635cff7ff23816ed69bcf872092e3ee826c2b73a96b833594ccb0d5,B,L1,2.0,h2,35,35.0,15,8,0xe2c241f58beaa0b8,U0-2pi,pennylane,,,,0,test_full,1200,test,0.7375,0.8001158796852075,0.7346204475647213,0.729285717010498,0.0,0.0279770636056924,0.6042517403255315,84,54,2.0501867669954663,unknown,56488e26fdba,0.03,0.001 0.003 0.01 0.03,0.0458333333333333,30,300,1.0,,,True,0.7358333333333333,1e-06
a7_20260822T081428Z,2026-08-22T08:39:15+00:00,hyperplanes_n_features20_n_hyperplanes3_dim_hyperplanes5_seed22,daf152204bbd72927ebe009bee77245588374523bc0144bb5e7d3d282686d97e,f087808ca635cff7ff23816ed69bcf872092e3ee826c2b73a96b833594ccb0d5,B,L1,2.0,h2,35,35.0,15,8,0xe2c241f58beaa0b8,U0-2pi,pennylane,,,,0,val_full,600,val,0.7583333333333333,0.7911236879558798,0.7547022451793353,0.729285717010498,0.0,0.0279770636056924,0.6042517403255315,84,54,2.0501867669954663,unknown,56488e26fdba,0.03,0.001 0.003 0.01 0.03,0.0458333333333333,30,300,1.0,,,True,0.735,1e-06
a7_20260822T081428Z,2026-08-22T08:39:17+00:00,hyperplanes_n_features20_n_hyperplanes3_dim_hyperplanes5_seed22,daf152204bbd72927ebe009bee77245588374523bc0144bb5e7d3d282686d97e,f087808ca635cff7ff23816ed69bcf872092e3ee826c2b73a96b833594ccb0d5,B,L1,2.0,h4,35,35.0,29,8,0xe2c241f58beaa0b8,U0-2pi,pennylane,,,,0,test_full,1200,test,0.7358333333333333,0.7964074518696368,0.7346834440097674,0.7304762005805969,0.0,0.0206014180043628,0.2724861417542853,96,66,2.3554880720039364,unknown,56488e26fdba,0.01,0.001 0.003 0.01 0.03,0.0458333333333333,30,300,1.0,,,True,0.7358333333333333,1e-06
a7_20260822T081428Z,2026-08-22T08:39:17+00:00,hyperplanes_n_features20_n_hyperplanes3_dim_hyperplanes5_seed22,daf152204bbd72927ebe009bee77245588374523bc0144bb5e7d3d282686d97e,f087808ca635cff7ff23816ed69bcf872092e3ee826c2b73a96b833594ccb0d5,B,L1,2.0,h4,35,35.0,29,8,0xe2c241f58beaa0b8,U0-2pi,pennylane,,,,0,val_full,600,val,0.75,0.7943092866038071,0.7474747474747474,0.7304762005805969,0.0,0.0206014180043628,0.2724861417542853,96,66,2.3554880720039364,unknown,56488e26fdba,0.01,0.001 0.003 0.01 0.03,0.0458333333333333,30,300,1.0,,,True,0.735,1e-06
a7_20260822T081428Z,2026-08-22T08:39:19+00:00,hyperplanes_n_features20_n_hyperplanes3_dim_hyperplanes5_seed22,daf152204bbd72927ebe009bee77245588374523bc0144bb5e7d3d282686d97e,f087808ca635cff7ff23816ed69bcf872092e3ee826c2b73a96b833594ccb0d5,B,L1,2.0,h42,35,35.0,295,8,0xe2c241f58beaa0b8,U0-2pi,pennylane,,,,0,test_full,1200,test,0.7591666666666667,0.8294845716064203,0.7589374898775294,0.7559523582458496,0.0,0.0049641222350153,0.0349238234858232,76,46,1.991035967002972,unknown,56488e26fdba,0.01,0.001 0.003 0.01 0.03,0.0458333333333333,30,300,1.0,,,True,0.7358333333333333,1e-06
a7_20260822T081428Z,2026-08-22T08:39:19+00:00,hyperplanes_n_features20_n_hyperplanes3_dim_hyperplanes5_seed22,daf152204bbd72927ebe009bee77245588374523bc0144bb5e7d3d282686d97e,f087808ca635cff7ff23816ed69bcf872092e3ee826c2b73a96b833594ccb0d5,B,L1,2.0,h42,35,35.0,295,8,0xe2c241f58beaa0b8,U0-2pi,pennylane,,,,0,val_full,600,val,0.7783333333333333,0.8316247109055328,0.777487166474733,0.7559523582458496,0.0,0.0049641222350153,0.0349238234858232,76,46,1.991035967002972,unknown,56488e26fdba,0.01,0.001 0.003 0.01 0.03,0.0458333333333333,30,300,1.0,,,True,0.735,1e-06
a7_20260822T081428Z,2026-08-22T08:39:22+00:00,hyperplanes_n_features20_n_hyperplanes3_dim_hyperplanes5_seed22,daf152204bbd72927ebe009bee77245588374523bc0144bb5e7d3d282686d97e,f087808ca635cff7ff23816ed69bcf872092e3ee826c2b73a96b833594ccb0d5,F,product,2.0,h2,35,20.0,15,5,0x47580f2ad4dd122e,U0-2pi,pennylane,,,,0,test_full,1200,test,0.8225,0.8646722577920056,0.8194883384240541,0.8114285469055176,0.6839777231216431,0.0291181808504511,0.0311188502253265,97,67,1388.4249841730052,unknown,56488e26fdba,0.01,0.001 0.003 0.01 0.03,0.0458333333333333,30,300,1.0,,,False,,
a7_20260822T081428Z,2026-08-22T08:39:22+00:00,hyperplanes_n_features20_n_hyperplanes3_dim_hyperplanes5_seed22,daf152204bbd72927ebe009bee77245588374523bc0144bb5e7d3d282686d97e,f087808ca635cff7ff23816ed69bcf872092e3ee826c2b73a96b833594ccb0d5,F,product,2.0,h2,35,20.0,15,5,0x47580f2ad4dd122e,U0-2pi,pennylane,,,,0,val_full,600,val,0.835,0.867489103362391,0.8337991992143234,0.8114285469055176,0.6839777231216431,0.0291181808504511,0.0311188502253265,97,67,1388.4249841730052,unknown,56488e26fdba,0.01,0.001 0.003 0.01 0.03,0.0458333333333333,30,300,1.0,,,False,,
a7_20260822T081428Z,2026-08-22T08:39:31+00:00,hyperplanes_n_features20_n_hyperplanes3_dim_hyperplanes5_seed22,daf152204bbd72927ebe009bee77245588374523bc0144bb5e7d3d282686d97e,f087808ca635cff7ff23816ed69bcf872092e3ee826c2b73a96b833594ccb0d5,A,L2,2.0,h2,35,35.0,15,3,0xdec7e07515164a44,U0-2pi,pennylane,,,,0,test_full,1200,test,0.86,0.908063225290116,0.8575301264420128,0.8395237922668457,0.6936562657356262,0.0023970088835585,0.1414446844792393,89,59,1453.955514219997,unknown,56488e26fdba,0.01,0.001 0.003 0.01 0.03,0.0458333333333333,30,300,1.0,,,False,,
a7_20260822T081428Z,2026-08-22T08:39:31+00:00,hyperplanes_n_features20_n_hyperplanes3_dim_hyperplanes5_seed22,daf152204bbd72927ebe009bee77245588374523bc0144bb5e7d3d282686d97e,f087808ca635cff7ff23816ed69bcf872092e3ee826c2b73a96b833594ccb0d5,A,L2,2.0,h2,35,35.0,15,3,0xdec7e07515164a44,U0-2pi,pennylane,,,,0,val_full,600,val,0.8583333333333333,0.898071962284291,0.8576019611839698,0.8395237922668457,0.6936562657356262,0.0023970088835585,0.1414446844792393,89,59,1453.955514219997,unknown,56488e26fdba,0.01,0.001 0.003 0.01 0.03,0.0458333333333333,30,300,1.0,,,False,,
a7_20260822T081428Z,2026-08-22T08:39:47+00:00,hyperplanes_n_features20_n_hyperplanes3_dim_hyperplanes5_seed22,daf152204bbd72927ebe009bee77245588374523bc0144bb5e7d3d282686d97e,f087808ca635cff7ff23816ed69bcf872092e3ee826c2b73a96b833594ccb0d5,F,product,2.0,h2,35,20.0,15,4,0x6ff3a4afd33346b9,U0-2pi,pennylane,,,,0,test_full,1200,test,0.8266666666666667,0.8489340180516651,0.8237641602955339,0.8102381229400635,0.860643744468689,0.0046766843667539,0.1906667115791997,101,71,1442.463614456996,unknown,56488e26fdba,0.03,0.001 0.003 0.01 0.03,0.0458333333333333,30,300,1.0,,,False,,
a7_20260822T081428Z,2026-08-22T08:39:47+00:00,hyperplanes_n_features20_n_hyperplanes3_dim_hyperplanes5_seed22,daf152204bbd72927ebe009bee77245588374523bc0144bb5e7d3d282686d97e,f087808ca635cff7ff23816ed69bcf872092e3ee826c2b73a96b833594ccb0d5,F,product,2.0,h2,35,20.0,15,4,0x6ff3a4afd33346b9,U0-2pi,pennylane,,,,0,val_full,600,val,0.835,0.8524061554883473,0.8337991992143234,0.8102381229400635,0.860643744468689,0.0046766843667539,0.1906667115791997,101,71,1442.463614456996,unknown,56488e26fdba,0.03,0.001 0.003 0.01 0.03,0.0458333333333333,30,300,1.0,,,False,,
a7_20260822T081428Z,2026-08-22T08:40:04+00:00,hyperplanes_n_features20_n_hyperplanes3_dim_hyperplanes5_seed22,daf152204bbd72927ebe009bee77245588374523bc0144bb5e7d3d282686d97e,f087808ca635cff7ff23816ed69bcf872092e3ee826c2b73a96b833594ccb0d5,F,product,2.0,h2,35,20.0,15,4,0x6ff3a4afd33346b9,U0-2pi,pennylane,,,,0,test_full,1200,test,0.8233333333333334,0.8477335378595883,0.8198866645332488,0.8128571510314941,0.839351236820221,0.0046766843667539,0.1251236255572355,101,71,1459.518758746999,unknown,56488e26fdba,0.01,0.001 0.003 0.01 0.03,0.0458333333333333,30,300,1.0,,,False,,
a7_20260822T081428Z,2026-08-22T08:40:04+00:00,hyperplanes_n_features20_n_hyperplanes3_dim_hyperplanes5_seed22,daf152204bbd72927ebe009bee77245588374523bc0144bb5e7d3d282686d97e,f087808ca635cff7ff23816ed69bcf872092e3ee826c2b73a96b833594ccb0d5,F,product,2.0,h2,35,20.0,15,4,0x6ff3a4afd33346b9,U0-2pi,pennylane,,,,0,val_full,600,val,0.8333333333333334,0.8527119284824763,0.8319723090365292,0.8128571510314941,0.839351236820221,0.0046766843667539,0.1251236255572355,101,71,1459.518758746999,unknown,56488e26fdba,0.01,0.001 0.003 0.01 0.03,0.0458333333333333,30,300,1.0,,,False,,
a7_20260822T081428Z,2026-08-22T08:40:03+00:00,hyperplanes_n_features20_n_hyperplanes3_dim_hyperplanes5_seed22,daf152204bbd72927ebe009bee77245588374523bc0144bb5e7d3d282686d97e,f087808ca635cff7ff23816ed69bcf872092e3ee826c2b73a96b833594ccb0d5,B,L2,2.0,linear,35,35.0,6,8,0x3c7362638e9ada30,U0-2pi,pennylane,,,,0,test_full,1200,test,0.7966666666666666,0.858712929616291,0.7962228853948599,0.7895237803459167,0.0,0.0314385187246937,0.0470041699021799,109,79,2.068518041007337,unknown,56488e26fdba,0.03,0.001 0.003 0.01 0.03,0.0458333333333333,30,300,1.0,,,True,0.7791666666666667,1e-06
a7_20260822T081428Z,2026-08-22T08:40:03+00:00,hyperplanes_n_features20_n_hyperplanes3_dim_hyperplanes5_seed22,daf152204bbd72927ebe009bee77245588374523bc0144bb5e7d3d282686d97e,f087808ca635cff7ff23816ed69bcf872092e3ee826c2b73a96b833594ccb0d5,B,L2,2.0,linear,35,35.0,6,8,0x3c7362638e9ada30,U0-2pi,pennylane,,,,0,val_full,600,val,0.8016666666666666,0.8513053727094821,0.8016617082093719,0.7895237803459167,0.0,0.0314385187246937,0.0470041699021799,109,79,2.068518041007337,unknown,56488e26fdba,0.03,0.001 0.003 0.01 0.03,0.0458333333333333,30,300,1.0,,,True,0.7733333333333333,1e-06
a7_20260822T081428Z,2026-08-22T08:40:05+00:00,hyperplanes_n_features20_n_hyperplanes3_dim_hyperplanes5_seed22,daf152204bbd72927ebe009bee77245588374523bc0144bb5e7d3d282686d97e,f087808ca635cff7ff23816ed69bcf872092e3ee826c2b73a96b833594ccb0d5,B,L2,2.0,h2,35,35.0,15,8,0x3c7362638e9ada30,U0-2pi,pennylane,,,,0,test_full,1200,test,0.49,0.5,0.3288590604026846,0.5009523630142212,0.0,0.028003980354732,0.0334951758374783,54,24,1.3841176190035185,unknown,56488e26fdba,0.01,0.001 0.003 0.01 0.03,0.0458333333333333,30,300,1.0,,,True,0.7791666666666667,1e-06
a7_20260822T081428Z,2026-08-22T08:40:05+00:00,hyperplanes_n_features20_n_hyperplanes3_dim_hyperplanes5_seed22,daf152204bbd72927ebe009bee77245588374523bc0144bb5e7d3d282686d97e,f087808ca635cff7ff23816ed69bcf872092e3ee826c2b73a96b833594ccb0d5,B,L2,2.0,h2,35,35.0,15,8,0x3c7362638e9ada30,U0-2pi,pennylane,,,,0,val_full,600,val,0.5133333333333333,0.5,0.3392070484581498,0.5009523630142212,0.0,0.028003980354732,0.0334951758374783,54,24,1.3841176190035185,unknown,56488e26fdba,0.01,0.001 0.003 0.01 0.03,0.0458333333333333,30,300,1.0,,,True,0.7733333333333333,1e-06
a7_20260822T081428Z,2026-08-22T08:40:07+00:00,hyperplanes_n_features20_n_hyperplanes3_dim_hyperplanes5_seed22,daf152204bbd72927ebe009bee77245588374523bc0144bb5e7d3d282686d97e,f087808ca635cff7ff23816ed69bcf872092e3ee826c2b73a96b833594ccb0d5,B,L2,2.0,h4,35,35.0,29,8,0x3c7362638e9ada30,U0-2pi,pennylane,,,,0,test_full,1200,test,0.8025,0.8697617936063314,0.8016403035656621,0.7983333468437195,0.0,0.0274905956818395,0.0211778166633461,71,41,1.7562507550028386,unknown,56488e26fdba,0.01,0.001 0.003 0.01 0.03,0.0458333333333333,30,300,1.0,,,True,0.7791666666666667,1e-06
a7_20260822T081428Z,2026-08-22T08:40:07+00:00,hyperplanes_n_features20_n_hyperplanes3_dim_hyperplanes5_seed22,daf152204bbd72927ebe009bee77245588374523bc0144bb5e7d3d282686d97e,f087808ca635cff7ff23816ed69bcf872092e3ee826c2b73a96b833594ccb0d5,B,L2,2.0,h4,35,35.0,29,8,0x3c7362638e9ada30,U0-2pi,pennylane,,,,0,val_full,600,val,0.8183333333333334,0.8566091442803773,0.818219720658745,0.7983333468437195,0.0,0.0274905956818395,0.0211778166633461,71,41,1.7562507550028386,unknown,56488e26fdba,0.01,0.001 0.003 0.01 0.03,0.0458333333333333,30,300,1.0,,,True,0.7733333333333333,1e-06
a7_20260822T081428Z,2026-08-22T08:40:10+00:00,hyperplanes_n_features20_n_hyperplanes3_dim_hyperplanes5_seed22,daf152204bbd72927ebe009bee77245588374523bc0144bb5e7d3d282686d97e,f087808ca635cff7ff23816ed69bcf872092e3ee826c2b73a96b833594ccb0d5,B,L2,2.0,h42,35,35.0,295,8,0x3c7362638e9ada30,U0-2pi,pennylane,,,,0,test_full,1200,test,0.8141666666666667,0.8910897692410298,0.8135502170718605,0.8102381229400635,0.0,0.0022592979571437,0.0277734501593308,147,117,3.7931748510018224,unknown,56488e26fdba,0.01,0.001 0.003 0.01 0.03,0.0458333333333333,30,300,1.0,,,True,0.7791666666666667,1e-06
a7_20260822T081428Z,2026-08-22T08:40:10+00:00,hyperplanes_n_features20_n_hyperplanes3_dim_hyperplanes5_seed22,daf152204bbd72927ebe009bee77245588374523bc0144bb5e7d3d282686d97e,f087808ca635cff7ff23816ed69bcf872092e3ee826c2b73a96b833594ccb0d5,B,L2,2.0,h42,35,35.0,295,8,0x3c7362638e9ada30,U0-2pi,pennylane,,,,0,val_full,600,val,0.8266666666666667,0.8796922255826366,0.8266358463726885,0.8102381229400635,0.0,0.0022592979571437,0.0277734501593308,147,117,3.7931748510018224,unknown,56488e26fdba,0.01,0.001 0.003 0.01 0.03,0.0458333333333333,30,300,1.0,,,True,0.7733333333333333,1e-06
a7_20260822T081428Z,2026-08-22T08:40:27+00:00,hyperplanes_n_features20_n_hyperplanes3_dim_hyperplanes5_seed22,daf152204bbd72927ebe009bee77245588374523bc0144bb5e7d3d282686d97e,f087808ca635cff7ff23816ed69bcf872092e3ee826c2b73a96b833594ccb0d5,F,product,2.0,h2,35,20.0,15,6,0x5a38e794abf67abb,U0-2pi,pennylane,,,,0,test_full,1200,test,0.49,0.5,0.3288590604026846,0.5009523630142212,0.1847050487995147,0.0350676463773561,0.0080287708512882,46,16,672.5993495379953,unknown,56488e26fdba,0.03,0.001 0.003 0.01 0.03,0.0458333333333333,30,300,1.0,,,False,,
a7_20260822T081428Z,2026-08-22T08:40:27+00:00,hyperplanes_n_features20_n_hyperplanes3_dim_hyperplanes5_seed22,daf152204bbd72927ebe009bee77245588374523bc0144bb5e7d3d282686d97e,f087808ca635cff7ff23816ed69bcf872092e3ee826c2b73a96b833594ccb0d5,F,product,2.0,h2,35,20.0,15,6,0x5a38e794abf67abb,U0-2pi,pennylane,,,,0,val_full,600,val,0.5133333333333333,0.5,0.3392070484581498,0.5009523630142212,0.1847050487995147,0.0350676463773561,0.0080287708512882,46,16,672.5993495379953,unknown,56488e26fdba,0.03,0.001 0.003 0.01 0.03,0.0458333333333333,30,300,1.0,,,False,,
a7_20260822T081428Z,2026-08-22T08:40:34+00:00,hyperplanes_n_features20_n_hyperplanes3_dim_hyperplanes5_seed22,daf152204bbd72927ebe009bee77245588374523bc0144bb5e7d3d282686d97e,f087808ca635cff7ff23816ed69bcf872092e3ee826c2b73a96b833594ccb0d5,A,L2,2.0,h42,35,35.0,295,3,0xdec7e07515164a44,U0-2pi,pennylane,,,,0,test_full,1200,test,0.9675,0.9969321061758036,0.9674810080053696,0.976190447807312,0.8256372213363647,0.0029450202057555,0.0214868034934066,92,62,1516.1063733830088,unknown,56488e26fdba,0.01,0.001 0.003 0.01 0.03,0.0458333333333333,30,300,1.0,,,False,,
a7_20260822T081428Z,2026-08-22T08:40:34+00:00,hyperplanes_n_features20_n_hyperplanes3_dim_hyperplanes5_seed22,daf152204bbd72927ebe009bee77245588374523bc0144bb5e7d3d282686d97e,f087808ca635cff7ff23816ed69bcf872092e3ee826c2b73a96b833594ccb0d5,A,L2,2.0,h42,35,35.0,295,3,0xdec7e07515164a44,U0-2pi,pennylane,,,,0,val_full,600,val,0.9666666666666668,0.9937511119017968,0.9666485086324776,0.976190447807312,0.8256372213363647,0.0029450202057555,0.0214868034934066,92,62,1516.1063733830088,unknown,56488e26fdba,0.01,0.001 0.003 0.01 0.03,0.0458333333333333,30,300,1.0,,,False,,
a7_20260822T081428Z,2026-08-22T08:40:36+00:00,hyperplanes_n_features20_n_hyperplanes3_dim_hyperplanes5_seed22,daf152204bbd72927ebe009bee77245588374523bc0144bb5e7d3d282686d97e,f087808ca635cff7ff23816ed69bcf872092e3ee826c2b73a96b833594ccb0d5,F,product,2.0,h4,35,20.0,29,1,0x27078a7f911995bb,U0-2pi,pennylane,,,,0,test_full,1200,test,0.8166666666666667,0.8479044395535991,0.8128211818357137,0.8069047331809998,0.9625512361526488,0.0141377256123046,0.0200336125570209,105,75,1519.0430755349953,unknown,56488e26fdba,0.01,0.001 0.003 0.01 0.03,0.0458333333333333,30,300,1.0,,,False,,
a7_20260822T081428Z,2026-08-22T08:40:36+00:00,hyperplanes_n_features20_n_hyperplanes3_dim_hyperplanes5_seed22,daf152204bbd72927ebe009bee77245588374523bc0144bb5e7d3d282686d97e,f087808ca635cff7ff23816ed69bcf872092e3ee826c2b73a96b833594ccb0d5,F,product,2.0,h4,35,20.0,29,1,0x27078a7f911995bb,U0-2pi,pennylane,,,,0,val_full,600,val,0.83,0.865615548834727,0.8280435173529941,0.8069047331809998,0.9625512361526488,0.0141377256123046,0.0200336125570209,105,75,1519.0430755349953,unknown,56488e26fdba,0.01,0.001 0.003 0.01 0.03,0.0458333333333333,30,300,1.0,,,False,,
a7_20260822T081428Z,2026-08-22T08:41:34+00:00,hyperplanes_n_features20_n_hyperplanes3_dim_hyperplanes5_seed22,daf152204bbd72927ebe009bee77245588374523bc0144bb5e7d3d282686d97e,f087808ca635cff7ff23816ed69bcf872092e3ee826c2b73a96b833594ccb0d5,F,product,2.0,h2,35,20.0,15,1,0x27078a7f911995bb,U0-2pi,pennylane,,,,0,test_full,1200,test,0.8683333333333333,0.8788098572762438,0.8659502262443439,0.8583333492279053,0.8871665596961975,0.0108487510652816,0.1965899500641302,107,77,1576.9836121400003,unknown,56488e26fdba,0.01,0.001 0.003 0.01 0.03,0.0458333333333333,30,300,1.0,,,False,,
a7_20260822T081428Z,2026-08-22T08:41:34+00:00,hyperplanes_n_features20_n_hyperplanes3_dim_hyperplanes5_seed22,daf152204bbd72927ebe009bee77245588374523bc0144bb5e7d3d282686d97e,f087808ca635cff7ff23816ed69bcf872092e3ee826c2b73a96b833594ccb0d5,F,product,2.0,h2,35,20.0,15,1,0x27078a7f911995bb,U0-2pi,pennylane,,,,0,val_full,600,val,0.87,0.8778575876178616,0.8690909090909091,0.8583333492279053,0.8871665596961975,0.0108487510652816,0.1965899500641302,107,77,1576.9836121400003,unknown,56488e26fdba,0.01,0.001 0.003 0.01 0.03,0.0458333333333333,30,300,1.0,,,False,,
a7_20260822T081428Z,2026-08-22T08:41:34+00:00,hyperplanes_n_features20_n_hyperplanes3_dim_hyperplanes5_seed22,daf152204bbd72927ebe009bee77245588374523bc0144bb5e7d3d282686d97e,f087808ca635cff7ff23816ed69bcf872092e3ee826c2b73a96b833594ccb0d5,A,L2,2.0,h42,35,35.0,295,6,0xfed8b00a5c8d996d,U0-2pi,pennylane,,,,0,test_full,1200,test,0.9091666666666668,0.97140522875817,0.9090498841915764,0.9007142782211304,0.6218496561050415,0.013143648307577,0.1775003167667163,55,25,885.4763203280017,unknown,56488e26fdba,0.01,0.001 0.003 0.01 0.03,0.0458333333333333,30,300,1.0,,,False,,
a7_20260822T081428Z,2026-08-22T08:41:34+00:00,hyperplanes_n_features20_n_hyperplanes3_dim_hyperplanes5_seed22,daf152204bbd72927ebe009bee77245588374523bc0144bb5e7d3d282686d97e,f087808ca635cff7ff23816ed69bcf872092e3ee826c2b73a96b833594ccb0d5,A,L2,2.0,h42,35,35.0,295,6,0xfed8b00a5c8d996d,U0-2pi,pennylane,,,,0,val_full,600,val,0.9083333333333332,0.9633072407045008,0.9083330787029964,0.9007142782211304,0.6218496561050415,0.013143648307577,0.1775003167667163,55,25,885.4763203280017,unknown,56488e26fdba,0.01,0.001 0.003 0.01 0.03,0.0458333333333333,30,300,1.0,,,False,,
a7_20260822T081428Z,2026-08-22T08:41:35+00:00,hyperplanes_n_features20_n_hyperplanes3_dim_hyperplanes5_seed22,daf152204bbd72927ebe009bee77245588374523bc0144bb5e7d3d282686d97e,f087808ca635cff7ff23816ed69bcf872092e3ee826c2b73a96b833594ccb0d5,E,,,linear,0,,6,8,,,pennylane,,,,0,test_full,1200,test,0.7975,0.8382325152283135,0.7962228550463845,0.7854762077331543,0.0,0.0550739458372125,0.0209132767961847,58,28,1.0498222619935405,unknown,56488e26fdba,0.1,0.001 0.003 0.01 0.03 0.1,0.0458333333333333,30,300,1.0,,,True,0.775,1e-06
a7_20260822T081428Z,2026-08-22T08:41:35+00:00,hyperplanes_n_features20_n_hyperplanes3_dim_hyperplanes5_seed22,daf152204bbd72927ebe009bee77245588374523bc0144bb5e7d3d282686d97e,f087808ca635cff7ff23816ed69bcf872092e3ee826c2b73a96b833594ccb0d5,E,,,linear,0,,6,8,,,pennylane,,,,0,val_full,600,val,0.805,0.8417763743106209,0.8048433325641974,0.7854762077331543,0.0,0.0550739458372125,0.0209132767961847,58,28,1.0498222619935405,unknown,56488e26fdba,0.1,0.001 0.003 0.01 0.03 0.1,0.0458333333333333,30,300,1.0,,,True,0.775,1e-06
a7_20260822T081428Z,2026-08-22T08:41:37+00:00,hyperplanes_n_features20_n_hyperplanes3_dim_hyperplanes5_seed22,daf152204bbd72927ebe009bee77245588374523bc0144bb5e7d3d282686d97e,f087808ca635cff7ff23816ed69bcf872092e3ee826c2b73a96b833594ccb0d5,E,,,h2,0,,15,8,,,pennylane,,,,0,test_full,1200,test,0.8216666666666667,0.8446184029167222,0.8187587515244591,0.807619035243988,0.0,0.0279742312511549,0.0120427032495645,53,23,1.3012670449970756,unknown,56488e26fdba,0.1,0.001 0.003 0.01 0.03 0.1,0.0458333333333333,30,300,1.0,,,True,0.775,1e-06
a7_20260822T081428Z,2026-08-22T08:41:37+00:00,hyperplanes_n_features20_n_hyperplanes3_dim_hyperplanes5_seed22,daf152204bbd72927ebe009bee77245588374523bc0144bb5e7d3d282686d97e,f087808ca635cff7ff23816ed69bcf872092e3ee826c2b73a96b833594ccb0d5,E,,,h2,0,,15,8,,,pennylane,,,,0,val_full,600,val,0.8266666666666667,0.8475082280732965,0.8255501878690285,0.807619035243988,0.0,0.0279742312511549,0.0120427032495645,53,23,1.3012670449970756,unknown,56488e26fdba,0.1,0.001 0.003 0.01 0.03 0.1,0.0458333333333333,30,300,1.0,,,True,0.775,1e-06
a7_20260822T081428Z,2026-08-22T08:41:38+00:00,hyperplanes_n_features20_n_hyperplanes3_dim_hyperplanes5_seed22,daf152204bbd72927ebe009bee77245588374523bc0144bb5e7d3d282686d97e,f087808ca635cff7ff23816ed69bcf872092e3ee826c2b73a96b833594ccb0d5,E,,,h4,0,,29,8,,,pennylane,,,,0,test_full,1200,test,0.8408333333333333,0.881191365435063,0.8382725361787582,0.8307142853736877,0.0,0.0175873751167764,0.0349954570771872,63,33,1.5483463069977006,unknown,56488e26fdba,0.1,0.001 0.003 0.01 0.03 0.1,0.0458333333333333,30,300,1.0,,,True,0.775,1e-06
a7_20260822T081428Z,2026-08-22T08:41:38+00:00,hyperplanes_n_features20_n_hyperplanes3_dim_hyperplanes5_seed22,daf152204bbd72927ebe009bee77245588374523bc0144bb5e7d3d282686d97e,f087808ca635cff7ff23816ed69bcf872092e3ee826c2b73a96b833594ccb0d5,E,,,h4,0,,29,8,,,pennylane,,,,0,val_full,600,val,0.845,0.8817603629247466,0.8440430307078715,0.8307142853736877,0.0,0.0175873751167764,0.0349954570771872,63,33,1.5483463069977006,unknown,56488e26fdba,0.1,0.001 0.003 0.01 0.03 0.1,0.0458333333333333,30,300,1.0,,,True,0.775,1e-06
a7_20260822T081428Z,2026-08-22T08:41:41+00:00,hyperplanes_n_features20_n_hyperplanes3_dim_hyperplanes5_seed22,daf152204bbd72927ebe009bee77245588374523bc0144bb5e7d3d282686d97e,f087808ca635cff7ff23816ed69bcf872092e3ee826c2b73a96b833594ccb0d5,E,,,h42,0,,295,8,,,pennylane,,,,0,test_full,1200,test,0.98,0.9980881241385444,0.979995498987272,0.9797618985176086,0.0,0.0048277533329472,0.0362796982613921,109,79,2.7249934999999823,unknown,56488e26fdba,0.01,0.001 0.003 0.01 0.03 0.1,0.0458333333333333,30,300,1.0,,,True,0.775,1e-06
a7_20260822T081428Z,2026-08-22T08:41:41+00:00,hyperplanes_n_features20_n_hyperplanes3_dim_hyperplanes5_seed22,daf152204bbd72927ebe009bee77245588374523bc0144bb5e7d3d282686d97e,f087808ca635cff7ff23816ed69bcf872092e3ee826c2b73a96b833594ccb0d5,E,,,h42,0,,295,8,,,pennylane,,,,0,val_full,600,val,0.97,0.9933285892190002,0.9699666295884316,0.9797618985176086,0.0,0.0048277533329472,0.0362796982613921,109,79,2.7249934999999823,unknown,56488e26fdba,0.01,0.001 0.003 0.01 0.03 0.1,0.0458333333333333,30,300,1.0,,,True,0.775,1e-06
a7_20260822T081428Z,2026-08-22T08:41:42+00:00,hyperplanes_n_features20_n_hyperplanes3_dim_hyperplanes5_seed22,daf152204bbd72927ebe009bee77245588374523bc0144bb5e7d3d282686d97e,f087808ca635cff7ff23816ed69bcf872092e3ee826c2b73a96b833594ccb0d5,D_best,,2.0,linear,192,,33,8,0xdead39ffa3b8d809,RFF-int-spectrum-U0-2pi,pennylane,,,,0,test_full,1200,test,0.8116666666666666,0.8707316259837268,0.8107831289995786,0.8092857003211975,0.0,0.0448846996097602,0.0298113612909224,43,13,0.7925407389993779,unknown,56488e26fdba,0.03,0.001 0.003 0.01 0.03,0.0458333333333333,30,300,1.0,32.0,0xdead39ffa3b8d809,True,0.8166666666666667,1.0
a7_20260822T081428Z,2026-08-22T08:41:42+00:00,hyperplanes_n_features20_n_hyperplanes3_dim_hyperplanes5_seed22,daf152204bbd72927ebe009bee77245588374523bc0144bb5e7d3d282686d97e,f087808ca635cff7ff23816ed69bcf872092e3ee826c2b73a96b833594ccb0d5,D_best,,2.0,linear,192,,33,8,0xdead39ffa3b8d809,RFF-int-spectrum-U0-2pi,pennylane,,,,0,val_full,600,val,0.8216666666666667,0.8655043586550437,0.8214479403936489,0.8092857003211975,0.0,0.0448846996097602,0.0298113612909224,43,13,0.7925407389993779,unknown,56488e26fdba,0.03,0.001 0.003 0.01 0.03,0.0458333333333333,30,300,1.0,32.0,0xdead39ffa3b8d809,True,0.8133333333333334,1.0
a7_20260822T081428Z,2026-08-22T08:41:36+00:00,hyperplanes_n_features20_n_hyperplanes3_dim_hyperplanes5_seed22,daf152204bbd72927ebe009bee77245588374523bc0144bb5e7d3d282686d97e,f087808ca635cff7ff23816ed69bcf872092e3ee826c2b73a96b833594ccb0d5,D_matched,,2.0,linear,30,,6,8,0x25c7a59bcb8f24fd,RFF-int-spectrum-U0-2pi,pennylane,,,,0,test_full,1200,test,0.6308333333333334,0.674077964519141,0.6306463480470321,0.6316666603088379,0.0,0.0343641776901438,0.1434279572291277,70,40,1.2919656110025244,unknown,56488e26fdba,0.03,0.001 0.003 0.01 0.03,0.0458333333333333,30,300,1.0,,0x25c7a59bcb8f24fd,True,0.6316666666666667,1e-06
a7_20260822T081428Z,2026-08-22T08:41:36+00:00,hyperplanes_n_features20_n_hyperplanes3_dim_hyperplanes5_seed22,daf152204bbd72927ebe009bee77245588374523bc0144bb5e7d3d282686d97e,f087808ca635cff7ff23816ed69bcf872092e3ee826c2b73a96b833594ccb0d5,D_matched,,2.0,linear,30,,6,8,0x25c7a59bcb8f24fd,RFF-int-spectrum-U0-2pi,pennylane,,,,0,val_full,600,val,0.62,0.6337061910692048,0.6171241771528369,0.6316666603088379,0.0,0.0343641776901438,0.1434279572291277,70,40,1.2919656110025244,unknown,56488e26fdba,0.03,0.001 0.003 0.01 0.03,0.0458333333333333,30,300,1.0,,0x25c7a59bcb8f24fd,True,0.6116666666666667,1e-06
a7_20260822T081428Z,2026-08-22T08:41:37+00:00,hyperplanes_n_features20_n_hyperplanes3_dim_hyperplanes5_seed22,daf152204bbd72927ebe009bee77245588374523bc0144bb5e7d3d282686d97e,f087808ca635cff7ff23816ed69bcf872092e3ee826c2b73a96b833594ccb0d5,D_matched,,2.0,h2,30,,15,8,0x25c7a59bcb8f24fd,RFF-int-spectrum-U0-2pi,pennylane,,,,0,test_full,1200,test,0.49,0.5,0.3288590604026846,0.5009523630142212,0.0,0.0297324440822761,0.0334951758374783,54,24,1.3205318819964305,unknown,56488e26fdba,0.01,0.001 0.003 0.01 0.03,0.0458333333333333,30,300,1.0,,0x25c7a59bcb8f24fd,True,0.6316666666666667,1e-06
a7_20260822T081428Z,2026-08-22T08:41:37+00:00,hyperplanes_n_features20_n_hyperplanes3_dim_hyperplanes5_seed22,daf152204bbd72927ebe009bee77245588374523bc0144bb5e7d3d282686d97e,f087808ca635cff7ff23816ed69bcf872092e3ee826c2b73a96b833594ccb0d5,D_matched,,2.0,h2,30,,15,8,0x25c7a59bcb8f24fd,RFF-int-spectrum-U0-2pi,pennylane,,,,0,val_full,600,val,0.5133333333333333,0.5,0.3392070484581498,0.5009523630142212,0.0,0.0297324440822761,0.0334951758374783,54,24,1.3205318819964305,unknown,56488e26fdba,0.01,0.001 0.003 0.01 0.03,0.0458333333333333,30,300,1.0,,0x25c7a59bcb8f24fd,True,0.6116666666666667,1e-06
a7_20260822T081428Z,2026-08-22T08:41:38+00:00,hyperplanes_n_features20_n_hyperplanes3_dim_hyperplanes5_seed22,daf152204bbd72927ebe009bee77245588374523bc0144bb5e7d3d282686d97e,f087808ca635cff7ff23816ed69bcf872092e3ee826c2b73a96b833594ccb0d5,D_matched,,2.0,h2,30,,15,8,0x25c7a59bcb8f24fd,RFF-int-spectrum-U0-2pi,pennylane,,,,0,test_full,1200,test,0.49,0.5,0.3288590604026846,0.5009523630142212,0.0,0.0297324440822761,0.0029224986382551,52,22,1.3057770510058615,unknown,56488e26fdba,0.03,0.001 0.003 0.01 0.03,0.0458333333333333,30,300,1.0,,0x25c7a59bcb8f24fd,True,0.6316666666666667,1e-06
a7_20260822T081428Z,2026-08-22T08:41:38+00:00,hyperplanes_n_features20_n_hyperplanes3_dim_hyperplanes5_seed22,daf152204bbd72927ebe009bee77245588374523bc0144bb5e7d3d282686d97e,f087808ca635cff7ff23816ed69bcf872092e3ee826c2b73a96b833594ccb0d5,D_matched,,2.0,h2,30,,15,8,0x25c7a59bcb8f24fd,RFF-int-spectrum-U0-2pi,pennylane,,,,0,val_full,600,val,0.5133333333333333,0.5,0.3392070484581498,0.5009523630142212,0.0,0.0297324440822761,0.0029224986382551,52,22,1.3057770510058615,unknown,56488e26fdba,0.03,0.001 0.003 0.01 0.03,0.0458333333333333,30,300,1.0,,0x25c7a59bcb8f24fd,True,0.6116666666666667,1e-06
a7_20260822T081428Z,2026-08-22T08:41:41+00:00,hyperplanes_n_features20_n_hyperplanes3_dim_hyperplanes5_seed22,daf152204bbd72927ebe009bee77245588374523bc0144bb5e7d3d282686d97e,f087808ca635cff7ff23816ed69bcf872092e3ee826c2b73a96b833594ccb0d5,D_matched,,2.0,h4,30,,29,8,0x25c7a59bcb8f24fd,RFF-int-spectrum-U0-2pi,pennylane,,,,0,test_full,1200,test,0.6766666666666666,0.727265906362545,0.6765768268963601,0.6697618961334229,0.0,0.0670135075154599,0.1433707355502222,89,59,2.198610121005913,unknown,56488e26fdba,0.01,0.001 0.003 0.01 0.03,0.0458333333333333,30,300,1.0,,0x25c7a59bcb8f24fd,True,0.6316666666666667,1e-06
a7_20260822T081428Z,2026-08-22T08:41:41+00:00,hyperplanes_n_features20_n_hyperplanes3_dim_hyperplanes5_seed22,daf152204bbd72927ebe009bee77245588374523bc0144bb5e7d3d282686d97e,f087808ca635cff7ff23816ed69bcf872092e3ee826c2b73a96b833594ccb0d5,D_matched,,2.0,h4,30,,29,8,0x25c7a59bcb8f24fd,RFF-int-spectrum-U0-2pi,pennylane,,,,0,val_full,600,val,0.6583333333333333,0.6879169631738125,0.6580588305612005,0.6697618961334229,0.0,0.0670135075154599,0.1433707355502222,89,59,2.198610121005913,unknown,56488e26fdba,0.01,0.001 0.003 0.01 0.03,0.0458333333333333,30,300,1.0,,0x25c7a59bcb8f24fd,True,0.6116666666666667,1e-06
a7_20260822T081428Z,2026-08-22T08:41:43+00:00,hyperplanes_n_features20_n_hyperplanes3_dim_hyperplanes5_seed22,daf152204bbd72927ebe009bee77245588374523bc0144bb5e7d3d282686d97e,f087808ca635cff7ff23816ed69bcf872092e3ee826c2b73a96b833594ccb0d5,D_matched,,2.0,h42,30,,295,8,0x25c7a59bcb8f24fd,RFF-int-spectrum-U0-2pi,pennylane,,,,0,test_full,1200,test,0.6825,0.7403544751233827,0.6823391842120072,0.6842857003211975,0.0,0.0051811762478429,0.0206681696122849,82,52,2.0750239550106926,unknown,56488e26fdba,0.01,0.001 0.003 0.01 0.03,0.0458333333333333,30,300,1.0,,0x25c7a59bcb8f24fd,True,0.6316666666666667,1e-06
a7_20260822T081428Z,2026-08-22T08:41:43+00:00,hyperplanes_n_features20_n_hyperplanes3_dim_hyperplanes5_seed22,daf152204bbd72927ebe009bee77245588374523bc0144bb5e7d3d282686d97e,f087808ca635cff7ff23816ed69bcf872092e3ee826c2b73a96b833594ccb0d5,D_matched,,2.0,h42,30,,295,8,0x25c7a59bcb8f24fd,RFF-int-spectrum-U0-2pi,pennylane,,,,0,val_full,600,val,0.68,0.7156978295676926,0.6799431009957326,0.6842857003211975,0.0,0.0051811762478429,0.0206681696122849,82,52,2.0750239550106926,unknown,56488e26fdba,0.01,0.001 0.003 0.01 0.03,0.0458333333333333,30,300,1.0,,0x25c7a59bcb8f24fd,True,0.6116666666666667,1e-06
a7_20260822T081428Z,2026-08-22T08:41:43+00:00,hyperplanes_n_features20_n_hyperplanes3_dim_hyperplanes5_seed22,daf152204bbd72927ebe009bee77245588374523bc0144bb5e7d3d282686d97e,f087808ca635cff7ff23816ed69bcf872092e3ee826c2b73a96b833594ccb0d5,D_best,,2.0,linear,768,,129,8,0x7e666b538f76ff75,RFF-int-spectrum-U0-2pi,pennylane,,,,0,test_full,1200,test,0.8408333333333333,0.9034030278778178,0.8401404978103014,0.8278571367263794,0.0,0.0565411793144527,0.0416006097987493,89,59,1.6890946450002955,unknown,56488e26fdba,0.01,0.001 0.003 0.01 0.03,0.0458333333333333,30,300,1.0,128.0,0x7e666b538f76ff75,True,0.8241666666666667,1.0
a7_20260822T081428Z,2026-08-22T08:41:43+00:00,hyperplanes_n_features20_n_hyperplanes3_dim_hyperplanes5_seed22,daf152204bbd72927ebe009bee77245588374523bc0144bb5e7d3d282686d97e,f087808ca635cff7ff23816ed69bcf872092e3ee826c2b73a96b833594ccb0d5,D_best,,2.0,linear,768,,129,8,0x7e666b538f76ff75,RFF-int-spectrum-U0-2pi,pennylane,,,,0,val_full,600,val,0.8533333333333334,0.8913783134673546,0.8532289628180039,0.8278571367263794,0.0,0.0565411793144527,0.0416006097987493,89,59,1.6890946450002955,unknown,56488e26fdba,0.01,0.001 0.003 0.01 0.03,0.0458333333333333,30,300,1.0,128.0,0x7e666b538f76ff75,True,0.8316666666666667,1.0
a7_20260822T081428Z,2026-08-22T08:41:44+00:00,hyperplanes_n_features20_n_hyperplanes3_dim_hyperplanes5_seed22,daf152204bbd72927ebe009bee77245588374523bc0144bb5e7d3d282686d97e,f087808ca635cff7ff23816ed69bcf872092e3ee826c2b73a96b833594ccb0d5,D_best,,2.0,linear,3072,,513,8,0xef57d4b5699c3697,RFF-int-spectrum-U0-2pi,pennylane,,,,0,test_full,1200,test,0.8533333333333334,0.9046312969632296,0.8525036664571548,0.8354762196540833,0.0,0.06779846008362,0.0904554061445745,74,44,1.7368062439927598,unknown,56488e26fdba,0.003,0.001 0.003 0.01 0.03,0.0458333333333333,30,300,1.0,512.0,0xef57d4b5699c3697,True,0.8391666666666666,0.0001
a7_20260822T081428Z,2026-08-22T08:41:44+00:00,hyperplanes_n_features20_n_hyperplanes3_dim_hyperplanes5_seed22,daf152204bbd72927ebe009bee77245588374523bc0144bb5e7d3d282686d97e,f087808ca635cff7ff23816ed69bcf872092e3ee826c2b73a96b833594ccb0d5,D_best,,2.0,linear,3072,,513,8,0xef57d4b5699c3697,RFF-int-spectrum-U0-2pi,pennylane,,,,0,val_full,600,val,0.85,0.8929127379469846,0.8498331479421579,0.8354762196540833,0.0,0.06779846008362,0.0904554061445745,74,44,1.7368062439927598,unknown,56488e26fdba,0.003,0.001 0.003 0.01 0.03,0.0458333333333333,30,300,1.0,512.0,0xef57d4b5699c3697,True,0.8466666666666667,0.0001
a7_20260822T081428Z,2026-08-22T08:42:14+00:00,hyperplanes_n_features20_n_hyperplanes3_dim_hyperplanes5_seed22,daf152204bbd72927ebe009bee77245588374523bc0144bb5e7d3d282686d97e,f087808ca635cff7ff23816ed69bcf872092e3ee826c2b73a96b833594ccb0d5,A,L1,2.0,h2,35,35.0,15,4,0xc975238400fc39ed,U0-2pi,pennylane,,,,0,test_full,1200,test,0.8608333333333333,0.8708288871103997,0.85808481061333,0.8419047594070435,0.9651764631271362,0.0054624735843301,0.1324269594566113,100,70,1616.3382265789987,unknown,56488e26fdba,0.03,0.001 0.003 0.01 0.03,0.0458333333333333,30,300,1.0,,,False,,
a7_20260822T081428Z,2026-08-22T08:42:14+00:00,hyperplanes_n_features20_n_hyperplanes3_dim_hyperplanes5_seed22,daf152204bbd72927ebe009bee77245588374523bc0144bb5e7d3d282686d97e,f087808ca635cff7ff23816ed69bcf872092e3ee826c2b73a96b833594ccb0d5,A,L1,2.0,h2,35,35.0,15,4,0xc975238400fc39ed,U0-2pi,pennylane,,,,0,val_full,600,val,0.8566666666666667,0.8680061376979186,0.8554071018651364,0.8419047594070435,0.9651764631271362,0.0054624735843301,0.1324269594566113,100,70,1616.3382265789987,unknown,56488e26fdba,0.03,0.001 0.003 0.01 0.03,0.0458333333333333,30,300,1.0,,,False,,
a7_20260822T081428Z,2026-08-22T08:43:42+00:00,hyperplanes_n_features20_n_hyperplanes3_dim_hyperplanes5_seed22,daf152204bbd72927ebe009bee77245588374523bc0144bb5e7d3d282686d97e,f087808ca635cff7ff23816ed69bcf872092e3ee826c2b73a96b833594ccb0d5,F,product,2.0,h42,35,20.0,295,3,0xa27b3263a781f0fe,U0-2pi,pennylane,,,,0,test_full,1200,test,0.9725,0.9969682317371392,0.9724816353135668,0.9759523868560792,0.8269246220588684,0.0037025745784345,0.1865692201686098,115,85,1705.0020308940002,unknown,56488e26fdba,0.01,0.001 0.003 0.01 0.03,0.0458333333333333,30,300,1.0,,,False,,
a7_20260822T081428Z,2026-08-22T08:43:42+00:00,hyperplanes_n_features20_n_hyperplanes3_dim_hyperplanes5_seed22,daf152204bbd72927ebe009bee77245588374523bc0144bb5e7d3d282686d97e,f087808ca635cff7ff23816ed69bcf872092e3ee826c2b73a96b833594ccb0d5,F,product,2.0,h42,35,20.0,295,3,0xa27b3263a781f0fe,U0-2pi,pennylane,,,,0,val_full,600,val,0.97,0.992717043230742,0.9699916643512088,0.9759523868560792,0.8269246220588684,0.0037025745784345,0.1865692201686098,115,85,1705.0020308940002,unknown,56488e26fdba,0.01,0.001 0.003 0.01 0.03,0.0458333333333333,30,300,1.0,,,False,,
a7_20260822T081428Z,2026-08-22T08:43:52+00:00,hyperplanes_n_features20_n_hyperplanes3_dim_hyperplanes5_seed22,daf152204bbd72927ebe009bee77245588374523bc0144bb5e7d3d282686d97e,f087808ca635cff7ff23816ed69bcf872092e3ee826c2b73a96b833594ccb0d5,F,product,2.0,h42,35,20.0,295,5,0x47580f2ad4dd122e,U0-2pi,pennylane,,,,0,test_full,1200,test,0.9675,0.9952119736783602,0.9674972688677312,0.971666693687439,0.5962478518486023,0.0064491334236038,0.0815052163001344,82,52,1175.5172803430032,unknown,56488e26fdba,0.01,0.001 0.003 0.01 0.03,0.0458333333333333,30,300,1.0,,,False,,
a7_20260822T081428Z,2026-08-22T08:43:52+00:00,hyperplanes_n_features20_n_hyperplanes3_dim_hyperplanes5_seed22,daf152204bbd72927ebe009bee77245588374523bc0144bb5e7d3d282686d97e,f087808ca635cff7ff23816ed69bcf872092e3ee826c2b73a96b833594ccb0d5,F,product,2.0,h42,35,20.0,295,5,0x47580f2ad4dd122e,U0-2pi,pennylane,,,,0,val_full,600,val,0.965,0.9918052837573386,0.9649648675477354,0.971666693687439,0.5962478518486023,0.0064491334236038,0.0815052163001344,82,52,1175.5172803430032,unknown,56488e26fdba,0.01,0.001 0.003 0.01 0.03,0.0458333333333333,30,300,1.0,,,False,,
a7_20260822T081428Z,2026-08-22T08:44:06+00:00,hyperplanes_n_features20_n_hyperplanes3_dim_hyperplanes5_seed22,daf152204bbd72927ebe009bee77245588374523bc0144bb5e7d3d282686d97e,f087808ca635cff7ff23816ed69bcf872092e3ee826c2b73a96b833594ccb0d5,A,L1,2.0,h42,35,35.0,295,4,0xc975238400fc39ed,U0-2pi,pennylane,,,,0,test_full,1200,test,0.9725,0.9963235294117648,0.9724984530379834,0.9752380847930908,0.8791539072990417,0.0084361777234233,0.1687575791133219,107,77,1728.6451492189954,unknown,56488e26fdba,0.01,0.001 0.003 0.01 0.03,0.0458333333333333,30,300,1.0,,,False,,
a7_20260822T081428Z,2026-08-22T08:44:06+00:00,hyperplanes_n_features20_n_hyperplanes3_dim_hyperplanes5_seed22,daf152204bbd72927ebe009bee77245588374523bc0144bb5e7d3d282686d97e,f087808ca635cff7ff23816ed69bcf872092e3ee826c2b73a96b833594ccb0d5,A,L1,2.0,h42,35,35.0,295,4,0xc975238400fc39ed,U0-2pi,pennylane,,,,0,val_full,600,val,0.9716666666666668,0.9916940935776551,0.9716439030221484,0.9752380847930908,0.8791539072990417,0.0084361777234233,0.1687575791133219,107,77,1728.6451492189954,unknown,56488e26fdba,0.01,0.001 0.003 0.01 0.03,0.0458333333333333,30,300,1.0,,,False,,
a7_20260822T081428Z,2026-08-22T08:44:08+00:00,hyperplanes_n_features20_n_hyperplanes3_dim_hyperplanes5_seed22,daf152204bbd72927ebe009bee77245588374523bc0144bb5e7d3d282686d97e,f087808ca635cff7ff23816ed69bcf872092e3ee826c2b73a96b833594ccb0d5,B,L1,2.0,linear,35,35.0,6,9,0x6714fd5b78bd8a7d,U0-2pi,pennylane,,,,0,test_full,1200,test,0.7625,0.8128251300520208,0.7605965765310444,0.7540476322174072,0.0,0.0593791798115888,0.0074009554360212,78,48,1.4054466509987833,unknown,56488e26fdba,0.03,0.001 0.003 0.01 0.03,0.0458333333333333,30,300,1.0,,,True,0.7658333333333334,1e-06
a7_20260822T081428Z,2026-08-22T08:44:08+00:00,hyperplanes_n_features20_n_hyperplanes3_dim_hyperplanes5_seed22,daf152204bbd72927ebe009bee77245588374523bc0144bb5e7d3d282686d97e,f087808ca635cff7ff23816ed69bcf872092e3ee826c2b73a96b833594ccb0d5,B,L1,2.0,linear,35,35.0,6,9,0x6714fd5b78bd8a7d,U0-2pi,pennylane,,,,0,val_full,600,val,0.76,0.8050169009073118,0.7594761925972118,0.7540476322174072,0.0,0.0593791798115888,0.0074009554360212,78,48,1.4054466509987833,unknown,56488e26fdba,0.03,0.001 0.003 0.01 0.03,0.0458333333333333,30,300,1.0,,,True,0.755,1e-06
a7_20260822T081428Z,2026-08-22T08:44:09+00:00,hyperplanes_n_features20_n_hyperplanes3_dim_hyperplanes5_seed22,daf152204bbd72927ebe009bee77245588374523bc0144bb5e7d3d282686d97e,f087808ca635cff7ff23816ed69bcf872092e3ee826c2b73a96b833594ccb0d5,B,L1,2.0,h2,35,35.0,15,9,0x6714fd5b78bd8a7d,U0-2pi,pennylane,,,,0,test_full,1200,test,0.49,0.5,0.3288590604026846,0.5009523630142212,0.0,0.0026358201856451,0.0106374146647921,53,23,1.3124667280062567,unknown,56488e26fdba,0.03,0.001 0.003 0.01 0.03,0.0458333333333333,30,300,1.0,,,True,0.7658333333333334,1e-06
a7_20260822T081428Z,2026-08-22T08:44:09+00:00,hyperplanes_n_features20_n_hyperplanes3_dim_hyperplanes5_seed22,daf152204bbd72927ebe009bee77245588374523bc0144bb5e7d3d282686d97e,f087808ca635cff7ff23816ed69bcf872092e3ee826c2b73a96b833594ccb0d5,B,L1,2.0,h2,35,35.0,15,9,0x6714fd5b78bd8a7d,U0-2pi,pennylane,,,,0,val_full,600,val,0.5133333333333333,0.5,0.3392070484581498,0.5009523630142212,0.0,0.0026358201856451,0.0106374146647921,53,23,1.3124667280062567,unknown,56488e26fdba,0.03,0.001 0.003 0.01 0.03,0.0458333333333333,30,300,1.0,,,True,0.755,1e-06
a7_20260822T081428Z,2026-08-22T08:44:11+00:00,hyperplanes_n_features20_n_hyperplanes3_dim_hyperplanes5_seed22,daf152204bbd72927ebe009bee77245588374523bc0144bb5e7d3d282686d97e,f087808ca635cff7ff23816ed69bcf872092e3ee826c2b73a96b833594ccb0d5,B,L1,2.0,h4,35,35.0,29,9,0x6714fd5b78bd8a7d,U0-2pi,pennylane,,,,0,test_full,1200,test,0.755,0.8373710595349251,0.754465279942987,0.7492856979370117,0.0,0.0224111317031659,0.0498240518346308,76,46,1.870876232002047,unknown,56488e26fdba,0.01,0.001 0.003 0.01 0.03,0.0458333333333333,30,300,1.0,,,True,0.7658333333333334,1e-06
a7_20260822T081428Z,2026-08-22T08:44:11+00:00,hyperplanes_n_features20_n_hyperplanes3_dim_hyperplanes5_seed22,daf152204bbd72927ebe009bee77245588374523bc0144bb5e7d3d282686d97e,f087808ca635cff7ff23816ed69bcf872092e3ee826c2b73a96b833594ccb0d5,B,L1,2.0,h4,35,35.0,29,9,0x6714fd5b78bd8a7d,U0-2pi,pennylane,,,,0,val_full,600,val,0.7633333333333333,0.8155132538694183,0.7633228143473043,0.7492856979370117,0.0,0.0224111317031659,0.0498240518346308,76,46,1.870876232002047,unknown,56488e26fdba,0.01,0.001 0.003 0.01 0.03,0.0458333333333333,30,300,1.0,,,True,0.755,1e-06
a7_20260822T081428Z,2026-08-22T08:44:13+00:00,hyperplanes_n_features20_n_hyperplanes3_dim_hyperplanes5_seed22,daf152204bbd72927ebe009bee77245588374523bc0144bb5e7d3d282686d97e,f087808ca635cff7ff23816ed69bcf872092e3ee826c2b73a96b833594ccb0d5,B,L1,2.0,h42,35,35.0,295,9,0x6714fd5b78bd8a7d,U0-2pi,pennylane,,,,0,test_full,1200,test,0.7908333333333334,0.869678426926326,0.7907111028037903,0.7871428728103638,0.0,0.0150065270124863,0.0253743092435483,109,79,2.7579456710082013,unknown,56488e26fdba,0.01,0.001 0.003 0.01 0.03,0.0458333333333333,30,300,1.0,,,True,0.7658333333333334,1e-06
a7_20260822T081428Z,2026-08-22T08:44:13+00:00,hyperplanes_n_features20_n_hyperplanes3_dim_hyperplanes5_seed22,daf152204bbd72927ebe009bee77245588374523bc0144bb5e7d3d282686d97e,f087808ca635cff7ff23816ed69bcf872092e3ee826c2b73a96b833594ccb0d5,B,L1,2.0,h42,35,35.0,295,9,0x6714fd5b78bd8a7d,U0-2pi,pennylane,,,,0,val_full,600,val,0.81,0.8566980964241238,0.8099978888654318,0.7871428728103638,0.0,0.0150065270124863,0.0253743092435483,109,79,2.7579456710082013,unknown,56488e26fdba,0.01,0.001 0.003 0.01 0.03,0.0458333333333333,30,300,1.0,,,True,0.755,1e-06
a7_20260822T081428Z,2026-08-22T08:44:34+00:00,hyperplanes_n_features20_n_hyperplanes3_dim_hyperplanes5_seed22,daf152204bbd72927ebe009bee77245588374523bc0144bb5e7d3d282686d97e,f087808ca635cff7ff23816ed69bcf872092e3ee826c2b73a96b833594ccb0d5,A,L1,2.0,linear,35,35.0,6,7,0xd86bbfc3a6142e24,U0-2pi,pennylane,,,,0,test_full,1200,test,0.8216666666666667,0.8539110088479835,0.8191340408328849,0.810952365398407,0.8532697558403015,0.0053225619848068,0.1764517740803225,41,11,676.8270123050024,unknown,56488e26fdba,0.03,0.001 0.003 0.01 0.03,0.0458333333333333,30,300,1.0,,,False,,
a7_20260822T081428Z,2026-08-22T08:44:34+00:00,hyperplanes_n_features20_n_hyperplanes3_dim_hyperplanes5_seed22,daf152204bbd72927ebe009bee77245588374523bc0144bb5e7d3d282686d97e,f087808ca635cff7ff23816ed69bcf872092e3ee826c2b73a96b833594ccb0d5,A,L1,2.0,linear,35,35.0,6,7,0xd86bbfc3a6142e24,U0-2pi,pennylane,,,,0,val_full,600,val,0.8216666666666667,0.8510941113680839,0.8211893415478542,0.810952365398407,0.8532697558403015,0.0053225619848068,0.1764517740803225,41,11,676.8270123050024,unknown,56488e26fdba,0.03,0.001 0.003 0.01 0.03,0.0458333333333333,30,300,1.0,,,False,,
a7_20260822T081428Z,2026-08-22T08:46:06+00:00,hyperplanes_n_features20_n_hyperplanes3_dim_hyperplanes5_seed22,daf152204bbd72927ebe009bee77245588374523bc0144bb5e7d3d282686d97e,f087808ca635cff7ff23816ed69bcf872092e3ee826c2b73a96b833594ccb0d5,A,L1,2.0,linear,35,35.0,6,8,0xe2c241f58beaa0b8,U0-2pi,pennylane,,,,0,test_full,1200,test,0.8208333333333333,0.8407974300831444,0.8186050730114581,0.7995238304138184,0.6931615471839905,0.0417730609876639,0.0606013373106027,32,2,523.4845990930044,unknown,56488e26fdba,0.03,0.001 0.003 0.01 0.03,0.0458333333333333,30,300,1.0,,,False,,
a7_20260822T081428Z,2026-08-22T08:46:06+00:00,hyperplanes_n_features20_n_hyperplanes3_dim_hyperplanes5_seed22,daf152204bbd72927ebe009bee77245588374523bc0144bb5e7d3d282686d97e,f087808ca635cff7ff23816ed69bcf872092e3ee826c2b73a96b833594ccb0d5,A,L1,2.0,linear,35,35.0,6,8,0xe2c241f58beaa0b8,U0-2pi,pennylane,,,,0,val_full,600,val,0.8216666666666667,0.8427548478918342,0.8209100114651068,0.7995238304138184,0.6931615471839905,0.0417730609876639,0.0606013373106027,32,2,523.4845990930044,unknown,56488e26fdba,0.03,0.001 0.003 0.01 0.03,0.0458333333333333,30,300,1.0,,,False,,
a7_20260822T081428Z,2026-08-22T08:46:06+00:00,hyperplanes_n_features20_n_hyperplanes3_dim_hyperplanes5_seed22,daf152204bbd72927ebe009bee77245588374523bc0144bb5e7d3d282686d97e,f087808ca635cff7ff23816ed69bcf872092e3ee826c2b73a96b833594ccb0d5,F,product,2.0,h42,35,20.0,295,6,0x5a38e794abf67abb,U0-2pi,pennylane,,,,0,test_full,1200,test,0.9583333333333334,0.9923636121115114,0.9582915089853992,0.961904764175415,0.6167517304420471,0.0108939464937962,0.0676578798637689,59,29,864.827878844997,unknown,56488e26fdba,0.01,0.001 0.003 0.01 0.03,0.0458333333333333,30,300,1.0,,,False,,
a7_20260822T081428Z,2026-08-22T08:46:06+00:00,hyperplanes_n_features20_n_hyperplanes3_dim_hyperplanes5_seed22,daf152204bbd72927ebe009bee77245588374523bc0144bb5e7d3d282686d97e,f087808ca635cff7ff23816ed69bcf872092e3ee826c2b73a96b833594ccb0d5,F,product,2.0,h42,35,20.0,295,6,0x5a38e794abf67abb,U0-2pi,pennylane,,,,0,val_full,600,val,0.9616666666666668,0.9903598114214552,0.9616537780754086,0.961904764175415,0.6167517304420471,0.0108939464937962,0.0676578798637689,59,29,864.827878844997,unknown,56488e26fdba,0.01,0.001 0.003 0.01 0.03,0.0458333333333333,30,300,1.0,,,False,,
a7_20260822T081428Z,2026-08-22T08:46:16+00:00,hyperplanes_n_features20_n_hyperplanes3_dim_hyperplanes5_seed22,daf152204bbd72927ebe009bee77245588374523bc0144bb5e7d3d282686d97e,f087808ca635cff7ff23816ed69bcf872092e3ee826c2b73a96b833594ccb0d5,A,L1,2.0,h4,35,35.0,29,3,0xe98c84d46f8b02b7,U0-2pi,pennylane,,,,0,test_full,1200,test,0.8366666666666667,0.8897003245742743,0.835016835016835,0.8238095045089722,1.1259448528289795,0.0013241579746084,0.279017245530944,115,85,1858.184938355,unknown,56488e26fdba,0.01,0.001 0.003 0.01 0.03,0.0458333333333333,30,300,1.0,,,False,,
a7_20260822T081428Z,2026-08-22T08:46:16+00:00,hyperplanes_n_features20_n_hyperplanes3_dim_hyperplanes5_seed22,daf152204bbd72927ebe009bee77245588374523bc0144bb5e7d3d282686d97e,f087808ca635cff7ff23816ed69bcf872092e3ee826c2b73a96b833594ccb0d5,A,L1,2.0,h4,35,35.0,29,3,0xe98c84d46f8b02b7,U0-2pi,pennylane,,,,0,val_full,600,val,0.845,0.8830946450809465,0.8445851286350508,0.8238095045089722,1.1259448528289795,0.0013241579746084,0.279017245530944,115,85,1858.184938355,unknown,56488e26fdba,0.01,0.001 0.003 0.01 0.03,0.0458333333333333,30,300,1.0,,,False,,
a7_20260822T081428Z,2026-08-22T08:46:21+00:00,hyperplanes_n_features20_n_hyperplanes3_dim_hyperplanes5_seed22,daf152204bbd72927ebe009bee77245588374523bc0144bb5e7d3d282686d97e,f087808ca635cff7ff23816ed69bcf872092e3ee826c2b73a96b833594ccb0d5,B,L2,2.0,linear,35,35.0,6,9,0x37a73ff05100a2cc,U0-2pi,pennylane,,,,0,test_full,1200,test,0.6333333333333333,0.6514494686763594,0.6332966629996333,0.6261904835700989,0.0,0.0553386641482325,0.1107491445626746,60,30,1.0799935739923967,unknown,56488e26fdba,0.03,0.001 0.003 0.01 0.03,0.0458333333333333,30,300,1.0,,,True,0.6333333333333333,0.01
a7_20260822T081428Z,2026-08-22T08:46:21+00:00,hyperplanes_n_features20_n_hyperplanes3_dim_hyperplanes5_seed22,daf152204bbd72927ebe009bee77245588374523bc0144bb5e7d3d282686d97e,f087808ca635cff7ff23816ed69bcf872092e3ee826c2b73a96b833594ccb0d5,B,L2,2.0,linear,35,35.0,6,9,0x37a73ff05100a2cc,U0-2pi,pennylane,,,,0,val_full,600,val,0.6,0.6152041451698986,0.5992474758156984,0.6261904835700989,0.0,0.0553386641482325,0.1107491445626746,60,30,1.0799935739923967,unknown,56488e26fdba,0.03,0.001 0.003 0.01 0.03,0.0458333333333333,30,300,1.0,,,True,0.6016666666666667,0.01
a7_20260822T081428Z,2026-08-22T08:46:22+00:00,hyperplanes_n_features20_n_hyperplanes3_dim_hyperplanes5_seed22,daf152204bbd72927ebe009bee77245588374523bc0144bb5e7d3d282686d97e,f087808ca635cff7ff23816ed69bcf872092e3ee826c2b73a96b833594ccb0d5,B,L2,2.0,h2,35,35.0,15,9,0x37a73ff05100a2cc,U0-2pi,pennylane,,,,0,test_full,1200,test,0.4925,0.4637410519763461,0.3342898134863701,0.5030952095985413,0.0,0.0052792180043228,0.0119231752034099,31,1,0.7626170170115074,unknown,56488e26fdba,0.01,0.001 0.003 0.01 0.03,0.0458333333333333,30,300,1.0,,,True,0.6333333333333333,0.01
a7_20260822T081428Z,2026-08-22T08:46:22+00:00,hyperplanes_n_features20_n_hyperplanes3_dim_hyperplanes5_seed22,daf152204bbd72927ebe009bee77245588374523bc0144bb5e7d3d282686d97e,f087808ca635cff7ff23816ed69bcf872092e3ee826c2b73a96b833594ccb0d5,B,L2,2.0,h2,35,35.0,15,9,0x37a73ff05100a2cc,U0-2pi,pennylane,,,,0,val_full,600,val,0.515,0.4806862657890055,0.3429940056669589,0.5030952095985413,0.0,0.0052792180043228,0.0119231752034099,31,1,0.7626170170115074,unknown,56488e26fdba,0.01,0.001 0.003 0.01 0.03,0.0458333333333333,30,300,1.0,,,True,0.6016666666666667,0.01
a7_20260822T081428Z,2026-08-22T08:46:23+00:00,hyperplanes_n_features20_n_hyperplanes3_dim_hyperplanes5_seed22,daf152204bbd72927ebe009bee77245588374523bc0144bb5e7d3d282686d97e,f087808ca635cff7ff23816ed69bcf872092e3ee826c2b73a96b833594ccb0d5,B,L2,2.0,h4,35,35.0,29,9,0x37a73ff05100a2cc,U0-2pi,pennylane,,,,0,test_full,1200,test,0.635,0.6507186207816459,0.6316758747697975,0.6197618842124939,0.0,0.013198649560935,0.0288066095541718,38,8,0.9529847279918612,unknown,56488e26fdba,0.01,0.001 0.003 0.01 0.03,0.0458333333333333,30,300,1.0,,,True,0.6333333333333333,0.01
a7_20260822T081428Z,2026-08-22T08:46:23+00:00,hyperplanes_n_features20_n_hyperplanes3_dim_hyperplanes5_seed22,daf152204bbd72927ebe009bee77245588374523bc0144bb5e7d3d282686d97e,f087808ca635cff7ff23816ed69bcf872092e3ee826c2b73a96b833594ccb0d5,B,L2,2.0,h4,35,35.0,29,9,0x37a73ff05100a2cc,U0-2pi,pennylane,,,,0,val_full,600,val,0.5983333333333334,0.6115237502223804,0.5916073329925353,0.6197618842124939,0.0,0.013198649560935,0.0288066095541718,38,8,0.9529847279918612,unknown,56488e26fdba,0.01,0.001 0.003 0.01 0.03,0.0458333333333333,30,300,1.0,,,True,0.6016666666666667,0.01
a7_20260822T081428Z,2026-08-22T08:46:26+00:00,hyperplanes_n_features20_n_hyperplanes3_dim_hyperplanes5_seed22,daf152204bbd72927ebe009bee77245588374523bc0144bb5e7d3d282686d97e,f087808ca635cff7ff23816ed69bcf872092e3ee826c2b73a96b833594ccb0d5,B,L2,2.0,h42,35,35.0,295,9,0x37a73ff05100a2cc,U0-2pi,pennylane,,,,0,test_full,1200,test,0.6708333333333333,0.7187736205593349,0.6701403991022807,0.6645237803459167,0.0,0.014375179433568,0.028588350526537,129,99,3.26619306000066,unknown,56488e26fdba,0.01,0.001 0.003 0.01 0.03,0.0458333333333333,30,300,1.0,,,True,0.6333333333333333,0.01
a7_20260822T081428Z,2026-08-22T08:46:26+00:00,hyperplanes_n_features20_n_hyperplanes3_dim_hyperplanes5_seed22,daf152204bbd72927ebe009bee77245588374523bc0144bb5e7d3d282686d97e,f087808ca635cff7ff23816ed69bcf872092e3ee826c2b73a96b833594ccb0d5,B,L2,2.0,h42,35,35.0,295,9,0x37a73ff05100a2cc,U0-2pi,pennylane,,,,0,val_full,600,val,0.6433333333333333,0.672811777263832,0.6401990674318507,0.6645237803459167,0.0,0.014375179433568,0.028588350526537,129,99,3.26619306000066,unknown,56488e26fdba,0.01,0.001 0.003 0.01 0.03,0.0458333333333333,30,300,1.0,,,True,0.6016666666666667,0.01
a7_20260822T081428Z,2026-08-22T08:46:35+00:00,hyperplanes_n_features20_n_hyperplanes3_dim_hyperplanes5_seed22,daf152204bbd72927ebe009bee77245588374523bc0144bb5e7d3d282686d97e,f087808ca635cff7ff23816ed69bcf872092e3ee826c2b73a96b833594ccb0d5,F,product,2.0,linear,35,20.0,6,7,0x9bb488a3f99e440c,U0-2pi,pennylane,,,,0,test_full,1200,test,0.8108333333333333,0.8528661464585834,0.8096402802285154,0.7938095331192017,0.6383631229400635,0.0160529279701122,0.0899248582547958,43,13,621.1698646529985,unknown,56488e26fdba,0.03,0.001 0.003 0.01 0.03,0.0458333333333333,30,300,1.0,,,False,,
a7_20260822T081428Z,2026-08-22T08:46:35+00:00,hyperplanes_n_features20_n_hyperplanes3_dim_hyperplanes5_seed22,daf152204bbd72927ebe009bee77245588374523bc0144bb5e7d3d282686d97e,f087808ca635cff7ff23816ed69bcf872092e3ee826c2b73a96b833594ccb0d5,F,product,2.0,linear,35,20.0,6,7,0x9bb488a3f99e440c,U0-2pi,pennylane,,,,0,val_full,600,val,0.8083333333333333,0.8499488525173456,0.8080982536941086,0.7938095331192017,0.6383631229400635,0.0160529279701122,0.0899248582547958,43,13,621.1698646529985,unknown,56488e26fdba,0.03,0.001 0.003 0.01 0.03,0.0458333333333333,30,300,1.0,,,False,,
a7_20260822T081428Z,2026-08-22T08:46:35+00:00,hyperplanes_n_features20_n_hyperplanes3_dim_hyperplanes5_seed22,daf152204bbd72927ebe009bee77245588374523bc0144bb5e7d3d282686d97e,f087808ca635cff7ff23816ed69bcf872092e3ee826c2b73a96b833594ccb0d5,A,L2,2.0,h4,35,35.0,29,3,0xdec7e07515164a44,U0-2pi,pennylane,,,,0,test_full,1200,test,0.8566666666666667,0.8967559245920591,0.8537311317411949,0.8390476107597351,0.9357057213783264,0.0050684621744199,0.0973542709920179,115,85,1877.5405905020016,unknown,56488e26fdba,0.01,0.001 0.003 0.01 0.03,0.0458333333333333,30,300,1.0,,,False,,
a7_20260822T081428Z,2026-08-22T08:46:35+00:00,hyperplanes_n_features20_n_hyperplanes3_dim_hyperplanes5_seed22,daf152204bbd72927ebe009bee77245588374523bc0144bb5e7d3d282686d97e,f087808ca635cff7ff23816ed69bcf872092e3ee826c2b73a96b833594ccb0d5,A,L2,2.0,h4,35,35.0,29,3,0xdec7e07515164a44,U0-2pi,pennylane,,,,0,val_full,600,val,0.8566666666666667,0.8922011207970112,0.8554071018651364,0.8390476107597351,0.9357057213783264,0.0050684621744199,0.0973542709920179,115,85,1877.5405905020016,unknown,56488e26fdba,0.01,0.001 0.003 0.01 0.03,0.0458333333333333,30,300,1.0,,,False,,
a7_20260822T081428Z,2026-08-22T08:46:43+00:00,hyperplanes_n_features20_n_hyperplanes3_dim_hyperplanes5_seed22,daf152204bbd72927ebe009bee77245588374523bc0144bb5e7d3d282686d97e,f087808ca635cff7ff23816ed69bcf872092e3ee826c2b73a96b833594ccb0d5,A,L1,2.0,h4,35,35.0,29,6,0x7f041defed10b1c8,U0-2pi,pennylane,,,,0,test_full,1200,test,0.8416666666666667,0.8795268107242897,0.8405143830844518,0.8197619318962097,0.9761308431625366,0.0310815568877493,0.2512771518234041,82,52,1316.0779329419893,unknown,56488e26fdba,0.01,0.001 0.003 0.01 0.03,0.0458333333333333,30,300,1.0,,,False,,
a7_20260822T081428Z,2026-08-22T08:46:43+00:00,hyperplanes_n_features20_n_hyperplanes3_dim_hyperplanes5_seed22,daf152204bbd72927ebe009bee77245588374523bc0144bb5e7d3d282686d97e,f087808ca635cff7ff23816ed69bcf872092e3ee826c2b73a96b833594ccb0d5,A,L1,2.0,h4,35,35.0,29,6,0x7f041defed10b1c8,U0-2pi,pennylane,,,,0,val_full,600,val,0.8383333333333334,0.87359900373599,0.8380052940537923,0.8197619318962097,0.9761308431625366,0.0310815568877493,0.2512771518234041,82,52,1316.0779329419893,unknown,56488e26fdba,0.01,0.001 0.003 0.01 0.03,0.0458333333333333,30,300,1.0,,,False,,
a7_20260822T081428Z,2026-08-22T08:46:55+00:00,hyperplanes_n_features20_n_hyperplanes3_dim_hyperplanes5_seed22,daf152204bbd72927ebe009bee77245588374523bc0144bb5e7d3d282686d97e,f087808ca635cff7ff23816ed69bcf872092e3ee826c2b73a96b833594ccb0d5,F,product,2.0,h2,35,20.0,15,7,0x9bb488a3f99e440c,U0-2pi,pennylane,,,,0,test_full,1200,test,0.49,0.5,0.3288590604026846,0.5009523630142212,0.0,0.0097554358733151,0.0080520353737871,43,13,624.0582935049897,unknown,56488e26fdba,0.03,0.001 0.003 0.01 0.03,0.0458333333333333,30,300,1.0,,,False,,
a7_20260822T081428Z,2026-08-22T08:46:55+00:00,hyperplanes_n_features20_n_hyperplanes3_dim_hyperplanes5_seed22,daf152204bbd72927ebe009bee77245588374523bc0144bb5e7d3d282686d97e,f087808ca635cff7ff23816ed69bcf872092e3ee826c2b73a96b833594ccb0d5,F,product,2.0,h2,35,20.0,15,7,0x9bb488a3f99e440c,U0-2pi,pennylane,,,,0,val_full,600,val,0.5133333333333333,0.5,0.3392070484581498,0.5009523630142212,0.0,0.0097554358733151,0.0080520353737871,43,13,624.0582935049897,unknown,56488e26fdba,0.03,0.001 0.003 0.01 0.03,0.0458333333333333,30,300,1.0,,,False,,
a7_20260822T081428Z,2026-08-22T08:46:56+00:00,hyperplanes_n_features20_n_hyperplanes3_dim_hyperplanes5_seed22,daf152204bbd72927ebe009bee77245588374523bc0144bb5e7d3d282686d97e,f087808ca635cff7ff23816ed69bcf872092e3ee826c2b73a96b833594ccb0d5,E,,,linear,0,,6,9,,,pennylane,,,,0,test_full,1200,test,0.7958333333333333,0.8382019474456449,0.7949446176100725,0.7745237946510315,0.0,0.0455119409107451,0.0446891824285679,56,26,1.0048359789943788,unknown,56488e26fdba,0.1,0.001 0.003 0.01 0.03 0.1,0.0458333333333333,30,300,1.0,,,True,0.775,1e-06
a7_20260822T081428Z,2026-08-22T08:46:56+00:00,hyperplanes_n_features20_n_hyperplanes3_dim_hyperplanes5_seed22,daf152204bbd72927ebe009bee77245588374523bc0144bb5e7d3d282686d97e,f087808ca635cff7ff23816ed69bcf872092e3ee826c2b73a96b833594ccb0d5,E,,,linear,0,,6,9,,,pennylane,,,,0,val_full,600,val,0.8033333333333333,0.8412982565379826,0.8032786885245902,0.7745237946510315,0.0,0.0455119409107451,0.0446891824285679,56,26,1.0048359789943788,unknown,56488e26fdba,0.1,0.001 0.003 0.01 0.03 0.1,0.0458333333333333,30,300,1.0,,,True,0.775,1e-06
a7_20260822T081428Z,2026-08-22T08:46:57+00:00,hyperplanes_n_features20_n_hyperplanes3_dim_hyperplanes5_seed22,daf152204bbd72927ebe009bee77245588374523bc0144bb5e7d3d282686d97e,f087808ca635cff7ff23816ed69bcf872092e3ee826c2b73a96b833594ccb0d5,E,,,h2,0,,15,9,,,pennylane,,,,0,test_full,1200,test,0.49,0.5,0.3288590604026846,0.5009523630142212,0.0,0.0028937807515857,0.0169356254274017,36,6,0.87473696199595,unknown,56488e26fdba,0.1,0.001 0.003 0.01 0.03 0.1,0.0458333333333333,30,300,1.0,,,True,0.775,1e-06
a7_20260822T081428Z,2026-08-22T08:46:57+00:00,hyperplanes_n_features20_n_hyperplanes3_dim_hyperplanes5_seed22,daf152204bbd72927ebe009bee77245588374523bc0144bb5e7d3d282686d97e,f087808ca635cff7ff23816ed69bcf872092e3ee826c2b73a96b833594ccb0d5,E,,,h2,0,,15,9,,,pennylane,,,,0,val_full,600,val,0.5133333333333333,0.5,0.3392070484581498,0.5009523630142212,0.0,0.0028937807515857,0.0169356254274017,36,6,0.87473696199595,unknown,56488e26fdba,0.1,0.001 0.003 0.01 0.03 0.1,0.0458333333333333,30,300,1.0,,,True,0.775,1e-06
a7_20260822T081428Z,2026-08-22T08:46:58+00:00,hyperplanes_n_features20_n_hyperplanes3_dim_hyperplanes5_seed22,daf152204bbd72927ebe009bee77245588374523bc0144bb5e7d3d282686d97e,f087808ca635cff7ff23816ed69bcf872092e3ee826c2b73a96b833594ccb0d5,E,,,h4,0,,29,9,,,pennylane,,,,0,test_full,1200,test,0.8766666666666667,0.9103113467609268,0.8753355271285617,0.8702380657196045,0.0,0.0134917955574456,0.0281563483376238,54,24,1.347679701008019,unknown,56488e26fdba,0.1,0.001 0.003 0.01 0.03 0.1,0.0458333333333333,30,300,1.0,,,True,0.775,1e-06
a7_20260822T081428Z,2026-08-22T08:46:58+00:00,hyperplanes_n_features20_n_hyperplanes3_dim_hyperplanes5_seed22,daf152204bbd72927ebe009bee77245588374523bc0144bb5e7d3d282686d97e,f087808ca635cff7ff23816ed69bcf872092e3ee826c2b73a96b833594ccb0d5,E,,,h4,0,,29,9,,,pennylane,,,,0,val_full,600,val,0.88,0.9043208503824942,0.8793511774431386,0.8702380657196045,0.0,0.0134917955574456,0.0281563483376238,54,24,1.347679701008019,unknown,56488e26fdba,0.1,0.001 0.003 0.01 0.03 0.1,0.0458333333333333,30,300,1.0,,,True,0.775,1e-06
a7_20260822T081428Z,2026-08-22T08:47:02+00:00,hyperplanes_n_features20_n_hyperplanes3_dim_hyperplanes5_seed22,daf152204bbd72927ebe009bee77245588374523bc0144bb5e7d3d282686d97e,f087808ca635cff7ff23816ed69bcf872092e3ee826c2b73a96b833594ccb0d5,E,,,h42,0,,295,9,,,pennylane,,,,0,test_full,1200,test,0.9775,0.998140923035881,0.9774973590650567,0.9866666793823242,0.0,0.0129340140253616,0.0105401124138546,148,118,3.741086398003972,unknown,56488e26fdba,0.01,0.001 0.003 0.01 0.03 0.1,0.0458333333333333,30,300,1.0,,,True,0.775,1e-06
a7_20260822T081428Z,2026-08-22T08:47:02+00:00,hyperplanes_n_features20_n_hyperplanes3_dim_hyperplanes5_seed22,daf152204bbd72927ebe009bee77245588374523bc0144bb5e7d3d282686d97e,f087808ca635cff7ff23816ed69bcf872092e3ee826c2b73a96b833594ccb0d5,E,,,h42,0,,295,9,,,pennylane,,,,0,val_full,600,val,0.9716666666666668,0.9950853940579968,0.9716382261100716,0.9866666793823242,0.0,0.0129340140253616,0.0105401124138546,148,118,3.741086398003972,unknown,56488e26fdba,0.01,0.001 0.003 0.01 0.03 0.1,0.0458333333333333,30,300,1.0,,,True,0.775,1e-06
a7_20260822T081428Z,2026-08-22T08:47:03+00:00,hyperplanes_n_features20_n_hyperplanes3_dim_hyperplanes5_seed22,daf152204bbd72927ebe009bee77245588374523bc0144bb5e7d3d282686d97e,f087808ca635cff7ff23816ed69bcf872092e3ee826c2b73a96b833594ccb0d5,D_matched,,2.0,linear,30,,6,9,0xa62498f8735d06b9,RFF-int-spectrum-U0-2pi,pennylane,,,,0,test_full,1200,test,0.6775,0.7360694277711084,0.6736102960348993,0.6657142639160156,0.0,0.0707131731680672,0.0721041641233054,78,48,1.4156660870066844,unknown,56488e26fdba,0.03,0.001 0.003 0.01 0.03,0.0458333333333333,30,300,1.0,,0xa62498f8735d06b9,True,0.6766666666666666,1.0
a7_20260822T081428Z,2026-08-22T08:47:03+00:00,hyperplanes_n_features20_n_hyperplanes3_dim_hyperplanes5_seed22,daf152204bbd72927ebe009bee77245588374523bc0144bb5e7d3d282686d97e,f087808ca635cff7ff23816ed69bcf872092e3ee826c2b73a96b833594ccb0d5,D_matched,,2.0,linear,30,,6,9,0xa62498f8735d06b9,RFF-int-spectrum-U0-2pi,pennylane,,,,0,val_full,600,val,0.705,0.7510451876890233,0.7034770250536785,0.6657142639160156,0.0,0.0707131731680672,0.0721041641233054,78,48,1.4156660870066844,unknown,56488e26fdba,0.03,0.001 0.003 0.01 0.03,0.0458333333333333,30,300,1.0,,0xa62498f8735d06b9,True,0.6766666666666666,1.0
a7_20260822T081428Z,2026-08-22T08:47:04+00:00,hyperplanes_n_features20_n_hyperplanes3_dim_hyperplanes5_seed22,daf152204bbd72927ebe009bee77245588374523bc0144bb5e7d3d282686d97e,f087808ca635cff7ff23816ed69bcf872092e3ee826c2b73a96b833594ccb0d5,D_matched,,2.0,h2,30,,15,9,0xa62498f8735d06b9,RFF-int-spectrum-U0-2pi,pennylane,,,,0,test_full,1200,test,0.6891666666666667,0.7416244275487973,0.6891405458375321,0.6728571653366089,0.0,0.009115318534071,0.0561869551924737,46,16,1.126491476999945,unknown,56488e26fdba,0.01,0.001 0.003 0.01 0.03,0.0458333333333333,30,300,1.0,,0xa62498f8735d06b9,True,0.6766666666666666,1.0
a7_20260822T081428Z,2026-08-22T08:47:04+00:00,hyperplanes_n_features20_n_hyperplanes3_dim_hyperplanes5_seed22,daf152204bbd72927ebe009bee77245588374523bc0144bb5e7d3d282686d97e,f087808ca635cff7ff23816ed69bcf872092e3ee826c2b73a96b833594ccb0d5,D_matched,,2.0,h2,30,,15,9,0xa62498f8735d06b9,RFF-int-spectrum-U0-2pi,pennylane,,,,0,val_full,600,val,0.705,0.7440624444049101,0.7044869565217391,0.6728571653366089,0.0,0.009115318534071,0.0561869551924737,46,16,1.126491476999945,unknown,56488e26fdba,0.01,0.001 0.003 0.01 0.03,0.0458333333333333,30,300,1.0,,0xa62498f8735d06b9,True,0.6766666666666666,1.0
a7_20260822T081428Z,2026-08-22T08:47:07+00:00,hyperplanes_n_features20_n_hyperplanes3_dim_hyperplanes5_seed22,daf152204bbd72927ebe009bee77245588374523bc0144bb5e7d3d282686d97e,f087808ca635cff7ff23816ed69bcf872092e3ee826c2b73a96b833594ccb0d5,D_matched,,2.0,h2,30,,15,9,0xa62498f8735d06b9,RFF-int-spectrum-U0-2pi,pennylane,,,,0,test_full,1200,test,0.6858333333333333,0.7379507358498956,0.6857842371203834,0.6600000262260437,0.0,0.009115318534071,0.0512421473532617,111,81,2.73786474300141,unknown,56488e26fdba,0.03,0.001 0.003 0.01 0.03,0.0458333333333333,30,300,1.0,,0xa62498f8735d06b9,True,0.6766666666666666,1.0
a7_20260822T081428Z,2026-08-22T08:47:07+00:00,hyperplanes_n_features20_n_hyperplanes3_dim_hyperplanes5_seed22,daf152204bbd72927ebe009bee77245588374523bc0144bb5e7d3d282686d97e,f087808ca635cff7ff23816ed69bcf872092e3ee826c2b73a96b833594ccb0d5,D_matched,,2.0,h2,30,,15,9,0xa62498f8735d06b9,RFF-int-spectrum-U0-2pi,pennylane,,,,0,val_full,600,val,0.7033333333333334,0.7524239459170967,0.7032146191810058,0.6600000262260437,0.0,0.009115318534071,0.0512421473532617,111,81,2.73786474300141,unknown,56488e26fdba,0.03,0.001 0.003 0.01 0.03,0.0458333333333333,30,300,1.0,,0xa62498f8735d06b9,True,0.6766666666666666,1.0
a7_20260822T081428Z,2026-08-22T08:47:08+00:00,hyperplanes_n_features20_n_hyperplanes3_dim_hyperplanes5_seed22,daf152204bbd72927ebe009bee77245588374523bc0144bb5e7d3d282686d97e,f087808ca635cff7ff23816ed69bcf872092e3ee826c2b73a96b833594ccb0d5,D_matched,,2.0,h4,30,,29,9,0xa62498f8735d06b9,RFF-int-spectrum-U0-2pi,pennylane,,,,0,test_full,1200,test,0.7116666666666667,0.7779097750211196,0.7094845730150912,0.6871428489685059,0.0,0.0234599684374801,0.1301582774049277,42,12,1.037106801988557,unknown,56488e26fdba,0.01,0.001 0.003 0.01 0.03,0.0458333333333333,30,300,1.0,,0xa62498f8735d06b9,True,0.6766666666666666,1.0
a7_20260822T081428Z,2026-08-22T08:47:08+00:00,hyperplanes_n_features20_n_hyperplanes3_dim_hyperplanes5_seed22,daf152204bbd72927ebe009bee77245588374523bc0144bb5e7d3d282686d97e,f087808ca635cff7ff23816ed69bcf872092e3ee826c2b73a96b833594ccb0d5,D_matched,,2.0,h4,30,,29,9,0xa62498f8735d06b9,RFF-int-spectrum-U0-2pi,pennylane,,,,0,val_full,600,val,0.7083333333333334,0.7820227717487991,0.7074483646363583,0.6871428489685059,0.0,0.0234599684374801,0.1301582774049277,42,12,1.037106801988557,unknown,56488e26fdba,0.01,0.001 0.003 0.01 0.03,0.0458333333333333,30,300,1.0,,0xa62498f8735d06b9,True,0.6766666666666666,1.0
a7_20260822T081428Z,2026-08-22T08:47:10+00:00,hyperplanes_n_features20_n_hyperplanes3_dim_hyperplanes5_seed22,daf152204bbd72927ebe009bee77245588374523bc0144bb5e7d3d282686d97e,f087808ca635cff7ff23816ed69bcf872092e3ee826c2b73a96b833594ccb0d5,D_matched,,2.0,h42,30,,295,9,0xa62498f8735d06b9,RFF-int-spectrum-U0-2pi,pennylane,,,,0,test_full,1200,test,0.745,0.8167961629096083,0.7428391343931648,0.7366666793823242,0.0,0.0228390032832472,0.0378781248717858,74,44,1.86783093700069,unknown,56488e26fdba,0.01,0.001 0.003 0.01 0.03,0.0458333333333333,30,300,1.0,,0xa62498f8735d06b9,True,0.6766666666666666,1.0
a7_20260822T081428Z,2026-08-22T08:47:10+00:00,hyperplanes_n_features20_n_hyperplanes3_dim_hyperplanes5_seed22,daf152204bbd72927ebe009bee77245588374523bc0144bb5e7d3d282686d97e,f087808ca635cff7ff23816ed69bcf872092e3ee826c2b73a96b833594ccb0d5,D_matched,,2.0,h42,30,,295,9,0xa62498f8735d06b9,RFF-int-spectrum-U0-2pi,pennylane,,,,0,val_full,600,val,0.7516666666666667,0.813000355808575,0.7513620852210625,0.7366666793823242,0.0,0.0228390032832472,0.0378781248717858,74,44,1.86783093700069,unknown,56488e26fdba,0.01,0.001 0.003 0.01 0.03,0.0458333333333333,30,300,1.0,,0xa62498f8735d06b9,True,0.6766666666666666,1.0
a7_20260822T081428Z,2026-08-22T08:47:13+00:00,hyperplanes_n_features20_n_hyperplanes3_dim_hyperplanes5_seed22,daf152204bbd72927ebe009bee77245588374523bc0144bb5e7d3d282686d97e,f087808ca635cff7ff23816ed69bcf872092e3ee826c2b73a96b833594ccb0d5,D_best,,2.0,linear,192,,33,9,0x82d30d660e805c92,RFF-int-spectrum-U0-2pi,pennylane,,,,0,test_full,1200,test,0.8383333333333334,0.8870214752567693,0.8375372659364217,0.813095211982727,0.0,0.0688526077793675,0.0243591526131621,149,119,2.767525119998026,unknown,56488e26fdba,0.03,0.001 0.003 0.01 0.03,0.0458333333333333,30,300,1.0,32.0,0x82d30d660e805c92,True,0.8133333333333334,1e-06
a7_20260822T081428Z,2026-08-22T08:47:13+00:00,hyperplanes_n_features20_n_hyperplanes3_dim_hyperplanes5_seed22,daf152204bbd72927ebe009bee77245588374523bc0144bb5e7d3d282686d97e,f087808ca635cff7ff23816ed69bcf872092e3ee826c2b73a96b833594ccb0d5,D_best,,2.0,linear,192,,33,9,0x82d30d660e805c92,RFF-int-spectrum-U0-2pi,pennylane,,,,0,val_full,600,val,0.8316666666666667,0.8778242305639565,0.8316100689398381,0.813095211982727,0.0,0.0688526077793675,0.0243591526131621,149,119,2.767525119998026,unknown,56488e26fdba,0.03,0.001 0.003 0.01 0.03,0.0458333333333333,30,300,1.0,32.0,0x82d30d660e805c92,True,0.8016666666666666,1e-06
a7_20260822T081428Z,2026-08-22T08:47:16+00:00,hyperplanes_n_features20_n_hyperplanes3_dim_hyperplanes5_seed22,daf152204bbd72927ebe009bee77245588374523bc0144bb5e7d3d282686d97e,f087808ca635cff7ff23816ed69bcf872092e3ee826c2b73a96b833594ccb0d5,D_best,,2.0,linear,768,,129,9,0x709aa72cd73e2b60,RFF-int-spectrum-U0-2pi,pennylane,,,,0,test_full,1200,test,0.8441666666666666,0.9046090658485616,0.842618977317916,0.8280952572822571,0.0,0.1166551687535528,0.0563464519986074,190,160,3.611301750002895,unknown,56488e26fdba,0.01,0.001 0.003 0.01 0.03,0.0458333333333333,30,300,1.0,128.0,0x709aa72cd73e2b60,True,0.8241666666666667,1e-06
a7_20260822T081428Z,2026-08-22T08:47:16+00:00,hyperplanes_n_features20_n_hyperplanes3_dim_hyperplanes5_seed22,daf152204bbd72927ebe009bee77245588374523bc0144bb5e7d3d282686d97e,f087808ca635cff7ff23816ed69bcf872092e3ee826c2b73a96b833594ccb0d5,D_best,,2.0,linear,768,,129,9,0x709aa72cd73e2b60,RFF-int-spectrum-U0-2pi,pennylane,,,,0,val_full,600,val,0.84,0.889988436221313,0.8397845992946071,0.8280952572822571,0.0,0.1166551687535528,0.0563464519986074,190,160,3.611301750002895,unknown,56488e26fdba,0.01,0.001 0.003 0.01 0.03,0.0458333333333333,30,300,1.0,128.0,0x709aa72cd73e2b60,True,0.8366666666666667,1e-06
a7_20260822T081428Z,2026-08-22T08:47:19+00:00,hyperplanes_n_features20_n_hyperplanes3_dim_hyperplanes5_seed22,daf152204bbd72927ebe009bee77245588374523bc0144bb5e7d3d282686d97e,f087808ca635cff7ff23816ed69bcf872092e3ee826c2b73a96b833594ccb0d5,D_best,,2.0,linear,3072,,513,9,0xf6b1cc10b76179ab,RFF-int-spectrum-U0-2pi,pennylane,,,,0,test_full,1200,test,0.8483333333333334,0.9067432528566982,0.8472727272727273,0.8321428298950195,0.0,0.0919436794455586,0.024949826149581,92,62,2.0991302949987585,unknown,56488e26fdba,0.003,0.001 0.003 0.01 0.03,0.0458333333333333,30,300,1.0,512.0,0xf6b1cc10b76179ab,True,0.8408333333333333,0.0001
a7_20260822T081428Z,2026-08-22T08:47:19+00:00,hyperplanes_n_features20_n_hyperplanes3_dim_hyperplanes5_seed22,daf152204bbd72927ebe009bee77245588374523bc0144bb5e7d3d282686d97e,f087808ca635cff7ff23816ed69bcf872092e3ee826c2b73a96b833594ccb0d5,D_best,,2.0,linear,3072,,513,9,0xf6b1cc10b76179ab,RFF-int-spectrum-U0-2pi,pennylane,,,,0,val_full,600,val,0.8516666666666667,0.8939912826899129,0.8514086956521739,0.8321428298950195,0.0,0.0919436794455586,0.024949826149581,92,62,2.0991302949987585,unknown,56488e26fdba,0.003,0.001 0.003 0.01 0.03,0.0458333333333333,30,300,1.0,512.0,0xf6b1cc10b76179ab,True,0.8416666666666667,0.0001
a7_20260822T081428Z,2026-08-22T08:47:19+00:00,hyperplanes_n_features20_n_hyperplanes3_dim_hyperplanes5_seed22,daf152204bbd72927ebe009bee77245588374523bc0144bb5e7d3d282686d97e,f087808ca635cff7ff23816ed69bcf872092e3ee826c2b73a96b833594ccb0d5,A,L1,2.0,linear,35,35.0,6,1,0x1ddc9c443a3565bb,U0-2pi,pennylane,,,,0,test_full,1200,test,0.825,0.8720265884131431,0.8240100565681961,0.808571457862854,1.0392900705337524,0.0139058030327931,0.3235798886799934,117,87,1922.5376962930025,unknown,56488e26fdba,0.03,0.001 0.003 0.01 0.03,0.0458333333333333,30,300,1.0,,,False,,
a7_20260822T081428Z,2026-08-22T08:47:19+00:00,hyperplanes_n_features20_n_hyperplanes3_dim_hyperplanes5_seed22,daf152204bbd72927ebe009bee77245588374523bc0144bb5e7d3d282686d97e,f087808ca635cff7ff23816ed69bcf872092e3ee826c2b73a96b833594ccb0d5,A,L1,2.0,linear,35,35.0,6,1,0x1ddc9c443a3565bb,U0-2pi,pennylane,,,,0,val_full,600,val,0.8316666666666667,0.8696628713752002,0.831497696301013,0.808571457862854,1.0392900705337524,0.0139058030327931,0.3235798886799934,117,87,1922.5376962930025,unknown,56488e26fdba,0.03,0.001 0.003 0.01 0.03,0.0458333333333333,30,300,1.0,,,False,,
a7_20260822T081428Z,2026-08-22T08:47:27+00:00,hyperplanes_n_features20_n_hyperplanes3_dim_hyperplanes5_seed22,daf152204bbd72927ebe009bee77245588374523bc0144bb5e7d3d282686d97e,f087808ca635cff7ff23816ed69bcf872092e3ee826c2b73a96b833594ccb0d5,A,L2,2.0,h42,35,35.0,295,4,0xc9f964aa2896fb2f,U0-2pi,pennylane,,,,0,test_full,1200,test,0.945,0.987959072517896,0.9448228199440424,0.9373809695243835,0.7241387367248535,0.003314844428918,0.0697149538931084,118,88,1902.8565003340043,unknown,56488e26fdba,0.01,0.001 0.003 0.01 0.03,0.0458333333333333,30,300,1.0,,,False,,
a7_20260822T081428Z,2026-08-22T08:47:27+00:00,hyperplanes_n_features20_n_hyperplanes3_dim_hyperplanes5_seed22,daf152204bbd72927ebe009bee77245588374523bc0144bb5e7d3d282686d97e,f087808ca635cff7ff23816ed69bcf872092e3ee826c2b73a96b833594ccb0d5,A,L2,2.0,h42,35,35.0,295,4,0xc9f964aa2896fb2f,U0-2pi,pennylane,,,,0,val_full,600,val,0.925,0.9782623198719088,0.9249947913049518,0.9373809695243835,0.7241387367248535,0.003314844428918,0.0697149538931084,118,88,1902.8565003340043,unknown,56488e26fdba,0.01,0.001 0.003 0.01 0.03,0.0458333333333333,30,300,1.0,,,False,,
a7_20260822T081428Z,2026-08-22T08:47:44+00:00,hyperplanes_n_features20_n_hyperplanes3_dim_hyperplanes5_seed22,daf152204bbd72927ebe009bee77245588374523bc0144bb5e7d3d282686d97e,f087808ca635cff7ff23816ed69bcf872092e3ee826c2b73a96b833594ccb0d5,A,L1,2.0,h2,35,35.0,15,1,0x1ddc9c443a3565bb,U0-2pi,pennylane,,,,0,test_full,1200,test,0.855,0.9073101462807344,0.8521711303244589,0.8428571224212646,1.076567530632019,0.0047089393304098,0.1052134083275878,120,90,1947.4618047519907,unknown,56488e26fdba,0.03,0.001 0.003 0.01 0.03,0.0458333333333333,30,300,1.0,,,False,,
a7_20260822T081428Z,2026-08-22T08:47:44+00:00,hyperplanes_n_features20_n_hyperplanes3_dim_hyperplanes5_seed22,daf152204bbd72927ebe009bee77245588374523bc0144bb5e7d3d282686d97e,f087808ca635cff7ff23816ed69bcf872092e3ee826c2b73a96b833594ccb0d5,A,L1,2.0,h2,35,35.0,15,1,0x1ddc9c443a3565bb,U0-2pi,pennylane,,,,0,val_full,600,val,0.8533333333333334,0.899472958548301,0.8522233666203931,0.8428571224212646,1.076567530632019,0.0047089393304098,0.1052134083275878,120,90,1947.4618047519907,unknown,56488e26fdba,0.03,0.001 0.003 0.01 0.03,0.0458333333333333,30,300,1.0,,,False,,
a7_20260822T081428Z,2026-08-22T08:48:53+00:00,hyperplanes_n_features20_n_hyperplanes3_dim_hyperplanes5_seed22,daf152204bbd72927ebe009bee77245588374523bc0144bb5e7d3d282686d97e,f087808ca635cff7ff23816ed69bcf872092e3ee826c2b73a96b833594ccb0d5,F,product,2.0,linear,35,20.0,6,8,0x4d0090b0ff939975,U0-2pi,pennylane,,,,0,test_full,1200,test,0.8183333333333334,0.8504401760704281,0.816242582269376,0.8040476441383362,0.693260133266449,0.0341025280713841,0.0738177359940251,36,6,528.6118771470065,unknown,56488e26fdba,0.03,0.001 0.003 0.01 0.03,0.0458333333333333,30,300,1.0,,,False,,
a7_20260822T081428Z,2026-08-22T08:48:53+00:00,hyperplanes_n_features20_n_hyperplanes3_dim_hyperplanes5_seed22,daf152204bbd72927ebe009bee77245588374523bc0144bb5e7d3d282686d97e,f087808ca635cff7ff23816ed69bcf872092e3ee826c2b73a96b833594ccb0d5,F,product,2.0,linear,35,20.0,6,8,0x4d0090b0ff939975,U0-2pi,pennylane,,,,0,val_full,600,val,0.815,0.848058619462729,0.8143683367012752,0.8040476441383362,0.693260133266449,0.0341025280713841,0.0738177359940251,36,6,528.6118771470065,unknown,56488e26fdba,0.03,0.001 0.003 0.01 0.03,0.0458333333333333,30,300,1.0,,,False,,
a7_20260822T081428Z,2026-08-22T08:49:09+00:00,hyperplanes_n_features20_n_hyperplanes3_dim_hyperplanes5_seed22,daf152204bbd72927ebe009bee77245588374523bc0144bb5e7d3d282686d97e,f087808ca635cff7ff23816ed69bcf872092e3ee826c2b73a96b833594ccb0d5,B,L1,2.0,linear,35,35.0,6,10,0x7a100d81f77e2599,U0-2pi,pennylane,,,,0,test_full,1200,test,0.7308333333333333,0.7713641011960339,0.7298877528905007,0.7202380895614624,0.0,0.0204115854185777,0.0293083870310312,139,109,2.5353025610093027,unknown,56488e26fdba,0.03,0.001 0.003 0.01 0.03,0.0458333333333333,30,300,1.0,,,True,0.7025,1e-06
a7_20260822T081428Z,2026-08-22T08:49:09+00:00,hyperplanes_n_features20_n_hyperplanes3_dim_hyperplanes5_seed22,daf152204bbd72927ebe009bee77245588374523bc0144bb5e7d3d282686d97e,f087808ca635cff7ff23816ed69bcf872092e3ee826c2b73a96b833594ccb0d5,B,L1,2.0,linear,35,35.0,6,10,0x7a100d81f77e2599,U0-2pi,pennylane,,,,0,val_full,600,val,0.755,0.7768635474114925,0.7547540728341475,0.7202380895614624,0.0,0.0204115854185777,0.0293083870310312,139,109,2.5353025610093027,unknown,56488e26fdba,0.03,0.001 0.003 0.01 0.03,0.0458333333333333,30,300,1.0,,,True,0.7266666666666667,1e-06
a7_20260822T081428Z,2026-08-22T08:49:11+00:00,hyperplanes_n_features20_n_hyperplanes3_dim_hyperplanes5_seed22,daf152204bbd72927ebe009bee77245588374523bc0144bb5e7d3d282686d97e,f087808ca635cff7ff23816ed69bcf872092e3ee826c2b73a96b833594ccb0d5,B,L1,2.0,h2,35,35.0,15,10,0x7a100d81f77e2599,U0-2pi,pennylane,,,,0,test_full,1200,test,0.49,0.5,0.3288590604026846,0.5009523630142212,0.0,0.0166807305328205,0.0103554166660368,56,26,1.419688274996588,unknown,56488e26fdba,0.03,0.001 0.003 0.01 0.03,0.0458333333333333,30,300,1.0,,,True,0.7025,1e-06
a7_20260822T081428Z,2026-08-22T08:49:11+00:00,hyperplanes_n_features20_n_hyperplanes3_dim_hyperplanes5_seed22,daf152204bbd72927ebe009bee77245588374523bc0144bb5e7d3d282686d97e,f087808ca635cff7ff23816ed69bcf872092e3ee826c2b73a96b833594ccb0d5,B,L1,2.0,h2,35,35.0,15,10,0x7a100d81f77e2599,U0-2pi,pennylane,,,,0,val_full,600,val,0.5133333333333333,0.5,0.3392070484581498,0.5009523630142212,0.0,0.0166807305328205,0.0103554166660368,56,26,1.419688274996588,unknown,56488e26fdba,0.03,0.001 0.003 0.01 0.03,0.0458333333333333,30,300,1.0,,,True,0.7266666666666667,1e-06
a7_20260822T081428Z,2026-08-22T08:49:14+00:00,hyperplanes_n_features20_n_hyperplanes3_dim_hyperplanes5_seed22,daf152204bbd72927ebe009bee77245588374523bc0144bb5e7d3d282686d97e,f087808ca635cff7ff23816ed69bcf872092e3ee826c2b73a96b833594ccb0d5,B,L1,2.0,h4,35,35.0,29,10,0x7a100d81f77e2599,U0-2pi,pennylane,,,,0,test_full,1200,test,0.7266666666666667,0.7904245031345871,0.7260701082357133,0.7133333086967468,0.0,0.0611940499245854,0.3764522217703668,115,85,2.888556043995777,unknown,56488e26fdba,0.01,0.001 0.003 0.01 0.03,0.0458333333333333,30,300,1.0,,,True,0.7025,1e-06
a7_20260822T081428Z,2026-08-22T08:49:14+00:00,hyperplanes_n_features20_n_hyperplanes3_dim_hyperplanes5_seed22,daf152204bbd72927ebe009bee77245588374523bc0144bb5e7d3d282686d97e,f087808ca635cff7ff23816ed69bcf872092e3ee826c2b73a96b833594ccb0d5,B,L1,2.0,h4,35,35.0,29,10,0x7a100d81f77e2599,U0-2pi,pennylane,,,,0,val_full,600,val,0.7366666666666667,0.7815557729941291,0.7366198435277382,0.7133333086967468,0.0,0.0611940499245854,0.3764522217703668,115,85,2.888556043995777,unknown,56488e26fdba,0.01,0.001 0.003 0.01 0.03,0.0458333333333333,30,300,1.0,,,True,0.7266666666666667,1e-06
a7_20260822T081428Z,2026-08-22T08:49:17+00:00,hyperplanes_n_features20_n_hyperplanes3_dim_hyperplanes5_seed22,daf152204bbd72927ebe009bee77245588374523bc0144bb5e7d3d282686d97e,f087808ca635cff7ff23816ed69bcf872092e3ee826c2b73a96b833594ccb0d5,B,L1,2.0,h42,35,35.0,295,10,0x7a100d81f77e2599,U0-2pi,pennylane,,,,0,test_full,1200,test,0.7825,0.8400610244097639,0.7819729498878887,0.7638095021247864,0.0,0.0106911413299857,0.0151090043975223,125,95,3.199277014005929,unknown,56488e26fdba,0.01,0.001 0.003 0.01 0.03,0.0458333333333333,30,300,1.0,,,True,0.7025,1e-06
a7_20260822T081428Z,2026-08-22T08:49:17+00:00,hyperplanes_n_features20_n_hyperplanes3_dim_hyperplanes5_seed22,daf152204bbd72927ebe009bee77245588374523bc0144bb5e7d3d282686d97e,f087808ca635cff7ff23816ed69bcf872092e3ee826c2b73a96b833594ccb0d5,B,L1,2.0,h42,35,35.0,295,10,0x7a100d81f77e2599,U0-2pi,pennylane,,,,0,val_full,600,val,0.7833333333333333,0.8198163138231632,0.7832948079658606,0.7638095021247864,0.0,0.0106911413299857,0.0151090043975223,125,95,3.199277014005929,unknown,56488e26fdba,0.01,0.001 0.003 0.01 0.03,0.0458333333333333,30,300,1.0,,,True,0.7266666666666667,1e-06
a7_20260822T081428Z,2026-08-22T08:50:02+00:00,hyperplanes_n_features20_n_hyperplanes3_dim_hyperplanes5_seed22,daf152204bbd72927ebe009bee77245588374523bc0144bb5e7d3d282686d97e,f087808ca635cff7ff23816ed69bcf872092e3ee826c2b73a96b833594ccb0d5,A,L1,2.0,h42,35,35.0,295,3,0xe98c84d46f8b02b7,U0-2pi,pennylane,,,,0,test_full,1200,test,0.9608333333333332,0.9928054555155396,0.9608235120054404,0.9540476202964784,0.9575906991958618,0.0023611918684512,0.0423397728334923,127,97,2084.4265839709988,unknown,56488e26fdba,0.01,0.001 0.003 0.01 0.03,0.0458333333333333,30,300,1.0,,,False,,
a7_20260822T081428Z,2026-08-22T08:50:02+00:00,hyperplanes_n_features20_n_hyperplanes3_dim_hyperplanes5_seed22,daf152204bbd72927ebe009bee77245588374523bc0144bb5e7d3d282686d97e,f087808ca635cff7ff23816ed69bcf872092e3ee826c2b73a96b833594ccb0d5,A,L1,2.0,h42,35,35.0,295,3,0xe98c84d46f8b02b7,U0-2pi,pennylane,,,,0,val_full,600,val,0.9516666666666668,0.9868573207614304,0.9516278345671942,0.9540476202964784,0.9575906991958618,0.0023611918684512,0.0423397728334923,127,97,2084.4265839709988,unknown,56488e26fdba,0.01,0.001 0.003 0.01 0.03,0.0458333333333333,30,300,1.0,,,False,,
a7_20260822T081428Z,2026-08-22T08:50:07+00:00,hyperplanes_n_features20_n_hyperplanes3_dim_hyperplanes5_seed22,daf152204bbd72927ebe009bee77245588374523bc0144bb5e7d3d282686d97e,f087808ca635cff7ff23816ed69bcf872092e3ee826c2b73a96b833594ccb0d5,A,L2,2.0,h2,35,35.0,15,1,0x9aed96d53998f1c9,U0-2pi,pennylane,,,,0,test_full,1200,test,0.8675,0.869087912942955,0.8651322276720677,0.8490476012229919,0.8687065839767456,0.0028885051143191,0.0978127380218923,129,99,2090.1793341510056,unknown,56488e26fdba,0.01,0.001 0.003 0.01 0.03,0.0458333333333333,30,300,1.0,,,False,,
a7_20260822T081428Z,2026-08-22T08:50:07+00:00,hyperplanes_n_features20_n_hyperplanes3_dim_hyperplanes5_seed22,daf152204bbd72927ebe009bee77245588374523bc0144bb5e7d3d282686d97e,f087808ca635cff7ff23816ed69bcf872092e3ee826c2b73a96b833594ccb0d5,A,L2,2.0,h2,35,35.0,15,1,0x9aed96d53998f1c9,U0-2pi,pennylane,,,,0,val_full,600,val,0.8633333333333333,0.8700742750400285,0.8623776223776224,0.8490476012229919,0.8687065839767456,0.0028885051143191,0.0978127380218923,129,99,2090.1793341510056,unknown,56488e26fdba,0.01,0.001 0.003 0.01 0.03,0.0458333333333333,30,300,1.0,,,False,,
a7_20260822T081428Z,2026-08-22T08:50:24+00:00,hyperplanes_n_features20_n_hyperplanes3_dim_hyperplanes5_seed22,daf152204bbd72927ebe009bee77245588374523bc0144bb5e7d3d282686d97e,f087808ca635cff7ff23816ed69bcf872092e3ee826c2b73a96b833594ccb0d5,A,L2,2.0,linear,35,35.0,6,6,0xfed8b00a5c8d996d,U0-2pi,pennylane,,,,0,test_full,1200,test,0.8266666666666667,0.8646903205726735,0.8244780048999891,0.8111904859542847,1.505869746208191,0.0400336084985573,0.0290315321393138,92,62,1487.6562594130082,unknown,56488e26fdba,0.03,0.001 0.003 0.01 0.03,0.0458333333333333,30,300,1.0,,,False,,
a7_20260822T081428Z,2026-08-22T08:50:24+00:00,hyperplanes_n_features20_n_hyperplanes3_dim_hyperplanes5_seed22,daf152204bbd72927ebe009bee77245588374523bc0144bb5e7d3d282686d97e,f087808ca635cff7ff23816ed69bcf872092e3ee826c2b73a96b833594ccb0d5,A,L2,2.0,linear,35,35.0,6,6,0xfed8b00a5c8d996d,U0-2pi,pennylane,,,,0,val_full,600,val,0.83,0.8486034513431773,0.8297275641025641,0.8111904859542847,1.505869746208191,0.0400336084985573,0.0290315321393138,92,62,1487.6562594130082,unknown,56488e26fdba,0.03,0.001 0.003 0.01 0.03,0.0458333333333333,30,300,1.0,,,False,,
a7_20260822T081428Z,2026-08-22T08:51:09+00:00,hyperplanes_n_features20_n_hyperplanes3_dim_hyperplanes5_seed22,daf152204bbd72927ebe009bee77245588374523bc0144bb5e7d3d282686d97e,f087808ca635cff7ff23816ed69bcf872092e3ee826c2b73a96b833594ccb0d5,A,L1,2.0,h42,35,35.0,295,1,0x1ddc9c443a3565bb,U0-2pi,pennylane,,,,0,test_full,1200,test,0.9691666666666666,0.9961873638344227,0.9691532783326096,0.9657142758369446,0.8307676315307617,0.0031388008640368,0.2059412252140081,133,103,2151.7378696079977,unknown,56488e26fdba,0.01,0.001 0.003 0.01 0.03,0.0458333333333333,30,300,1.0,,,False,,
a7_20260822T081428Z,2026-08-22T08:51:09+00:00,hyperplanes_n_features20_n_hyperplanes3_dim_hyperplanes5_seed22,daf152204bbd72927ebe009bee77245588374523bc0144bb5e7d3d282686d97e,f087808ca635cff7ff23816ed69bcf872092e3ee826c2b73a96b833594ccb0d5,A,L1,2.0,h42,35,35.0,295,1,0x1ddc9c443a3565bb,U0-2pi,pennylane,,,,0,val_full,600,val,0.965,0.9937511119017968,0.964988232155808,0.9657142758369446,0.8307676315307617,0.0031388008640368,0.2059412252140081,133,103,2151.7378696079977,unknown,56488e26fdba,0.01,0.001 0.003 0.01 0.03,0.0458333333333333,30,300,1.0,,,False,,
a7_20260822T081428Z,2026-08-22T08:51:24+00:00,hyperplanes_n_features20_n_hyperplanes3_dim_hyperplanes5_seed22,daf152204bbd72927ebe009bee77245588374523bc0144bb5e7d3d282686d97e,f087808ca635cff7ff23816ed69bcf872092e3ee826c2b73a96b833594ccb0d5,B,L2,2.0,linear,35,35.0,6,10,0xca03f308d3264644,U0-2pi,pennylane,,,,0,test_full,1200,test,0.7541666666666667,0.8006744364412431,0.7541664959489556,0.744523823261261,0.0,0.0237485952606299,0.0077783742067563,90,60,1.6658087230025558,unknown,56488e26fdba,0.03,0.001 0.003 0.01 0.03,0.0458333333333333,30,300,1.0,,,True,0.7608333333333334,1.0
a7_20260822T081428Z,2026-08-22T08:51:24+00:00,hyperplanes_n_features20_n_hyperplanes3_dim_hyperplanes5_seed22,daf152204bbd72927ebe009bee77245588374523bc0144bb5e7d3d282686d97e,f087808ca635cff7ff23816ed69bcf872092e3ee826c2b73a96b833594ccb0d5,B,L2,2.0,linear,35,35.0,6,10,0xca03f308d3264644,U0-2pi,pennylane,,,,0,val_full,600,val,0.7716666666666666,0.7989792741505071,0.7715898954926517,0.744523823261261,0.0,0.0237485952606299,0.0077783742067563,90,60,1.6658087230025558,unknown,56488e26fdba,0.03,0.001 0.003 0.01 0.03,0.0458333333333333,30,300,1.0,,,True,0.77,1.0
a7_20260822T081428Z,2026-08-22T08:51:25+00:00,hyperplanes_n_features20_n_hyperplanes3_dim_hyperplanes5_seed22,daf152204bbd72927ebe009bee77245588374523bc0144bb5e7d3d282686d97e,f087808ca635cff7ff23816ed69bcf872092e3ee826c2b73a96b833594ccb0d5,B,L2,2.0,h2,35,35.0,15,10,0xca03f308d3264644,U0-2pi,pennylane,,,,0,test_full,1200,test,0.775,0.8266445467075719,0.7748943253916423,0.7547619342803955,0.0,0.0118378462202529,0.0935945827187904,50,20,1.2422319970064564,unknown,56488e26fdba,0.01,0.001 0.003 0.01 0.03,0.0458333333333333,30,300,1.0,,,True,0.7608333333333334,1.0
a7_20260822T081428Z,2026-08-22T08:51:25+00:00,hyperplanes_n_features20_n_hyperplanes3_dim_hyperplanes5_seed22,daf152204bbd72927ebe009bee77245588374523bc0144bb5e7d3d282686d97e,f087808ca635cff7ff23816ed69bcf872092e3ee826c2b73a96b833594ccb0d5,B,L2,2.0,h2,35,35.0,15,10,0xca03f308d3264644,U0-2pi,pennylane,,,,0,val_full,600,val,0.7783333333333333,0.8190213040384274,0.7783277915281215,0.7547619342803955,0.0,0.0118378462202529,0.0935945827187904,50,20,1.2422319970064564,unknown,56488e26fdba,0.01,0.001 0.003 0.01 0.03,0.0458333333333333,30,300,1.0,,,True,0.77,1.0
a7_20260822T081428Z,2026-08-22T08:51:27+00:00,hyperplanes_n_features20_n_hyperplanes3_dim_hyperplanes5_seed22,daf152204bbd72927ebe009bee77245588374523bc0144bb5e7d3d282686d97e,f087808ca635cff7ff23816ed69bcf872092e3ee826c2b73a96b833594ccb0d5,B,L2,2.0,h4,35,35.0,29,10,0xca03f308d3264644,U0-2pi,pennylane,,,,0,test_full,1200,test,0.7708333333333334,0.8179299497576809,0.7697844135676509,0.7461904883384705,0.0,0.0472470682403678,0.0835214858667906,66,36,1.655515304999426,unknown,56488e26fdba,0.01,0.001 0.003 0.01 0.03,0.0458333333333333,30,300,1.0,,,True,0.7608333333333334,1.0
a7_20260822T081428Z,2026-08-22T08:51:27+00:00,hyperplanes_n_features20_n_hyperplanes3_dim_hyperplanes5_seed22,daf152204bbd72927ebe009bee77245588374523bc0144bb5e7d3d282686d97e,f087808ca635cff7ff23816ed69bcf872092e3ee826c2b73a96b833594ccb0d5,B,L2,2.0,h4,35,35.0,29,10,0xca03f308d3264644,U0-2pi,pennylane,,,,0,val_full,600,val,0.7783333333333333,0.8159913716420566,0.778110827802324,0.7461904883384705,0.0,0.0472470682403678,0.0835214858667906,66,36,1.655515304999426,unknown,56488e26fdba,0.01,0.001 0.003 0.01 0.03,0.0458333333333333,30,300,1.0,,,True,0.77,1.0
a7_20260822T081428Z,2026-08-22T08:51:30+00:00,hyperplanes_n_features20_n_hyperplanes3_dim_hyperplanes5_seed22,daf152204bbd72927ebe009bee77245588374523bc0144bb5e7d3d282686d97e,f087808ca635cff7ff23816ed69bcf872092e3ee826c2b73a96b833594ccb0d5,B,L2,2.0,h42,35,35.0,295,10,0xca03f308d3264644,U0-2pi,pennylane,,,,0,test_full,1200,test,0.7816666666666666,0.8614918189498021,0.7816642407137857,0.7885714173316956,0.0,0.0083005034389768,0.0664167529459439,133,103,3.409005786990747,unknown,56488e26fdba,0.01,0.001 0.003 0.01 0.03,0.0458333333333333,30,300,1.0,,,True,0.7608333333333334,1.0
a7_20260822T081428Z,2026-08-22T08:51:30+00:00,hyperplanes_n_features20_n_hyperplanes3_dim_hyperplanes5_seed22,daf152204bbd72927ebe009bee77245588374523bc0144bb5e7d3d282686d97e,f087808ca635cff7ff23816ed69bcf872092e3ee826c2b73a96b833594ccb0d5,B,L2,2.0,h42,35,35.0,295,10,0xca03f308d3264644,U0-2pi,pennylane,,,,0,val_full,600,val,0.7866666666666666,0.8504158512720157,0.7865148550080057,0.7885714173316956,0.0,0.0083005034389768,0.0664167529459439,133,103,3.409005786990747,unknown,56488e26fdba,0.01,0.001 0.003 0.01 0.03,0.0458333333333333,30,300,1.0,,,True,0.77,1.0
a7_20260822T081428Z,2026-08-22T08:51:45+00:00,hyperplanes_n_features20_n_hyperplanes3_dim_hyperplanes5_seed22,daf152204bbd72927ebe009bee77245588374523bc0144bb5e7d3d282686d97e,f087808ca635cff7ff23816ed69bcf872092e3ee826c2b73a96b833594ccb0d5,A,L1,2.0,h4,35,35.0,29,4,0xc975238400fc39ed,U0-2pi,pennylane,,,,0,test_full,1200,test,0.9216666666666666,0.9759014716997912,0.9216353207949848,0.9214285612106324,1.056799054145813,0.0085663780740067,0.3786028008721522,135,105,2187.963935727996,unknown,56488e26fdba,0.01,0.001 0.003 0.01 0.03,0.0458333333333333,30,300,1.0,,,False,,
a7_20260822T081428Z,2026-08-22T08:51:45+00:00,hyperplanes_n_features20_n_hyperplanes3_dim_hyperplanes5_seed22,daf152204bbd72927ebe009bee77245588374523bc0144bb5e7d3d282686d97e,f087808ca635cff7ff23816ed69bcf872092e3ee826c2b73a96b833594ccb0d5,A,L1,2.0,h4,35,35.0,29,4,0xc975238400fc39ed,U0-2pi,pennylane,,,,0,val_full,600,val,0.92,0.9718021704323074,0.9199777716032232,0.9214285612106324,1.056799054145813,0.0085663780740067,0.3786028008721522,135,105,2187.963935727996,unknown,56488e26fdba,0.01,0.001 0.003 0.01 0.03,0.0458333333333333,30,300,1.0,,,False,,
a7_20260822T081428Z,2026-08-22T08:53:02+00:00,hyperplanes_n_features20_n_hyperplanes3_dim_hyperplanes5_seed22,daf152204bbd72927ebe009bee77245588374523bc0144bb5e7d3d282686d97e,f087808ca635cff7ff23816ed69bcf872092e3ee826c2b73a96b833594ccb0d5,A,L2,2.0,h2,35,35.0,15,9,0x37a73ff05100a2cc,U0-2pi,pennylane,,,,0,test_full,1200,test,0.8016666666666666,0.8416033079898626,0.7973065043604651,0.7930952310562134,0.4663145244121551,0.0030093096027673,0.0839608289180702,32,2,528.4143767959904,unknown,56488e26fdba,0.01,0.001 0.003 0.01 0.03,0.0458333333333333,30,300,1.0,,,False,,
a7_20260822T081428Z,2026-08-22T08:53:02+00:00,hyperplanes_n_features20_n_hyperplanes3_dim_hyperplanes5_seed22,daf152204bbd72927ebe009bee77245588374523bc0144bb5e7d3d282686d97e,f087808ca635cff7ff23816ed69bcf872092e3ee826c2b73a96b833594ccb0d5,A,L2,2.0,h2,35,35.0,15,9,0x37a73ff05100a2cc,U0-2pi,pennylane,,,,0,val_full,600,val,0.8183333333333334,0.8467799323963707,0.816793893129771,0.7930952310562134,0.4663145244121551,0.0030093096027673,0.0839608289180702,32,2,528.4143767959904,unknown,56488e26fdba,0.01,0.001 0.003 0.01 0.03,0.0458333333333333,30,300,1.0,,,False,,
a7_20260822T081428Z,2026-08-22T08:53:09+00:00,hyperplanes_n_features20_n_hyperplanes3_dim_hyperplanes5_seed22,daf152204bbd72927ebe009bee77245588374523bc0144bb5e7d3d282686d97e,f087808ca635cff7ff23816ed69bcf872092e3ee826c2b73a96b833594ccb0d5,F,product,2.0,h2,35,20.0,15,8,0x4d0090b0ff939975,U0-2pi,pennylane,,,,0,test_full,1200,test,0.49,0.5,0.3288590604026846,0.5009523630142212,0.1801392436027526,0.0153838833123105,0.0016007351555547,52,22,761.457460257996,unknown,56488e26fdba,0.03,0.001 0.003 0.01 0.03,0.0458333333333333,30,300,1.0,,,False,,
a7_20260822T081428Z,2026-08-22T08:53:09+00:00,hyperplanes_n_features20_n_hyperplanes3_dim_hyperplanes5_seed22,daf152204bbd72927ebe009bee77245588374523bc0144bb5e7d3d282686d97e,f087808ca635cff7ff23816ed69bcf872092e3ee826c2b73a96b833594ccb0d5,F,product,2.0,h2,35,20.0,15,8,0x4d0090b0ff939975,U0-2pi,pennylane,,,,0,val_full,600,val,0.5133333333333333,0.5,0.3392070484581498,0.5009523630142212,0.1801392436027526,0.0153838833123105,0.0016007351555547,52,22,761.457460257996,unknown,56488e26fdba,0.03,0.001 0.003 0.01 0.03,0.0458333333333333,30,300,1.0,,,False,,
a7_20260822T081428Z,2026-08-22T08:53:12+00:00,hyperplanes_n_features20_n_hyperplanes3_dim_hyperplanes5_seed22,daf152204bbd72927ebe009bee77245588374523bc0144bb5e7d3d282686d97e,f087808ca635cff7ff23816ed69bcf872092e3ee826c2b73a96b833594ccb0d5,F,product,2.0,h2,35,20.0,15,8,0x4d0090b0ff939975,U0-2pi,pennylane,,,,0,test_full,1200,test,0.49,0.5,0.3288590604026846,0.5009523630142212,0.0573393963277339,0.0153838833123105,0.0183460633737889,54,24,781.1619862780062,unknown,56488e26fdba,0.01,0.001 0.003 0.01 0.03,0.0458333333333333,30,300,1.0,,,False,,
a7_20260822T081428Z,2026-08-22T08:53:12+00:00,hyperplanes_n_features20_n_hyperplanes3_dim_hyperplanes5_seed22,daf152204bbd72927ebe009bee77245588374523bc0144bb5e7d3d282686d97e,f087808ca635cff7ff23816ed69bcf872092e3ee826c2b73a96b833594ccb0d5,F,product,2.0,h2,35,20.0,15,8,0x4d0090b0ff939975,U0-2pi,pennylane,,,,0,val_full,600,val,0.5133333333333333,0.5,0.3392070484581498,0.5009523630142212,0.0573393963277339,0.0153838833123105,0.0183460633737889,54,24,781.1619862780062,unknown,56488e26fdba,0.01,0.001 0.003 0.01 0.03,0.0458333333333333,30,300,1.0,,,False,,
a7_20260822T081428Z,2026-08-22T08:53:51+00:00,hyperplanes_n_features20_n_hyperplanes3_dim_hyperplanes5_seed22,daf152204bbd72927ebe009bee77245588374523bc0144bb5e7d3d282686d97e,f087808ca635cff7ff23816ed69bcf872092e3ee826c2b73a96b833594ccb0d5,A,L2,2.0,h2,35,35.0,15,8,0x3c7362638e9ada30,U0-2pi,pennylane,,,,0,test_full,1200,test,0.49,0.5,0.3288590604026846,0.5009523630142212,0.0600054860115051,0.0153393880637892,0.0183460633737889,54,24,872.336523956008,unknown,56488e26fdba,0.01,0.001 0.003 0.01 0.03,0.0458333333333333,30,300,1.0,,,False,,
a7_20260822T081428Z,2026-08-22T08:53:51+00:00,hyperplanes_n_features20_n_hyperplanes3_dim_hyperplanes5_seed22,daf152204bbd72927ebe009bee77245588374523bc0144bb5e7d3d282686d97e,f087808ca635cff7ff23816ed69bcf872092e3ee826c2b73a96b833594ccb0d5,A,L2,2.0,h2,35,35.0,15,8,0x3c7362638e9ada30,U0-2pi,pennylane,,,,0,val_full,600,val,0.5133333333333333,0.5,0.3392070484581498,0.5009523630142212,0.0600054860115051,0.0153393880637892,0.0183460633737889,54,24,872.336523956008,unknown,56488e26fdba,0.01,0.001 0.003 0.01 0.03,0.0458333333333333,30,300,1.0,,,False,,
a7_20260822T081428Z,2026-08-22T08:53:52+00:00,hyperplanes_n_features20_n_hyperplanes3_dim_hyperplanes5_seed22,daf152204bbd72927ebe009bee77245588374523bc0144bb5e7d3d282686d97e,f087808ca635cff7ff23816ed69bcf872092e3ee826c2b73a96b833594ccb0d5,F,product,2.0,h42,35,20.0,295,4,0x6ff3a4afd33346b9,U0-2pi,pennylane,,,,0,test_full,1200,test,0.9716666666666668,0.996907096171802,0.9716602902319688,0.977142870426178,0.8534715175628662,0.0068483566384649,0.1338730208923536,160,130,2282.500654178992,unknown,56488e26fdba,0.01,0.001 0.003 0.01 0.03,0.0458333333333333,30,300,1.0,,,False,,
a7_20260822T081428Z,2026-08-22T08:53:52+00:00,hyperplanes_n_features20_n_hyperplanes3_dim_hyperplanes5_seed22,daf152204bbd72927ebe009bee77245588374523bc0144bb5e7d3d282686d97e,f087808ca635cff7ff23816ed69bcf872092e3ee826c2b73a96b833594ccb0d5,F,product,2.0,h42,35,20.0,295,4,0x6ff3a4afd33346b9,U0-2pi,pennylane,,,,0,val_full,600,val,0.97,0.9939734922611636,0.9699786514855008,0.977142870426178,0.8534715175628662,0.0068483566384649,0.1338730208923536,160,130,2282.500654178992,unknown,56488e26fdba,0.01,0.001 0.003 0.01 0.03,0.0458333333333333,30,300,1.0,,,False,,
a7_20260822T081428Z,2026-08-22T08:53:52+00:00,hyperplanes_n_features20_n_hyperplanes3_dim_hyperplanes5_seed22,daf152204bbd72927ebe009bee77245588374523bc0144bb5e7d3d282686d97e,f087808ca635cff7ff23816ed69bcf872092e3ee826c2b73a96b833594ccb0d5,E,,,linear,0,,6,10,,,pennylane,,,,0,test_full,1200,test,0.7983333333333333,0.8381880529989774,0.797292203567769,0.7871428728103638,0.0,0.0283038691763808,0.0305427676193146,33,3,0.6179431980126537,unknown,56488e26fdba,0.1,0.001 0.003 0.01 0.03 0.1,0.0458333333333333,30,300,1.0,,,True,0.775,1e-06
a7_20260822T081428Z,2026-08-22T08:53:52+00:00,hyperplanes_n_features20_n_hyperplanes3_dim_hyperplanes5_seed22,daf152204bbd72927ebe009bee77245588374523bc0144bb5e7d3d282686d97e,f087808ca635cff7ff23816ed69bcf872092e3ee826c2b73a96b833594ccb0d5,E,,,linear,0,,6,10,,,pennylane,,,,0,val_full,600,val,0.8016666666666666,0.8417430172567157,0.8015426308109235,0.7871428728103638,0.0,0.0283038691763808,0.0305427676193146,33,3,0.6179431980126537,unknown,56488e26fdba,0.1,0.001 0.003 0.01 0.03 0.1,0.0458333333333333,30,300,1.0,,,True,0.775,1e-06
a7_20260822T081428Z,2026-08-22T08:53:54+00:00,hyperplanes_n_features20_n_hyperplanes3_dim_hyperplanes5_seed22,daf152204bbd72927ebe009bee77245588374523bc0144bb5e7d3d282686d97e,f087808ca635cff7ff23816ed69bcf872092e3ee826c2b73a96b833594ccb0d5,E,,,h2,0,,15,10,,,pennylane,,,,0,test_full,1200,test,0.845,0.8755335467520343,0.8417488173701944,0.8247619271278381,0.0,0.0141541317477919,0.0264022895014751,93,63,2.34137961200031,unknown,56488e26fdba,0.1,0.001 0.003 0.01 0.03 0.1,0.0458333333333333,30,300,1.0,,,True,0.775,1e-06
a7_20260822T081428Z,2026-08-22T08:53:54+00:00,hyperplanes_n_features20_n_hyperplanes3_dim_hyperplanes5_seed22,daf152204bbd72927ebe009bee77245588374523bc0144bb5e7d3d282686d97e,f087808ca635cff7ff23816ed69bcf872092e3ee826c2b73a96b833594ccb0d5,E,,,h2,0,,15,10,,,pennylane,,,,0,val_full,600,val,0.85,0.8817714819427149,0.8488648067708566,0.8247619271278381,0.0,0.0141541317477919,0.0264022895014751,93,63,2.34137961200031,unknown,56488e26fdba,0.1,0.001 0.003 0.01 0.03 0.1,0.0458333333333333,30,300,1.0,,,True,0.775,1e-06
a7_20260822T081428Z,2026-08-22T08:53:57+00:00,hyperplanes_n_features20_n_hyperplanes3_dim_hyperplanes5_seed22,daf152204bbd72927ebe009bee77245588374523bc0144bb5e7d3d282686d97e,f087808ca635cff7ff23816ed69bcf872092e3ee826c2b73a96b833594ccb0d5,E,,,h4,0,,29,10,,,pennylane,,,,0,test_full,1200,test,0.8416666666666667,0.9162373282646392,0.8380221653878943,0.8207142949104309,0.0,0.0396645870757916,0.0219181078738661,93,63,2.348119604997919,unknown,56488e26fdba,0.1,0.001 0.003 0.01 0.03 0.1,0.0458333333333333,30,300,1.0,,,True,0.775,1e-06
a7_20260822T081428Z,2026-08-22T08:53:57+00:00,hyperplanes_n_features20_n_hyperplanes3_dim_hyperplanes5_seed22,daf152204bbd72927ebe009bee77245588374523bc0144bb5e7d3d282686d97e,f087808ca635cff7ff23816ed69bcf872092e3ee826c2b73a96b833594ccb0d5,E,,,h4,0,,29,10,,,pennylane,,,,0,val_full,600,val,0.8483333333333334,0.9232843355274865,0.8471406054463858,0.8207142949104309,0.0,0.0396645870757916,0.0219181078738661,93,63,2.348119604997919,unknown,56488e26fdba,0.1,0.001 0.003 0.01 0.03 0.1,0.0458333333333333,30,300,1.0,,,True,0.775,1e-06
a7_20260822T081428Z,2026-08-22T08:53:59+00:00,hyperplanes_n_features20_n_hyperplanes3_dim_hyperplanes5_seed22,daf152204bbd72927ebe009bee77245588374523bc0144bb5e7d3d282686d97e,f087808ca635cff7ff23816ed69bcf872092e3ee826c2b73a96b833594ccb0d5,E,,,h42,0,,295,10,,,pennylane,,,,0,test_full,1200,test,0.9683333333333334,0.9965124938864436,0.9683226862362072,0.976190447807312,0.0,0.0089157675781487,0.0209090177325927,83,53,2.135930352000287,unknown,56488e26fdba,0.01,0.001 0.003 0.01 0.03 0.1,0.0458333333333333,30,300,1.0,,,True,0.775,1e-06
a7_20260822T081428Z,2026-08-22T08:53:59+00:00,hyperplanes_n_features20_n_hyperplanes3_dim_hyperplanes5_seed22,daf152204bbd72927ebe009bee77245588374523bc0144bb5e7d3d282686d97e,f087808ca635cff7ff23816ed69bcf872092e3ee826c2b73a96b833594ccb0d5,E,,,h42,0,,295,10,,,pennylane,,,,0,val_full,600,val,0.9666666666666668,0.9936176836861768,0.9666485086324776,0.976190447807312,0.0,0.0089157675781487,0.0209090177325927,83,53,2.135930352000287,unknown,56488e26fdba,0.01,0.001 0.003 0.01 0.03 0.1,0.0458333333333333,30,300,1.0,,,True,0.775,1e-06
a7_20260822T081428Z,2026-08-22T08:54:00+00:00,hyperplanes_n_features20_n_hyperplanes3_dim_hyperplanes5_seed22,daf152204bbd72927ebe009bee77245588374523bc0144bb5e7d3d282686d97e,f087808ca635cff7ff23816ed69bcf872092e3ee826c2b73a96b833594ccb0d5,D_best,,2.0,linear,192,,33,10,0x63746545ed6e9f8f,RFF-int-spectrum-U0-2pi,pennylane,,,,0,test_full,1200,test,0.8475,0.9018524076297184,0.8463234136356479,0.8242856860160828,0.0,0.1134254485491793,0.0491021397646528,84,54,1.5949159980082186,unknown,56488e26fdba,0.03,0.001 0.003 0.01 0.03,0.0458333333333333,30,300,1.0,32.0,0x63746545ed6e9f8f,True,0.8191666666666667,1e-06
a7_20260822T081428Z,2026-08-22T08:54:00+00:00,hyperplanes_n_features20_n_hyperplanes3_dim_hyperplanes5_seed22,daf152204bbd72927ebe009bee77245588374523bc0144bb5e7d3d282686d97e,f087808ca635cff7ff23816ed69bcf872092e3ee826c2b73a96b833594ccb0d5,D_best,,2.0,linear,192,,33,10,0x63746545ed6e9f8f,RFF-int-spectrum-U0-2pi,pennylane,,,,0,val_full,600,val,0.84,0.8859744707347448,0.8395435906578712,0.8242856860160828,0.0,0.1134254485491793,0.0491021397646528,84,54,1.5949159980082186,unknown,56488e26fdba,0.03,0.001 0.003 0.01 0.03,0.0458333333333333,30,300,1.0,32.0,0x63746545ed6e9f8f,True,0.83,1e-06
a7_20260822T081428Z,2026-08-22T08:54:02+00:00,hyperplanes_n_features20_n_hyperplanes3_dim_hyperplanes5_seed22,daf152204bbd72927ebe009bee77245588374523bc0144bb5e7d3d282686d97e,f087808ca635cff7ff23816ed69bcf872092e3ee826c2b73a96b833594ccb0d5,D_best,,2.0,linear,768,,129,10,0xa0ee54381686f9dd,RFF-int-spectrum-U0-2pi,pennylane,,,,0,test_full,1200,test,0.845,0.9025971499710996,0.8434866023970673,0.8273809552192688,0.0,0.0946626813639577,0.0353633255241711,102,72,2.002980199002195,unknown,56488e26fdba,0.01,0.001 0.003 0.01 0.03,0.0458333333333333,30,300,1.0,128.0,0xa0ee54381686f9dd,True,0.8225,1.0
a7_20260822T081428Z,2026-08-22T08:54:02+00:00,hyperplanes_n_features20_n_hyperplanes3_dim_hyperplanes5_seed22,daf152204bbd72927ebe009bee77245588374523bc0144bb5e7d3d282686d97e,f087808ca635cff7ff23816ed69bcf872092e3ee826c2b73a96b833594ccb0d5,D_best,,2.0,linear,768,,129,10,0xa0ee54381686f9dd,RFF-int-spectrum-U0-2pi,pennylane,,,,0,val_full,600,val,0.8433333333333334,0.8854407578722647,0.8429914035009576,0.8273809552192688,0.0,0.0946626813639577,0.0353633255241711,102,72,2.002980199002195,unknown,56488e26fdba,0.01,0.001 0.003 0.01 0.03,0.0458333333333333,30,300,1.0,128.0,0xa0ee54381686f9dd,True,0.8333333333333334,1.0
a7_20260822T081428Z,2026-08-22T08:54:04+00:00,hyperplanes_n_features20_n_hyperplanes3_dim_hyperplanes5_seed22,daf152204bbd72927ebe009bee77245588374523bc0144bb5e7d3d282686d97e,f087808ca635cff7ff23816ed69bcf872092e3ee826c2b73a96b833594ccb0d5,D_best,,2.0,linear,3072,,513,10,0x832fc3cb5ed00a34,RFF-int-spectrum-U0-2pi,pennylane,,,,0,test_full,1200,test,0.8416666666666667,0.9030278778177938,0.8401731737682119,0.8299999833106995,0.0,0.0661523198911201,0.0288914159354903,88,58,2.055541032008477,unknown,56488e26fdba,0.003,0.001 0.003 0.01 0.03,0.0458333333333333,30,300,1.0,512.0,0x832fc3cb5ed00a34,True,0.8408333333333333,0.0001
a7_20260822T081428Z,2026-08-22T08:54:04+00:00,hyperplanes_n_features20_n_hyperplanes3_dim_hyperplanes5_seed22,daf152204bbd72927ebe009bee77245588374523bc0144bb5e7d3d282686d97e,f087808ca635cff7ff23816ed69bcf872092e3ee826c2b73a96b833594ccb0d5,D_best,,2.0,linear,3072,,513,10,0x832fc3cb5ed00a34,RFF-int-spectrum-U0-2pi,pennylane,,,,0,val_full,600,val,0.8566666666666667,0.8935020458993062,0.8563074352548037,0.8299999833106995,0.0,0.0661523198911201,0.0288914159354903,88,58,2.055541032008477,unknown,56488e26fdba,0.003,0.001 0.003 0.01 0.03,0.0458333333333333,30,300,1.0,512.0,0x832fc3cb5ed00a34,True,0.845,0.0001
a7_20260822T081428Z,2026-08-22T08:53:53+00:00,hyperplanes_n_features20_n_hyperplanes3_dim_hyperplanes5_seed22,daf152204bbd72927ebe009bee77245588374523bc0144bb5e7d3d282686d97e,f087808ca635cff7ff23816ed69bcf872092e3ee826c2b73a96b833594ccb0d5,D_matched,,2.0,linear,30,,6,10,0x77c729a7070b916f,RFF-int-spectrum-U0-2pi,pennylane,,,,0,test_full,1200,test,0.7316666666666667,0.7790421724245253,0.7308524954654496,0.7054761648178101,0.0,0.0328365140368216,0.0524721942625597,48,18,0.9109111330035377,unknown,56488e26fdba,0.03,0.001 0.003 0.01 0.03,0.0458333333333333,30,300,1.0,,0x77c729a7070b916f,True,0.7316666666666667,1e-06
a7_20260822T081428Z,2026-08-22T08:53:53+00:00,hyperplanes_n_features20_n_hyperplanes3_dim_hyperplanes5_seed22,daf152204bbd72927ebe009bee77245588374523bc0144bb5e7d3d282686d97e,f087808ca635cff7ff23816ed69bcf872092e3ee826c2b73a96b833594ccb0d5,D_matched,,2.0,linear,30,,6,10,0x77c729a7070b916f,RFF-int-spectrum-U0-2pi,pennylane,,,,0,val_full,600,val,0.7166666666666667,0.7492216687422167,0.7166540735143785,0.7054761648178101,0.0,0.0328365140368216,0.0524721942625597,48,18,0.9109111330035377,unknown,56488e26fdba,0.03,0.001 0.003 0.01 0.03,0.0458333333333333,30,300,1.0,,0x77c729a7070b916f,True,0.6983333333333334,1e-06
a7_20260822T081428Z,2026-08-22T08:53:56+00:00,hyperplanes_n_features20_n_hyperplanes3_dim_hyperplanes5_seed22,daf152204bbd72927ebe009bee77245588374523bc0144bb5e7d3d282686d97e,f087808ca635cff7ff23816ed69bcf872092e3ee826c2b73a96b833594ccb0d5,D_matched,,2.0,h2,30,,15,10,0x77c729a7070b916f,RFF-int-spectrum-U0-2pi,pennylane,,,,0,test_full,1200,test,0.7608333333333334,0.8263833311102219,0.760400556839124,0.7516666650772095,0.0,0.0160093380609942,0.0341938076072797,126,96,3.1871302950021345,unknown,56488e26fdba,0.01,0.001 0.003 0.01 0.03,0.0458333333333333,30,300,1.0,,0x77c729a7070b916f,True,0.7316666666666667,1e-06
a7_20260822T081428Z,2026-08-22T08:53:56+00:00,hyperplanes_n_features20_n_hyperplanes3_dim_hyperplanes5_seed22,daf152204bbd72927ebe009bee77245588374523bc0144bb5e7d3d282686d97e,f087808ca635cff7ff23816ed69bcf872092e3ee826c2b73a96b833594ccb0d5,D_matched,,2.0,h2,30,,15,10,0x77c729a7070b916f,RFF-int-spectrum-U0-2pi,pennylane,,,,0,val_full,600,val,0.75,0.7961550435865504,0.749955547652916,0.7516666650772095,0.0,0.0160093380609942,0.0341938076072797,126,96,3.1871302950021345,unknown,56488e26fdba,0.01,0.001 0.003 0.01 0.03,0.0458333333333333,30,300,1.0,,0x77c729a7070b916f,True,0.6983333333333334,1e-06
a7_20260822T081428Z,2026-08-22T08:54:00+00:00,hyperplanes_n_features20_n_hyperplanes3_dim_hyperplanes5_seed22,daf152204bbd72927ebe009bee77245588374523bc0144bb5e7d3d282686d97e,f087808ca635cff7ff23816ed69bcf872092e3ee826c2b73a96b833594ccb0d5,D_matched,,2.0,h2,30,,15,10,0x77c729a7070b916f,RFF-int-spectrum-U0-2pi,pennylane,,,,0,test_full,1200,test,0.7608333333333334,0.8257275132275131,0.7605804464298749,0.7507143020629883,0.0,0.0160093380609942,0.0699287416950825,136,106,3.600921974008088,unknown,56488e26fdba,0.03,0.001 0.003 0.01 0.03,0.0458333333333333,30,300,1.0,,0x77c729a7070b916f,True,0.7316666666666667,1e-06
a7_20260822T081428Z,2026-08-22T08:54:00+00:00,hyperplanes_n_features20_n_hyperplanes3_dim_hyperplanes5_seed22,daf152204bbd72927ebe009bee77245588374523bc0144bb5e7d3d282686d97e,f087808ca635cff7ff23816ed69bcf872092e3ee826c2b73a96b833594ccb0d5,D_matched,,2.0,h2,30,,15,10,0x77c729a7070b916f,RFF-int-spectrum-U0-2pi,pennylane,,,,0,val_full,600,val,0.7483333333333333,0.7951376534424479,0.7480807142718114,0.7507143020629883,0.0,0.0160093380609942,0.0699287416950825,136,106,3.600921974008088,unknown,56488e26fdba,0.03,0.001 0.003 0.01 0.03,0.0458333333333333,30,300,1.0,,0x77c729a7070b916f,True,0.6983333333333334,1e-06
a7_20260822T081428Z,2026-08-22T08:54:01+00:00,hyperplanes_n_features20_n_hyperplanes3_dim_hyperplanes5_seed22,daf152204bbd72927ebe009bee77245588374523bc0144bb5e7d3d282686d97e,f087808ca635cff7ff23816ed69bcf872092e3ee826c2b73a96b833594ccb0d5,D_matched,,2.0,h4,30,,29,10,0x77c729a7070b916f,RFF-int-spectrum-U0-2pi,pennylane,,,,0,test_full,1200,test,0.7533333333333333,0.8156679338402028,0.7518749091884521,0.7369047403335571,0.0,0.0527078798267711,0.0376842037990374,67,37,1.695255601007375,unknown,56488e26fdba,0.01,0.001 0.003 0.01 0.03,0.0458333333333333,30,300,1.0,,0x77c729a7070b916f,True,0.7316666666666667,1e-06
a7_20260822T081428Z,2026-08-22T08:54:01+00:00,hyperplanes_n_features20_n_hyperplanes3_dim_hyperplanes5_seed22,daf152204bbd72927ebe009bee77245588374523bc0144bb5e7d3d282686d97e,f087808ca635cff7ff23816ed69bcf872092e3ee826c2b73a96b833594ccb0d5,D_matched,,2.0,h4,30,,29,10,0x77c729a7070b916f,RFF-int-spectrum-U0-2pi,pennylane,,,,0,val_full,600,val,0.7366666666666667,0.7892390144102471,0.7362446581196581,0.7369047403335571,0.0,0.0527078798267711,0.0376842037990374,67,37,1.695255601007375,unknown,56488e26fdba,0.01,0.001 0.003 0.01 0.03,0.0458333333333333,30,300,1.0,,0x77c729a7070b916f,True,0.6983333333333334,1e-06
a7_20260822T081428Z,2026-08-22T08:54:05+00:00,hyperplanes_n_features20_n_hyperplanes3_dim_hyperplanes5_seed22,daf152204bbd72927ebe009bee77245588374523bc0144bb5e7d3d282686d97e,f087808ca635cff7ff23816ed69bcf872092e3ee826c2b73a96b833594ccb0d5,D_matched,,2.0,h42,30,,295,10,0x77c729a7070b916f,RFF-int-spectrum-U0-2pi,pennylane,,,,0,test_full,1200,test,0.8283333333333334,0.8942354719665644,0.8281954124283105,0.8152381181716919,0.0,0.0164151722317289,0.0490959507263604,116,86,3.0338390550023178,unknown,56488e26fdba,0.01,0.001 0.003 0.01 0.03,0.0458333333333333,30,300,1.0,,0x77c729a7070b916f,True,0.7316666666666667,1e-06
a7_20260822T081428Z,2026-08-22T08:54:05+00:00,hyperplanes_n_features20_n_hyperplanes3_dim_hyperplanes5_seed22,daf152204bbd72927ebe009bee77245588374523bc0144bb5e7d3d282686d97e,f087808ca635cff7ff23816ed69bcf872092e3ee826c2b73a96b833594ccb0d5,D_matched,,2.0,h42,30,,295,10,0x77c729a7070b916f,RFF-int-spectrum-U0-2pi,pennylane,,,,0,val_full,600,val,0.7916666666666666,0.8561755025796121,0.7916614582031218,0.8152381181716919,0.0,0.0164151722317289,0.0490959507263604,116,86,3.0338390550023178,unknown,56488e26fdba,0.01,0.001 0.003 0.01 0.03,0.0458333333333333,30,300,1.0,,0x77c729a7070b916f,True,0.6983333333333334,1e-06
a7_20260822T081428Z,2026-08-22T08:54:05+00:00,hyperplanes_n_features20_n_hyperplanes3_dim_hyperplanes5_seed22,daf152204bbd72927ebe009bee77245588374523bc0144bb5e7d3d282686d97e,f087808ca635cff7ff23816ed69bcf872092e3ee826c2b73a96b833594ccb0d5,A,L1,2.0,h4,35,35.0,29,1,0x1ddc9c443a3565bb,U0-2pi,pennylane,,,,0,test_full,1200,test,0.9033333333333332,0.9685012894046507,0.9032946511938108,0.900952398777008,1.0807509422302246,0.0089940053221212,0.1714389755494946,143,113,2328.749694195998,unknown,56488e26fdba,0.01,0.001 0.003 0.01 0.03,0.0458333333333333,30,300,1.0,,,False,,
a7_20260822T081428Z,2026-08-22T08:54:05+00:00,hyperplanes_n_features20_n_hyperplanes3_dim_hyperplanes5_seed22,daf152204bbd72927ebe009bee77245588374523bc0144bb5e7d3d282686d97e,f087808ca635cff7ff23816ed69bcf872092e3ee826c2b73a96b833594ccb0d5,A,L1,2.0,h4,35,35.0,29,1,0x1ddc9c443a3565bb,U0-2pi,pennylane,,,,0,val_full,600,val,0.915,0.9703789361323608,0.9149884289806112,0.900952398777008,1.0807509422302246,0.0089940053221212,0.1714389755494946,143,113,2328.749694195998,unknown,56488e26fdba,0.01,0.001 0.003 0.01 0.03,0.0458333333333333,30,300,1.0,,,False,,
a7_20260822T081428Z,2026-08-22T08:54:10+00:00,hyperplanes_n_features20_n_hyperplanes3_dim_hyperplanes5_seed22,daf152204bbd72927ebe009bee77245588374523bc0144bb5e7d3d282686d97e,f087808ca635cff7ff23816ed69bcf872092e3ee826c2b73a96b833594ccb0d5,F,product,2.0,h2,35,20.0,15,9,0x7545af47d8de3bdf,U0-2pi,pennylane,,,,0,test_full,1200,test,0.49,0.5,0.3288590604026846,0.5009523630142212,0.0,0.0014436981732052,0.0065305920159938,31,1,463.4626583740028,unknown,56488e26fdba,0.01,0.001 0.003 0.01 0.03,0.0458333333333333,30,300,1.0,,,False,,
a7_20260822T081428Z,2026-08-22T08:54:10+00:00,hyperplanes_n_features20_n_hyperplanes3_dim_hyperplanes5_seed22,daf152204bbd72927ebe009bee77245588374523bc0144bb5e7d3d282686d97e,f087808ca635cff7ff23816ed69bcf872092e3ee826c2b73a96b833594ccb0d5,F,product,2.0,h2,35,20.0,15,9,0x7545af47d8de3bdf,U0-2pi,pennylane,,,,0,val_full,600,val,0.5133333333333333,0.5,0.3392070484581498,0.5009523630142212,0.0,0.0014436981732052,0.0065305920159938,31,1,463.4626583740028,unknown,56488e26fdba,0.01,0.001 0.003 0.01 0.03,0.0458333333333333,30,300,1.0,,,False,,
a7_20260822T081428Z,2026-08-22T08:54:31+00:00,hyperplanes_n_features20_n_hyperplanes3_dim_hyperplanes5_seed22,daf152204bbd72927ebe009bee77245588374523bc0144bb5e7d3d282686d97e,f087808ca635cff7ff23816ed69bcf872092e3ee826c2b73a96b833594ccb0d5,F,product,2.0,h2,35,20.0,15,6,0x5a38e794abf67abb,U0-2pi,pennylane,,,,0,test_full,1200,test,0.8233333333333334,0.8493591881196924,0.8198014415884674,0.8133333325386047,0.9890924692153932,0.0350676463773561,0.0423137489222255,110,80,1602.297054566996,unknown,56488e26fdba,0.01,0.001 0.003 0.01 0.03,0.0458333333333333,30,300,1.0,,,False,,
a7_20260822T081428Z,2026-08-22T08:54:31+00:00,hyperplanes_n_features20_n_hyperplanes3_dim_hyperplanes5_seed22,daf152204bbd72927ebe009bee77245588374523bc0144bb5e7d3d282686d97e,f087808ca635cff7ff23816ed69bcf872092e3ee826c2b73a96b833594ccb0d5,F,product,2.0,h2,35,20.0,15,6,0x5a38e794abf67abb,U0-2pi,pennylane,,,,0,val_full,600,val,0.835,0.8524450720512364,0.833601792842636,0.8133333325386047,0.9890924692153932,0.0350676463773561,0.0423137489222255,110,80,1602.297054566996,unknown,56488e26fdba,0.01,0.001 0.003 0.01 0.03,0.0458333333333333,30,300,1.0,,,False,,
a7_20260822T081428Z,2026-08-22T08:54:38+00:00,hyperplanes_n_features20_n_hyperplanes3_dim_hyperplanes5_seed22,daf152204bbd72927ebe009bee77245588374523bc0144bb5e7d3d282686d97e,f087808ca635cff7ff23816ed69bcf872092e3ee826c2b73a96b833594ccb0d5,A,L1,2.0,h2,35,35.0,15,7,0xd86bbfc3a6142e24,U0-2pi,pennylane,,,,0,test_full,1200,test,0.8141666666666667,0.8547418967587035,0.8117125224541261,0.799047589302063,0.8512332439422607,0.0097530365550332,0.0494222848067477,80,50,1279.197157010989,unknown,56488e26fdba,0.03,0.001 0.003 0.01 0.03,0.0458333333333333,30,300,1.0,,,False,,
a7_20260822T081428Z,2026-08-22T08:54:38+00:00,hyperplanes_n_features20_n_hyperplanes3_dim_hyperplanes5_seed22,daf152204bbd72927ebe009bee77245588374523bc0144bb5e7d3d282686d97e,f087808ca635cff7ff23816ed69bcf872092e3ee826c2b73a96b833594ccb0d5,A,L1,2.0,h2,35,35.0,15,7,0xd86bbfc3a6142e24,U0-2pi,pennylane,,,,0,val_full,600,val,0.815,0.8470023127557373,0.8143683367012752,0.799047589302063,0.8512332439422607,0.0097530365550332,0.0494222848067477,80,50,1279.197157010989,unknown,56488e26fdba,0.03,0.001 0.003 0.01 0.03,0.0458333333333333,30,300,1.0,,,False,,
a7_20260822T081428Z,2026-08-22T08:54:55+00:00,hyperplanes_n_features20_n_hyperplanes3_dim_hyperplanes5_seed22,daf152204bbd72927ebe009bee77245588374523bc0144bb5e7d3d282686d97e,f087808ca635cff7ff23816ed69bcf872092e3ee826c2b73a96b833594ccb0d5,A,L2,2.0,h4,35,35.0,29,6,0xfed8b00a5c8d996d,U0-2pi,pennylane,,,,0,test_full,1200,test,0.8325,0.8936880307678627,0.8313983521495661,0.8273809552192688,0.644707441329956,0.0356282777323208,0.0935793394100775,107,77,1705.934457970012,unknown,56488e26fdba,0.01,0.001 0.003 0.01 0.03,0.0458333333333333,30,300,1.0,,,False,,
a7_20260822T081428Z,2026-08-22T08:54:55+00:00,hyperplanes_n_features20_n_hyperplanes3_dim_hyperplanes5_seed22,daf152204bbd72927ebe009bee77245588374523bc0144bb5e7d3d282686d97e,f087808ca635cff7ff23816ed69bcf872092e3ee826c2b73a96b833594ccb0d5,A,L2,2.0,h4,35,35.0,29,6,0xfed8b00a5c8d996d,U0-2pi,pennylane,,,,0,val_full,600,val,0.855,0.8807818893435332,0.8547866170010934,0.8273809552192688,0.644707441329956,0.0356282777323208,0.0935793394100775,107,77,1705.934457970012,unknown,56488e26fdba,0.01,0.001 0.003 0.01 0.03,0.0458333333333333,30,300,1.0,,,False,,
a7_20260822T081428Z,2026-08-22T08:55:05+00:00,hyperplanes_n_features20_n_hyperplanes3_dim_hyperplanes5_seed22,daf152204bbd72927ebe009bee77245588374523bc0144bb5e7d3d282686d97e,f087808ca635cff7ff23816ed69bcf872092e3ee826c2b73a96b833594ccb0d5,F,product,2.0,linear,35,20.0,6,9,0x7545af47d8de3bdf,U0-2pi,pennylane,,,,0,test_full,1200,test,0.8083333333333333,0.8490785202970076,0.8067091533020521,0.7961905002593994,0.751153290271759,0.0572054896180982,0.0505878191374449,36,6,529.1936781620025,unknown,56488e26fdba,0.03,0.001 0.003 0.01 0.03,0.0458333333333333,30,300,1.0,,,False,,
a7_20260822T081428Z,2026-08-22T08:55:05+00:00,hyperplanes_n_features20_n_hyperplanes3_dim_hyperplanes5_seed22,daf152204bbd72927ebe009bee77245588374523bc0144bb5e7d3d282686d97e,f087808ca635cff7ff23816ed69bcf872092e3ee826c2b73a96b833594ccb0d5,F,product,2.0,linear,35,20.0,6,9,0x7545af47d8de3bdf,U0-2pi,pennylane,,,,0,val_full,600,val,0.8133333333333334,0.8474470734744708,0.813034188034188,0.7961905002593994,0.751153290271759,0.0572054896180982,0.0505878191374449,36,6,529.1936781620025,unknown,56488e26fdba,0.03,0.001 0.003 0.01 0.03,0.0458333333333333,30,300,1.0,,,False,,
a7_20260822T081428Z,2026-08-22T08:55:45+00:00,hyperplanes_n_features20_n_hyperplanes3_dim_hyperplanes5_seed22,daf152204bbd72927ebe009bee77245588374523bc0144bb5e7d3d282686d97e,f087808ca635cff7ff23816ed69bcf872092e3ee826c2b73a96b833594ccb0d5,A,L2,2.0,h2,35,35.0,15,6,0xfed8b00a5c8d996d,U0-2pi,pennylane,,,,0,test_full,1200,test,0.8658333333333333,0.9127123071450802,0.8633113324951837,0.8459523916244507,0.5821389555931091,0.0312110417805389,0.1659430861971177,110,80,1784.119267583999,unknown,56488e26fdba,0.01,0.001 0.003 0.01 0.03,0.0458333333333333,30,300,1.0,,,False,,
a7_20260822T081428Z,2026-08-22T08:55:45+00:00,hyperplanes_n_features20_n_hyperplanes3_dim_hyperplanes5_seed22,daf152204bbd72927ebe009bee77245588374523bc0144bb5e7d3d282686d97e,f087808ca635cff7ff23816ed69bcf872092e3ee826c2b73a96b833594ccb0d5,A,L2,2.0,h2,35,35.0,15,6,0xfed8b00a5c8d996d,U0-2pi,pennylane,,,,0,val_full,600,val,0.86,0.9038149350649348,0.8592430403503284,0.8459523916244507,0.5821389555931091,0.0312110417805389,0.1659430861971177,110,80,1784.119267583999,unknown,56488e26fdba,0.01,0.001 0.003 0.01 0.03,0.0458333333333333,30,300,1.0,,,False,,
a7_20260822T081428Z,2026-08-22T08:55:59+00:00,hyperplanes_n_features20_n_hyperplanes3_dim_hyperplanes5_seed22,daf152204bbd72927ebe009bee77245588374523bc0144bb5e7d3d282686d97e,f087808ca635cff7ff23816ed69bcf872092e3ee826c2b73a96b833594ccb0d5,A,L1,2.0,h2,35,35.0,15,9,0x6714fd5b78bd8a7d,U0-2pi,pennylane,,,,0,test_full,1200,test,0.49,0.5,0.3288590604026846,0.5009523630142212,0.0,0.0014436981732052,0.0058263519654428,53,23,854.1360340219981,unknown,56488e26fdba,0.03,0.001 0.003 0.01 0.03,0.0458333333333333,30,300,1.0,,,False,,
a7_20260822T081428Z,2026-08-22T08:55:59+00:00,hyperplanes_n_features20_n_hyperplanes3_dim_hyperplanes5_seed22,daf152204bbd72927ebe009bee77245588374523bc0144bb5e7d3d282686d97e,f087808ca635cff7ff23816ed69bcf872092e3ee826c2b73a96b833594ccb0d5,A,L1,2.0,h2,35,35.0,15,9,0x6714fd5b78bd8a7d,U0-2pi,pennylane,,,,0,val_full,600,val,0.5133333333333333,0.5,0.3392070484581498,0.5009523630142212,0.0,0.0014436981732052,0.0058263519654428,53,23,854.1360340219981,unknown,56488e26fdba,0.03,0.001 0.003 0.01 0.03,0.0458333333333333,30,300,1.0,,,False,,
a7_20260822T081428Z,2026-08-22T08:56:05+00:00,hyperplanes_n_features20_n_hyperplanes3_dim_hyperplanes5_seed22,daf152204bbd72927ebe009bee77245588374523bc0144bb5e7d3d282686d97e,f087808ca635cff7ff23816ed69bcf872092e3ee826c2b73a96b833594ccb0d5,F,product,2.0,h4,35,20.0,29,8,0x4d0090b0ff939975,U0-2pi,pennylane,,,,0,test_full,1200,test,0.8208333333333333,0.8614945978391355,0.817872625196687,0.8092857003211975,0.6101812124252319,0.0153258722859768,0.2648265945830991,64,34,931.5775682999956,unknown,56488e26fdba,0.01,0.001 0.003 0.01 0.03,0.0458333333333333,30,300,1.0,,,False,,
a7_20260822T081428Z,2026-08-22T08:56:05+00:00,hyperplanes_n_features20_n_hyperplanes3_dim_hyperplanes5_seed22,daf152204bbd72927ebe009bee77245588374523bc0144bb5e7d3d282686d97e,f087808ca635cff7ff23816ed69bcf872092e3ee826c2b73a96b833594ccb0d5,F,product,2.0,h4,35,20.0,29,8,0x4d0090b0ff939975,U0-2pi,pennylane,,,,0,val_full,600,val,0.8316666666666667,0.8672111279131827,0.8303428697811535,0.8092857003211975,0.6101812124252319,0.0153258722859768,0.2648265945830991,64,34,931.5775682999956,unknown,56488e26fdba,0.01,0.001 0.003 0.01 0.03,0.0458333333333333,30,300,1.0,,,False,,
a7_20260822T081428Z,2026-08-22T08:56:12+00:00,hyperplanes_n_features20_n_hyperplanes3_dim_hyperplanes5_seed22,daf152204bbd72927ebe009bee77245588374523bc0144bb5e7d3d282686d97e,f087808ca635cff7ff23816ed69bcf872092e3ee826c2b73a96b833594ccb0d5,A,L2,2.0,h42,35,35.0,295,8,0x3c7362638e9ada30,U0-2pi,pennylane,,,,0,test_full,1200,test,0.9183333333333332,0.9786164465786314,0.9183222160794108,0.9178571701049804,0.6361508965492249,0.0022154405785721,0.081596550225823,62,32,1000.414469298994,unknown,56488e26fdba,0.01,0.001 0.003 0.01 0.03,0.0458333333333333,30,300,1.0,,,False,,
a7_20260822T081428Z,2026-08-22T08:56:12+00:00,hyperplanes_n_features20_n_hyperplanes3_dim_hyperplanes5_seed22,daf152204bbd72927ebe009bee77245588374523bc0144bb5e7d3d282686d97e,f087808ca635cff7ff23816ed69bcf872092e3ee826c2b73a96b833594ccb0d5,A,L2,2.0,h42,35,35.0,295,8,0x3c7362638e9ada30,U0-2pi,pennylane,,,,0,val_full,600,val,0.92,0.9749266144814088,0.9198717948717948,0.9178571701049804,0.6361508965492249,0.0022154405785721,0.081596550225823,62,32,1000.414469298994,unknown,56488e26fdba,0.01,0.001 0.003 0.01 0.03,0.0458333333333333,30,300,1.0,,,False,,
a7_20260822T081428Z,2026-08-22T08:56:17+00:00,hyperplanes_n_features20_n_hyperplanes3_dim_hyperplanes5_seed22,daf152204bbd72927ebe009bee77245588374523bc0144bb5e7d3d282686d97e,f087808ca635cff7ff23816ed69bcf872092e3ee826c2b73a96b833594ccb0d5,A,L2,2.0,h2,35,35.0,15,2,0xedbc28bf50f4bc26,U0-2pi,pennylane,,,,0,test_full,1200,test,0.8558333333333333,0.9225078920457072,0.8532570779073442,0.8390476107597351,0.8662350177764893,0.018180937772806,0.1536013105349029,153,123,2460.121390828004,unknown,56488e26fdba,0.01,0.001 0.003 0.01 0.03,0.0458333333333333,30,300,1.0,,,False,,
a7_20260822T081428Z,2026-08-22T08:56:17+00:00,hyperplanes_n_features20_n_hyperplanes3_dim_hyperplanes5_seed22,daf152204bbd72927ebe009bee77245588374523bc0144bb5e7d3d282686d97e,f087808ca635cff7ff23816ed69bcf872092e3ee826c2b73a96b833594ccb0d5,A,L2,2.0,h2,35,35.0,15,2,0xedbc28bf50f4bc26,U0-2pi,pennylane,,,,0,val_full,600,val,0.85,0.9077288293897884,0.8488648067708566,0.8390476107597351,0.8662350177764893,0.018180937772806,0.1536013105349029,153,123,2460.121390828004,unknown,56488e26fdba,0.01,0.001 0.003 0.01 0.03,0.0458333333333333,30,300,1.0,,,False,,
a7_20260822T081428Z,2026-08-22T08:56:28+00:00,hyperplanes_n_features20_n_hyperplanes3_dim_hyperplanes5_seed22,daf152204bbd72927ebe009bee77245588374523bc0144bb5e7d3d282686d97e,f087808ca635cff7ff23816ed69bcf872092e3ee826c2b73a96b833594ccb0d5,A,L1,2.0,h4,35,35.0,29,5,0x2560fc84838de57f,U0-2pi,pennylane,,,,0,test_full,1200,test,0.8741666666666666,0.95005224311947,0.8739017728213783,0.8642857074737549,0.9657329320907592,0.0243304132577391,0.4524385147136898,151,121,2433.227205571005,unknown,56488e26fdba,0.01,0.001 0.003 0.01 0.03,0.0458333333333333,30,300,1.0,,,False,,
a7_20260822T081428Z,2026-08-22T08:56:28+00:00,hyperplanes_n_features20_n_hyperplanes3_dim_hyperplanes5_seed22,daf152204bbd72927ebe009bee77245588374523bc0144bb5e7d3d282686d97e,f087808ca635cff7ff23816ed69bcf872092e3ee826c2b73a96b833594ccb0d5,A,L1,2.0,h4,35,35.0,29,5,0x2560fc84838de57f,U0-2pi,pennylane,,,,0,val_full,600,val,0.8833333333333333,0.9416807507560933,0.8833281479176852,0.8642857074737549,0.9657329320907592,0.0243304132577391,0.4524385147136898,151,121,2433.227205571005,unknown,56488e26fdba,0.01,0.001 0.003 0.01 0.03,0.0458333333333333,30,300,1.0,,,False,,
a7_20260822T081428Z,2026-08-22T08:56:37+00:00,hyperplanes_n_features20_n_hyperplanes3_dim_hyperplanes5_seed22,daf152204bbd72927ebe009bee77245588374523bc0144bb5e7d3d282686d97e,f087808ca635cff7ff23816ed69bcf872092e3ee826c2b73a96b833594ccb0d5,F,product,2.0,h2,35,20.0,15,7,0x9bb488a3f99e440c,U0-2pi,pennylane,,,,0,test_full,1200,test,0.49,0.5,0.3288590604026846,0.5009523630142212,0.0,0.0097554358733151,0.0104955883252256,85,55,1222.5851510219943,unknown,56488e26fdba,0.01,0.001 0.003 0.01 0.03,0.0458333333333333,30,300,1.0,,,False,,
a7_20260822T081428Z,2026-08-22T08:56:37+00:00,hyperplanes_n_features20_n_hyperplanes3_dim_hyperplanes5_seed22,daf152204bbd72927ebe009bee77245588374523bc0144bb5e7d3d282686d97e,f087808ca635cff7ff23816ed69bcf872092e3ee826c2b73a96b833594ccb0d5,F,product,2.0,h2,35,20.0,15,7,0x9bb488a3f99e440c,U0-2pi,pennylane,,,,0,val_full,600,val,0.5133333333333333,0.5,0.3392070484581498,0.5009523630142212,0.0,0.0097554358733151,0.0104955883252256,85,55,1222.5851510219943,unknown,56488e26fdba,0.01,0.001 0.003 0.01 0.03,0.0458333333333333,30,300,1.0,,,False,,
a7_20260822T081428Z,2026-08-22T08:56:59+00:00,hyperplanes_n_features20_n_hyperplanes3_dim_hyperplanes5_seed22,daf152204bbd72927ebe009bee77245588374523bc0144bb5e7d3d282686d97e,f087808ca635cff7ff23816ed69bcf872092e3ee826c2b73a96b833594ccb0d5,A,L1,2.0,linear,35,35.0,6,9,0x6714fd5b78bd8a7d,U0-2pi,pennylane,,,,0,test_full,1200,test,0.8083333333333333,0.8596938775510204,0.8067681553920085,0.8066666722297668,1.0616271495819092,0.0245007375490483,0.1397980629016668,56,26,915.1508764679892,unknown,56488e26fdba,0.03,0.001 0.003 0.01 0.03,0.0458333333333333,30,300,1.0,,,False,,
a7_20260822T081428Z,2026-08-22T08:56:59+00:00,hyperplanes_n_features20_n_hyperplanes3_dim_hyperplanes5_seed22,daf152204bbd72927ebe009bee77245588374523bc0144bb5e7d3d282686d97e,f087808ca635cff7ff23816ed69bcf872092e3ee826c2b73a96b833594ccb0d5,A,L1,2.0,linear,35,35.0,6,9,0x6714fd5b78bd8a7d,U0-2pi,pennylane,,,,0,val_full,600,val,0.8216666666666667,0.8576876890233055,0.8211255715205161,0.8066666722297668,1.0616271495819092,0.0245007375490483,0.1397980629016668,56,26,915.1508764679892,unknown,56488e26fdba,0.03,0.001 0.003 0.01 0.03,0.0458333333333333,30,300,1.0,,,False,,
a7_20260822T081428Z,2026-08-22T08:57:01+00:00,hyperplanes_n_features20_n_hyperplanes3_dim_hyperplanes5_seed22,daf152204bbd72927ebe009bee77245588374523bc0144bb5e7d3d282686d97e,f087808ca635cff7ff23816ed69bcf872092e3ee826c2b73a96b833594ccb0d5,A,L2,2.0,h42,35,35.0,295,5,0xf9ea9d8280d97e94,U0-2pi,pennylane,,,,0,test_full,1200,test,0.9533333333333334,0.9960734293717488,0.9533203667685468,0.9580952525138856,0.6351315975189209,0.0041780982650592,0.2148817017024298,153,123,2459.6178456500056,unknown,56488e26fdba,0.01,0.001 0.003 0.01 0.03,0.0458333333333333,30,300,1.0,,,False,,
a7_20260822T081428Z,2026-08-22T08:57:01+00:00,hyperplanes_n_features20_n_hyperplanes3_dim_hyperplanes5_seed22,daf152204bbd72927ebe009bee77245588374523bc0144bb5e7d3d282686d97e,f087808ca635cff7ff23816ed69bcf872092e3ee826c2b73a96b833594ccb0d5,A,L2,2.0,h42,35,35.0,295,5,0xf9ea9d8280d97e94,U0-2pi,pennylane,,,,0,val_full,600,val,0.9616666666666668,0.9934620174346204,0.961564064071034,0.9580952525138856,0.6351315975189209,0.0041780982650592,0.2148817017024298,153,123,2459.6178456500056,unknown,56488e26fdba,0.01,0.001 0.003 0.01 0.03,0.0458333333333333,30,300,1.0,,,False,,
a7_20260822T081428Z,2026-08-22T08:57:06+00:00,hyperplanes_n_features20_n_hyperplanes3_dim_hyperplanes5_seed22,daf152204bbd72927ebe009bee77245588374523bc0144bb5e7d3d282686d97e,f087808ca635cff7ff23816ed69bcf872092e3ee826c2b73a96b833594ccb0d5,A,L1,2.0,linear,35,35.0,6,10,0x7a100d81f77e2599,U0-2pi,pennylane,,,,0,test_full,1200,test,0.8075,0.8511876973011427,0.8047269876179157,0.8016666769981384,0.8194429278373718,0.0081679978897801,0.0954717673118435,36,6,587.6582844799996,unknown,56488e26fdba,0.03,0.001 0.003 0.01 0.03,0.0458333333333333,30,300,1.0,,,False,,
a7_20260822T081428Z,2026-08-22T08:57:06+00:00,hyperplanes_n_features20_n_hyperplanes3_dim_hyperplanes5_seed22,daf152204bbd72927ebe009bee77245588374523bc0144bb5e7d3d282686d97e,f087808ca635cff7ff23816ed69bcf872092e3ee826c2b73a96b833594ccb0d5,A,L1,2.0,linear,35,35.0,6,10,0x7a100d81f77e2599,U0-2pi,pennylane,,,,0,val_full,600,val,0.815,0.850593755559509,0.8142150586226808,0.8016666769981384,0.8194429278373718,0.0081679978897801,0.0954717673118435,36,6,587.6582844799996,unknown,56488e26fdba,0.03,0.001 0.003 0.01 0.03,0.0458333333333333,30,300,1.0,,,False,,
a7_20260822T081428Z,2026-08-22T08:57:10+00:00,hyperplanes_n_features20_n_hyperplanes3_dim_hyperplanes5_seed22,daf152204bbd72927ebe009bee77245588374523bc0144bb5e7d3d282686d97e,f087808ca635cff7ff23816ed69bcf872092e3ee826c2b73a96b833594ccb0d5,F,product,2.0,h42,35,20.0,295,7,0x9bb488a3f99e440c,U0-2pi,pennylane,,,,0,test_full,1200,test,0.97,0.9952091947890268,0.9699899132764068,0.975000023841858,0.6629495620727539,0.010021034066954,0.1545001192394667,83,53,1210.537994444996,unknown,56488e26fdba,0.01,0.001 0.003 0.01 0.03,0.0458333333333333,30,300,1.0,,,False,,
a7_20260822T081428Z,2026-08-22T08:57:10+00:00,hyperplanes_n_features20_n_hyperplanes3_dim_hyperplanes5_seed22,daf152204bbd72927ebe009bee77245588374523bc0144bb5e7d3d282686d97e,f087808ca635cff7ff23816ed69bcf872092e3ee826c2b73a96b833594ccb0d5,F,product,2.0,h42,35,20.0,295,7,0x9bb488a3f99e440c,U0-2pi,pennylane,,,,0,val_full,600,val,0.965,0.9919609500088952,0.9649781113195748,0.975000023841858,0.6629495620727539,0.010021034066954,0.1545001192394667,83,53,1210.537994444996,unknown,56488e26fdba,0.01,0.001 0.003 0.01 0.03,0.0458333333333333,30,300,1.0,,,False,,
a7_20260822T081428Z,2026-08-22T08:57:21+00:00,hyperplanes_n_features20_n_hyperplanes3_dim_hyperplanes5_seed22,daf152204bbd72927ebe009bee77245588374523bc0144bb5e7d3d282686d97e,f087808ca635cff7ff23816ed69bcf872092e3ee826c2b73a96b833594ccb0d5,A,L1,2.0,h42,35,35.0,295,5,0x2560fc84838de57f,U0-2pi,pennylane,,,,0,test_full,1200,test,0.9666666666666668,0.99677093059446,0.9666591649787868,0.9730952382087708,0.8369653820991516,0.006821104964371,0.3370021108373996,157,127,2485.662706382005,unknown,56488e26fdba,0.01,0.001 0.003 0.01 0.03,0.0458333333333333,30,300,1.0,,,False,,
a7_20260822T081428Z,2026-08-22T08:57:21+00:00,hyperplanes_n_features20_n_hyperplanes3_dim_hyperplanes5_seed22,daf152204bbd72927ebe009bee77245588374523bc0144bb5e7d3d282686d97e,f087808ca635cff7ff23816ed69bcf872092e3ee826c2b73a96b833594ccb0d5,A,L1,2.0,h42,35,35.0,295,5,0x2560fc84838de57f,U0-2pi,pennylane,,,,0,val_full,600,val,0.9666666666666668,0.9945072051236434,0.9666485086324776,0.9730952382087708,0.8369653820991516,0.006821104964371,0.3370021108373996,157,127,2485.662706382005,unknown,56488e26fdba,0.01,0.001 0.003 0.01 0.03,0.0458333333333333,30,300,1.0,,,False,,
a7_20260822T081428Z,2026-08-22T08:57:21+00:00,hyperplanes_n_features20_n_hyperplanes3_dim_hyperplanes5_seed22,daf152204bbd72927ebe009bee77245588374523bc0144bb5e7d3d282686d97e,f087808ca635cff7ff23816ed69bcf872092e3ee826c2b73a96b833594ccb0d5,A,L2,2.0,h42,35,35.0,295,2,0xedbc28bf50f4bc26,U0-2pi,pennylane,,,,0,test_full,1200,test,0.9533333333333334,0.9916911208928016,0.953311415636785,0.94904762506485,0.941323459148407,0.0033158344583715,0.3029540187228661,158,128,2523.710774819003,unknown,56488e26fdba,0.01,0.001 0.003 0.01 0.03,0.0458333333333333,30,300,1.0,,,False,,
a7_20260822T081428Z,2026-08-22T08:57:21+00:00,hyperplanes_n_features20_n_hyperplanes3_dim_hyperplanes5_seed22,daf152204bbd72927ebe009bee77245588374523bc0144bb5e7d3d282686d97e,f087808ca635cff7ff23816ed69bcf872092e3ee826c2b73a96b833594ccb0d5,A,L2,2.0,h42,35,35.0,295,2,0xedbc28bf50f4bc26,U0-2pi,pennylane,,,,0,val_full,600,val,0.9383333333333334,0.9856898238747552,0.938324938672208,0.94904762506485,0.941323459148407,0.0033158344583715,0.3029540187228661,158,128,2523.710774819003,unknown,56488e26fdba,0.01,0.001 0.003 0.01 0.03,0.0458333333333333,30,300,1.0,,,False,,
a7_20260822T081428Z,2026-08-22T08:57:31+00:00,hyperplanes_n_features20_n_hyperplanes3_dim_hyperplanes5_seed22,daf152204bbd72927ebe009bee77245588374523bc0144bb5e7d3d282686d97e,f087808ca635cff7ff23816ed69bcf872092e3ee826c2b73a96b833594ccb0d5,A,L2,2.0,linear,35,35.0,6,9,0x37a73ff05100a2cc,U0-2pi,pennylane,,,,0,test_full,1200,test,0.8075,0.8582127295362588,0.8048050902776458,0.7976190447807312,1.362082839012146,0.0220448579257508,0.110273355724393,50,20,804.432388014,unknown,56488e26fdba,0.03,0.001 0.003 0.01 0.03,0.0458333333333333,30,300,1.0,,,False,,
a7_20260822T081428Z,2026-08-22T08:57:31+00:00,hyperplanes_n_features20_n_hyperplanes3_dim_hyperplanes5_seed22,daf152204bbd72927ebe009bee77245588374523bc0144bb5e7d3d282686d97e,f087808ca635cff7ff23816ed69bcf872092e3ee826c2b73a96b833594ccb0d5,A,L2,2.0,linear,35,35.0,6,9,0x37a73ff05100a2cc,U0-2pi,pennylane,,,,0,val_full,600,val,0.8133333333333334,0.8534847002312757,0.8125815772152746,0.7976190447807312,1.362082839012146,0.0220448579257508,0.110273355724393,50,20,804.432388014,unknown,56488e26fdba,0.03,0.001 0.003 0.01 0.03,0.0458333333333333,30,300,1.0,,,False,,
a7_20260822T081428Z,2026-08-22T08:57:54+00:00,hyperplanes_n_features20_n_hyperplanes3_dim_hyperplanes5_seed22,daf152204bbd72927ebe009bee77245588374523bc0144bb5e7d3d282686d97e,f087808ca635cff7ff23816ed69bcf872092e3ee826c2b73a96b833594ccb0d5,A,L2,2.0,linear,35,35.0,6,7,0x93234eaab96b5658,U0-2pi,pennylane,,,,0,test_full,1200,test,0.8225,0.8723044773464943,0.8205528740675735,0.8097618818283081,0.9516128301620485,0.0109866478108302,0.090174017639024,88,58,1406.427579208001,unknown,56488e26fdba,0.03,0.001 0.003 0.01 0.03,0.0458333333333333,30,300,1.0,,,False,,
a7_20260822T081428Z,2026-08-22T08:57:54+00:00,hyperplanes_n_features20_n_hyperplanes3_dim_hyperplanes5_seed22,daf152204bbd72927ebe009bee77245588374523bc0144bb5e7d3d282686d97e,f087808ca635cff7ff23816ed69bcf872092e3ee826c2b73a96b833594ccb0d5,A,L2,2.0,linear,35,35.0,6,7,0x93234eaab96b5658,U0-2pi,pennylane,,,,0,val_full,600,val,0.8283333333333334,0.8619907489770504,0.827873852144196,0.8097618818283081,0.9516128301620485,0.0109866478108302,0.090174017639024,88,58,1406.427579208001,unknown,56488e26fdba,0.03,0.001 0.003 0.01 0.03,0.0458333333333333,30,300,1.0,,,False,,
a7_20260822T081428Z,2026-08-22T08:58:08+00:00,hyperplanes_n_features20_n_hyperplanes3_dim_hyperplanes5_seed22,daf152204bbd72927ebe009bee77245588374523bc0144bb5e7d3d282686d97e,f087808ca635cff7ff23816ed69bcf872092e3ee826c2b73a96b833594ccb0d5,F,product,2.0,h42,35,20.0,295,8,0x4d0090b0ff939975,U0-2pi,pennylane,,,,0,test_full,1200,test,0.9741666666666666,0.9965764083411142,0.9741393513565372,0.9735714197158812,0.6270931959152222,0.0065390860284477,0.3456405257437043,74,44,1051.1728477139986,unknown,56488e26fdba,0.01,0.001 0.003 0.01 0.03,0.0458333333333333,30,300,1.0,,,False,,
a7_20260822T081428Z,2026-08-22T08:58:08+00:00,hyperplanes_n_features20_n_hyperplanes3_dim_hyperplanes5_seed22,daf152204bbd72927ebe009bee77245588374523bc0144bb5e7d3d282686d97e,f087808ca635cff7ff23816ed69bcf872092e3ee826c2b73a96b833594ccb0d5,F,product,2.0,h42,35,20.0,295,8,0x4d0090b0ff939975,U0-2pi,pennylane,,,,0,val_full,600,val,0.9716666666666668,0.992850471446362,0.9716489472587032,0.9735714197158812,0.6270931959152222,0.0065390860284477,0.3456405257437043,74,44,1051.1728477139986,unknown,56488e26fdba,0.01,0.001 0.003 0.01 0.03,0.0458333333333333,30,300,1.0,,,False,,
a7_20260822T081428Z,2026-08-22T08:58:12+00:00,hyperplanes_n_features20_n_hyperplanes3_dim_hyperplanes5_seed22,daf152204bbd72927ebe009bee77245588374523bc0144bb5e7d3d282686d97e,f087808ca635cff7ff23816ed69bcf872092e3ee826c2b73a96b833594ccb0d5,A,L1,2.0,h42,35,35.0,295,6,0x7f041defed10b1c8,U0-2pi,pennylane,,,,0,test_full,1200,test,0.9475,0.9918634120314792,0.9473639870805044,0.9526190757751464,0.9603963494300842,0.0139192930825735,0.2624680708645828,126,96,1997.1250424140017,unknown,56488e26fdba,0.01,0.001 0.003 0.01 0.03,0.0458333333333333,30,300,1.0,,,False,,
a7_20260822T081428Z,2026-08-22T08:58:12+00:00,hyperplanes_n_features20_n_hyperplanes3_dim_hyperplanes5_seed22,daf152204bbd72927ebe009bee77245588374523bc0144bb5e7d3d282686d97e,f087808ca635cff7ff23816ed69bcf872092e3ee826c2b73a96b833594ccb0d5,A,L1,2.0,h42,35,35.0,295,6,0x7f041defed10b1c8,U0-2pi,pennylane,,,,0,val_full,600,val,0.9433333333333334,0.987246486390322,0.9433327036967076,0.9526190757751464,0.9603963494300842,0.0139192930825735,0.2624680708645828,126,96,1997.1250424140017,unknown,56488e26fdba,0.01,0.001 0.003 0.01 0.03,0.0458333333333333,30,300,1.0,,,False,,
a7_20260822T081428Z,2026-08-22T08:58:55+00:00,hyperplanes_n_features20_n_hyperplanes3_dim_hyperplanes5_seed22,daf152204bbd72927ebe009bee77245588374523bc0144bb5e7d3d282686d97e,f087808ca635cff7ff23816ed69bcf872092e3ee826c2b73a96b833594ccb0d5,A,L1,2.0,h4,35,35.0,29,7,0xd86bbfc3a6142e24,U0-2pi,pennylane,,,,0,test_full,1200,test,0.8508333333333333,0.914379640745187,0.8495923659022813,0.8352380990982056,0.9250847101211548,0.0254602088782244,0.052179280328987,96,66,1515.6624519339966,unknown,56488e26fdba,0.01,0.001 0.003 0.01 0.03,0.0458333333333333,30,300,1.0,,,False,,
a7_20260822T081428Z,2026-08-22T08:58:55+00:00,hyperplanes_n_features20_n_hyperplanes3_dim_hyperplanes5_seed22,daf152204bbd72927ebe009bee77245588374523bc0144bb5e7d3d282686d97e,f087808ca635cff7ff23816ed69bcf872092e3ee826c2b73a96b833594ccb0d5,A,L1,2.0,h4,35,35.0,29,7,0xd86bbfc3a6142e24,U0-2pi,pennylane,,,,0,val_full,600,val,0.855,0.9041874221668742,0.8547478260869565,0.8352380990982056,0.9250847101211548,0.0254602088782244,0.052179280328987,96,66,1515.6624519339966,unknown,56488e26fdba,0.01,0.001 0.003 0.01 0.03,0.0458333333333333,30,300,1.0,,,False,,
a7_20260822T081428Z,2026-08-22T08:59:06+00:00,hyperplanes_n_features20_n_hyperplanes3_dim_hyperplanes5_seed22,daf152204bbd72927ebe009bee77245588374523bc0144bb5e7d3d282686d97e,f087808ca635cff7ff23816ed69bcf872092e3ee826c2b73a96b833594ccb0d5,F,product,2.0,h2,35,20.0,15,9,0x7545af47d8de3bdf,U0-2pi,pennylane,,,,0,test_full,1200,test,0.49,0.5,0.3288590604026846,0.5009523630142212,0.0,0.0014436981732052,0.0058263519654428,53,23,751.7083921890007,unknown,56488e26fdba,0.03,0.001 0.003 0.01 0.03,0.0458333333333333,30,300,1.0,,,False,,
a7_20260822T081428Z,2026-08-22T08:59:06+00:00,hyperplanes_n_features20_n_hyperplanes3_dim_hyperplanes5_seed22,daf152204bbd72927ebe009bee77245588374523bc0144bb5e7d3d282686d97e,f087808ca635cff7ff23816ed69bcf872092e3ee826c2b73a96b833594ccb0d5,F,product,2.0,h2,35,20.0,15,9,0x7545af47d8de3bdf,U0-2pi,pennylane,,,,0,val_full,600,val,0.5133333333333333,0.5,0.3392070484581498,0.5009523630142212,0.0,0.0014436981732052,0.0058263519654428,53,23,751.7083921890007,unknown,56488e26fdba,0.03,0.001 0.003 0.01 0.03,0.0458333333333333,30,300,1.0,,,False,,
a7_20260822T081428Z,2026-08-22T08:59:50+00:00,hyperplanes_n_features20_n_hyperplanes3_dim_hyperplanes5_seed22,daf152204bbd72927ebe009bee77245588374523bc0144bb5e7d3d282686d97e,f087808ca635cff7ff23816ed69bcf872092e3ee826c2b73a96b833594ccb0d5,A,L2,2.0,h4,35,35.0,29,5,0xf9ea9d8280d97e94,U0-2pi,pennylane,,,,0,test_full,1200,test,0.8983333333333333,0.9702769996887644,0.8980612134057859,0.8942857384681702,1.1143741607666016,0.0174652502937491,0.0889696235965778,166,136,2630.6541933309927,unknown,56488e26fdba,0.01,0.001 0.003 0.01 0.03,0.0458333333333333,30,300,1.0,,,False,,
a7_20260822T081428Z,2026-08-22T08:59:50+00:00,hyperplanes_n_features20_n_hyperplanes3_dim_hyperplanes5_seed22,daf152204bbd72927ebe009bee77245588374523bc0144bb5e7d3d282686d97e,f087808ca635cff7ff23816ed69bcf872092e3ee826c2b73a96b833594ccb0d5,A,L2,2.0,h4,35,35.0,29,5,0xf9ea9d8280d97e94,U0-2pi,pennylane,,,,0,val_full,600,val,0.9116666666666666,0.9685776552214908,0.9116546418818116,0.8942857384681702,1.1143741607666016,0.0174652502937491,0.0889696235965778,166,136,2630.6541933309927,unknown,56488e26fdba,0.01,0.001 0.003 0.01 0.03,0.0458333333333333,30,300,1.0,,,False,,
a7_20260822T081428Z,2026-08-22T09:00:03+00:00,hyperplanes_n_features20_n_hyperplanes3_dim_hyperplanes5_seed22,daf152204bbd72927ebe009bee77245588374523bc0144bb5e7d3d282686d97e,f087808ca635cff7ff23816ed69bcf872092e3ee826c2b73a96b833594ccb0d5,F,product,2.0,linear,35,20.0,6,10,0xaf315250f59e947e,U0-2pi,pennylane,,,,0,test_full,1200,test,0.8125,0.8494064292383622,0.810509161882023,0.8052380681037903,0.8080055713653564,0.0043317127882943,0.0989460252162037,36,6,512.5026240759908,unknown,56488e26fdba,0.03,0.001 0.003 0.01 0.03,0.0458333333333333,30,300,1.0,,,False,,
a7_20260822T081428Z,2026-08-22T09:00:03+00:00,hyperplanes_n_features20_n_hyperplanes3_dim_hyperplanes5_seed22,daf152204bbd72927ebe009bee77245588374523bc0144bb5e7d3d282686d97e,f087808ca635cff7ff23816ed69bcf872092e3ee826c2b73a96b833594ccb0d5,F,product,2.0,linear,35,20.0,6,10,0xaf315250f59e947e,U0-2pi,pennylane,,,,0,val_full,600,val,0.8166666666666667,0.8464463618573208,0.8162071846282373,0.8052380681037903,0.8080055713653564,0.0043317127882943,0.0989460252162037,36,6,512.5026240759908,unknown,56488e26fdba,0.03,0.001 0.003 0.01 0.03,0.0458333333333333,30,300,1.0,,,False,,
a7_20260822T081428Z,2026-08-22T09:00:51+00:00,hyperplanes_n_features20_n_hyperplanes3_dim_hyperplanes5_seed22,daf152204bbd72927ebe009bee77245588374523bc0144bb5e7d3d282686d97e,f087808ca635cff7ff23816ed69bcf872092e3ee826c2b73a96b833594ccb0d5,A,L1,2.0,linear,35,35.0,6,6,0x7f041defed10b1c8,U0-2pi,pennylane,,,,0,test_full,1200,test,0.8333333333333334,0.8906006847183318,0.8321678321678322,0.8233333230018616,1.5889891386032104,0.0251750453011035,0.09231638945979,137,107,2165.8065754220006,unknown,56488e26fdba,0.03,0.001 0.003 0.01 0.03,0.0458333333333333,30,300,1.0,,,False,,
a7_20260822T081428Z,2026-08-22T09:00:51+00:00,hyperplanes_n_features20_n_hyperplanes3_dim_hyperplanes5_seed22,daf152204bbd72927ebe009bee77245588374523bc0144bb5e7d3d282686d97e,f087808ca635cff7ff23816ed69bcf872092e3ee826c2b73a96b833594ccb0d5,A,L1,2.0,linear,35,35.0,6,6,0x7f041defed10b1c8,U0-2pi,pennylane,,,,0,val_full,600,val,0.8433333333333334,0.8783690624444049,0.8431922063190205,0.8233333230018616,1.5889891386032104,0.0251750453011035,0.09231638945979,137,107,2165.8065754220006,unknown,56488e26fdba,0.03,0.001 0.003 0.01 0.03,0.0458333333333333,30,300,1.0,,,False,,
a7_20260822T081428Z,2026-08-22T09:00:59+00:00,hyperplanes_n_features20_n_hyperplanes3_dim_hyperplanes5_seed22,daf152204bbd72927ebe009bee77245588374523bc0144bb5e7d3d282686d97e,f087808ca635cff7ff23816ed69bcf872092e3ee826c2b73a96b833594ccb0d5,A,L1,2.0,h4,35,35.0,29,2,0x68f1fd9add9ea051,U0-2pi,pennylane,,,,0,test_full,1200,test,0.8683333333333333,0.9225134498243742,0.8657645896049684,0.8550000190734863,0.8180721402168274,0.01247966458905,0.101204576783298,169,139,2741.9485309209995,unknown,56488e26fdba,0.01,0.001 0.003 0.01 0.03,0.0458333333333333,30,300,1.0,,,False,,
a7_20260822T081428Z,2026-08-22T09:00:59+00:00,hyperplanes_n_features20_n_hyperplanes3_dim_hyperplanes5_seed22,daf152204bbd72927ebe009bee77245588374523bc0144bb5e7d3d282686d97e,f087808ca635cff7ff23816ed69bcf872092e3ee826c2b73a96b833594ccb0d5,A,L1,2.0,h4,35,35.0,29,2,0x68f1fd9add9ea051,U0-2pi,pennylane,,,,0,val_full,600,val,0.8616666666666667,0.9122709482298524,0.8605787939785716,0.8550000190734863,0.8180721402168274,0.01247966458905,0.101204576783298,169,139,2741.9485309209995,unknown,56488e26fdba,0.01,0.001 0.003 0.01 0.03,0.0458333333333333,30,300,1.0,,,False,,
a7_20260822T081428Z,2026-08-22T09:01:41+00:00,hyperplanes_n_features20_n_hyperplanes3_dim_hyperplanes5_seed22,daf152204bbd72927ebe009bee77245588374523bc0144bb5e7d3d282686d97e,f087808ca635cff7ff23816ed69bcf872092e3ee826c2b73a96b833594ccb0d5,F,product,2.0,h4,35,20.0,29,7,0x9bb488a3f99e440c,U0-2pi,pennylane,,,,0,test_full,1200,test,0.8225,0.8950802543239518,0.8196442419166257,0.8176190257072449,0.6845860481262207,0.0228122422699801,0.1959926390690893,104,74,1488.5291242960084,unknown,56488e26fdba,0.01,0.001 0.003 0.01 0.03,0.0458333333333333,30,300,1.0,,,False,,
a7_20260822T081428Z,2026-08-22T09:01:41+00:00,hyperplanes_n_features20_n_hyperplanes3_dim_hyperplanes5_seed22,daf152204bbd72927ebe009bee77245588374523bc0144bb5e7d3d282686d97e,f087808ca635cff7ff23816ed69bcf872092e3ee826c2b73a96b833594ccb0d5,F,product,2.0,h4,35,20.0,29,7,0x9bb488a3f99e440c,U0-2pi,pennylane,,,,0,val_full,600,val,0.8333333333333334,0.8768012809108698,0.832347911613819,0.8176190257072449,0.6845860481262207,0.0228122422699801,0.1959926390690893,104,74,1488.5291242960084,unknown,56488e26fdba,0.01,0.001 0.003 0.01 0.03,0.0458333333333333,30,300,1.0,,,False,,
a7_20260822T081428Z,2026-08-22T09:02:11+00:00,hyperplanes_n_features20_n_hyperplanes3_dim_hyperplanes5_seed22,daf152204bbd72927ebe009bee77245588374523bc0144bb5e7d3d282686d97e,f087808ca635cff7ff23816ed69bcf872092e3ee826c2b73a96b833594ccb0d5,A,L2,2.0,h42,35,35.0,295,1,0x9aed96d53998f1c9,U0-2pi,pennylane,,,,0,test_full,1200,test,0.9658333333333332,0.9950674714330175,0.9658133673902604,0.973809540271759,0.8157089352607727,0.0028660531030949,0.1333247745127611,178,148,2813.340423721005,unknown,56488e26fdba,0.01,0.001 0.003 0.01 0.03,0.0458333333333333,30,300,1.0,,,False,,
a7_20260822T081428Z,2026-08-22T09:02:11+00:00,hyperplanes_n_features20_n_hyperplanes3_dim_hyperplanes5_seed22,daf152204bbd72927ebe009bee77245588374523bc0144bb5e7d3d282686d97e,f087808ca635cff7ff23816ed69bcf872092e3ee826c2b73a96b833594ccb0d5,A,L2,2.0,h42,35,35.0,295,1,0x9aed96d53998f1c9,U0-2pi,pennylane,,,,0,val_full,600,val,0.9766666666666668,0.99566358299235,0.9766500622665006,0.973809540271759,0.8157089352607727,0.0028660531030949,0.1333247745127611,178,148,2813.340423721005,unknown,56488e26fdba,0.01,0.001 0.003 0.01 0.03,0.0458333333333333,30,300,1.0,,,False,,
a7_20260822T081428Z,2026-08-22T09:02:14+00:00,hyperplanes_n_features20_n_hyperplanes3_dim_hyperplanes5_seed22,daf152204bbd72927ebe009bee77245588374523bc0144bb5e7d3d282686d97e,f087808ca635cff7ff23816ed69bcf872092e3ee826c2b73a96b833594ccb0d5,A,L1,2.0,h2,35,35.0,15,10,0x7a100d81f77e2599,U0-2pi,pennylane,,,,0,test_full,1200,test,0.49,0.5,0.3288590604026846,0.5009523630142212,0.2650516927242279,0.0092011834321659,0.0056718953003533,56,26,895.0594341110118,unknown,56488e26fdba,0.03,0.001 0.003 0.01 0.03,0.0458333333333333,30,300,1.0,,,False,,
a7_20260822T081428Z,2026-08-22T09:02:14+00:00,hyperplanes_n_features20_n_hyperplanes3_dim_hyperplanes5_seed22,daf152204bbd72927ebe009bee77245588374523bc0144bb5e7d3d282686d97e,f087808ca635cff7ff23816ed69bcf872092e3ee826c2b73a96b833594ccb0d5,A,L1,2.0,h2,35,35.0,15,10,0x7a100d81f77e2599,U0-2pi,pennylane,,,,0,val_full,600,val,0.5133333333333333,0.5,0.3392070484581498,0.5009523630142212,0.2650516927242279,0.0092011834321659,0.0056718953003533,56,26,895.0594341110118,unknown,56488e26fdba,0.03,0.001 0.003 0.01 0.03,0.0458333333333333,30,300,1.0,,,False,,
a7_20260822T081428Z,2026-08-22T09:02:30+00:00,hyperplanes_n_features20_n_hyperplanes3_dim_hyperplanes5_seed22,daf152204bbd72927ebe009bee77245588374523bc0144bb5e7d3d282686d97e,f087808ca635cff7ff23816ed69bcf872092e3ee826c2b73a96b833594ccb0d5,A,L1,2.0,h4,35,35.0,29,9,0x6714fd5b78bd8a7d,U0-2pi,pennylane,,,,0,test_full,1200,test,0.8983333333333333,0.9582652505446624,0.8981420667698233,0.8876190185546875,0.6561043858528137,0.0162672176817475,0.3314674909822381,78,48,1216.072277240004,unknown,56488e26fdba,0.01,0.001 0.003 0.01 0.03,0.0458333333333333,30,300,1.0,,,False,,
a7_20260822T081428Z,2026-08-22T09:02:30+00:00,hyperplanes_n_features20_n_hyperplanes3_dim_hyperplanes5_seed22,daf152204bbd72927ebe009bee77245588374523bc0144bb5e7d3d282686d97e,f087808ca635cff7ff23816ed69bcf872092e3ee826c2b73a96b833594ccb0d5,A,L1,2.0,h4,35,35.0,29,9,0x6714fd5b78bd8a7d,U0-2pi,pennylane,,,,0,val_full,600,val,0.9016666666666666,0.9601160825475894,0.9016642082718735,0.8876190185546875,0.6561043858528137,0.0162672176817475,0.3314674909822381,78,48,1216.072277240004,unknown,56488e26fdba,0.01,0.001 0.003 0.01 0.03,0.0458333333333333,30,300,1.0,,,False,,
a7_20260822T081428Z,2026-08-22T09:02:32+00:00,hyperplanes_n_features20_n_hyperplanes3_dim_hyperplanes5_seed22,daf152204bbd72927ebe009bee77245588374523bc0144bb5e7d3d282686d97e,f087808ca635cff7ff23816ed69bcf872092e3ee826c2b73a96b833594ccb0d5,A,L1,2.0,linear,35,35.0,6,5,0x2560fc84838de57f,U0-2pi,pennylane,,,,0,test_full,1200,test,0.8225,0.8749527588813303,0.8210233180848374,0.8100000023841858,1.184364914894104,0.0367252979344375,0.0526408114543112,178,148,2797.471673218999,unknown,56488e26fdba,0.03,0.001 0.003 0.01 0.03,0.0458333333333333,30,300,1.0,,,False,,
a7_20260822T081428Z,2026-08-22T09:02:32+00:00,hyperplanes_n_features20_n_hyperplanes3_dim_hyperplanes5_seed22,daf152204bbd72927ebe009bee77245588374523bc0144bb5e7d3d282686d97e,f087808ca635cff7ff23816ed69bcf872092e3ee826c2b73a96b833594ccb0d5,A,L1,2.0,linear,35,35.0,6,5,0x2560fc84838de57f,U0-2pi,pennylane,,,,0,val_full,600,val,0.8383333333333334,0.8762342109944851,0.837900618038709,0.8100000023841858,1.184364914894104,0.0367252979344375,0.0526408114543112,178,148,2797.471673218999,unknown,56488e26fdba,0.03,0.001 0.003 0.01 0.03,0.0458333333333333,30,300,1.0,,,False,,
a7_20260822T081428Z,2026-08-22T09:03:03+00:00,hyperplanes_n_features20_n_hyperplanes3_dim_hyperplanes5_seed22,daf152204bbd72927ebe009bee77245588374523bc0144bb5e7d3d282686d97e,f087808ca635cff7ff23816ed69bcf872092e3ee826c2b73a96b833594ccb0d5,F,product,2.0,h2,35,20.0,15,10,0xaf315250f59e947e,U0-2pi,pennylane,,,,0,test_full,1200,test,0.49,0.5,0.3288590604026846,0.5009523630142212,0.2489182651042938,0.0086403400091237,0.0020918706980847,43,13,601.0007351590029,unknown,56488e26fdba,0.03,0.001 0.003 0.01 0.03,0.0458333333333333,30,300,1.0,,,False,,
a7_20260822T081428Z,2026-08-22T09:03:03+00:00,hyperplanes_n_features20_n_hyperplanes3_dim_hyperplanes5_seed22,daf152204bbd72927ebe009bee77245588374523bc0144bb5e7d3d282686d97e,f087808ca635cff7ff23816ed69bcf872092e3ee826c2b73a96b833594ccb0d5,F,product,2.0,h2,35,20.0,15,10,0xaf315250f59e947e,U0-2pi,pennylane,,,,0,val_full,600,val,0.5133333333333333,0.5,0.3392070484581498,0.5009523630142212,0.2489182651042938,0.0086403400091237,0.0020918706980847,43,13,601.0007351590029,unknown,56488e26fdba,0.03,0.001 0.003 0.01 0.03,0.0458333333333333,30,300,1.0,,,False,,
a7_20260822T081428Z,2026-08-22T09:03:35+00:00,hyperplanes_n_features20_n_hyperplanes3_dim_hyperplanes5_seed22,daf152204bbd72927ebe009bee77245588374523bc0144bb5e7d3d282686d97e,f087808ca635cff7ff23816ed69bcf872092e3ee826c2b73a96b833594ccb0d5,A,L1,2.0,h2,35,35.0,15,8,0xe2c241f58beaa0b8,U0-2pi,pennylane,,,,0,test_full,1200,test,0.8166666666666667,0.8739662531679337,0.8156754099825729,0.8050000071525574,1.2513617277145386,0.0153236688295945,0.1047307257498845,100,70,1571.2451174839953,unknown,56488e26fdba,0.03,0.001 0.003 0.01 0.03,0.0458333333333333,30,300,1.0,,,False,,
a7_20260822T081428Z,2026-08-22T09:03:35+00:00,hyperplanes_n_features20_n_hyperplanes3_dim_hyperplanes5_seed22,daf152204bbd72927ebe009bee77245588374523bc0144bb5e7d3d282686d97e,f087808ca635cff7ff23816ed69bcf872092e3ee826c2b73a96b833594ccb0d5,A,L1,2.0,h2,35,35.0,15,8,0xe2c241f58beaa0b8,U0-2pi,pennylane,,,,0,val_full,600,val,0.8266666666666667,0.8650151218644369,0.8265973055889022,0.8050000071525574,1.2513617277145386,0.0153236688295945,0.1047307257498845,100,70,1571.2451174839953,unknown,56488e26fdba,0.03,0.001 0.003 0.01 0.03,0.0458333333333333,30,300,1.0,,,False,,
a7_20260822T081428Z,2026-08-22T09:04:01+00:00,hyperplanes_n_features20_n_hyperplanes3_dim_hyperplanes5_seed22,daf152204bbd72927ebe009bee77245588374523bc0144bb5e7d3d282686d97e,f087808ca635cff7ff23816ed69bcf872092e3ee826c2b73a96b833594ccb0d5,F,product,2.0,h4,35,20.0,29,4,0x6ff3a4afd33346b9,U0-2pi,pennylane,,,,0,test_full,1200,test,0.91,0.9723361566848964,0.9099096594084624,0.9142857193946838,0.85960453748703,0.0088971761822725,0.2468010737714553,201,171,2892.3618950229866,unknown,56488e26fdba,0.01,0.001 0.003 0.01 0.03,0.0458333333333333,30,300,1.0,,,False,,
a7_20260822T081428Z,2026-08-22T09:04:01+00:00,hyperplanes_n_features20_n_hyperplanes3_dim_hyperplanes5_seed22,daf152204bbd72927ebe009bee77245588374523bc0144bb5e7d3d282686d97e,f087808ca635cff7ff23816ed69bcf872092e3ee826c2b73a96b833594ccb0d5,F,product,2.0,h4,35,20.0,29,4,0x6ff3a4afd33346b9,U0-2pi,pennylane,,,,0,val_full,600,val,0.93,0.9717020992705924,0.9299968887506112,0.9142857193946838,0.85960453748703,0.0088971761822725,0.2468010737714553,201,171,2892.3618950229866,unknown,56488e26fdba,0.01,0.001 0.003 0.01 0.03,0.0458333333333333,30,300,1.0,,,False,,
a7_20260822T081428Z,2026-08-22T09:04:06+00:00,hyperplanes_n_features20_n_hyperplanes3_dim_hyperplanes5_seed22,daf152204bbd72927ebe009bee77245588374523bc0144bb5e7d3d282686d97e,f087808ca635cff7ff23816ed69bcf872092e3ee826c2b73a96b833594ccb0d5,A,L2,2.0,h4,35,35.0,29,7,0x93234eaab96b5658,U0-2pi,pennylane,,,,0,test_full,1200,test,0.8658333333333333,0.8701925214530257,0.8637324472650919,0.8461904525756836,0.9231747984886168,0.0216036077546076,0.1321020615523396,108,78,1697.049978924988,unknown,56488e26fdba,0.01,0.001 0.003 0.01 0.03,0.0458333333333333,30,300,1.0,,,False,,
a7_20260822T081428Z,2026-08-22T09:04:06+00:00,hyperplanes_n_features20_n_hyperplanes3_dim_hyperplanes5_seed22,daf152204bbd72927ebe009bee77245588374523bc0144bb5e7d3d282686d97e,f087808ca635cff7ff23816ed69bcf872092e3ee826c2b73a96b833594ccb0d5,A,L2,2.0,h4,35,35.0,29,7,0x93234eaab96b5658,U0-2pi,pennylane,,,,0,val_full,600,val,0.8633333333333333,0.8732487546699875,0.8624530327428879,0.8461904525756836,0.9231747984886168,0.0216036077546076,0.1321020615523396,108,78,1697.049978924988,unknown,56488e26fdba,0.01,0.001 0.003 0.01 0.03,0.0458333333333333,30,300,1.0,,,False,,
a7_20260822T081428Z,2026-08-22T09:05:00+00:00,hyperplanes_n_features20_n_hyperplanes3_dim_hyperplanes5_seed22,daf152204bbd72927ebe009bee77245588374523bc0144bb5e7d3d282686d97e,f087808ca635cff7ff23816ed69bcf872092e3ee826c2b73a96b833594ccb0d5,F,product,2.0,h4,35,20.0,29,6,0x5a38e794abf67abb,U0-2pi,pennylane,,,,0,test_full,1200,test,0.8241666666666667,0.8661881419234361,0.8215613382899629,0.808571457862854,0.6860167384147644,0.0328455289749332,0.0469565460989996,144,114,2008.0545254629976,unknown,56488e26fdba,0.01,0.001 0.003 0.01 0.03,0.0458333333333333,30,300,1.0,,,False,,
a7_20260822T081428Z,2026-08-22T09:05:00+00:00,hyperplanes_n_features20_n_hyperplanes3_dim_hyperplanes5_seed22,daf152204bbd72927ebe009bee77245588374523bc0144bb5e7d3d282686d97e,f087808ca635cff7ff23816ed69bcf872092e3ee826c2b73a96b833594ccb0d5,F,product,2.0,h4,35,20.0,29,6,0x5a38e794abf67abb,U0-2pi,pennylane,,,,0,val_full,600,val,0.8366666666666667,0.8709304394235902,0.8357009533815427,0.808571457862854,0.6860167384147644,0.0328455289749332,0.0469565460989996,144,114,2008.0545254629976,unknown,56488e26fdba,0.01,0.001 0.003 0.01 0.03,0.0458333333333333,30,300,1.0,,,False,,
a7_20260822T081428Z,2026-08-22T09:05:50+00:00,hyperplanes_n_features20_n_hyperplanes3_dim_hyperplanes5_seed22,daf152204bbd72927ebe009bee77245588374523bc0144bb5e7d3d282686d97e,f087808ca635cff7ff23816ed69bcf872092e3ee826c2b73a96b833594ccb0d5,F,product,2.0,h4,35,20.0,29,9,0x7545af47d8de3bdf,U0-2pi,pennylane,,,,0,test_full,1200,test,0.8266666666666667,0.867683184384865,0.8247343630189505,0.8149999976158142,0.8771132230758667,0.0084103793696657,0.0846309250001888,82,52,1155.1082631530007,unknown,56488e26fdba,0.01,0.001 0.003 0.01 0.03,0.0458333333333333,30,300,1.0,,,False,,
a7_20260822T081428Z,2026-08-22T09:05:50+00:00,hyperplanes_n_features20_n_hyperplanes3_dim_hyperplanes5_seed22,daf152204bbd72927ebe009bee77245588374523bc0144bb5e7d3d282686d97e,f087808ca635cff7ff23816ed69bcf872092e3ee826c2b73a96b833594ccb0d5,F,product,2.0,h4,35,20.0,29,9,0x7545af47d8de3bdf,U0-2pi,pennylane,,,,0,val_full,600,val,0.8383333333333334,0.8683953033268101,0.8377813392794927,0.8149999976158142,0.8771132230758667,0.0084103793696657,0.0846309250001888,82,52,1155.1082631530007,unknown,56488e26fdba,0.01,0.001 0.003 0.01 0.03,0.0458333333333333,30,300,1.0,,,False,,
a7_20260822T081428Z,2026-08-22T09:08:55+00:00,hyperplanes_n_features20_n_hyperplanes3_dim_hyperplanes5_seed22,daf152204bbd72927ebe009bee77245588374523bc0144bb5e7d3d282686d97e,f087808ca635cff7ff23816ed69bcf872092e3ee826c2b73a96b833594ccb0d5,A,L1,2.0,h4,35,35.0,29,8,0xe2c241f58beaa0b8,U0-2pi,pennylane,,,,0,test_full,1200,test,0.8608333333333333,0.9284227579920856,0.8582823166173885,0.8473809361457825,0.8878661394119263,0.0139697014134344,0.5377871780332173,120,90,1858.7989584989991,unknown,56488e26fdba,0.01,0.001 0.003 0.01 0.03,0.0458333333333333,30,300,1.0,,,False,,
a7_20260822T081428Z,2026-08-22T09:08:55+00:00,hyperplanes_n_features20_n_hyperplanes3_dim_hyperplanes5_seed22,daf152204bbd72927ebe009bee77245588374523bc0144bb5e7d3d282686d97e,f087808ca635cff7ff23816ed69bcf872092e3ee826c2b73a96b833594ccb0d5,A,L1,2.0,h4,35,35.0,29,8,0xe2c241f58beaa0b8,U0-2pi,pennylane,,,,0,val_full,600,val,0.8583333333333333,0.9098025262408824,0.8572192468455253,0.8473809361457825,0.8878661394119263,0.0139697014134344,0.5377871780332173,120,90,1858.7989584989991,unknown,56488e26fdba,0.01,0.001 0.003 0.01 0.03,0.0458333333333333,30,300,1.0,,,False,,
a7_20260822T081428Z,2026-08-22T09:09:10+00:00,hyperplanes_n_features20_n_hyperplanes3_dim_hyperplanes5_seed22,daf152204bbd72927ebe009bee77245588374523bc0144bb5e7d3d282686d97e,f087808ca635cff7ff23816ed69bcf872092e3ee826c2b73a96b833594ccb0d5,A,L2,2.0,h42,35,35.0,295,7,0x93234eaab96b5658,U0-2pi,pennylane,,,,0,test_full,1200,test,0.935,0.9879062736205592,0.9349414473025724,0.9428571462631226,0.7325150370597839,0.0088490417502294,0.0827552692927934,129,99,1998.324465976999,unknown,56488e26fdba,0.01,0.001 0.003 0.01 0.03,0.0458333333333333,30,300,1.0,,,False,,
a7_20260822T081428Z,2026-08-22T09:09:10+00:00,hyperplanes_n_features20_n_hyperplanes3_dim_hyperplanes5_seed22,daf152204bbd72927ebe009bee77245588374523bc0144bb5e7d3d282686d97e,f087808ca635cff7ff23816ed69bcf872092e3ee826c2b73a96b833594ccb0d5,A,L2,2.0,h42,35,35.0,295,7,0x93234eaab96b5658,U0-2pi,pennylane,,,,0,val_full,600,val,0.9366666666666666,0.9850671588685288,0.936665962955144,0.9428571462631226,0.7325150370597839,0.0088490417502294,0.0827552692927934,129,99,1998.324465976999,unknown,56488e26fdba,0.01,0.001 0.003 0.01 0.03,0.0458333333333333,30,300,1.0,,,False,,
a7_20260822T081428Z,2026-08-22T09:09:16+00:00,hyperplanes_n_features20_n_hyperplanes3_dim_hyperplanes5_seed22,daf152204bbd72927ebe009bee77245588374523bc0144bb5e7d3d282686d97e,f087808ca635cff7ff23816ed69bcf872092e3ee826c2b73a96b833594ccb0d5,A,L2,2.0,h2,35,35.0,15,7,0x93234eaab96b5658,U0-2pi,pennylane,,,,0,test_full,1200,test,0.8275,0.8809051398337113,0.8268592590217548,0.811904788017273,0.867938756942749,0.0097554358733151,0.102895727704726,133,103,2072.709674632992,unknown,56488e26fdba,0.01,0.001 0.003 0.01 0.03,0.0458333333333333,30,300,1.0,,,False,,
a7_20260822T081428Z,2026-08-22T09:09:16+00:00,hyperplanes_n_features20_n_hyperplanes3_dim_hyperplanes5_seed22,daf152204bbd72927ebe009bee77245588374523bc0144bb5e7d3d282686d97e,f087808ca635cff7ff23816ed69bcf872092e3ee826c2b73a96b833594ccb0d5,A,L2,2.0,h2,35,35.0,15,7,0x93234eaab96b5658,U0-2pi,pennylane,,,,0,val_full,600,val,0.835,0.871297367016545,0.8349628666449951,0.811904788017273,0.867938756942749,0.0097554358733151,0.102895727704726,133,103,2072.709674632992,unknown,56488e26fdba,0.01,0.001 0.003 0.01 0.03,0.0458333333333333,30,300,1.0,,,False,,
a7_20260822T081428Z,2026-08-22T09:10:19+00:00,hyperplanes_n_features20_n_hyperplanes3_dim_hyperplanes5_seed22,daf152204bbd72927ebe009bee77245588374523bc0144bb5e7d3d282686d97e,f087808ca635cff7ff23816ed69bcf872092e3ee826c2b73a96b833594ccb0d5,F,product,2.0,h42,35,20.0,295,9,0x7545af47d8de3bdf,U0-2pi,pennylane,,,,0,test_full,1200,test,0.9616666666666668,0.9951814058956916,0.9616614483638052,0.9726190567016602,0.8283867239952087,0.0161635275802801,0.0630228284613456,103,73,1415.755843181003,unknown,56488e26fdba,0.01,0.001 0.003 0.01 0.03,0.0458333333333333,30,300,1.0,,,False,,
a7_20260822T081428Z,2026-08-22T09:10:19+00:00,hyperplanes_n_features20_n_hyperplanes3_dim_hyperplanes5_seed22,daf152204bbd72927ebe009bee77245588374523bc0144bb5e7d3d282686d97e,f087808ca635cff7ff23816ed69bcf872092e3ee826c2b73a96b833594ccb0d5,F,product,2.0,h42,35,20.0,295,9,0x7545af47d8de3bdf,U0-2pi,pennylane,,,,0,val_full,600,val,0.9616666666666668,0.9907600960683152,0.9616358687946712,0.9726190567016602,0.8283867239952087,0.0161635275802801,0.0630228284613456,103,73,1415.755843181003,unknown,56488e26fdba,0.01,0.001 0.003 0.01 0.03,0.0458333333333333,30,300,1.0,,,False,,
a7_20260822T081428Z,2026-08-22T09:10:33+00:00,hyperplanes_n_features20_n_hyperplanes3_dim_hyperplanes5_seed22,daf152204bbd72927ebe009bee77245588374523bc0144bb5e7d3d282686d97e,f087808ca635cff7ff23816ed69bcf872092e3ee826c2b73a96b833594ccb0d5,A,L2,2.0,h4,35,35.0,29,4,0xc9f964aa2896fb2f,U0-2pi,pennylane,,,,0,test_full,1200,test,0.8675,0.9408068783068784,0.8666285472227911,0.8571428656578064,0.9236275553703308,0.0060330113010077,1.3656412065780947,209,179,3288.672567286005,unknown,56488e26fdba,0.01,0.001 0.003 0.01 0.03,0.0458333333333333,30,300,1.0,,,False,,
a7_20260822T081428Z,2026-08-22T09:10:33+00:00,hyperplanes_n_features20_n_hyperplanes3_dim_hyperplanes5_seed22,daf152204bbd72927ebe009bee77245588374523bc0144bb5e7d3d282686d97e,f087808ca635cff7ff23816ed69bcf872092e3ee826c2b73a96b833594ccb0d5,A,L2,2.0,h4,35,35.0,29,4,0xc9f964aa2896fb2f,U0-2pi,pennylane,,,,0,val_full,600,val,0.865,0.9146837751289806,0.8648344221671547,0.8571428656578064,0.9236275553703308,0.0060330113010077,1.3656412065780947,209,179,3288.672567286005,unknown,56488e26fdba,0.01,0.001 0.003 0.01 0.03,0.0458333333333333,30,300,1.0,,,False,,
a7_20260822T081428Z,2026-08-22T09:14:46+00:00,hyperplanes_n_features20_n_hyperplanes3_dim_hyperplanes5_seed22,daf152204bbd72927ebe009bee77245588374523bc0144bb5e7d3d282686d97e,f087808ca635cff7ff23816ed69bcf872092e3ee826c2b73a96b833594ccb0d5,A,L2,2.0,linear,35,35.0,6,8,0x3c7362638e9ada30,U0-2pi,pennylane,,,,0,test_full,1200,test,0.8225,0.8649293050553555,0.8206767558208143,0.8045238256454468,1.16984224319458,0.0130848852827447,0.0814588810865271,139,109,2139.484974867009,unknown,56488e26fdba,0.03,0.001 0.003 0.01 0.03,0.0458333333333333,30,300,1.0,,,False,,
a7_20260822T081428Z,2026-08-22T09:14:46+00:00,hyperplanes_n_features20_n_hyperplanes3_dim_hyperplanes5_seed22,daf152204bbd72927ebe009bee77245588374523bc0144bb5e7d3d282686d97e,f087808ca635cff7ff23816ed69bcf872092e3ee826c2b73a96b833594ccb0d5,A,L2,2.0,linear,35,35.0,6,8,0x3c7362638e9ada30,U0-2pi,pennylane,,,,0,val_full,600,val,0.8283333333333334,0.8651930261519303,0.8277471953173995,0.8045238256454468,1.16984224319458,0.0130848852827447,0.0814588810865271,139,109,2139.484974867009,unknown,56488e26fdba,0.03,0.001 0.003 0.01 0.03,0.0458333333333333,30,300,1.0,,,False,,
a7_20260822T081428Z,2026-08-22T09:15:46+00:00,hyperplanes_n_features20_n_hyperplanes3_dim_hyperplanes5_seed22,daf152204bbd72927ebe009bee77245588374523bc0144bb5e7d3d282686d97e,f087808ca635cff7ff23816ed69bcf872092e3ee826c2b73a96b833594ccb0d5,A,L2,2.0,h4,35,35.0,29,8,0x3c7362638e9ada30,U0-2pi,pennylane,,,,0,test_full,1200,test,0.8625,0.9143546307411854,0.8597176356895339,0.846666693687439,0.696282684803009,0.0189493360257167,0.1341773581845438,143,113,2183.6753935690067,unknown,56488e26fdba,0.01,0.001 0.003 0.01 0.03,0.0458333333333333,30,300,1.0,,,False,,
a7_20260822T081428Z,2026-08-22T09:15:46+00:00,hyperplanes_n_features20_n_hyperplanes3_dim_hyperplanes5_seed22,daf152204bbd72927ebe009bee77245588374523bc0144bb5e7d3d282686d97e,f087808ca635cff7ff23816ed69bcf872092e3ee826c2b73a96b833594ccb0d5,A,L2,2.0,h4,35,35.0,29,8,0x3c7362638e9ada30,U0-2pi,pennylane,,,,0,val_full,600,val,0.8633333333333333,0.9004625511474827,0.8624530327428879,0.846666693687439,0.696282684803009,0.0189493360257167,0.1341773581845438,143,113,2183.6753935690067,unknown,56488e26fdba,0.01,0.001 0.003 0.01 0.03,0.0458333333333333,30,300,1.0,,,False,,
a7_20260822T081428Z,2026-08-22T09:16:31+00:00,hyperplanes_n_features20_n_hyperplanes3_dim_hyperplanes5_seed22,daf152204bbd72927ebe009bee77245588374523bc0144bb5e7d3d282686d97e,f087808ca635cff7ff23816ed69bcf872092e3ee826c2b73a96b833594ccb0d5,A,L2,2.0,linear,35,35.0,6,10,0xca03f308d3264644,U0-2pi,pennylane,,,,0,test_full,1200,test,0.8208333333333333,0.867057934284825,0.8195035508128986,0.8050000071525574,1.0473167896270752,0.0109583437531015,0.0579744472460851,108,78,1634.0610474370042,unknown,56488e26fdba,0.03,0.001 0.003 0.01 0.03,0.0458333333333333,30,300,1.0,,,False,,
a7_20260822T081428Z,2026-08-22T09:16:31+00:00,hyperplanes_n_features20_n_hyperplanes3_dim_hyperplanes5_seed22,daf152204bbd72927ebe009bee77245588374523bc0144bb5e7d3d282686d97e,f087808ca635cff7ff23816ed69bcf872092e3ee826c2b73a96b833594ccb0d5,A,L2,2.0,linear,35,35.0,6,10,0xca03f308d3264644,U0-2pi,pennylane,,,,0,val_full,600,val,0.8333333333333334,0.8681173278776019,0.8330197815898743,0.8050000071525574,1.0473167896270752,0.0109583437531015,0.0579744472460851,108,78,1634.0610474370042,unknown,56488e26fdba,0.03,0.001 0.003 0.01 0.03,0.0458333333333333,30,300,1.0,,,False,,
a7_20260822T081428Z,2026-08-22T09:16:45+00:00,hyperplanes_n_features20_n_hyperplanes3_dim_hyperplanes5_seed22,daf152204bbd72927ebe009bee77245588374523bc0144bb5e7d3d282686d97e,f087808ca635cff7ff23816ed69bcf872092e3ee826c2b73a96b833594ccb0d5,F,product,2.0,h2,35,20.0,15,10,0xaf315250f59e947e,U0-2pi,pennylane,,,,0,test_full,1200,test,0.8216666666666667,0.863453714819261,0.8189871740288888,0.8083333373069763,0.7247896194458008,0.0086403400091237,0.0446286432323176,112,82,1499.6626395960047,unknown,56488e26fdba,0.01,0.001 0.003 0.01 0.03,0.0458333333333333,30,300,1.0,,,False,,
a7_20260822T081428Z,2026-08-22T09:16:45+00:00,hyperplanes_n_features20_n_hyperplanes3_dim_hyperplanes5_seed22,daf152204bbd72927ebe009bee77245588374523bc0144bb5e7d3d282686d97e,f087808ca635cff7ff23816ed69bcf872092e3ee826c2b73a96b833594ccb0d5,F,product,2.0,h2,35,20.0,15,10,0xaf315250f59e947e,U0-2pi,pennylane,,,,0,val_full,600,val,0.8333333333333334,0.8658323696851093,0.8322597960279119,0.8083333373069763,0.7247896194458008,0.0086403400091237,0.0446286432323176,112,82,1499.6626395960047,unknown,56488e26fdba,0.01,0.001 0.003 0.01 0.03,0.0458333333333333,30,300,1.0,,,False,,
a7_20260822T081428Z,2026-08-22T09:18:10+00:00,hyperplanes_n_features20_n_hyperplanes3_dim_hyperplanes5_seed22,daf152204bbd72927ebe009bee77245588374523bc0144bb5e7d3d282686d97e,f087808ca635cff7ff23816ed69bcf872092e3ee826c2b73a96b833594ccb0d5,F,product,2.0,h4,35,20.0,29,10,0xaf315250f59e947e,U0-2pi,pennylane,,,,0,test_full,1200,test,0.8616666666666667,0.9395035792094616,0.8614630943803534,0.8585714101791382,0.8730219006538391,0.0442108281578508,0.1044370787967496,112,82,1500.7692349919962,unknown,56488e26fdba,0.01,0.001 0.003 0.01 0.03,0.0458333333333333,30,300,1.0,,,False,,
a7_20260822T081428Z,2026-08-22T09:18:10+00:00,hyperplanes_n_features20_n_hyperplanes3_dim_hyperplanes5_seed22,daf152204bbd72927ebe009bee77245588374523bc0144bb5e7d3d282686d97e,f087808ca635cff7ff23816ed69bcf872092e3ee826c2b73a96b833594ccb0d5,F,product,2.0,h4,35,20.0,29,10,0xaf315250f59e947e,U0-2pi,pennylane,,,,0,val_full,600,val,0.89,0.9446050524817649,0.8899889988998899,0.8585714101791382,0.8730219006538391,0.0442108281578508,0.1044370787967496,112,82,1500.7692349919962,unknown,56488e26fdba,0.01,0.001 0.003 0.01 0.03,0.0458333333333333,30,300,1.0,,,False,,
a7_20260822T081428Z,2026-08-22T09:19:03+00:00,hyperplanes_n_features20_n_hyperplanes3_dim_hyperplanes5_seed22,daf152204bbd72927ebe009bee77245588374523bc0144bb5e7d3d282686d97e,f087808ca635cff7ff23816ed69bcf872092e3ee826c2b73a96b833594ccb0d5,A,L2,2.0,h2,35,35.0,15,10,0xca03f308d3264644,U0-2pi,pennylane,,,,0,test_full,1200,test,0.8541666666666666,0.9163887777333156,0.8529081116973773,0.8376190662384033,0.8328454494476318,0.0066146840576206,0.3736200120714889,115,85,1740.6714215859977,unknown,56488e26fdba,0.01,0.001 0.003 0.01 0.03,0.0458333333333333,30,300,1.0,,,False,,
a7_20260822T081428Z,2026-08-22T09:19:03+00:00,hyperplanes_n_features20_n_hyperplanes3_dim_hyperplanes5_seed22,daf152204bbd72927ebe009bee77245588374523bc0144bb5e7d3d282686d97e,f087808ca635cff7ff23816ed69bcf872092e3ee826c2b73a96b833594ccb0d5,A,L2,2.0,h2,35,35.0,15,10,0xca03f308d3264644,U0-2pi,pennylane,,,,0,val_full,600,val,0.86,0.909752490660025,0.8595489962211992,0.8376190662384033,0.8328454494476318,0.0066146840576206,0.3736200120714889,115,85,1740.6714215859977,unknown,56488e26fdba,0.01,0.001 0.003 0.01 0.03,0.0458333333333333,30,300,1.0,,,False,,
a7_20260822T081428Z,2026-08-22T09:22:14+00:00,hyperplanes_n_features20_n_hyperplanes3_dim_hyperplanes5_seed22,daf152204bbd72927ebe009bee77245588374523bc0144bb5e7d3d282686d97e,f087808ca635cff7ff23816ed69bcf872092e3ee826c2b73a96b833594ccb0d5,A,L2,2.0,h4,35,35.0,29,9,0x37a73ff05100a2cc,U0-2pi,pennylane,,,,0,test_full,1200,test,0.88,0.902622159975101,0.8782958031772683,0.863095223903656,0.8291253447532654,0.0090286994729863,0.3800598358308908,148,118,2260.456332111004,unknown,56488e26fdba,0.01,0.001 0.003 0.01 0.03,0.0458333333333333,30,300,1.0,,,False,,
a7_20260822T081428Z,2026-08-22T09:22:14+00:00,hyperplanes_n_features20_n_hyperplanes3_dim_hyperplanes5_seed22,daf152204bbd72927ebe009bee77245588374523bc0144bb5e7d3d282686d97e,f087808ca635cff7ff23816ed69bcf872092e3ee826c2b73a96b833594ccb0d5,A,L2,2.0,h4,35,35.0,29,9,0x37a73ff05100a2cc,U0-2pi,pennylane,,,,0,val_full,600,val,0.87,0.8860801014054438,0.8694196428571429,0.863095223903656,0.8291253447532654,0.0090286994729863,0.3800598358308908,148,118,2260.456332111004,unknown,56488e26fdba,0.01,0.001 0.003 0.01 0.03,0.0458333333333333,30,300,1.0,,,False,,
a7_20260822T081428Z,2026-08-22T09:23:05+00:00,hyperplanes_n_features20_n_hyperplanes3_dim_hyperplanes5_seed22,daf152204bbd72927ebe009bee77245588374523bc0144bb5e7d3d282686d97e,f087808ca635cff7ff23816ed69bcf872092e3ee826c2b73a96b833594ccb0d5,A,L1,2.0,h42,35,35.0,295,10,0x7a100d81f77e2599,U0-2pi,pennylane,,,,0,test_full,1200,test,0.9591666666666666,0.9960928815970832,0.959165277151792,0.9659523963928224,0.8512881994247437,0.0102013292678637,0.0697877570996902,142,112,2121.180018803003,unknown,56488e26fdba,0.01,0.001 0.003 0.01 0.03,0.0458333333333333,30,300,1.0,,,False,,
a7_20260822T081428Z,2026-08-22T09:23:05+00:00,hyperplanes_n_features20_n_hyperplanes3_dim_hyperplanes5_seed22,daf152204bbd72927ebe009bee77245588374523bc0144bb5e7d3d282686d97e,f087808ca635cff7ff23816ed69bcf872092e3ee826c2b73a96b833594ccb0d5,A,L1,2.0,h42,35,35.0,295,10,0x7a100d81f77e2599,U0-2pi,pennylane,,,,0,val_full,600,val,0.96,0.9920832592065468,0.959946149823652,0.9659523963928224,0.8512881994247437,0.0102013292678637,0.0697877570996902,142,112,2121.180018803003,unknown,56488e26fdba,0.01,0.001 0.003 0.01 0.03,0.0458333333333333,30,300,1.0,,,False,,
a7_20260822T081428Z,2026-08-22T09:24:37+00:00,hyperplanes_n_features20_n_hyperplanes3_dim_hyperplanes5_seed22,daf152204bbd72927ebe009bee77245588374523bc0144bb5e7d3d282686d97e,f087808ca635cff7ff23816ed69bcf872092e3ee826c2b73a96b833594ccb0d5,A,L1,2.0,h42,35,35.0,295,8,0xe2c241f58beaa0b8,U0-2pi,pennylane,,,,0,test_full,1200,test,0.9675,0.9965402827797788,0.96748588797221,0.9733333587646484,1.0541141033172607,0.0047008221039814,0.1934135847290772,181,151,2760.9151568109955,unknown,56488e26fdba,0.01,0.001 0.003 0.01 0.03,0.0458333333333333,30,300,1.0,,,False,,
a7_20260822T081428Z,2026-08-22T09:24:37+00:00,hyperplanes_n_features20_n_hyperplanes3_dim_hyperplanes5_seed22,daf152204bbd72927ebe009bee77245588374523bc0144bb5e7d3d282686d97e,f087808ca635cff7ff23816ed69bcf872092e3ee826c2b73a96b833594ccb0d5,A,L1,2.0,h42,35,35.0,295,8,0xe2c241f58beaa0b8,U0-2pi,pennylane,,,,0,val_full,600,val,0.9633333333333334,0.992717043230742,0.9633133594957256,0.9733333587646484,1.0541141033172607,0.0047008221039814,0.1934135847290772,181,151,2760.9151568109955,unknown,56488e26fdba,0.01,0.001 0.003 0.01 0.03,0.0458333333333333,30,300,1.0,,,False,,
a7_20260822T081428Z,2026-08-22T09:26:44+00:00,hyperplanes_n_features20_n_hyperplanes3_dim_hyperplanes5_seed22,daf152204bbd72927ebe009bee77245588374523bc0144bb5e7d3d282686d97e,f087808ca635cff7ff23816ed69bcf872092e3ee826c2b73a96b833594ccb0d5,A,L1,2.0,h4,35,35.0,29,10,0x7a100d81f77e2599,U0-2pi,pennylane,,,,0,test_full,1200,test,0.8658333333333333,0.9177115290560668,0.8629856227097785,0.8516666889190674,0.9563649892807008,0.0415337589310198,0.1413010027205589,158,128,2357.365164914998,unknown,56488e26fdba,0.01,0.001 0.003 0.01 0.03,0.0458333333333333,30,300,1.0,,,False,,
a7_20260822T081428Z,2026-08-22T09:26:44+00:00,hyperplanes_n_features20_n_hyperplanes3_dim_hyperplanes5_seed22,daf152204bbd72927ebe009bee77245588374523bc0144bb5e7d3d282686d97e,f087808ca635cff7ff23816ed69bcf872092e3ee826c2b73a96b833594ccb0d5,A,L1,2.0,h4,35,35.0,29,10,0x7a100d81f77e2599,U0-2pi,pennylane,,,,0,val_full,600,val,0.8683333333333333,0.9038316135918876,0.8673751185649652,0.8516666889190674,0.9563649892807008,0.0415337589310198,0.1413010027205589,158,128,2357.365164914998,unknown,56488e26fdba,0.01,0.001 0.003 0.01 0.03,0.0458333333333333,30,300,1.0,,,False,,
a7_20260822T081428Z,2026-08-22T09:28:08+00:00,hyperplanes_n_features20_n_hyperplanes3_dim_hyperplanes5_seed22,daf152204bbd72927ebe009bee77245588374523bc0144bb5e7d3d282686d97e,f087808ca635cff7ff23816ed69bcf872092e3ee826c2b73a96b833594ccb0d5,A,L2,2.0,h42,35,35.0,295,10,0xca03f308d3264644,U0-2pi,pennylane,,,,0,test_full,1200,test,0.9191666666666668,0.983365568449602,0.9191540344845548,0.9340476393699646,0.6607893705368042,0.0079389891624318,0.2076406199520196,153,123,2263.7749380189925,unknown,56488e26fdba,0.01,0.001 0.003 0.01 0.03,0.0458333333333333,30,300,1.0,,,False,,
a7_20260822T081428Z,2026-08-22T09:28:08+00:00,hyperplanes_n_features20_n_hyperplanes3_dim_hyperplanes5_seed22,daf152204bbd72927ebe009bee77245588374523bc0144bb5e7d3d282686d97e,f087808ca635cff7ff23816ed69bcf872092e3ee826c2b73a96b833594ccb0d5,A,L2,2.0,h42,35,35.0,295,10,0xca03f308d3264644,U0-2pi,pennylane,,,,0,val_full,600,val,0.93,0.9788071517523572,0.9299618681282033,0.9340476393699646,0.6607893705368042,0.0079389891624318,0.2076406199520196,153,123,2263.7749380189925,unknown,56488e26fdba,0.01,0.001 0.003 0.01 0.03,0.0458333333333333,30,300,1.0,,,False,,
a7_20260822T081428Z,2026-08-22T09:28:21+00:00,hyperplanes_n_features20_n_hyperplanes3_dim_hyperplanes5_seed22,daf152204bbd72927ebe009bee77245588374523bc0144bb5e7d3d282686d97e,f087808ca635cff7ff23816ed69bcf872092e3ee826c2b73a96b833594ccb0d5,A,L2,2.0,h42,35,35.0,295,9,0x37a73ff05100a2cc,U0-2pi,pennylane,,,,0,test_full,1200,test,0.9683333333333334,0.9968932017251344,0.9683160832008536,0.9721428751945496,0.8279208540916443,0.0136353442535331,0.0273868226994798,170,140,2535.694530847002,unknown,56488e26fdba,0.01,0.001 0.003 0.01 0.03,0.0458333333333333,30,300,1.0,,,False,,
a7_20260822T081428Z,2026-08-22T09:28:21+00:00,hyperplanes_n_features20_n_hyperplanes3_dim_hyperplanes5_seed22,daf152204bbd72927ebe009bee77245588374523bc0144bb5e7d3d282686d97e,f087808ca635cff7ff23816ed69bcf872092e3ee826c2b73a96b833594ccb0d5,A,L2,2.0,h42,35,35.0,295,9,0x37a73ff05100a2cc,U0-2pi,pennylane,,,,0,val_full,600,val,0.9583333333333334,0.9928838285002668,0.9583276612650056,0.9721428751945496,0.8279208540916443,0.0136353442535331,0.0273868226994798,170,140,2535.694530847002,unknown,56488e26fdba,0.01,0.001 0.003 0.01 0.03,0.0458333333333333,30,300,1.0,,,False,,
a7_20260822T081428Z,2026-08-22T09:29:24+00:00,hyperplanes_n_features20_n_hyperplanes3_dim_hyperplanes5_seed22,daf152204bbd72927ebe009bee77245588374523bc0144bb5e7d3d282686d97e,f087808ca635cff7ff23816ed69bcf872092e3ee826c2b73a96b833594ccb0d5,F,product,2.0,h42,35,20.0,295,10,0xaf315250f59e947e,U0-2pi,pennylane,,,,0,test_full,1200,test,0.965,0.995634364857054,0.96499027507641,0.9807142615318298,0.8292614817619324,0.0124699506936379,0.2321453243957907,166,136,2172.656981601001,unknown,56488e26fdba,0.01,0.001 0.003 0.01 0.03,0.0458333333333333,30,300,1.0,,,False,,
a7_20260822T081428Z,2026-08-22T09:29:24+00:00,hyperplanes_n_features20_n_hyperplanes3_dim_hyperplanes5_seed22,daf152204bbd72927ebe009bee77245588374523bc0144bb5e7d3d282686d97e,f087808ca635cff7ff23816ed69bcf872092e3ee826c2b73a96b833594ccb0d5,F,product,2.0,h42,35,20.0,295,10,0xaf315250f59e947e,U0-2pi,pennylane,,,,0,val_full,600,val,0.9683333333333334,0.9926948051948052,0.9683184606106756,0.9807142615318298,0.8292614817619324,0.0124699506936379,0.2321453243957907,166,136,2172.656981601001,unknown,56488e26fdba,0.01,0.001 0.003 0.01 0.03,0.0458333333333333,30,300,1.0,,,False,,
a7_20260822T081428Z,2026-08-22T09:31:50+00:00,hyperplanes_n_features20_n_hyperplanes3_dim_hyperplanes5_seed22,daf152204bbd72927ebe009bee77245588374523bc0144bb5e7d3d282686d97e,f087808ca635cff7ff23816ed69bcf872092e3ee826c2b73a96b833594ccb0d5,A,L2,2.0,h4,35,35.0,29,1,0x9aed96d53998f1c9,U0-2pi,pennylane,,,,0,test_full,1200,test,0.94,0.9870225868125028,0.939971820104438,0.9269047379493712,1.035873293876648,0.0105517756835339,0.6089553544546924,300,292,4592.301636690987,unknown,56488e26fdba,0.01,0.001 0.003 0.01 0.03,0.0458333333333333,30,300,1.0,,,False,,
a7_20260822T081428Z,2026-08-22T09:31:50+00:00,hyperplanes_n_features20_n_hyperplanes3_dim_hyperplanes5_seed22,daf152204bbd72927ebe009bee77245588374523bc0144bb5e7d3d282686d97e,f087808ca635cff7ff23816ed69bcf872092e3ee826c2b73a96b833594ccb0d5,A,L2,2.0,h4,35,35.0,29,1,0x9aed96d53998f1c9,U0-2pi,pennylane,,,,0,val_full,600,val,0.93,0.9797189112257604,0.9299719887955182,0.9269047379493712,1.035873293876648,0.0105517756835339,0.6089553544546924,300,292,4592.301636690987,unknown,56488e26fdba,0.01,0.001 0.003 0.01 0.03,0.0458333333333333,30,300,1.0,,,False,,
a7_20260822T081428Z,2026-08-22T09:35:28+00:00,hyperplanes_n_features20_n_hyperplanes3_dim_hyperplanes5_seed22,daf152204bbd72927ebe009bee77245588374523bc0144bb5e7d3d282686d97e,f087808ca635cff7ff23816ed69bcf872092e3ee826c2b73a96b833594ccb0d5,A,L1,2.0,h42,35,35.0,295,7,0xd86bbfc3a6142e24,U0-2pi,pennylane,,,,0,test_full,1200,test,0.9625,0.9955676715130496,0.9624780861600422,0.9666666388511658,0.7492710947990417,0.0096422548939894,0.230042274373239,247,217,3702.831553093012,unknown,56488e26fdba,0.01,0.001 0.003 0.01 0.03,0.0458333333333333,30,300,1.0,,,False,,
a7_20260822T081428Z,2026-08-22T09:35:28+00:00,hyperplanes_n_features20_n_hyperplanes3_dim_hyperplanes5_seed22,daf152204bbd72927ebe009bee77245588374523bc0144bb5e7d3d282686d97e,f087808ca635cff7ff23816ed69bcf872092e3ee826c2b73a96b833594ccb0d5,A,L1,2.0,h42,35,35.0,295,7,0xd86bbfc3a6142e24,U0-2pi,pennylane,,,,0,val_full,600,val,0.9633333333333334,0.9922945205479452,0.9633186607976524,0.9666666388511658,0.7492710947990417,0.0096422548939894,0.230042274373239,247,217,3702.831553093012,unknown,56488e26fdba,0.01,0.001 0.003 0.01 0.03,0.0458333333333333,30,300,1.0,,,False,,
a7_20260822T081428Z,2026-08-22T09:43:29+00:00,hyperplanes_n_features20_n_hyperplanes3_dim_hyperplanes5_seed22,daf152204bbd72927ebe009bee77245588374523bc0144bb5e7d3d282686d97e,f087808ca635cff7ff23816ed69bcf872092e3ee826c2b73a96b833594ccb0d5,A,L1,2.0,h42,35,35.0,295,9,0x6714fd5b78bd8a7d,U0-2pi,pennylane,,,,0,test_full,1200,test,0.9408333333333332,0.9878256858298876,0.940717691663808,0.9430952668190002,0.8604825139045715,0.0142234759728903,0.0948889679356937,241,211,3586.293494102996,unknown,56488e26fdba,0.01,0.001 0.003 0.01 0.03,0.0458333333333333,30,300,1.0,,,False,,
a7_20260822T081428Z,2026-08-22T09:43:29+00:00,hyperplanes_n_features20_n_hyperplanes3_dim_hyperplanes5_seed22,daf152204bbd72927ebe009bee77245588374523bc0144bb5e7d3d282686d97e,f087808ca635cff7ff23816ed69bcf872092e3ee826c2b73a96b833594ccb0d5,A,L1,2.0,h42,35,35.0,295,9,0x6714fd5b78bd8a7d,U0-2pi,pennylane,,,,0,val_full,600,val,0.945,0.9858566091442804,0.944996180290298,0.9430952668190002,0.8604825139045715,0.0142234759728903,0.0948889679356937,241,211,3586.293494102996,unknown,56488e26fdba,0.01,0.001 0.003 0.01 0.03,0.0458333333333333,30,300,1.0,,,False,,
a7_20260822T081428Z,2026-08-22T09:46:00+00:00,hyperplanes_n_features20_n_hyperplanes3_dim_hyperplanes5_seed22,daf152204bbd72927ebe009bee77245588374523bc0144bb5e7d3d282686d97e,f087808ca635cff7ff23816ed69bcf872092e3ee826c2b73a96b833594ccb0d5,A,L2,2.0,h4,35,35.0,29,10,0xca03f308d3264644,U0-2pi,pennylane,,,,0,test_full,1200,test,0.9033333333333332,0.9709661642434751,0.9031910780007288,0.8935714364051819,0.8451182842254639,0.0333085800328063,0.3548762502036491,228,198,3352.324097814999,unknown,56488e26fdba,0.01,0.001 0.003 0.01 0.03,0.0458333333333333,30,300,1.0,,,False,,
a7_20260822T081428Z,2026-08-22T09:46:00+00:00,hyperplanes_n_features20_n_hyperplanes3_dim_hyperplanes5_seed22,daf152204bbd72927ebe009bee77245588374523bc0144bb5e7d3d282686d97e,f087808ca635cff7ff23816ed69bcf872092e3ee826c2b73a96b833594ccb0d5,A,L2,2.0,h4,35,35.0,29,10,0xca03f308d3264644,U0-2pi,pennylane,,,,0,val_full,600,val,0.9166666666666666,0.9707792207792209,0.9166657407304526,0.8935714364051819,0.8451182842254639,0.03330858003280637,0.3548762502036491,228,198,3352.324097814999,unknown,56488e26fdba,0.01,0.001 0.003 0.01 0.03,0.04583333333333332,30,300,1.0,,,False,,
